#pragma once
#include "epd_driver.h"
const uint8_t Genty20Bitmaps[34348] = {
    0x00, 0x00, 0x00, 0x00, 0x00, 0xA1, 0xDF, 0x03, 0x00, 0x00, 0x00, 0x00, 0x00, 0xFC, 0xFF, 0x0D,
    0x00, 0x00, 0x00, 0x00, 0x70, 0xFF, 0xFF, 0x0F, 0x00, 0x00, 0x00, 0x00, 0xF0, 0xFF, 0xFF, 0x0F,
    0x00, 0x00, 0x00, 0x00, 0xF7, 0xFF, 0xFF, 0x0C, 0x00, 0x00, 0x00, 0x00, 0xFE, 0xFF, 0xFF, 0x09,
    0x00, 0x00, 0x00, 0x40, 0xFF, 0xFF, 0xFF, 0x04, 0x00, 0x00, 0x00, 0x90, 0xFF, 0xFF, 0xEF, 0x00,
    0x00, 0x00, 0x00, 0xE0, 0xFF, 0xFF, 0x9F, 0x00, 0x00, 0x00, 0x00, 0xF3, 0xFF, 0xFF, 0x3F, 0x00,
    0x00, 0x00, 0x00, 0xF7, 0xFF, 0xFF, 0x0C, 0x00, 0x00, 0x00, 0x00, 0xFB, 0xFF, 0xFF, 0x05, 0x00,
    0x00, 0x00, 0x00, 0xFE, 0xFF, 0xEF, 0x00, 0x00, 0x00, 0x00, 0x10, 0xFF, 0xFF, 0x7F, 0x00, 0x00,
    0x00, 0x00, 0x40, 0xFF, 0xFF, 0x0E, 0x00, 0x00, 0x00, 0x00, 0x60, 0xFF, 0xFF, 0x07, 0x00, 0x00,
    0x00, 0x00, 0x80, 0xFF, 0xEF, 0x00, 0x00, 0x00, 0x00, 0x00, 0xA0, 0xFF, 0x6F, 0x00, 0x00, 0x00,
    0x00, 0x00, 0xA0, 0xFF, 0x0C, 0x00, 0x00, 0x00, 0x00, 0x00, 0xA0, 0xFF, 0x02, 0x00, 0x00, 0x00,
    0x00, 0x00, 0x50, 0x4E, 0x00, 0x00, 0x00, 0x00, 0x00, 0x00, 0x00, 0x00, 0x00, 0x00, 0x00, 0x00,
    0x00, 0x00, 0x00, 0x00, 0x00, 0x00, 0x00, 0x00, 0x00, 0x00, 0x00, 0x00, 0x00, 0x00, 0x00, 0x00,
    0x20, 0xFB, 0x8E, 0x00, 0x00, 0x00, 0x00, 0x00, 0xE1, 0xFF, 0xFF, 0x0A, 0x00, 0x00, 0x00, 0x00,
    0xF8, 0xFF, 0xFF, 0x2F, 0x00, 0x00, 0x00, 0x00, 0xFA, 0xFF, 0xFF, 0x4F, 0x00, 0x00, 0x00, 0x00,
    0xF8, 0xFF, 0xFF, 0x2F, 0x00, 0x00, 0x00, 0x00, 0xE1, 0xFF, 0xFF, 0x0A, 0x00, 0x00, 0x00, 0x00,
    0x20, 0xFB, 0x8E, 0x00, 0x00, 0x00, 0x00, 0x00, 0x00, 0x10, 0x66, 0x00, 0x00, 0x60, 0x17, 0x00,
    0xE2, 0xFF, 0x08, 0x10, 0xFD, 0xAF, 0x00, 0xFC, 0xFF, 0x0A, 0xB0, 0xFF, 0xCF, 0x50, 0xFF, 0xFF,
    0x06, 0xF3, 0xFF, 0x8F, 0xB0, 0xFF, 0xFF, 0x01, 0xF9, 0xFF, 0x3F, 0xF0, 0xFF, 0x9F, 0x00, 0xFE,
    0xFF, 0x0B, 0xF3, 0xFF, 0x1F, 0x10, 0xFF, 0xFF, 0x02, 0xF5, 0xFF, 0x07, 0x30, 0xFF, 0x9F, 0x00,
    0xF6, 0xCF, 0x00, 0x40, 0xFF, 0x0D, 0x00, 0xF5, 0x1E, 0x00, 0x30, 0xFF, 0x03, 0x00, 0xD2, 0x03,
    0x00, 0x10, 0x4E, 0x00, 0x00, 0x00, 0x00, 0x00, 0x00, 0x00, 0x00, 0x60, 0x01, 0x00, 0x00, 0x61,
    0x00, 0x00, 0x00, 0x00, 0x00, 0x00, 0x00, 0xF1, 0x01, 0x00, 0x00, 0x99, 0x00, 0x00, 0x00, 0x00,
    0x00, 0x00, 0x00, 0xB9, 0x00, 0x00, 0x10, 0x4F, 0x00, 0x00, 0x00, 0x00, 0x00, 0x00, 0x10, 0x6F,
    0x00, 0x00, 0x80, 0x0E, 0x00, 0x00, 0x00, 0x00, 0x00, 0x00, 0x90, 0x1F, 0x00, 0x00, 0xE0, 0x0A,
    0x00, 0x00, 0x00, 0x00, 0x00, 0x00, 0xF1, 0x0B, 0x00, 0x00, 0xF7, 0x04, 0x00, 0x00, 0x00, 0x00,
    0x00, 0x00, 0xF8, 0x06, 0x00, 0x00, 0xFE, 0x00, 0x00, 0x00, 0x00, 0x00, 0x00, 0x10, 0xFF, 0x01,
    0x00, 0x60, 0xAF, 0x00, 0x00, 0x00, 0x00, 0x00, 0x00, 0x80, 0xBF, 0x00, 0x00, 0xD0, 0x5F, 0x00,
    0x00, 0x00, 0x00, 0x00, 0x00, 0xF0, 0x6F, 0x00, 0x00, 0xF5, 0x0F, 0x00, 0x00, 0x00, 0x00, 0xF5,
    0xFF, 0xFF, 0xFF, 0xFF, 0xFF, 0xFF, 0xFF, 0xFF, 0x09, 0x00, 0x00, 0x20, 0x32, 0xFF, 0x2B, 0x22,
    0x72, 0xFF, 0x27, 0x22, 0x01, 0x00, 0x00, 0x00, 0x70, 0xFF, 0x06, 0x00, 0xC0, 0xFF, 0x01, 0x00,
    0x00, 0x00, 0x00, 0x00, 0xE0, 0xFF, 0x01, 0x00, 0xF2, 0xDF, 0x00, 0x00, 0x00, 0x00, 0x00, 0x00,
    0xF5, 0xCF, 0x00, 0x00, 0xF9, 0x8F, 0x00, 0x00, 0x00, 0x00, 0x00, 0x00, 0xFC, 0x7F, 0x00, 0x00,
    0xFF, 0x4F, 0x00, 0x00, 0x00, 0x00, 0x00, 0x30, 0xFF, 0x2F, 0x00, 0x60, 0xFF, 0x0F, 0x00, 0x00,
    0x00, 0x00, 0x00, 0xA0, 0xFF, 0x0D, 0x00, 0xC0, 0xFF, 0x0A, 0x00, 0x00, 0x00, 0x00, 0x00, 0xF1,
    0xFF, 0x08, 0x00, 0xF3, 0xFF, 0x06, 0x00, 0x00, 0x00, 0x20, 0xFF, 0xFF, 0xFF, 0xFF, 0xFF, 0xFF,
    0xFF, 0xFF, 0xCF, 0x00, 0x00, 0x00, 0x42, 0xFF, 0xDF, 0x22, 0x42, 0xFF, 0xBF, 0x22, 0x22, 0x00,
    0x00, 0x00, 0x80, 0xFF, 0x7F, 0x00, 0x80, 0xFF, 0x6F, 0x00, 0x00, 0x00, 0x00, 0x00, 0xE0, 0xFF,
    0x1F, 0x00, 0xE0, 0xFF, 0x1F, 0x00, 0x00, 0x00, 0x00, 0x00, 0xF6, 0xFF, 0x0B, 0x00, 0xF5, 0xFF,
    0x0B, 0x00, 0x00, 0x00, 0x00, 0x00, 0xFD, 0xFF, 0x05, 0x00, 0xFB, 0xFF, 0x05, 0x00, 0x00, 0x00,
    0x00, 0x40, 0xFF, 0xEF, 0x00, 0x10, 0xFF, 0xFF, 0x00, 0x00, 0x00, 0x00, 0x00, 0xA0, 0xFF, 0x8F,
    0x00, 0x70, 0xFF, 0xAF, 0x00, 0x00, 0x00, 0x00, 0x00, 0xF1, 0xFF, 0x2F, 0x00, 0xC0, 0xFF, 0x4F,
    0x00, 0x00, 0x00, 0x00, 0x00, 0xF5, 0xFF, 0x0A, 0x00, 0xF1, 0xFF, 0x0D, 0x00, 0x00, 0x00, 0x00,
    0x00, 0xFA, 0xFF, 0x02, 0x00, 0xF4, 0xFF, 0x06, 0x00, 0x00, 0x00, 0x00, 0x00, 0xFC, 0x8F, 0x00,
    0x00, 0xF6, 0xDF, 0x00, 0x00, 0x00, 0x00, 0x00, 0x00, 0xF7, 0x0A, 0x00, 0x00, 0xE3, 0x2D, 0x00,
    0x00, 0x00, 0x00, 0x00, 0x00, 0x00, 0x00, 0x00, 0x00, 0x00, 0x00, 0x00, 0xA0, 0x5F, 0x00, 0x00,
    0x00, 0x00, 0x00, 0x00, 0x00, 0x00, 0xF6, 0xAF, 0x00, 0x00, 0x00, 0x00, 0x00, 0x00, 0x00, 0x00,
    0xFD, 0x5F, 0x00, 0x00, 0x00, 0x00, 0x00, 0x00, 0x00, 0x20, 0xFF, 0x0D, 0x00, 0x00, 0x00, 0x00,
    0x00, 0x00, 0x00, 0x50, 0xFF, 0x03, 0x00, 0x00, 0x00, 0x00, 0x00, 0x00, 0xC7, 0xFF, 0xCF, 0x02,
    0x00, 0x00, 0x00, 0x00, 0x00, 0xD1, 0xFF, 0xFF, 0xFF, 0x4F, 0x00, 0x00, 0x00, 0x00, 0x00, 0xFB,
    0xFF, 0xFF, 0xFF, 0xDF, 0x00, 0x00, 0x00, 0x00, 0x30, 0xFF, 0xFF, 0xFF, 0xFF, 0xFF, 0x03, 0x00,
    0x00, 0x00, 0x70, 0xFF, 0xFF, 0xCE, 0xFF, 0xFF, 0x03, 0x00, 0x00, 0x00, 0x80, 0xFF, 0xDF, 0x00,
    0xF8, 0xFF, 0x01, 0x00, 0x00, 0x00, 0x60, 0xFF, 0x7F, 0x00, 0xF5, 0x9F, 0x00, 0x00, 0x00, 0x00,
    0x20, 0xFF, 0x7F, 0x00, 0xFA, 0x0C, 0x00, 0x00, 0x00, 0x00, 0x00, 0xFC, 0xCF, 0x00, 0x95, 0x00,
    0x00, 0x00, 0x00, 0x00, 0x00, 0xF3, 0xFF, 0x04, 0x00, 0x00, 0x00, 0x00, 0x40, 0xBA, 0x04, 0xA0,
    0xFF, 0x0D, 0x00, 0x00, 0x00, 0x00, 0xF9, 0xFF, 0x05, 0x20, 0xFF, 0x8F, 0x00, 0x00, 0x00, 0x70,
    0xFF, 0xAF, 0x00, 0x00, 0xFA, 0xFF, 0x02, 0x00, 0x00, 0xF0, 0xFF, 0x8F, 0x00, 0x00, 0xF7, 0xFF,
    0x09, 0x00, 0x00, 0xF4, 0xFF, 0xBF, 0x00, 0x00, 0xFA, 0xFF, 0x0E, 0x00, 0x00, 0xF7, 0xFF, 0xFF,
    0x17, 0x71, 0xFF, 0xFF, 0x2F, 0x00, 0x00, 0xF8, 0xFF, 0xFF, 0xFF, 0xFF, 0xFF, 0xFF, 0x2F, 0x00,
    0x00, 0xF7, 0xFF, 0xFF, 0xFF, 0xFF, 0xFF, 0xFF, 0x0F, 0x00, 0x00, 0xF6, 0xFF, 0xFF, 0xFF, 0xFF,
    0xFF, 0xFF, 0x0D, 0x00, 0x00, 0xF1, 0xFF, 0xFF, 0xFF, 0xFF, 0xFF, 0xFF, 0x07, 0x00, 0x00, 0xB0,
    0xFF, 0xFF, 0xFF, 0xFF, 0xFF, 0xEF, 0x01, 0x00, 0x00, 0x10, 0xFE, 0xFF, 0xFF, 0xFF, 0xFF, 0x4F,
    0x00, 0x00, 0x00, 0x00, 0xD3, 0xFF, 0xFF, 0xFF, 0xEF, 0x03, 0x00, 0x00, 0x00, 0x00, 0x50, 0xEF,
    0xFE, 0xBE, 0x06, 0x00, 0x00, 0x00, 0x00, 0x00, 0xF2, 0x7F, 0x00, 0x00, 0x00, 0x00, 0x00, 0x00,
    0x00, 0x00, 0xFB, 0x3F, 0x00, 0x00, 0x00, 0x00, 0x00, 0x00, 0x00, 0x30, 0xFF, 0x0E, 0x00, 0x00,
    0x00, 0x00, 0x00, 0x00, 0x00, 0x80, 0xFF, 0x07, 0x00, 0x00, 0x00, 0x00, 0x00, 0x00, 0x00, 0x30,
    0xBE, 0x00, 0x00, 0x00, 0x00, 0x00, 0x00, 0x00, 0x00, 0x00, 0x00, 0x00, 0x00, 0xD7, 0xEF, 0x07,
    0x00, 0x00, 0x00, 0x00, 0x00, 0x00, 0x00, 0x00, 0x00, 0x00, 0xD2, 0xFF, 0xFF, 0x6F, 0x00, 0x00,
    0x00, 0x00, 0x00, 0xB0, 0x06, 0x00, 0x00, 0x00, 0xFD, 0xFF, 0xFF, 0xDF, 0x00, 0x00, 0x00, 0x00,
    0x00, 0xBB, 0x00, 0x00, 0x00, 0xA0, 0xFF, 0xFF, 0xFF, 0xFF, 0x02, 0x00, 0x00, 0x00, 0xA0, 0x0D,
    0x00, 0x00, 0x00, 0xF3, 0xFF, 0xCE, 0xFF, 0xFF, 0x03, 0x00, 0x00, 0x00, 0xFA, 0x02, 0x00, 0x00,
    0x00, 0xFB, 0x8F, 0x00, 0xE1, 0xFF, 0x03, 0x00, 0x00, 0xA0, 0x5F, 0x00, 0x00, 0x00, 0x10, 0xFF,
    0x0B, 0x00, 0x90, 0xFF, 0x02, 0x00, 0x00, 0xF9, 0x08, 0x00, 0x00, 0x00, 0x60, 0xFF, 0x04, 0x00,
    0x90, 0xFF, 0x00, 0x00, 0x80, 0xBF, 0x00, 0x00, 0x00, 0x00, 0x90, 0xFF, 0x01, 0x00, 0xC0, 0xBF,
    0x00, 0x00, 0xF8, 0x1E, 0x00, 0x00, 0x00, 0x00, 0xB0, 0xFF, 0x03, 0x00, 0xF4, 0x6F, 0x00, 0x70,
    0xFF, 0x03, 0x00, 0x00, 0x00, 0x00, 0xC0, 0xFF, 0x2C, 0x50, 0xFF, 0x0E, 0x00, 0xF6, 0x6F, 0x00,
    0x00, 0x00, 0x00, 0x00, 0xB0, 0xFF, 0xFF, 0xFF, 0xFF, 0x07, 0x50, 0xFF, 0x09, 0x00, 0x00, 0x00,
    0x00, 0x00, 0x90, 0xFF, 0xFF, 0xFF, 0xDF, 0x00, 0xF5, 0xCF, 0x00, 0x00, 0x00, 0x00, 0x00, 0x00,
    0x30, 0xFF, 0xFF, 0xFF, 0x2E, 0x40, 0xFF, 0x1E, 0x00, 0x00, 0x00, 0x00, 0x00, 0x00, 0x00, 0xFB,
    0xFF, 0xEF, 0x03, 0xF3, 0xFF, 0x03, 0x00, 0x00, 0x00, 0x00, 0x00, 0x00, 0x00, 0x70, 0xAB, 0x06,
    0x20, 0xFE, 0x6F, 0x00, 0xC5, 0xEF, 0x09, 0x00, 0x00, 0x00, 0x00, 0x00, 0x00, 0x00, 0xE1, 0xFF,
    0x0A, 0xB0, 0xFF, 0xFF, 0x9F, 0x00, 0x00, 0x00, 0x00, 0x00, 0x00, 0x10, 0xFD, 0xDF, 0x00, 0xFA,
    0xFF, 0xFF, 0xFF, 0x01, 0x00, 0x00, 0x00, 0x00, 0x00, 0xC0, 0xFF, 0x2E, 0x60, 0xFF, 0xFF, 0xFF,
    0xFF, 0x05, 0x00, 0x00, 0x00, 0x00, 0x00, 0xFB, 0xFF, 0x04, 0xE0, 0xFF, 0xCF, 0xFE, 0xFF, 0x06,
    0x00, 0x00, 0x00, 0x00, 0x90, 0xFF, 0x7F, 0x00, 0xF7, 0xBF, 0x00, 0xC0, 0xFF, 0x07, 0x00, 0x00,
    0x00, 0x00, 0xF7, 0xFF, 0x0A, 0x00, 0xFD, 0x0E, 0x00, 0x60, 0xFF, 0x05, 0x00, 0x00, 0x00, 0x50,
    0xFF, 0xDF, 0x00, 0x20, 0xFF, 0x07, 0x00, 0x50, 0xFF, 0x03, 0x00, 0x00, 0x00, 0xF3, 0xFF, 0x1E,
    0x00, 0x60, 0xFF, 0x04, 0x00, 0x70, 0xEF, 0x00, 0x00, 0x00, 0x10, 0xFE, 0xFF, 0x03, 0x00, 0x80,
    0xFF, 0x05, 0x00, 0xE0, 0xAF, 0x00, 0x00, 0x00, 0xC0, 0xFF, 0x5F, 0x00, 0x00, 0x90, 0xFF, 0x0C,
    0x00, 0xFB, 0x4F, 0x00, 0x00, 0x00, 0xF9, 0xFF, 0x08, 0x00, 0x00, 0x80, 0xFF, 0xEF, 0xFC, 0xFF,
    0x0C, 0x00, 0x00, 0x40, 0xFF, 0x9F, 0x00, 0x00, 0x00, 0x60, 0xFF, 0xFF, 0xFF, 0xFF, 0x03, 0x00,
    0x00, 0xE0, 0xFF, 0x0A, 0x00, 0x00, 0x00, 0x20, 0xFF, 0xFF, 0xFF, 0x7F, 0x00, 0x00, 0x00, 0xF7,
    0x9F, 0x00, 0x00, 0x00, 0x00, 0x00, 0xFA, 0xFF, 0xFF, 0x08, 0x00, 0x00, 0x00, 0xE7, 0x06, 0x00,
    0x00, 0x00, 0x00, 0x00, 0x90, 0xFE, 0x4C, 0x00, 0x00, 0x00, 0x00, 0x00, 0x00, 0x00, 0x00, 0x00,
    0x00, 0x60, 0xEC, 0xEF, 0x3A, 0x00, 0x00, 0x00, 0x00, 0x00, 0x00, 0x00, 0x00, 0x00, 0x00, 0x20,
    0xFD, 0xFF, 0xFF, 0xFF, 0x05, 0x00, 0x00, 0x00, 0x00, 0x00, 0x00, 0x00, 0x00, 0x00, 0xD0, 0xFF,
    0xFF, 0xFF, 0xFF, 0x1F, 0x00, 0x00, 0x00, 0x00, 0x00, 0x00, 0x00, 0x00, 0x00, 0xF8, 0xFF, 0xFF,
    0xFF, 0xFF, 0x6F, 0x00, 0x00, 0x00, 0x00, 0x00, 0x00, 0x00, 0x00, 0x00, 0xFE, 0xFF, 0xFF, 0xFF,
    0xFF, 0x7F, 0x00, 0x00, 0x00, 0x00, 0x00, 0x00, 0x00, 0x00, 0x40, 0xFF, 0x2C, 0xE1, 0xFF, 0xFF,
    0x5F, 0x00, 0x00, 0x00, 0x00, 0x00, 0x00, 0x00, 0x00, 0x70, 0xFF, 0x01, 0xC0, 0xFF, 0xFF, 0x0E,
    0x00, 0x00, 0x00, 0x00, 0x00, 0x00, 0x00, 0x00, 0xA0, 0xCF, 0x00, 0xF3, 0xFF, 0xFF, 0x05, 0x00,
    0x00, 0x00, 0x00, 0x00, 0x00, 0x00, 0x00, 0xB0, 0x9F, 0x30, 0xFE, 0xFF, 0x7F, 0x00, 0x00, 0x00,
    0x00, 0x00, 0x00, 0x00, 0x00, 0x00, 0xB0, 0xBF, 0xFB, 0xFF, 0xDF, 0x04, 0x00, 0x00, 0x00, 0x00,
    0x00, 0x00, 0x00, 0x00, 0x30, 0xF9, 0xFF, 0xFF, 0xDF, 0x06, 0x00, 0x00, 0x00, 0x00, 0x00, 0x00,
    0x00, 0x00, 0x30, 0xFC, 0xFF, 0xEF, 0x69, 0x02, 0x10, 0xB8, 0x59, 0x00, 0x00, 0x00, 0x00, 0x00,
    0x00, 0xF6, 0xFF, 0xAB, 0xEF, 0x00, 0x00, 0xE2, 0xFF, 0xFF, 0x9F, 0x03, 0x40, 0x4B, 0x00, 0x50,
    0xFF, 0xAF, 0x50, 0xFF, 0x02, 0x00, 0xFD, 0xFF, 0xFF, 0xFF, 0xDF, 0xFC, 0x7F, 0x00, 0xF4, 0xFF,
    0x0F, 0x20, 0xFF, 0x06, 0x60, 0xFF, 0xFF, 0xFF, 0xFF, 0xFF, 0xFF, 0x3F, 0x00, 0xFD, 0xFF, 0x09,
    0x00, 0xFE, 0x0B, 0xB0, 0xFF, 0xFF, 0xFF, 0xFF, 0xFF, 0xFF, 0x0B, 0x60, 0xFF, 0xFF, 0x07, 0x00,
    0xFA, 0x1F, 0xC0, 0x3E, 0x60, 0xFF, 0xFF, 0xFF, 0xDF, 0x01, 0xC0, 0xFF, 0xFF, 0x06, 0x00, 0xF5,
    0x9F, 0x40, 0x03, 0xC0, 0xFF, 0xD9, 0xDF, 0x08, 0x00, 0xF1, 0xFF, 0xFF, 0x08, 0x00, 0xF0, 0xFF,
    0x02, 0x00, 0xF9, 0xDF, 0x00, 0x00, 0x00, 0x00, 0xF5, 0xFF, 0xFF, 0x0E, 0x00, 0x90, 0xFF, 0x0C,
    0xA0, 0xFF, 0x8F, 0x00, 0x00, 0x00, 0x00, 0xF7, 0xFF, 0xFF, 0x8F, 0x00, 0x20, 0xFF, 0xAF, 0xFE,
    0xFF, 0x2F, 0x00, 0x00, 0x38, 0x00, 0xF8, 0xFF, 0xFF, 0xFF, 0x3A, 0x10, 0xFB, 0xFF, 0xFF, 0xFF,
    0x0B, 0x00, 0x40, 0xFF, 0x03, 0xF7, 0xFF, 0xFF, 0xFF, 0xFF, 0xFF, 0xFF, 0xFF, 0xFF, 0xFF, 0x04,
    0x00, 0x90, 0xFF, 0x0C, 0xF5, 0xFF, 0xFF, 0xFF, 0xFF, 0xFF, 0xFF, 0xFF, 0xFF, 0xBF, 0x00, 0x00,
    0xF1, 0xFF, 0x1F, 0xF2, 0xFF, 0xFF, 0xFF, 0xFF, 0xFF, 0xFF, 0xFF, 0xFF, 0xDF, 0x15, 0x40, 0xFD,
    0xFF, 0x3F, 0xC0, 0xFF, 0xFF, 0xFF, 0xFF, 0xFF, 0xFF, 0xFF, 0xFF, 0xFF, 0xFF, 0xFF, 0xFF, 0xFF,
    0x2F, 0x40, 0xFF, 0xFF, 0xFF, 0xFF, 0xFF, 0xFF, 0xFF, 0xFF, 0xFF, 0xFF, 0xFF, 0xFF, 0xFF, 0x0F,
    0x00, 0xF9, 0xFF, 0xFF, 0xFF, 0xFF, 0xFF, 0xFF, 0xFF, 0xFF, 0xFF, 0xFF, 0xFF, 0xFF, 0x0A, 0x00,
    0xB0, 0xFF, 0xFF, 0xFF, 0xFF, 0xFF, 0xFF, 0xE8, 0xFF, 0xFF, 0xFF, 0xFF, 0xFF, 0x02, 0x00, 0x00,
    0xF7, 0xFF, 0xFF, 0xFF, 0xFF, 0x3B, 0x10, 0xFA, 0xFF, 0xFF, 0xFF, 0x6F, 0x00, 0x00, 0x00, 0x10,
    0xC8, 0xFF, 0xCE, 0x38, 0x00, 0x00, 0x20, 0xC8, 0xFE, 0xAE, 0x03, 0x00, 0x00, 0x40, 0x37, 0x00,
    0x00, 0xFA, 0xFF, 0x00, 0x60, 0xFF, 0xFF, 0x00, 0xE0, 0xFF, 0xDF, 0x00, 0xF4, 0xFF, 0x7F, 0x00,
    0xF9, 0xFF, 0x1F, 0x00, 0xFC, 0xFF, 0x07, 0x00, 0xFE, 0xDF, 0x00, 0x00, 0xFF, 0x3F, 0x00, 0x00,
    0xFF, 0x07, 0x00, 0x00, 0x8B, 0x00, 0x00, 0x00, 0x00, 0x00, 0x00, 0x00, 0x00, 0x00, 0x20, 0x00,
    0x00, 0x00, 0x00, 0x00, 0x30, 0xBD, 0x00, 0x00, 0x00, 0x00, 0x00, 0xF7, 0x0A, 0x00, 0x00, 0x00,
    0x00, 0xA0, 0xAF, 0x00, 0x00, 0x00, 0x00, 0x00, 0xFA, 0x0C, 0x00, 0x00, 0x00, 0x00, 0xA0, 0xEF,
    0x01, 0x00, 0x00, 0x00, 0x00, 0xF8, 0x4F, 0x00, 0x00, 0x00, 0x00, 0x40, 0xFF, 0x09, 0x00, 0x00,
    0x00, 0x00, 0xE1, 0xFF, 0x01, 0x00, 0x00, 0x00, 0x00, 0xF9, 0x7F, 0x00, 0x00, 0x00, 0x00, 0x30,
    0xFF, 0x0E, 0x00, 0x00, 0x00, 0x00, 0xB0, 0xFF, 0x07, 0x00, 0x00, 0x00, 0x00, 0xF3, 0xFF, 0x01,
    0x00, 0x00, 0x00, 0x00, 0xFA, 0xAF, 0x00, 0x00, 0x00, 0x00, 0x10, 0xFF, 0x4F, 0x00, 0x00, 0x00,
    0x00, 0x70, 0xFF, 0x0E, 0x00, 0x00, 0x00, 0x00, 0xC0, 0xFF, 0x0A, 0x00, 0x00, 0x00, 0x00, 0xF1,
    0xFF, 0x05, 0x00, 0x00, 0x00, 0x00, 0xF4, 0xFF, 0x01, 0x00, 0x00, 0x00, 0x00, 0xF8, 0xEF, 0x00,
    0x00, 0x00, 0x00, 0x00, 0xFA, 0xBF, 0x00, 0x00, 0x00, 0x00, 0x00, 0xFD, 0x8F, 0x00, 0x00, 0x00,
    0x00, 0x00, 0xFE, 0x6F, 0x00, 0x00, 0x00, 0x00, 0x00, 0xFF, 0x5F, 0x00, 0x00, 0x00, 0x00, 0x00,
    0xFF, 0x4F, 0x00, 0x00, 0x00, 0x00, 0x00, 0xFE, 0x3F, 0x00, 0x00, 0x00, 0x00, 0x00, 0xFD, 0x3F,
    0x00, 0x00, 0x00, 0x00, 0x00, 0xFB, 0x4F, 0x00, 0x00, 0x00, 0x00, 0x00, 0xF6, 0x4F, 0x00, 0x00,
    0x00, 0x00, 0x00, 0xF2, 0x6F, 0x00, 0x00, 0x00, 0x00, 0x00, 0xC0, 0x9F, 0x00, 0x00, 0x00, 0x00,
    0x00, 0x40, 0xCF, 0x00, 0x00, 0x00, 0x00, 0x00, 0x00, 0xFB, 0x00, 0x00, 0x00, 0x00, 0x00, 0x00,
    0xE1, 0x05, 0x00, 0x00, 0x00, 0x00, 0x00, 0x40, 0x04, 0x00, 0x00, 0x00, 0x00, 0x00, 0x00, 0x00,
    0x00, 0x00, 0x01, 0x00, 0x00, 0x00, 0x00, 0x00, 0x00, 0x20, 0x1E, 0x00, 0x00, 0x00, 0x00, 0x00,
    0x00, 0x00, 0xCC, 0x00, 0x00, 0x00, 0x00, 0x00, 0x00, 0x00, 0xF8, 0x06, 0x00, 0x00, 0x00, 0x00,
    0x00, 0x00, 0xF5, 0x0E, 0x00, 0x00, 0x00, 0x00, 0x00, 0x00, 0xF2, 0x5F, 0x00, 0x00, 0x00, 0x00,
    0x00, 0x00, 0xF0, 0xAF, 0x00, 0x00, 0x00, 0x00, 0x00, 0x00, 0xF0, 0xEF, 0x00, 0x00, 0x00, 0x00,
    0x00, 0x00, 0xE0, 0xFF, 0x01, 0x00, 0x00, 0x00, 0x00, 0x00, 0xE0, 0xFF, 0x03, 0x00, 0x00, 0x00,
    0x00, 0x00, 0xE0, 0xFF, 0x04, 0x00, 0x00, 0x00, 0x00, 0x00, 0xF0, 0xFF, 0x04, 0x00, 0x00, 0x00,
    0x00, 0x00, 0xF1, 0xFF, 0x04, 0x00, 0x00, 0x00, 0x00, 0x00, 0xF2, 0xFF, 0x02, 0x00, 0x00, 0x00,
    0x00, 0x00, 0xF5, 0xFF, 0x00, 0x00, 0x00, 0x00, 0x00, 0x00, 0xF8, 0xEF, 0x00, 0x00, 0x00, 0x00,
    0x00, 0x00, 0xFB, 0xBF, 0x00, 0x00, 0x00, 0x00, 0x00, 0x00, 0xFE, 0x7F, 0x00, 0x00, 0x00, 0x00,
    0x00, 0x30, 0xFF, 0x3F, 0x00, 0x00, 0x00, 0x00, 0x00, 0x80, 0xFF, 0x0E, 0x00, 0x00, 0x00, 0x00,
    0x00, 0xC0, 0xFF, 0x08, 0x00, 0x00, 0x00, 0x00, 0x00, 0xF2, 0xFF, 0x02, 0x00, 0x00, 0x00, 0x00,
    0x00, 0xF8, 0xBF, 0x00, 0x00, 0x00, 0x00, 0x00, 0x00, 0xFE, 0x4F, 0x00, 0x00, 0x00, 0x00, 0x00,
    0x70, 0xFF, 0x0B, 0x00, 0x00, 0x00, 0x00, 0x00, 0xE0, 0xFF, 0x02, 0x00, 0x00, 0x00, 0x00, 0x00,
    0xF7, 0x8F, 0x00, 0x00, 0x00, 0x00, 0x00, 0x10, 0xFF, 0x0D, 0x00, 0x00, 0x00, 0x00, 0x00, 0xB0,
    0xFF, 0x02, 0x00, 0x00, 0x00, 0x00, 0x00, 0xF6, 0x4F, 0x00, 0x00, 0x00, 0x00, 0x00, 0x30, 0xFF,
    0x06, 0x00, 0x00, 0x00, 0x00, 0x00, 0xE2, 0x6F, 0x00, 0x00, 0x00, 0x00, 0x00, 0x10, 0xFD, 0x04,
    0x00, 0x00, 0x00, 0x00, 0x00, 0xE3, 0x2C, 0x00, 0x00, 0x00, 0x00, 0x00, 0x00, 0x64, 0x00, 0x00,
    0x00, 0x00, 0x00, 0x00, 0x00, 0x00, 0x00, 0x00, 0x62, 0x00, 0x00, 0x00, 0x00, 0x00, 0x00, 0xFD,
    0x05, 0x00, 0x00, 0x00, 0x00, 0x10, 0xFF, 0x06, 0x00, 0x00, 0xD0, 0x4D, 0x20, 0xFF, 0x03, 0x00,
    0x00, 0xF1, 0xFF, 0x26, 0xEF, 0x20, 0xEA, 0x09, 0x40, 0xFE, 0x6F, 0x9F, 0xF7, 0xFF, 0x0D, 0x00,
    0x81, 0xFF, 0xEF, 0xFF, 0xBF, 0x02, 0x00, 0x51, 0xF9, 0xFF, 0x69, 0x01, 0x00, 0xB2, 0xFF, 0xEF,
    0xFF, 0x7E, 0x00, 0x00, 0xFD, 0xFF, 0xB6, 0x7F, 0xFF, 0x3E, 0x00, 0xEA, 0x2A, 0xF1, 0x1F, 0xF7,
    0xEF, 0x00, 0x00, 0x00, 0xF5, 0x2F, 0x50, 0xDD, 0x00, 0x00, 0x00, 0xF6, 0x0F, 0x00, 0x00, 0x00,
    0x00, 0x00, 0xE2, 0x08, 0x00, 0x00, 0x00, 0x00, 0x00, 0x00, 0x00, 0x20, 0x05, 0x00, 0x00, 0x00,
    0x00, 0x00, 0x00, 0xE1, 0x0F, 0x00, 0x00, 0x00, 0x00, 0x00, 0x00, 0xFA, 0x1F, 0x00, 0x00, 0x00,
    0x00, 0x00, 0x30, 0xFF, 0x1F, 0x00, 0x00, 0x00, 0x00, 0x00, 0xA0, 0xFF, 0x0F, 0x00, 0x00, 0x00,
    0x00, 0x00, 0xF2, 0xFF, 0x0D, 0x00, 0x00, 0x00, 0x84, 0xBA, 0xFD, 0xFF, 0xBE, 0x9A, 0x16, 0x90,
    0xFF, 0xFF, 0xFF, 0xFF, 0xFF, 0xFF, 0xBF, 0xF2, 0xFF, 0xFF, 0xFF, 0xFF, 0xFF, 0xFF, 0xAF, 0xF3,
    0xFF, 0xFF, 0xFF, 0xFF, 0xFF, 0xFF, 0x2F, 0x70, 0xFD, 0xFF, 0xFF, 0xFF, 0xEF, 0x9C, 0x01, 0x00,
    0x00, 0xF9, 0xFF, 0x4F, 0x00, 0x00, 0x00, 0x00, 0x00, 0xFE, 0xFF, 0x0E, 0x00, 0x00, 0x00, 0x00,
    0x40, 0xFF, 0xFF, 0x09, 0x00, 0x00, 0x00, 0x00, 0x80, 0xFF, 0xFF, 0x03, 0x00, 0x00, 0x00, 0x00,
    0xB0, 0xFF, 0xDF, 0x00, 0x00, 0x00, 0x00, 0x00, 0x30, 0xFC, 0x3C, 0x00, 0x00, 0x00, 0x00, 0x00,
    0x20, 0xFB, 0x6E, 0x00, 0x00, 0xE1, 0xFF, 0xFF, 0x05, 0x00, 0xF8, 0xFF, 0xFF, 0x0E, 0x00, 0xFB,
    0xFF, 0xFF, 0x1F, 0x00, 0xF9, 0xFF, 0xFF, 0x3F, 0x00, 0xF3, 0xFF, 0xFF, 0x2F, 0x00, 0x50, 0xEE,
    0xFB, 0x0F, 0x00, 0x00, 0x00, 0xF9, 0x0C, 0x00, 0x00, 0x92, 0xFF, 0x07, 0xF4, 0xFF, 0xFF, 0xEF,
    0x00, 0xF9, 0xFF, 0xFF, 0x5F, 0x00, 0xF7, 0xFF, 0xFF, 0x06, 0x00, 0x90, 0xFE, 0x3B, 0x00, 0x00,
    0x00, 0x85, 0xA9, 0xBB, 0xBB, 0xBB, 0x8A, 0x05, 0xD0, 0xFF, 0xFF, 0xFF, 0xFF, 0xFF, 0xFF, 0xDF,
    0xF7, 0xFF, 0xFF, 0xFF, 0xFF, 0xFF, 0xFF, 0xCF, 0xF9, 0xFF, 0xFF, 0xFF, 0xFF, 0xFF, 0xFF, 0x4F,
    0x81, 0xDB, 0xFE, 0xFF, 0xFF, 0xDE, 0x8B, 0x02, 0x20, 0xFB, 0x8E, 0x00, 0xF2, 0xFF, 0xFF, 0x09,
    0xF9, 0xFF, 0xFF, 0x1F, 0xFB, 0xFF, 0xFF, 0x3F, 0xF9, 0xFF, 0xFF, 0x1F, 0xF2, 0xFF, 0xFF, 0x09,
    0x30, 0xFB, 0x8E, 0x00, 0x00, 0x00, 0x00, 0x00, 0x00, 0x00, 0x00, 0x00, 0x00, 0x12, 0x00, 0x00,
    0x00, 0x00, 0x00, 0x00, 0x00, 0x00, 0x00, 0x4D, 0x00, 0x00, 0x00, 0x00, 0x00, 0x00, 0x00, 0x00,
    0x60, 0x0C, 0x00, 0x00, 0x00, 0x00, 0x00, 0x00, 0x00, 0x00, 0xE1, 0x04, 0x00, 0x00, 0x00, 0x00,
    0x00, 0x00, 0x00, 0x00, 0xD9, 0x00, 0x00, 0x00, 0x00, 0x00, 0x00, 0x00, 0x00, 0x30, 0x5F, 0x00,
    0x00, 0x00, 0x00, 0x00, 0x00, 0x00, 0x00, 0xC0, 0x0D, 0x00, 0x00, 0x00, 0x00, 0x00, 0x00, 0x00,
    0x00, 0xF5, 0x05, 0x00, 0x00, 0x00, 0x00, 0x00, 0x00, 0x00, 0x00, 0xDE, 0x00, 0x00, 0x00, 0x00,
    0x00, 0x00, 0x00, 0x00, 0x80, 0x6F, 0x00, 0x00, 0x00, 0x00, 0x00, 0x00, 0x00, 0x00, 0xF2, 0x0E,
    0x00, 0x00, 0x00, 0x00, 0x00, 0x00, 0x00, 0x00, 0xFA, 0x07, 0x00, 0x00, 0x00, 0x00, 0x00, 0x00,
    0x00, 0x30, 0xEF, 0x00, 0x00, 0x00, 0x00, 0x00, 0x00, 0x00, 0x00, 0xC0, 0x7F, 0x00, 0x00, 0x00,
    0x00, 0x00, 0x00, 0x00, 0x00, 0xF6, 0x0F, 0x00, 0x00, 0x00, 0x00, 0x00, 0x00, 0x00, 0x00, 0xFE,
    0x08, 0x00, 0x00, 0x00, 0x00, 0x00, 0x00, 0x00, 0x80, 0xFF, 0x01, 0x00, 0x00, 0x00, 0x00, 0x00,
    0x00, 0x00, 0xF1, 0x8F, 0x00, 0x00, 0x00, 0x00, 0x00, 0x00, 0x00, 0x00, 0xF9, 0x1F, 0x00, 0x00,
    0x00, 0x00, 0x00, 0x00, 0x00, 0x20, 0xFF, 0x09, 0x00, 0x00, 0x00, 0x00, 0x00, 0x00, 0x00, 0xB0,
    0xFF, 0x02, 0x00, 0x00, 0x00, 0x00, 0x00, 0x00, 0x00, 0xF4, 0x9F, 0x00, 0x00, 0x00, 0x00, 0x00,
    0x00, 0x00, 0x00, 0xFC, 0x2F, 0x00, 0x00, 0x00, 0x00, 0x00, 0x00, 0x00, 0x50, 0xFF, 0x0A, 0x00,
    0x00, 0x00, 0x00, 0x00, 0x00, 0x00, 0xD0, 0xFF, 0x02, 0x00, 0x00, 0x00, 0x00, 0x00, 0x00, 0x00,
    0xF6, 0xAF, 0x00, 0x00, 0x00, 0x00, 0x00, 0x00, 0x00, 0x00, 0xFE, 0x2F, 0x00, 0x00, 0x00, 0x00,
    0x00, 0x00, 0x00, 0x70, 0xFF, 0x0A, 0x00, 0x00, 0x00, 0x00, 0x00, 0x00, 0x00, 0xE0, 0xFF, 0x02,
    0x00, 0x00, 0x00, 0x00, 0x00, 0x00, 0x00, 0xF6, 0x9F, 0x00, 0x00, 0x00, 0x00, 0x00, 0x00, 0x00,
    0x00, 0xFD, 0x1F, 0x00, 0x00, 0x00, 0x00, 0x00, 0x00, 0x00, 0x50, 0xFF, 0x07, 0x00, 0x00, 0x00,
    0x00, 0x00, 0x00, 0x00, 0xB0, 0xDF, 0x00, 0x00, 0x00, 0x00, 0x00, 0x00, 0x00, 0x00, 0xF0, 0x4F,
    0x00, 0x00, 0x00, 0x00, 0x00, 0x00, 0x00, 0x00, 0xE0, 0x07, 0x00, 0x00, 0x00, 0x00, 0x00, 0x00,
    0x00, 0x00, 0x00, 0x00, 0x00, 0x00, 0x00, 0x61, 0xDB, 0xEF, 0x7C, 0x00, 0x00, 0x00, 0x00, 0x00,
    0x00, 0x70, 0xFF, 0xFF, 0xFF, 0xFF, 0x1D, 0x00, 0x00, 0x00, 0x00, 0x10, 0xFC, 0xFF, 0xFF, 0xFF,
    0xFF, 0xCF, 0x00, 0x00, 0x00, 0x00, 0xD1, 0xFF, 0xFF, 0xFF, 0xFF, 0xFF, 0xFF, 0x06, 0x00, 0x00,
    0x10, 0xFD, 0xFF, 0xFF, 0xFF, 0xFF, 0xFF, 0xFF, 0x0D, 0x00, 0x00, 0xB0, 0xFF, 0xFF, 0xFF, 0xFF,
    0xFF, 0xFF, 0xFF, 0x3F, 0x00, 0x00, 0xF7, 0xFF, 0xFF, 0xFF, 0xFF, 0xFF, 0xFF, 0xFF, 0x6F, 0x00,
    0x20, 0xFF, 0xFF, 0xFF, 0xFF, 0xFF, 0xFF, 0xFF, 0xFF, 0x9F, 0x00, 0xA0, 0xFF, 0xFF, 0xFF, 0xFF,
    0xFF, 0xFF, 0xFF, 0xFF, 0xAF, 0x00, 0xF3, 0xFF, 0xFF, 0xFF, 0x17, 0x30, 0xFC, 0xFF, 0xFF, 0xBF,
    0x00, 0xFA, 0xFF, 0xFF, 0x2F, 0x00, 0x00, 0xF1, 0xFF, 0xFF, 0xBF, 0x10, 0xFF, 0xFF, 0xFF, 0x04,
    0x00, 0x00, 0xB0, 0xFF, 0xFF, 0xAF, 0x60, 0xFF, 0xFF, 0xAF, 0x00, 0x00, 0x00, 0x80, 0xFF, 0xFF,
    0x9F, 0xC0, 0xFF, 0xFF, 0x3F, 0x00, 0x00, 0x00, 0x80, 0xFF, 0xFF, 0x6F, 0xF0, 0xFF, 0xFF, 0x0E,
    0x00, 0x00, 0x00, 0xA0, 0xFF, 0xFF, 0x4F, 0xF4, 0xFF, 0xFF, 0x0A, 0x00, 0x00, 0x00, 0xC0, 0xFF,
    0xFF, 0x0F, 0xF7, 0xFF, 0xFF, 0x09, 0x00, 0x00, 0x00, 0xF2, 0xFF, 0xFF, 0x0C, 0xFA, 0xFF, 0xFF,
    0x0A, 0x00, 0x00, 0x00, 0xF9, 0xFF, 0xFF, 0x07, 0xFC, 0xFF, 0xFF, 0x0C, 0x00, 0x00, 0x30, 0xFF,
    0xFF, 0xFF, 0x01, 0xFD, 0xFF, 0xFF, 0x3F, 0x00, 0x00, 0xE2, 0xFF, 0xFF, 0xBF, 0x00, 0xFE, 0xFF,
    0xFF, 0xDF, 0x04, 0x71, 0xFF, 0xFF, 0xFF, 0x5F, 0x00, 0xFE, 0xFF, 0xFF, 0xFF, 0xFF, 0xFF, 0xFF,
    0xFF, 0xFF, 0x0D, 0x00, 0xFD, 0xFF, 0xFF, 0xFF, 0xFF, 0xFF, 0xFF, 0xFF, 0xFF, 0x05, 0x00, 0xFB,
    0xFF, 0xFF, 0xFF, 0xFF, 0xFF, 0xFF, 0xFF, 0xCF, 0x00, 0x00, 0xF8, 0xFF, 0xFF, 0xFF, 0xFF, 0xFF,
    0xFF, 0xFF, 0x2F, 0x00, 0x00, 0xF4, 0xFF, 0xFF, 0xFF, 0xFF, 0xFF, 0xFF, 0xFF, 0x06, 0x00, 0x00,
    0xE0, 0xFF, 0xFF, 0xFF, 0xFF, 0xFF, 0xFF, 0x9F, 0x00, 0x00, 0x00, 0x60, 0xFF, 0xFF, 0xFF, 0xFF,
    0xFF, 0xFF, 0x0B, 0x00, 0x00, 0x00, 0x00, 0xFC, 0xFF, 0xFF, 0xFF, 0xFF, 0x9F, 0x00, 0x00, 0x00,
    0x00, 0x00, 0xC1, 0xFF, 0xFF, 0xFF, 0xEF, 0x05, 0x00, 0x00, 0x00, 0x00, 0x00, 0x00, 0xB6, 0xFE,
    0xBE, 0x06, 0x00, 0x00, 0x00, 0x00, 0x00, 0x00, 0x00, 0x00, 0x00, 0x00, 0x00, 0xD7, 0x8F, 0x00,
    0x00, 0x00, 0x00, 0x00, 0xD3, 0xFF, 0xDF, 0x00, 0x00, 0x00, 0x00, 0x50, 0xFF, 0xFF, 0xAF, 0x00,
    0x00, 0x00, 0x00, 0xF6, 0xFF, 0xFF, 0x4F, 0x00, 0x00, 0x00, 0x60, 0xFF, 0xFF, 0xFF, 0x0D, 0x00,
    0x00, 0x00, 0xF5, 0xFF, 0xFF, 0xFF, 0x06, 0x00, 0x00, 0x20, 0xFF, 0xFF, 0xFF, 0xEF, 0x00, 0x00,
    0x00, 0xD0, 0xFF, 0xFF, 0xFF, 0x7F, 0x00, 0x00, 0x00, 0xF6, 0xFF, 0xFF, 0xFF, 0x1F, 0x00, 0x00,
    0x00, 0xF7, 0xFF, 0xFF, 0xFF, 0x0B, 0x00, 0x00, 0x00, 0x00, 0xF8, 0xFF, 0xFF, 0x05, 0x00, 0x00,
    0x00, 0x00, 0xF6, 0xFF, 0xFF, 0x00, 0x00, 0x00, 0x00, 0x00, 0xFB, 0xFF, 0xAF, 0x00, 0x00, 0x00,
    0x00, 0x10, 0xFF, 0xFF, 0x4F, 0x00, 0x00, 0x00, 0x00, 0x80, 0xFF, 0xFF, 0x0F, 0x00, 0x00, 0x00,
    0x00, 0xF0, 0xFF, 0xFF, 0x0A, 0x00, 0x00, 0x00, 0x00, 0xF7, 0xFF, 0xFF, 0x05, 0x00, 0x00, 0x00,
    0x00, 0xFE, 0xFF, 0xFF, 0x01, 0x00, 0x00, 0x00, 0x70, 0xFF, 0xFF, 0xCF, 0x00, 0x00, 0x00, 0x00,
    0xE0, 0xFF, 0xFF, 0x8F, 0x00, 0x00, 0x00, 0x00, 0xF7, 0xFF, 0xFF, 0x4F, 0x00, 0x00, 0x00, 0x00,
    0xFE, 0xFF, 0xFF, 0x0F, 0x00, 0x00, 0x00, 0x60, 0xFF, 0xFF, 0xFF, 0x0C, 0x00, 0x00, 0x00, 0xC0,
    0xFF, 0xFF, 0xFF, 0x09, 0x00, 0x00, 0x00, 0xF2, 0xFF, 0xFF, 0xFF, 0x05, 0x00, 0x00, 0x00, 0xF6,
    0xFF, 0xFF, 0xFF, 0x02, 0x00, 0x00, 0x00, 0xFA, 0xFF, 0xFF, 0xEF, 0x00, 0x00, 0x00, 0x00, 0xFB,
    0xFF, 0xFF, 0xAF, 0x00, 0x00, 0x00, 0x00, 0xF9, 0xFF, 0xFF, 0x5F, 0x00, 0x00, 0x00, 0x00, 0xF4,
    0xFF, 0xFF, 0x0D, 0x00, 0x00, 0x00, 0x00, 0x50, 0xFC, 0xAE, 0x02, 0x00, 0x00, 0x00, 0x00, 0x00,
    0x00, 0x00, 0x00, 0x00, 0x00, 0x40, 0xD9, 0xFF, 0xBE, 0x06, 0x00, 0x00, 0x00, 0x00, 0x00, 0x00,
    0x00, 0x10, 0xFB, 0xFF, 0xFF, 0xFF, 0xEF, 0x03, 0x00, 0x00, 0x00, 0x00, 0x00, 0x00, 0xE3, 0xFF,
    0xFF, 0xFF, 0xFF, 0xFF, 0x3F, 0x00, 0x00, 0x00, 0x00, 0x00, 0x10, 0xFE, 0xFF, 0xFF, 0xFF, 0xFF,
    0xFF, 0xDF, 0x00, 0x00, 0x00, 0x00, 0x00, 0xB0, 0xFF, 0xFF, 0xFF, 0xFF, 0xFF, 0xFF, 0xFF, 0x04,
    0x00, 0x00, 0x00, 0x00, 0xF4, 0xFF, 0xFF, 0xFF, 0xFF, 0xFF, 0xFF, 0xFF, 0x09, 0x00, 0x00, 0x00,
    0x00, 0xFC, 0xFF, 0xFF, 0xFF, 0xFF, 0xFF, 0xFF, 0xFF, 0x0A, 0x00, 0x00, 0x00, 0x10, 0xFF, 0xFF,
    0xFF, 0xFF, 0xFF, 0xFF, 0xFF, 0xFF, 0x0A, 0x00, 0x00, 0x00, 0x50, 0xFF, 0xFF, 0x17, 0x40, 0xFE,
    0xFF, 0xFF, 0xFF, 0x09, 0x00, 0x00, 0x00, 0x70, 0xFF, 0x3F, 0x00, 0x00, 0xF6, 0xFF, 0xFF, 0xFF,
    0x05, 0x00, 0x00, 0x00, 0x50, 0xFF, 0x09, 0x00, 0x00, 0xF3, 0xFF, 0xFF, 0xFF, 0x01, 0x00, 0x00,
    0x00, 0x00, 0x98, 0x00, 0x00, 0x00, 0xF4, 0xFF, 0xFF, 0x8F, 0x00, 0x00, 0x00, 0x00, 0x00, 0x00,
    0x00, 0x00, 0x00, 0xF9, 0xFF, 0xFF, 0x0D, 0x00, 0x00, 0x00, 0x00, 0x00, 0x00, 0x00, 0x00, 0x30,
    0xFF, 0xFF, 0xEF, 0x02, 0x00, 0x00, 0x00, 0x00, 0x00, 0x00, 0x00, 0x00, 0xE2, 0xFF, 0xFF, 0x3F,
    0x00, 0x00, 0x00, 0x00, 0x00, 0x00, 0x00, 0x00, 0x30, 0xFE, 0xFF, 0xEF, 0x02, 0x00, 0x00, 0x00,
    0x00, 0x00, 0x00, 0x00, 0x00, 0xF6, 0xFF, 0xFF, 0x1B, 0x00, 0x00, 0x00, 0x00, 0x00, 0x00, 0x00,
    0x00, 0xB1, 0xFF, 0xFF, 0x6F, 0x00, 0x00, 0x00, 0x00, 0x00, 0x00, 0x00, 0x00, 0x50, 0xFE, 0xFF,
    0xAF, 0x01, 0x00, 0x00, 0x00, 0x00, 0x00, 0x00, 0x00, 0x20, 0xFC, 0xFF, 0xCF, 0x03, 0x00, 0x00,
    0x00, 0x00, 0x00, 0x00, 0x00, 0x00, 0xF8, 0xFF, 0xEF, 0x05, 0x00, 0x00, 0x00, 0xA4, 0x00, 0x00,
    0x00, 0x00, 0xE4, 0xFF, 0xFF, 0x19, 0xD6, 0xEF, 0x6B, 0x31, 0xFE, 0x00, 0x00, 0x00, 0x60, 0xFF,
    0xFF, 0xAF, 0xC0, 0xFF, 0xFF, 0xFF, 0xFF, 0xBF, 0x00, 0x00, 0x00, 0xF5, 0xFF, 0xFF, 0xEF, 0xFD,
    0xFF, 0xFF, 0xFF, 0xFF, 0x6F, 0x00, 0x00, 0x00, 0xFE, 0xFF, 0xFF, 0xFF, 0xFF, 0xFF, 0xFF, 0xFF,
    0xFF, 0x1F, 0x00, 0x00, 0x70, 0xFF, 0xFF, 0xFF, 0xFF, 0xFF, 0xFF, 0xFF, 0xFF, 0xFF, 0x0A, 0x00,
    0x00, 0xD0, 0xFF, 0xFF, 0xFF, 0xFF, 0xFF, 0xFF, 0xFF, 0xFF, 0xFF, 0x02, 0x00, 0x00, 0xF1, 0xFF,
    0xEF, 0xFE, 0xFF, 0xFF, 0xFF, 0xFF, 0xFF, 0xAF, 0x00, 0x00, 0x00, 0xF2, 0xFF, 0x1F, 0x60, 0xFE,
    0xFF, 0xFF, 0xFF, 0xFF, 0x0D, 0x00, 0x00, 0x00, 0xF0, 0xFF, 0x0C, 0x00, 0xA1, 0xFF, 0xFF, 0xFF,
    0xDF, 0x01, 0x00, 0x00, 0x00, 0x70, 0xEE, 0x03, 0x00, 0x00, 0x92, 0xFD, 0xCF, 0x07, 0x00, 0x00,
    0x00, 0x00, 0x00, 0x00, 0x00, 0x00, 0x00, 0x10, 0xB7, 0xFE, 0xDF, 0x39, 0x00, 0x00, 0x00, 0x00,
    0x00, 0x00, 0x00, 0xF7, 0xFF, 0xFF, 0xFF, 0xFF, 0x0A, 0x00, 0x00, 0x00, 0x00, 0x00, 0xC1, 0xFF,
    0xFF, 0xFF, 0xFF, 0xFF, 0xBF, 0x00, 0x00, 0x00, 0x00, 0x00, 0xFC, 0xFF, 0xFF, 0xFF, 0xFF, 0xFF,
    0xFF, 0x07, 0x00, 0x00, 0x00, 0x90, 0xFF, 0xFF, 0xFF, 0xFF, 0xFF, 0xFF, 0xFF, 0x0D, 0x00, 0x00,
    0x00, 0xF2, 0xFF, 0xFF, 0xFF, 0xFF, 0xFF, 0xFF, 0xFF, 0x1F, 0x00, 0x00, 0x00, 0xF8, 0xFF, 0xFF,
    0xFF, 0xFF, 0xFF, 0xFF, 0xFF, 0x3F, 0x00, 0x00, 0x00, 0xFD, 0xFF, 0xFF, 0xFF, 0xFF, 0xFF, 0xFF,
    0xFF, 0x2F, 0x00, 0x00, 0x00, 0xFF, 0xFF, 0x3B, 0x10, 0xE5, 0xFF, 0xFF, 0xFF, 0x0F, 0x00, 0x00,
    0x00, 0xFF, 0xAF, 0x00, 0x00, 0x60, 0xFF, 0xFF, 0xFF, 0x09, 0x00, 0x00, 0x00, 0xFB, 0x1E, 0x00,
    0x00, 0x50, 0xFF, 0xFF, 0xFF, 0x02, 0x00, 0x00, 0x00, 0x61, 0x02, 0x00, 0x00, 0xC0, 0xFF, 0xFF,
    0x5F, 0x00, 0x00, 0x00, 0x00, 0x00, 0x00, 0x00, 0x72, 0xFD, 0xFF, 0xEF, 0x04, 0x00, 0x00, 0x00,
    0x00, 0x00, 0x60, 0xFE, 0xFF, 0xFF, 0xEF, 0x18, 0x00, 0x00, 0x00, 0x00, 0x00, 0x00, 0xD0, 0xFF,
    0xFF, 0xCF, 0x03, 0x00, 0x00, 0x00, 0x00, 0x00, 0x00, 0x00, 0x70, 0xFF, 0xFF, 0xBF, 0x02, 0x00,
    0x00, 0x00, 0x00, 0x00, 0x20, 0x00, 0x00, 0x10, 0xF8, 0xFF, 0xAF, 0x00, 0x00, 0x00, 0x00, 0x60,
    0xFF, 0x0C, 0x00, 0x00, 0xA0, 0xFF, 0xFF, 0x0B, 0x00, 0x00, 0x00, 0xF7, 0xFF, 0x0C, 0x00, 0x00,
    0x60, 0xFF, 0xFF, 0x4F, 0x00, 0x00, 0x10, 0xFF, 0xFF, 0x09, 0x00, 0x00, 0x60, 0xFF, 0xFF, 0xAF,
    0x00, 0x00, 0x80, 0xFF, 0xFF, 0x0A, 0x00, 0x00, 0xA0, 0xFF, 0xFF, 0xDF, 0x00, 0x00, 0xD0, 0xFF,
    0xFF, 0x1E, 0x00, 0x00, 0xF3, 0xFF, 0xFF, 0xEF, 0x00, 0x00, 0xF0, 0xFF, 0xFF, 0xCF, 0x04, 0x61,
    0xFF, 0xFF, 0xFF, 0xDF, 0x00, 0x00, 0xF0, 0xFF, 0xFF, 0xFF, 0xFF, 0xFF, 0xFF, 0xFF, 0xFF, 0xBF,
    0x00, 0x00, 0xF0, 0xFF, 0xFF, 0xFF, 0xFF, 0xFF, 0xFF, 0xFF, 0xFF, 0x7F, 0x00, 0x00, 0xC0, 0xFF,
    0xFF, 0xFF, 0xFF, 0xFF, 0xFF, 0xFF, 0xFF, 0x1F, 0x00, 0x00, 0x60, 0xFF, 0xFF, 0xFF, 0xFF, 0xFF,
    0xFF, 0xFF, 0xFF, 0x08, 0x00, 0x00, 0x00, 0xFE, 0xFF, 0xFF, 0xFF, 0xFF, 0xFF, 0xFF, 0xCF, 0x00,
    0x00, 0x00, 0x00, 0xF3, 0xFF, 0xFF, 0xFF, 0xFF, 0xFF, 0xFF, 0x1C, 0x00, 0x00, 0x00, 0x00, 0x30,
    0xFD, 0xFF, 0xFF, 0xFF, 0xFF, 0x7F, 0x00, 0x00, 0x00, 0x00, 0x00, 0x00, 0x50, 0xDA, 0xFF, 0xDF,
    0x6A, 0x00, 0x00, 0x00, 0x00, 0x00, 0x00, 0x00, 0x00, 0x81, 0xFD, 0xCF, 0x06, 0x00, 0x00, 0x00,
    0x00, 0x00, 0x00, 0x00, 0x20, 0xFE, 0xFF, 0xFF, 0xAF, 0x00, 0x00, 0x00, 0x00, 0x00, 0x00, 0x00,
    0xD0, 0xFF, 0xFF, 0xFF, 0xFF, 0x05, 0x00, 0x00, 0x00, 0x00, 0x00, 0x00, 0xF6, 0xFF, 0xFF, 0xFF,
    0xFF, 0x0C, 0x00, 0x00, 0xEA, 0x01, 0x00, 0x00, 0xFA, 0xFF, 0xFF, 0xFF, 0xFF, 0x0F, 0x00, 0xB0,
    0xFF, 0x01, 0x00, 0x00, 0xFC, 0xFF, 0xFF, 0xFF, 0xFF, 0x1F, 0x00, 0xF6, 0xCF, 0x00, 0x00, 0x00,
    0xFA, 0xFF, 0xFF, 0xFF, 0xFF, 0x0F, 0x10, 0xFF, 0x6F, 0x00, 0x00, 0x00, 0xF4, 0xFF, 0xFF, 0xFF,
    0xFF, 0x0D, 0x90, 0xFF, 0x1F, 0x00, 0x00, 0x00, 0x50, 0x43, 0xFF, 0xFF, 0xFF, 0x08, 0xF1, 0xFF,
    0x09, 0x00, 0x00, 0x00, 0x00, 0x10, 0xFF, 0xFF, 0xFF, 0x01, 0xF9, 0xFF, 0x03, 0x00, 0x00, 0x00,
    0x00, 0x30, 0xFF, 0xFF, 0x7F, 0x10, 0xFF, 0xDF, 0x00, 0x00, 0x00, 0x00, 0x00, 0x90, 0xFF, 0xFF,
    0x0C, 0x80, 0xFF, 0x7F, 0x00, 0x00, 0x00, 0x00, 0x00, 0xF1, 0xFF, 0xEF, 0x01, 0xF0, 0xFF, 0x1F,
    0x00, 0x00, 0x00, 0x00, 0x00, 0xFB, 0xFF, 0x2E, 0x00, 0xF7, 0xFF, 0x0B, 0x00, 0x00, 0x00, 0x00,
    0x70, 0xFF, 0xEF, 0x02, 0x00, 0xFE, 0xFF, 0x06, 0x00, 0x00, 0x00, 0x00, 0xF4, 0xFF, 0x2D, 0x00,
    0x60, 0xFF, 0xFF, 0x01, 0x00, 0x00, 0x00, 0x30, 0xFF, 0xCF, 0x01, 0x00, 0xD0, 0xFF, 0xCF, 0x00,
    0x00, 0x00, 0x00, 0xE2, 0xFF, 0x0A, 0x00, 0x00, 0xF4, 0xFF, 0x8F, 0x41, 0xDB, 0x00, 0x10, 0xFD,
    0xFF, 0xBD, 0xBB, 0xBB, 0xFE, 0xFF, 0xFF, 0xFF, 0xFF, 0x01, 0xC0, 0xFF, 0xFF, 0xFF, 0xFF, 0xFF,
    0xFF, 0xFF, 0xFF, 0xFF, 0xFF, 0x00, 0xF8, 0xFF, 0xFF, 0xFF, 0xFF, 0xFF, 0xFF, 0xFF, 0xFF, 0xFF,
    0xCF, 0x00, 0xFD, 0xFF, 0xFF, 0xFF, 0xFF, 0xFF, 0xFF, 0xFF, 0xFF, 0xFF, 0x7F, 0x00, 0xFD, 0xFF,
    0xFF, 0xFF, 0xFF, 0xFF, 0xFF, 0xFF, 0xFF, 0xFF, 0x0E, 0x00, 0xF6, 0xFF, 0x17, 0x10, 0x74, 0xFF,
    0xFF, 0xFF, 0xFF, 0xFF, 0x03, 0x00, 0x40, 0x17, 0x00, 0x00, 0x30, 0xFF, 0xFF, 0xFF, 0xEF, 0x2A,
    0x00, 0x00, 0x00, 0x00, 0x00, 0x00, 0x90, 0xFF, 0xFF, 0xBF, 0x00, 0x00, 0x00, 0x00, 0x00, 0x00,
    0x00, 0x00, 0xF0, 0xFF, 0xFF, 0x7F, 0x00, 0x00, 0x00, 0x00, 0x00, 0x00, 0x00, 0x00, 0xF4, 0xFF,
    0xFF, 0x2F, 0x00, 0x00, 0x00, 0x00, 0x00, 0x00, 0x00, 0x00, 0xF8, 0xFF, 0xFF, 0x0D, 0x00, 0x00,
    0x00, 0x00, 0x00, 0x00, 0x00, 0x00, 0xFA, 0xFF, 0xFF, 0x06, 0x00, 0x00, 0x00, 0x00, 0x00, 0x00,
    0x00, 0x00, 0xF9, 0xFF, 0xCF, 0x00, 0x00, 0x00, 0x00, 0x00, 0x00, 0x00, 0x00, 0x00, 0xC2, 0xEF,
    0x1A, 0x00, 0x00, 0x00, 0x00, 0x00, 0x00, 0x00, 0x00, 0x00, 0x00, 0x00, 0x00, 0x00, 0x00, 0x00,
    0x00, 0x21, 0x36, 0x00, 0x00, 0x00, 0x00, 0x00, 0xD8, 0xFF, 0xFF, 0xFF, 0xFF, 0xFF, 0xFF, 0x3F,
    0x00, 0x00, 0x00, 0x00, 0x90, 0xFF, 0xFF, 0xFF, 0xFF, 0xFF, 0xFF, 0xFF, 0x0E, 0x00, 0x00, 0x00,
    0x00, 0xF0, 0xFF, 0xFF, 0xFF, 0xFF, 0xFF, 0xFF, 0xFF, 0x08, 0x00, 0x00, 0x00, 0x00, 0xF6, 0xFF,
    0xFF, 0xFF, 0xFF, 0xFF, 0xFF, 0xFF, 0x02, 0x00, 0x00, 0x00, 0x00, 0xFC, 0xFF, 0xFF, 0xFF, 0xFF,
    0xFF, 0xFF, 0xAF, 0x00, 0x00, 0x00, 0x00, 0x20, 0xFF, 0xFF, 0xFF, 0xFF, 0xFF, 0xFF, 0xFF, 0x2F,
    0x00, 0x00, 0x00, 0x00, 0x80, 0xFF, 0xFF, 0xFF, 0xFF, 0xFF, 0xFF, 0xFF, 0x05, 0x00, 0x00, 0x00,
    0x00, 0xE0, 0xFF, 0x8F, 0x01, 0x94, 0xFE, 0xFF, 0x3C, 0x00, 0x00, 0x00, 0x00, 0x00, 0xF4, 0xFF,
    0x0B, 0x00, 0x00, 0x20, 0x13, 0x00, 0x00, 0x00, 0x00, 0x00, 0x00, 0xFB, 0xFF, 0x04, 0x00, 0x00,
    0x00, 0x00, 0x00, 0x00, 0x00, 0x00, 0x00, 0x10, 0xFF, 0xDF, 0x00, 0x00, 0x00, 0x00, 0x00, 0x00,
    0x00, 0x00, 0x00, 0x00, 0x70, 0xFF, 0xBF, 0xD9, 0xFE, 0xAE, 0x05, 0x00, 0x00, 0x00, 0x00, 0x00,
    0x00, 0xD0, 0xFF, 0xFF, 0xFF, 0xFF, 0xFF, 0xBF, 0x00, 0x00, 0x00, 0x00, 0x00, 0x00, 0xF2, 0xFF,
    0xFF, 0xFF, 0xFF, 0xFF, 0xFF, 0x0B, 0x00, 0x00, 0x00, 0x00, 0x00, 0xF2, 0xFF, 0x39, 0x10, 0xF6,
    0xFF, 0xFF, 0x6F, 0x00, 0x00, 0x00, 0x00, 0x00, 0x50, 0x3A, 0x00, 0x00, 0x70, 0xFF, 0xFF, 0xEF,
    0x00, 0x00, 0x00, 0x00, 0x00, 0x20, 0x01, 0x00, 0x00, 0x20, 0xFF, 0xFF, 0xFF, 0x03, 0x00, 0x00,
    0x00, 0x60, 0xFE, 0x0D, 0x00, 0x00, 0x00, 0xFF, 0xFF, 0xFF, 0x07, 0x00, 0x00, 0x00, 0xF6, 0xFF,
    0x0C, 0x00, 0x00, 0x20, 0xFF, 0xFF, 0xFF, 0x08, 0x00, 0x00, 0x10, 0xFF, 0xFF, 0x0A, 0x00, 0x00,
    0x70, 0xFF, 0xFF, 0xFF, 0x09, 0x00, 0x00, 0x80, 0xFF, 0xFF, 0x0D, 0x00, 0x00, 0xF2, 0xFF, 0xFF,
    0xFF, 0x08, 0x00, 0x00, 0xC0, 0xFF, 0xFF, 0xBF, 0x03, 0x61, 0xFE, 0xFF, 0xFF, 0xFF, 0x05, 0x00,
    0x00, 0xF0, 0xFF, 0xFF, 0xFF, 0xFF, 0xFF, 0xFF, 0xFF, 0xFF, 0xFF, 0x01, 0x00, 0x00, 0xF0, 0xFF,
    0xFF, 0xFF, 0xFF, 0xFF, 0xFF, 0xFF, 0xFF, 0xCF, 0x00, 0x00, 0x00, 0xE0, 0xFF, 0xFF, 0xFF, 0xFF,
    0xFF, 0xFF, 0xFF, 0xFF, 0x6F, 0x00, 0x00, 0x00, 0xC0, 0xFF, 0xFF, 0xFF, 0xFF, 0xFF, 0xFF, 0xFF,
    0xFF, 0x0D, 0x00, 0x00, 0x00, 0x60, 0xFF, 0xFF, 0xFF, 0xFF, 0xFF, 0xFF, 0xFF, 0xFF, 0x03, 0x00,
    0x00, 0x00, 0x00, 0xFD, 0xFF, 0xFF, 0xFF, 0xFF, 0xFF, 0xFF, 0x6F, 0x00, 0x00, 0x00, 0x00, 0x00,
    0xE2, 0xFF, 0xFF, 0xFF, 0xFF, 0xFF, 0xFF, 0x06, 0x00, 0x00, 0x00, 0x00, 0x00, 0x20, 0xFC, 0xFF,
    0xFF, 0xFF, 0xFF, 0x3C, 0x00, 0x00, 0x00, 0x00, 0x00, 0x00, 0x00, 0x40, 0xDA, 0xFF, 0xDF, 0x49,
    0x00, 0x00, 0x00, 0x00, 0x00, 0x00, 0x00, 0x00, 0x00, 0x00, 0x00, 0x50, 0xDA, 0xEF, 0x7C, 0x01,
    0x00, 0x00, 0x00, 0x00, 0x00, 0x50, 0xFE, 0xFF, 0xFF, 0xFF, 0x3E, 0x00, 0x00, 0x00, 0x00, 0x00,
    0xF9, 0xFF, 0xFF, 0xFF, 0xFF, 0xFF, 0x02, 0x00, 0x00, 0x00, 0xB0, 0xFF, 0xFF, 0xFF, 0xFF, 0xFF,
    0xFF, 0x0C, 0x00, 0x00, 0x00, 0xFA, 0xFF, 0xFF, 0xFF, 0xFF, 0xFF, 0xFF, 0x2F, 0x00, 0x00, 0x80,
    0xFF, 0xFF, 0xFF, 0xFF, 0xFF, 0xFF, 0xFF, 0x6F, 0x00, 0x00, 0xF3, 0xFF, 0xFF, 0xFF, 0xFF, 0xFF,
    0xFF, 0xFF, 0x8F, 0x00, 0x00, 0xFD, 0xFF, 0xFF, 0xFF, 0xFF, 0xFF, 0xFF, 0xFF, 0x8F, 0x00, 0x60,
    0xFF, 0xFF, 0xFF, 0x9F, 0x03, 0x20, 0xF8, 0xFF, 0x6F, 0x00, 0xE0, 0xFF, 0xFF, 0xEF, 0x02, 0x00,
    0x00, 0x50, 0xFF, 0x2F, 0x00, 0xF6, 0xFF, 0xFF, 0x1D, 0x00, 0x00, 0x00, 0x00, 0xFB, 0x0C, 0x00,
    0xFD, 0xFF, 0xFF, 0x03, 0x00, 0x00, 0x00, 0x00, 0xD3, 0x03, 0x20, 0xFF, 0xFF, 0xAF, 0x71, 0xEB,
    0xFF, 0x8D, 0x01, 0x00, 0x00, 0x70, 0xFF, 0xFF, 0xEF, 0xFF, 0xFF, 0xFF, 0xFF, 0x3F, 0x00, 0x00,
    0xC0, 0xFF, 0xFF, 0xFF, 0xFF, 0xFF, 0xFF, 0xFF, 0xEF, 0x01, 0x00, 0xF0, 0xFF, 0xFF, 0xFF, 0x27,
    0x30, 0xFC, 0xFF, 0xFF, 0x09, 0x00, 0xF4, 0xFF, 0xFF, 0x5F, 0x00, 0x00, 0xF1, 0xFF, 0xFF, 0x0F,
    0x00, 0xF6, 0xFF, 0xFF, 0x0F, 0x00, 0x00, 0xC0, 0xFF, 0xFF, 0x2F, 0x00, 0xF9, 0xFF, 0xFF, 0x0F,
    0x00, 0x00, 0xE0, 0xFF, 0xFF, 0x4F, 0x00, 0xFA, 0xFF, 0xFF, 0x4F, 0x00, 0x00, 0xF5, 0xFF, 0xFF,
    0x4F, 0x00, 0xFB, 0xFF, 0xFF, 0xEF, 0x15, 0x61, 0xFF, 0xFF, 0xFF, 0x2F, 0x00, 0xFB, 0xFF, 0xFF,
    0xFF, 0xFF, 0xFF, 0xFF, 0xFF, 0xFF, 0x0F, 0x00, 0xFA, 0xFF, 0xFF, 0xFF, 0xFF, 0xFF, 0xFF, 0xFF,
    0xFF, 0x0B, 0x00, 0xF9, 0xFF, 0xFF, 0xFF, 0xFF, 0xFF, 0xFF, 0xFF, 0xFF, 0x05, 0x00, 0xF6, 0xFF,
    0xFF, 0xFF, 0xFF, 0xFF, 0xFF, 0xFF, 0xEF, 0x00, 0x00, 0xF2, 0xFF, 0xFF, 0xFF, 0xFF, 0xFF, 0xFF,
    0xFF, 0x6F, 0x00, 0x00, 0xB0, 0xFF, 0xFF, 0xFF, 0xFF, 0xFF, 0xFF, 0xFF, 0x0B, 0x00, 0x00, 0x30,
    0xFF, 0xFF, 0xFF, 0xFF, 0xFF, 0xFF, 0xDF, 0x01, 0x00, 0x00, 0x00, 0xF8, 0xFF, 0xFF, 0xFF, 0xFF,
    0xFF, 0x1C, 0x00, 0x00, 0x00, 0x00, 0x70, 0xFF, 0xFF, 0xFF, 0xFF, 0x8F, 0x00, 0x00, 0x00, 0x00,
    0x00, 0x00, 0x82, 0xED, 0xEF, 0x7C, 0x01, 0x00, 0x00, 0x00, 0x00, 0x00, 0x00, 0x00, 0xE8, 0xFF,
    0xEF, 0xBC, 0x69, 0x14, 0x20, 0xFA, 0x04, 0x00, 0x00, 0xC0, 0xFF, 0xFF, 0xFF, 0xFF, 0xFF, 0xFF,
    0xFF, 0xFF, 0x09, 0x00, 0x00, 0xF6, 0xFF, 0xFF, 0xFF, 0xFF, 0xFF, 0xFF, 0xFF, 0xFF, 0x08, 0x00,
    0x00, 0xFD, 0xFF, 0xFF, 0xFF, 0xFF, 0xFF, 0xFF, 0xFF, 0xFF, 0x03, 0x00, 0x40, 0xFF, 0xFF, 0xFF,
    0xFF, 0xFF, 0xFF, 0xFF, 0xFF, 0xBF, 0x00, 0x00, 0xA0, 0xFF, 0xFF, 0xFF, 0xFF, 0xFF, 0xFF, 0xFF,
    0xFF, 0x1E, 0x00, 0x00, 0xF1, 0xFF, 0xFF, 0xFF, 0xFF, 0xFF, 0xFF, 0xFF, 0xFF, 0x04, 0x00, 0x00,
    0xF8, 0xFF, 0xFF, 0xFF, 0xFF, 0xAF, 0xFC, 0xFF, 0x5F, 0x00, 0x00, 0x00, 0xFB, 0x4D, 0x00, 0x73,
    0x78, 0x22, 0xFE, 0xFF, 0x07, 0x00, 0x00, 0x00, 0x42, 0x00, 0x00, 0x00, 0x00, 0xF4, 0xFF, 0x7F,
    0x00, 0x00, 0x00, 0x00, 0x00, 0x00, 0x00, 0x00, 0x80, 0xFF, 0xFF, 0x08, 0x00, 0x00, 0x00, 0x00,
    0x00, 0x00, 0x00, 0x10, 0xFB, 0xFF, 0x8F, 0x00, 0x00, 0x00, 0x00, 0x00, 0x00, 0x00, 0x00, 0xD2,
    0xFF, 0xFF, 0x08, 0x00, 0x00, 0x00, 0x00, 0x00, 0x00, 0x00, 0x40, 0xFF, 0xFF, 0x9F, 0x00, 0x00,
    0x00, 0x00, 0x00, 0x00, 0x00, 0x00, 0xF5, 0xFF, 0xFF, 0x09, 0x00, 0x00, 0x00, 0x00, 0x00, 0x00,
    0x00, 0x50, 0xFF, 0xFF, 0xBF, 0x00, 0x00, 0x00, 0x00, 0x00, 0x00, 0x00, 0x00, 0xF4, 0xFF, 0xFF,
    0x1E, 0x00, 0x00, 0x00, 0x00, 0x00, 0x00, 0x00, 0x20, 0xFF, 0xFF, 0xFF, 0x05, 0x00, 0x00, 0x00,
    0x00, 0x00, 0x00, 0x00, 0xD0, 0xFF, 0xFF, 0xEF, 0x00, 0x00, 0x00, 0x00, 0x00, 0x00, 0x00, 0x00,
    0xFA, 0xFF, 0xFF, 0xAF, 0x00, 0x00, 0x00, 0x00, 0x00, 0x00, 0x00, 0x40, 0xFF, 0xFF, 0xFF, 0xCF,
    0x60, 0x02, 0x00, 0x00, 0x00, 0x00, 0x00, 0xC0, 0xFF, 0xFF, 0xFF, 0xFF, 0xFF, 0x06, 0x00, 0x00,
    0x00, 0x00, 0x00, 0xF4, 0xFF, 0xFF, 0xFF, 0xFF, 0xFF, 0x05, 0x00, 0x00, 0x00, 0x00, 0x00, 0xF9,
    0xFF, 0xFF, 0xFF, 0xFF, 0xFF, 0x03, 0x00, 0x00, 0x00, 0x00, 0x00, 0xFD, 0xFF, 0xFF, 0xFF, 0xFF,
    0xFF, 0x00, 0x00, 0x00, 0x00, 0x00, 0x00, 0xFF, 0xFF, 0xFF, 0xFF, 0xFF, 0xBF, 0x00, 0x00, 0x00,
    0x00, 0x00, 0x00, 0xFF, 0xFF, 0xFF, 0xFF, 0xFF, 0x4F, 0x00, 0x00, 0x00, 0x00, 0x00, 0x00, 0xFC,
    0xFF, 0xFF, 0xFF, 0xFF, 0x0C, 0x00, 0x00, 0x00, 0x00, 0x00, 0x00, 0xF6, 0xFF, 0xFF, 0xFF, 0xFF,
    0x02, 0x00, 0x00, 0x00, 0x00, 0x00, 0x00, 0xB0, 0xFF, 0xFF, 0xFF, 0x4F, 0x00, 0x00, 0x00, 0x00,
    0x00, 0x00, 0x00, 0x00, 0xC6, 0xFF, 0x9D, 0x01, 0x00, 0x00, 0x00, 0x00, 0x00, 0x00, 0x00, 0x00,
    0x00, 0x00, 0x00, 0x00, 0x50, 0xDA, 0xFF, 0xCE, 0x28, 0x00, 0x00, 0x00, 0x00, 0x00, 0x00, 0x20,
    0xFC, 0xFF, 0xFF, 0xFF, 0xFF, 0x06, 0x00, 0x00, 0x00, 0x00, 0x00, 0xE1, 0xFF, 0xFF, 0xFF, 0xFF,
    0xFF, 0x6F, 0x00, 0x00, 0x00, 0x00, 0x00, 0xFB, 0xFF, 0xFF, 0xFF, 0xFF, 0xFF, 0xEF, 0x01, 0x00,
    0x00, 0x00, 0x30, 0xFF, 0xFF, 0xFF, 0xFF, 0xFF, 0xFF, 0xFF, 0x05, 0x00, 0x00, 0x00, 0x70, 0xFF,
    0xFF, 0xFF, 0xFF, 0xFF, 0xFF, 0xFF, 0x08, 0x00, 0x00, 0x00, 0x90, 0xFF, 0xFF, 0x3D, 0x20, 0xFB,
    0xFF, 0xFF, 0x09, 0x00, 0x00, 0x00, 0xA0, 0xFF, 0xFF, 0x03, 0x00, 0xF1, 0xFF, 0xFF, 0x07, 0x00,
    0x00, 0x00, 0x80, 0xFF, 0xFF, 0x00, 0x00, 0xD0, 0xFF, 0xFF, 0x03, 0x00, 0x00, 0x00, 0x40, 0xFF,
    0xFF, 0x02, 0x00, 0xF0, 0xFF, 0xCF, 0x00, 0x00, 0x00, 0x00, 0x00, 0xFD, 0xFF, 0x0A, 0x00, 0xF9,
    0xFF, 0x3F, 0x00, 0x00, 0x00, 0x00, 0x00, 0xF8, 0xFF, 0xFF, 0xFD, 0xFF, 0xFF, 0x04, 0x00, 0x00,
    0x00, 0x00, 0xE7, 0xFF, 0xFF, 0xFF, 0xFF, 0xFF, 0x3C, 0x00, 0x00, 0x00, 0x00, 0xD2, 0xFF, 0xFF,
    0xFF, 0xFF, 0xFF, 0x8F, 0x00, 0x00, 0x00, 0x00, 0x30, 0xFE, 0xFF, 0xFF, 0xCD, 0xFF, 0xFF, 0x8F,
    0x00, 0x00, 0x00, 0x00, 0xE1, 0xFF, 0xFF, 0x2C, 0x00, 0xB1, 0xFF, 0xFF, 0x03, 0x00, 0x00, 0x00,
    0xFA, 0xFF, 0xFF, 0x01, 0x00, 0x10, 0xFF, 0xFF, 0x0B, 0x00, 0x00, 0x40, 0xFF, 0xFF, 0xCF, 0x00,
    0x00, 0x00, 0xFE, 0xFF, 0x1F, 0x00, 0x00, 0xB0, 0xFF, 0xFF, 0xCF, 0x00, 0x00, 0x00, 0xFF, 0xFF,
    0x5F, 0x00, 0x00, 0xF0, 0xFF, 0xFF, 0xFF, 0x02, 0x00, 0x50, 0xFF, 0xFF, 0x7F, 0x00, 0x00, 0xF4,
    0xFF, 0xFF, 0xFF, 0x4D, 0x10, 0xF6, 0xFF, 0xFF, 0x9F, 0x00, 0x00, 0xF6, 0xFF, 0xFF, 0xFF, 0xFF,
    0xFF, 0xFF, 0xFF, 0xFF, 0x8F, 0x00, 0x00, 0xF7, 0xFF, 0xFF, 0xFF, 0xFF, 0xFF, 0xFF, 0xFF, 0xFF,
    0x7F, 0x00, 0x00, 0xF6, 0xFF, 0xFF, 0xFF, 0xFF, 0xFF, 0xFF, 0xFF, 0xFF, 0x4F, 0x00, 0x00, 0xF4,
    0xFF, 0xFF, 0xFF, 0xFF, 0xFF, 0xFF, 0xFF, 0xFF, 0x0E, 0x00, 0x00, 0xF0, 0xFF, 0xFF, 0xFF, 0xFF,
    0xFF, 0xFF, 0xFF, 0xFF, 0x08, 0x00, 0x00, 0xA0, 0xFF, 0xFF, 0xFF, 0xFF, 0xFF, 0xFF, 0xFF, 0xDF,
    0x01, 0x00, 0x00, 0x20, 0xFF, 0xFF, 0xFF, 0xFF, 0xFF, 0xFF, 0xFF, 0x3F, 0x00, 0x00, 0x00, 0x00,
    0xF4, 0xFF, 0xFF, 0xFF, 0xFF, 0xFF, 0xEF, 0x04, 0x00, 0x00, 0x00, 0x00, 0x30, 0xFD, 0xFF, 0xFF,
    0xFF, 0xFF, 0x1B, 0x00, 0x00, 0x00, 0x00, 0x00, 0x00, 0x40, 0xD9, 0xFE, 0xCE, 0x39, 0x00, 0x00,
    0x00, 0x00, 0x00, 0x00, 0x00, 0x00, 0x00, 0x00, 0xA4, 0xFD, 0xEF, 0x5A, 0x00, 0x00, 0x00, 0x00,
    0x00, 0x00, 0x00, 0xD3, 0xFF, 0xFF, 0xFF, 0xFF, 0x2C, 0x00, 0x00, 0x00, 0x00, 0x00, 0x60, 0xFF,
    0xFF, 0xFF, 0xFF, 0xFF, 0xEF, 0x01, 0x00, 0x00, 0x00, 0x00, 0xF6, 0xFF, 0xFF, 0xFF, 0xFF, 0xFF,
    0xFF, 0x0A, 0x00, 0x00, 0x00, 0x30, 0xFF, 0xFF, 0xFF, 0xFF, 0xFF, 0xFF, 0xFF, 0x3F, 0x00, 0x00,
    0x00, 0xD0, 0xFF, 0xFF, 0xFF, 0xFF, 0xFF, 0xFF, 0xFF, 0x9F, 0x00, 0x00, 0x00, 0xF6, 0xFF, 0xFF,
    0xFF, 0xFF, 0xFF, 0xFF, 0xFF, 0xEF, 0x00, 0x00, 0x00, 0xFD, 0xFF, 0xFF, 0xFF, 0xFF, 0xFF, 0xFF,
    0xFF, 0xFF, 0x01, 0x00, 0x30, 0xFF, 0xFF, 0xFF, 0x4D, 0x11, 0xF6, 0xFF, 0xFF, 0xFF, 0x02, 0x00,
    0x70, 0xFF, 0xFF, 0xDF, 0x00, 0x00, 0x70, 0xFF, 0xFF, 0xFF, 0x03, 0x00, 0xA0, 0xFF, 0xFF, 0x6F,
    0x00, 0x00, 0x40, 0xFF, 0xFF, 0xFF, 0x03, 0x00, 0xC0, 0xFF, 0xFF, 0x4F, 0x00, 0x00, 0x50, 0xFF,
    0xFF, 0xFF, 0x02, 0x00, 0xC0, 0xFF, 0xFF, 0x7F, 0x00, 0x00, 0xC0, 0xFF, 0xFF, 0xFF, 0x01, 0x00,
    0xA0, 0xFF, 0xFF, 0xFF, 0x03, 0x00, 0xF9, 0xFF, 0xFF, 0xEF, 0x00, 0x00, 0x70, 0xFF, 0xFF, 0xFF,
    0xDF, 0xFC, 0xFF, 0xFF, 0xFF, 0xCF, 0x00, 0x00, 0x10, 0xFF, 0xFF, 0xFF, 0xFF, 0xFF, 0xFF, 0xFF,
    0xFF, 0x8F, 0x00, 0x00, 0x00, 0xF8, 0xFF, 0xFF, 0xFF, 0xFF, 0xFF, 0xFF, 0xFF, 0x4F, 0x00, 0x00,
    0x00, 0xA0, 0xFF, 0xFF, 0xFF, 0xFF, 0xFB, 0xFF, 0xFF, 0x0F, 0x00, 0x00, 0x04, 0x00, 0xB5, 0xFE,
    0xDF, 0x39, 0xF2, 0xFF, 0xFF, 0x0A, 0x00, 0x60, 0x8F, 0x00, 0x00, 0x00, 0x00, 0x00, 0xFB, 0xFF,
    0xFF, 0x04, 0x00, 0xE0, 0xFF, 0x00, 0x00, 0x00, 0x00, 0x70, 0xFF, 0xFF, 0xEF, 0x00, 0x00, 0xF4,
    0xFF, 0x0A, 0x00, 0x00, 0x00, 0xF8, 0xFF, 0xFF, 0x7F, 0x00, 0x00, 0xF7, 0xFF, 0xCF, 0x14, 0x20,
    0xC6, 0xFF, 0xFF, 0xFF, 0x0E, 0x00, 0x00, 0xF8, 0xFF, 0xFF, 0xFF, 0xFF, 0xFF, 0xFF, 0xFF, 0xFF,
    0x05, 0x00, 0x00, 0xF8, 0xFF, 0xFF, 0xFF, 0xFF, 0xFF, 0xFF, 0xFF, 0xBF, 0x00, 0x00, 0x00, 0xF5,
    0xFF, 0xFF, 0xFF, 0xFF, 0xFF, 0xFF, 0xFF, 0x1E, 0x00, 0x00, 0x00, 0xF1, 0xFF, 0xFF, 0xFF, 0xFF,
    0xFF, 0xFF, 0xFF, 0x03, 0x00, 0x00, 0x00, 0xA0, 0xFF, 0xFF, 0xFF, 0xFF, 0xFF, 0xFF, 0x4F, 0x00,
    0x00, 0x00, 0x00, 0x10, 0xFE, 0xFF, 0xFF, 0xFF, 0xFF, 0xEF, 0x03, 0x00, 0x00, 0x00, 0x00, 0x00,
    0xC1, 0xFF, 0xFF, 0xFF, 0xFF, 0x1A, 0x00, 0x00, 0x00, 0x00, 0x00, 0x00, 0x00, 0xB5, 0xFE, 0xCE,
    0x28, 0x00, 0x00, 0x00, 0x00, 0x00, 0x00, 0x00, 0x00, 0x10, 0xFA, 0xAF, 0x01, 0x00, 0x00, 0xD0,
    0xFF, 0xFF, 0x0C, 0x00, 0x00, 0xF5, 0xFF, 0xFF, 0x5F, 0x00, 0x00, 0xF7, 0xFF, 0xFF, 0x7F, 0x00,
    0x00, 0xF5, 0xFF, 0xFF, 0x5F, 0x00, 0x00, 0xC0, 0xFF, 0xFF, 0x0C, 0x00, 0x00, 0x10, 0xFA, 0xAF,
    0x01, 0x00, 0x00, 0x00, 0x00, 0x00, 0x00, 0x00, 0x00, 0x00, 0x00, 0x00, 0x00, 0x00, 0x00, 0x00,
    0x00, 0x00, 0x00, 0x00, 0x00, 0x00, 0x00, 0x00, 0x00, 0x00, 0x00, 0x00, 0x00, 0x00, 0x00, 0x00,
    0x00, 0x00, 0x00, 0x00, 0x00, 0x00, 0x00, 0x00, 0x00, 0x00, 0x00, 0x20, 0xFB, 0x8E, 0x00, 0x00,
    0x00, 0xF2, 0xFF, 0xFF, 0x09, 0x00, 0x00, 0xF9, 0xFF, 0xFF, 0x1F, 0x00, 0x00, 0xFB, 0xFF, 0xFF,
    0x3F, 0x00, 0x00, 0xF9, 0xFF, 0xFF, 0x1F, 0x00, 0x00, 0xF2, 0xFF, 0xFF, 0x09, 0x00, 0x00, 0x30,
    0xFB, 0x8E, 0x00, 0x00, 0x00, 0x00, 0x00, 0x00, 0x10, 0xFA, 0xAF, 0x01, 0x00, 0x00, 0x00, 0xD0,
    0xFF, 0xFF, 0x0C, 0x00, 0x00, 0x00, 0xF5, 0xFF, 0xFF, 0x5F, 0x00, 0x00, 0x00, 0xF7, 0xFF, 0xFF,
    0x7F, 0x00, 0x00, 0x00, 0xF5, 0xFF, 0xFF, 0x5F, 0x00, 0x00, 0x00, 0xC0, 0xFF, 0xFF, 0x0C, 0x00,
    0x00, 0x00, 0x10, 0xFA, 0xAF, 0x01, 0x00, 0x00, 0x00, 0x00, 0x00, 0x00, 0x00, 0x00, 0x00, 0x00,
    0x00, 0x00, 0x00, 0x00, 0x00, 0x00, 0x00, 0x00, 0x00, 0x00, 0x00, 0x00, 0x00, 0x00, 0x00, 0x00,
    0x00, 0x00, 0x00, 0x00, 0x00, 0x00, 0x00, 0x00, 0x00, 0x00, 0x00, 0x00, 0x00, 0x00, 0x00, 0x00,
    0x00, 0x00, 0x00, 0x00, 0x00, 0x00, 0x00, 0x00, 0x20, 0xFB, 0x6E, 0x00, 0x00, 0x00, 0x00, 0xE1,
    0xFF, 0xFF, 0x05, 0x00, 0x00, 0x00, 0xF8, 0xFF, 0xFF, 0x0E, 0x00, 0x00, 0x00, 0xFB, 0xFF, 0xFF,
    0x1F, 0x00, 0x00, 0x00, 0xF9, 0xFF, 0xFF, 0x3F, 0x00, 0x00, 0x00, 0xF3, 0xFF, 0xFF, 0x2F, 0x00,
    0x00, 0x00, 0x50, 0xEE, 0xFB, 0x0F, 0x00, 0x00, 0x00, 0x00, 0x00, 0xF9, 0x0C, 0x00, 0x00, 0x00,
    0x00, 0x92, 0xFF, 0x07, 0x00, 0x00, 0xF4, 0xFF, 0xFF, 0xEF, 0x00, 0x00, 0x00, 0xF9, 0xFF, 0xFF,
    0x5F, 0x00, 0x00, 0x00, 0xF7, 0xFF, 0xFF, 0x06, 0x00, 0x00, 0x00, 0x90, 0xFE, 0x3B, 0x00, 0x00,
    0x00, 0x00, 0x00, 0x00, 0x00, 0x00, 0x00, 0x00, 0x00, 0x00, 0x51, 0x17, 0x00, 0x00, 0x00, 0x00,
    0x00, 0x00, 0x20, 0xC7, 0xFF, 0x8F, 0x00, 0x00, 0x00, 0x00, 0x00, 0x61, 0xFC, 0xFF, 0xFF, 0x9F,
    0x00, 0x00, 0x00, 0x00, 0xB5, 0xFF, 0xFF, 0xFF, 0xFF, 0x2E, 0x00, 0x00, 0x00, 0xD6, 0xFF, 0xFF,
    0xFF, 0xFF, 0xBF, 0x02, 0x00, 0x10, 0xE8, 0xFF, 0xFF, 0xFF, 0xFF, 0xCF, 0x04, 0x00, 0x00, 0xE6,
    0xFF, 0xFF, 0xFF, 0xFF, 0xBF, 0x03, 0x00, 0x00, 0xA0, 0xFF, 0xFF, 0xFF, 0xFF, 0x8E, 0x02, 0x00,
    0x00, 0x00, 0xF3, 0xFF, 0xFF, 0xFF, 0x6D, 0x00, 0x00, 0x00, 0x00, 0x00, 0xC0, 0xFF, 0xFF, 0xFF,
    0x9F, 0x03, 0x00, 0x00, 0x00, 0x00, 0x00, 0xF9, 0xFF, 0xFF, 0xFF, 0xBF, 0x04, 0x00, 0x00, 0x00,
    0x00, 0x30, 0xFC, 0xFF, 0xFF, 0xFF, 0xCF, 0x04, 0x00, 0x00, 0x00, 0x00, 0x40, 0xFD, 0xFF, 0xFF,
    0xFF, 0xAF, 0x00, 0x00, 0x00, 0x00, 0x00, 0x40, 0xFC, 0xFF, 0xFF, 0xFF, 0x09, 0x00, 0x00, 0x00,
    0x00, 0x00, 0x30, 0xFA, 0xFF, 0xFF, 0x0B, 0x00, 0x00, 0x00, 0x00, 0x00, 0x00, 0x10, 0xB6, 0xCF,
    0x01, 0x00, 0x00, 0x00, 0x60, 0xDA, 0xFE, 0xFF, 0xFF, 0xEF, 0xAD, 0x04, 0x00, 0x00, 0xF8, 0xFF,
    0xFF, 0xFF, 0xFF, 0xFF, 0xFF, 0x0F, 0x00, 0x00, 0xFF, 0xFF, 0xFF, 0xFF, 0xFF, 0xFF, 0xFF, 0x0C,
    0x00, 0x00, 0xFE, 0xFF, 0xFF, 0xFF, 0xFF, 0xFF, 0xEF, 0x02, 0x00, 0x00, 0x51, 0xA8, 0xBA, 0xBB,
    0xAB, 0x89, 0x04, 0x00, 0x00, 0x00, 0x00, 0x00, 0x00, 0x00, 0x00, 0x00, 0x00, 0x00, 0x00, 0x00,
    0x00, 0x00, 0x00, 0x00, 0x00, 0x00, 0x00, 0x00, 0x00, 0x00, 0x00, 0x00, 0x00, 0x00, 0x00, 0x00,
    0x00, 0x00, 0x00, 0x73, 0xA9, 0xBB, 0xBB, 0xBB, 0x8A, 0x05, 0x00, 0x00, 0x80, 0xFF, 0xFF, 0xFF,
    0xFF, 0xFF, 0xFF, 0xBF, 0x00, 0x00, 0xF2, 0xFF, 0xFF, 0xFF, 0xFF, 0xFF, 0xFF, 0xAF, 0x00, 0x00,
    0xF3, 0xFF, 0xFF, 0xFF, 0xFF, 0xFF, 0xFF, 0x2E, 0x00, 0x00, 0x50, 0xDA, 0xFE, 0xFF, 0xFF, 0xDF,
    0x7B, 0x01, 0x00, 0x00, 0x00, 0x00, 0xF9, 0x8D, 0x02, 0x00, 0x00, 0x00, 0x00, 0x00, 0x00, 0x50,
    0xFF, 0xFF, 0xCF, 0x05, 0x00, 0x00, 0x00, 0x00, 0x00, 0x40, 0xFF, 0xFF, 0xFF, 0xEF, 0x07, 0x00,
    0x00, 0x00, 0x00, 0x00, 0xF7, 0xFF, 0xFF, 0xFF, 0xEF, 0x07, 0x00, 0x00, 0x00, 0x00, 0x30, 0xFC,
    0xFF, 0xFF, 0xFF, 0xEF, 0x06, 0x00, 0x00, 0x00, 0x00, 0x40, 0xFB, 0xFF, 0xFF, 0xFF, 0xCF, 0x02,
    0x00, 0x00, 0x00, 0x00, 0x30, 0xFA, 0xFF, 0xFF, 0xFF, 0x3F, 0x00, 0x00, 0x00, 0x00, 0x00, 0x91,
    0xFF, 0xFF, 0xFF, 0x9F, 0x00, 0x00, 0x00, 0x00, 0xA3, 0xFF, 0xFF, 0xFF, 0xFF, 0x1D, 0x00, 0x00,
    0x00, 0xC5, 0xFF, 0xFF, 0xFF, 0xFF, 0xAF, 0x01, 0x00, 0x00, 0xE6, 0xFF, 0xFF, 0xFF, 0xFF, 0xBF,
    0x03, 0x00, 0x00, 0xD5, 0xFF, 0xFF, 0xFF, 0xFF, 0x9F, 0x02, 0x00, 0x00, 0x80, 0xFF, 0xFF, 0xFF,
    0xFF, 0x7C, 0x01, 0x00, 0x00, 0x00, 0xF3, 0xFF, 0xFF, 0xEF, 0x28, 0x00, 0x00, 0x00, 0x00, 0x00,
    0xF3, 0xFF, 0x9D, 0x03, 0x00, 0x00, 0x00, 0x00, 0x00, 0x00, 0x60, 0x26, 0x00, 0x00, 0x00, 0x00,
    0x00, 0x00, 0x00, 0x00, 0x00, 0x00, 0x00, 0x94, 0xFD, 0xEF, 0x6B, 0x00, 0x00, 0x00, 0x00, 0xC2,
    0xFF, 0xFF, 0xFF, 0xFF, 0x2D, 0x00, 0x00, 0x40, 0xFF, 0xFF, 0xFF, 0xFF, 0xFF, 0xEF, 0x02, 0x00,
    0xF3, 0xFF, 0xFF, 0xFF, 0xFF, 0xFF, 0xFF, 0x0C, 0x00, 0xFD, 0xFF, 0xFF, 0xFF, 0xFF, 0xFF, 0xFF,
    0x3F, 0x70, 0xFF, 0xFF, 0xFF, 0xFF, 0xFF, 0xFF, 0xFF, 0x7F, 0xE0, 0xFF, 0xFF, 0xFF, 0xFF, 0xFF,
    0xFF, 0xFF, 0x8F, 0xF3, 0xFF, 0xAF, 0x03, 0x92, 0xFF, 0xFF, 0xFF, 0x8F, 0xF7, 0xFF, 0x08, 0x00,
    0x00, 0xFC, 0xFF, 0xFF, 0x6F, 0xF9, 0xDF, 0x00, 0x00, 0x00, 0xF8, 0xFF, 0xFF, 0x2F, 0xF7, 0x5F,
    0x00, 0x00, 0x00, 0xF9, 0xFF, 0xFF, 0x0C, 0x70, 0x07, 0x00, 0x00, 0x00, 0xFE, 0xFF, 0xFF, 0x02,
    0x00, 0x00, 0x00, 0x00, 0xB0, 0xFF, 0xFF, 0x4F, 0x00, 0x00, 0x00, 0x00, 0x10, 0xFC, 0xFF, 0xDF,
    0x03, 0x00, 0x00, 0x00, 0x00, 0xE3, 0xFF, 0xFF, 0x08, 0x00, 0x00, 0x00, 0x00, 0x50, 0xFF, 0xFF,
    0x2B, 0x00, 0x00, 0x00, 0x00, 0x00, 0xF5, 0xFF, 0x5E, 0x00, 0x00, 0x00, 0x00, 0x00, 0x00, 0xFE,
    0xEF, 0x02, 0x00, 0x00, 0x00, 0x00, 0x00, 0x60, 0xFF, 0x2F, 0x00, 0x00, 0x00, 0x00, 0x00, 0x00,
    0x90, 0xFF, 0x0A, 0x00, 0x00, 0x00, 0x00, 0x00, 0x00, 0x80, 0xFF, 0x06, 0x00, 0x00, 0x00, 0x00,
    0x00, 0x00, 0x00, 0x45, 0x00, 0x00, 0x00, 0x00, 0x00, 0x00, 0x00, 0x00, 0x00, 0x00, 0x00, 0x00,
    0x00, 0x00, 0x00, 0x00, 0x00, 0x00, 0x00, 0x00, 0x00, 0x00, 0x00, 0x00, 0x20, 0xFB, 0x8E, 0x00,
    0x00, 0x00, 0x00, 0x00, 0x00, 0xE1, 0xFF, 0xFF, 0x0A, 0x00, 0x00, 0x00, 0x00, 0x00, 0xF8, 0xFF,
    0xFF, 0x2F, 0x00, 0x00, 0x00, 0x00, 0x00, 0xFA, 0xFF, 0xFF, 0x4F, 0x00, 0x00, 0x00, 0x00, 0x00,
    0xF8, 0xFF, 0xFF, 0x2F, 0x00, 0x00, 0x00, 0x00, 0x00, 0xE1, 0xFF, 0xFF, 0x0A, 0x00, 0x00, 0x00,
    0x00, 0x00, 0x20, 0xFB, 0x8E, 0x00, 0x00, 0x00, 0x00, 0x00, 0x00, 0x00, 0x00, 0x00, 0x00, 0x00,
    0x20, 0xB7, 0xFE, 0xEF, 0x8C, 0x02, 0x00, 0x00, 0x00, 0x00, 0x00, 0x00, 0x00, 0x30, 0xFB, 0xFF,
    0xFF, 0xFF, 0xFF, 0xCF, 0x03, 0x00, 0x00, 0x00, 0x00, 0x00, 0x10, 0xFA, 0xFF, 0xFF, 0xFF, 0xFF,
    0xFF, 0xFF, 0x8F, 0x00, 0x00, 0x00, 0x00, 0x00, 0xE3, 0xFF, 0xAF, 0x15, 0x00, 0x20, 0xA5, 0xFE,
    0xFF, 0x0A, 0x00, 0x00, 0x00, 0x30, 0xFF, 0x9F, 0x01, 0x00, 0x00, 0x00, 0x00, 0x80, 0xFF, 0x8F,
    0x00, 0x00, 0x00, 0xF2, 0xEF, 0x04, 0x00, 0x00, 0x00, 0x00, 0x00, 0x00, 0xE2, 0xFF, 0x03, 0x00,
    0x00, 0xFD, 0x2E, 0x00, 0x20, 0xEA, 0xEF, 0x19, 0xC3, 0x5F, 0x20, 0xFE, 0x0B, 0x00, 0x90, 0xEF,
    0x02, 0x00, 0xF7, 0xFF, 0xFF, 0xFF, 0xFF, 0x7F, 0x00, 0xF5, 0x1F, 0x00, 0xF3, 0x5F, 0x00, 0x60,
    0xFF, 0xFF, 0xFF, 0xFF, 0xFF, 0x4F, 0x00, 0xE0, 0x5F, 0x00, 0xFB, 0x0A, 0x00, 0xF3, 0xFF, 0xFF,
    0xFF, 0xFF, 0xFF, 0x0D, 0x00, 0xA0, 0x8F, 0x20, 0xFF, 0x02, 0x00, 0xFC, 0xFF, 0xDF, 0xFD, 0xFF,
    0xFF, 0x06, 0x00, 0x80, 0x9F, 0x70, 0xBF, 0x00, 0x30, 0xFF, 0xFF, 0x04, 0xB0, 0xFF, 0xFF, 0x00,
    0x00, 0x90, 0x8F, 0xB0, 0x6F, 0x00, 0xA0, 0xFF, 0x8F, 0x00, 0x70, 0xFF, 0xAF, 0x00, 0x00, 0xC0,
    0x7F, 0xE0, 0x2F, 0x00, 0xE0, 0xFF, 0x4F, 0x00, 0xB0, 0xFF, 0x7F, 0x00, 0x00, 0xF3, 0x4F, 0xF1,
    0x0F, 0x00, 0xF3, 0xFF, 0x7F, 0x00, 0xF5, 0xFF, 0x9F, 0x00, 0x10, 0xFD, 0x0F, 0xF2, 0x0F, 0x00,
    0xF5, 0xFF, 0xFF, 0xBA, 0xFF, 0xFF, 0xFF, 0x47, 0xE7, 0xFF, 0x09, 0xF2, 0x0F, 0x00, 0xF7, 0xFF,
    0xFF, 0xFF, 0xFF, 0xFF, 0xFF, 0xFF, 0xFF, 0xFF, 0x02, 0xF1, 0x1F, 0x00, 0xF7, 0xFF, 0xFF, 0xFF,
    0xEE, 0xFF, 0xFF, 0xFF, 0xFF, 0x8F, 0x00, 0xF0, 0x4F, 0x00, 0xF5, 0xFF, 0xFF, 0xFF, 0xE6, 0xFF,
    0xFF, 0xFF, 0xFF, 0x0C, 0x00, 0xC0, 0x9F, 0x00, 0xF2, 0xFF, 0xFF, 0xBF, 0xC0, 0xFF, 0xFF, 0xFF,
    0xCF, 0x00, 0x00, 0x70, 0xFF, 0x01, 0xB0, 0xFF, 0xFF, 0x0C, 0x70, 0xFF, 0xFF, 0xFF, 0x08, 0x00,
    0x00, 0x10, 0xFF, 0x0A, 0x10, 0xFB, 0x8E, 0x00, 0x00, 0xE9, 0xDF, 0x28, 0x00, 0x00, 0x00, 0x00,
    0xF9, 0x7F, 0x00, 0x00, 0x00, 0x00, 0x00, 0x00, 0x00, 0x00, 0xF5, 0x08, 0x00, 0x00, 0xE1, 0xFF,
    0x08, 0x00, 0x00, 0x00, 0x00, 0x00, 0x00, 0x80, 0xFF, 0x08, 0x00, 0x00, 0x40, 0xFF, 0xCF, 0x03,
    0x00, 0x00, 0x00, 0x00, 0x40, 0xFD, 0xAF, 0x00, 0x00, 0x00, 0x00, 0xF6, 0xFF, 0xCF, 0x26, 0x00,
    0x10, 0x83, 0xFD, 0xFF, 0x09, 0x00, 0x00, 0x00, 0x00, 0x40, 0xFE, 0xFF, 0xFF, 0xFF, 0xFF, 0xFF,
    0xFF, 0x5E, 0x00, 0x00, 0x00, 0x00, 0x00, 0x00, 0x91, 0xFF, 0xFF, 0xFF, 0xFF, 0xFF, 0x8E, 0x00,
    0x00, 0x00, 0x00, 0x00, 0x00, 0x00, 0x00, 0x71, 0xEB, 0xFF, 0xCE, 0x59, 0x00, 0x00, 0x00, 0x00,
    0x00, 0x00, 0x00, 0x00, 0x00, 0x00, 0x00, 0x00, 0x00, 0x00, 0x00, 0x00, 0x00, 0x00, 0x00, 0x00,
    0x00, 0x20, 0xC7, 0xFE, 0x8E, 0x00, 0x00, 0x00, 0x00, 0x00, 0x00, 0x00, 0x00, 0x00, 0x00, 0x00,
    0x00, 0x00, 0x00, 0x00, 0x00, 0x20, 0xFA, 0xFF, 0xFF, 0xFF, 0x0C, 0x00, 0x00, 0x00, 0x00, 0x00,
    0x00, 0x00, 0x00, 0x32, 0x02, 0x00, 0x00, 0x00, 0x00, 0x00, 0xF7, 0xFF, 0xFF, 0xFF, 0xFF, 0x6F,
    0x00, 0x00, 0x00, 0x00, 0x00, 0x00, 0x20, 0xF9, 0xFF, 0xEF, 0x05, 0x00, 0x00, 0x00, 0xC1, 0xFF,
    0xFF, 0xFF, 0xFF, 0xFF, 0xAF, 0x00, 0x00, 0x00, 0x00, 0x00, 0x00, 0xF4, 0xFF, 0xFF, 0xFF, 0x4F,
    0x00, 0x00, 0x10, 0xFD, 0xFF, 0xFF, 0xFF, 0xFF, 0xFF, 0xAF, 0x00, 0x00, 0x00, 0x00, 0x00, 0x20,
    0xFF, 0xFF, 0xFF, 0xFF, 0xCF, 0x00, 0x00, 0xD1, 0xFF, 0xFF, 0xFF, 0xFF, 0xFF, 0xFF, 0x8F, 0x00,
    0x00, 0x00, 0x00, 0x00, 0xB0, 0xFF, 0xFF, 0xFF, 0xFF, 0xFF, 0x00, 0x00, 0xFC, 0xFF, 0xFF, 0xFF,
    0xFF, 0xFF, 0xFF, 0x5F, 0x00, 0x00, 0x00, 0x00, 0x00, 0xF1, 0xFF, 0xFF, 0xFF, 0xBF, 0x68, 0x00,
    0x90, 0xFF, 0xFF, 0xFF, 0xFF, 0xFF, 0xFF, 0xFF, 0x0E, 0x00, 0x00, 0x00, 0x00, 0x00, 0xF3, 0xFF,
    0xFF, 0xFF, 0x06, 0x00, 0x00, 0xF5, 0xFF, 0xFF, 0xFF, 0xFF, 0xFF, 0xFF, 0xFF, 0x05, 0x00, 0x00,
    0x00, 0x00, 0x00, 0xF4, 0xFF, 0xFF, 0xDF, 0x00, 0x00, 0x10, 0xFE, 0xFF, 0xBF, 0xFA, 0xFF, 0xEF,
    0x23, 0x36, 0x00, 0x00, 0x00, 0x00, 0x00, 0x00, 0xF3, 0xFF, 0xFF, 0x9F, 0x00, 0x00, 0xB0, 0xFF,
    0xFF, 0x07, 0xF5, 0xFF, 0x5F, 0x00, 0x00, 0x00, 0x00, 0x00, 0x00, 0x00, 0x00, 0xF0, 0xFF, 0xFF,
    0x9F, 0x00, 0x00, 0xF5, 0xFF, 0x9F, 0x00, 0xFA, 0xFF, 0x0D, 0x00, 0x00, 0x00, 0x00, 0x00, 0x00,
    0x00, 0x00, 0xA0, 0xFF, 0xFF, 0xBF, 0x00, 0x00, 0xFE, 0xFF, 0x0C, 0x20, 0xFF, 0xFF, 0x06, 0x00,
    0x00, 0x00, 0x00, 0x00, 0x00, 0x00, 0x00, 0x30, 0xFF, 0xFF, 0xFF, 0x01, 0x80, 0xFF, 0xFF, 0x01,
    0x90, 0xFF, 0xFF, 0x01, 0x00, 0x00, 0x00, 0x00, 0x00, 0x00, 0x00, 0x00, 0x00, 0xF8, 0xFF, 0xFF,
    0x08, 0xF2, 0xFF, 0x5F, 0x00, 0xF1, 0xFF, 0xCF, 0x00, 0x00, 0x00, 0x00, 0x00, 0x00, 0x00, 0x00,
    0x00, 0x00, 0xB0, 0xFF, 0xFF, 0x5F, 0xFB, 0xFF, 0x0B, 0x00, 0xF7, 0xFF, 0x7F, 0x00, 0x00, 0x00,
    0x00, 0x00, 0x00, 0x00, 0x00, 0x00, 0x00, 0x00, 0xFA, 0xFF, 0xFF, 0xFF, 0xFF, 0x01, 0x00, 0xFD,
    0xFF, 0x3F, 0x00, 0x00, 0x00, 0x00, 0x00, 0x00, 0x00, 0x00, 0x00, 0x00, 0x00, 0x70, 0xFF, 0xFF,
    0xFF, 0xAF, 0x02, 0x30, 0xFF, 0xFF, 0x1F, 0x00, 0x00, 0x00, 0x00, 0x00, 0x00, 0x20, 0x02, 0x00,
    0x00, 0x00, 0x00, 0xB2, 0xFF, 0xFF, 0xFF, 0xFF, 0xEE, 0xFF, 0xFF, 0x0F, 0x00, 0x00, 0x00, 0x00,
    0x00, 0x40, 0xFD, 0x0E, 0x00, 0x00, 0x00, 0x00, 0xD1, 0xFF, 0xFF, 0xFF, 0xFF, 0xFF, 0xFF, 0xFF,
    0x2F, 0x00, 0x00, 0xF9, 0x03, 0x00, 0xF5, 0xFF, 0x2F, 0x00, 0x00, 0x00, 0x00, 0xFC, 0xFF, 0xCF,
    0xB8, 0xED, 0xFF, 0xFF, 0xFF, 0xAF, 0x00, 0x92, 0xFF, 0x05, 0x10, 0xFF, 0xFF, 0xAF, 0x00, 0x00,
    0x00, 0xC2, 0xFF, 0xFF, 0x3F, 0x00, 0x00, 0xF2, 0xFF, 0xFF, 0xFF, 0xEF, 0xFF, 0xDF, 0x00, 0x90,
    0xFF, 0xFF, 0xFF, 0x3B, 0x00, 0x93, 0xFF, 0xFF, 0xFF, 0x0B, 0x00, 0x00, 0xF4, 0xFF, 0xFF, 0xFF,
    0xFF, 0xFF, 0x5F, 0x00, 0xE0, 0xFF, 0xFF, 0xFF, 0xFF, 0xFF, 0xFF, 0xFF, 0xFF, 0xFF, 0x02, 0x00,
    0x00, 0xF5, 0xFF, 0xFF, 0xFF, 0xFF, 0xFF, 0x0D, 0x00, 0xF1, 0xFF, 0xFF, 0xFF, 0xFF, 0xFF, 0xFF,
    0xFF, 0xFF, 0x8F, 0x00, 0x00, 0x00, 0xF6, 0xFF, 0xFF, 0xFF, 0xFF, 0xFF, 0x05, 0x00, 0xF3, 0xFF,
    0xFF, 0xFF, 0xFF, 0xFF, 0xFF, 0xFF, 0xFF, 0x0D, 0x00, 0x00, 0x00, 0xF5, 0xFF, 0xFF, 0xFF, 0xFF,
    0xCF, 0x00, 0x00, 0xF2, 0xFF, 0xFF, 0xFF, 0xFF, 0xFF, 0xFF, 0xFF, 0xFF, 0x03, 0x00, 0x00, 0x00,
    0xF4, 0xFF, 0xFF, 0xFF, 0xFF, 0x3F, 0x00, 0x00, 0xF0, 0xFF, 0xFF, 0xFF, 0xFF, 0xFF, 0xFF, 0xFF,
    0x7F, 0x00, 0x00, 0x00, 0x00, 0xF1, 0xFF, 0xFF, 0xFF, 0xFF, 0x07, 0x00, 0x00, 0xB0, 0xFF, 0xFF,
    0xFF, 0xFF, 0xFF, 0xFF, 0xFF, 0x09, 0x00, 0x00, 0x00, 0x00, 0xC0, 0xFF, 0xFF, 0xFF, 0x9F, 0x00,
    0x00, 0x00, 0x30, 0xFF, 0xFF, 0xFF, 0xFF, 0xFF, 0xFF, 0xAF, 0x00, 0x00, 0x00, 0x00, 0x00, 0x40,
    0xFF, 0xFF, 0xFF, 0x08, 0x00, 0x00, 0x00, 0x00, 0xF7, 0xFF, 0xFF, 0xFF, 0xFF, 0xFF, 0x09, 0x00,
    0x00, 0x00, 0x00, 0x00, 0x00, 0xD4, 0xEF, 0x3A, 0x00, 0x00, 0x00, 0x00, 0x00, 0x60, 0xFF, 0xFF,
    0xFF, 0xFF, 0x5E, 0x00, 0x00, 0x00, 0x00, 0x00, 0x00, 0x00, 0x00, 0x00, 0x00, 0x00, 0x00, 0x00,
    0x00, 0x00, 0x00, 0x81, 0xEC, 0xEF, 0x6C, 0x00, 0x00, 0x00, 0x00, 0x00, 0x00, 0x00, 0x00, 0x00,
    0x00, 0x00, 0x00, 0x00, 0x00, 0x00, 0x00, 0x00, 0x00, 0x00, 0x00, 0x00, 0x00, 0x00, 0x00, 0x84,
    0xCA, 0xFE, 0xFF, 0xDF, 0x9C, 0x16, 0x00, 0x00, 0x00, 0x00, 0x00, 0x00, 0x00, 0x00, 0x00, 0x00,
    0x00, 0x50, 0xFB, 0xFF, 0xFF, 0xFF, 0xFF, 0xFF, 0xFF, 0xFF, 0x5C, 0x00, 0x00, 0x00, 0x00, 0x00,
    0x00, 0x00, 0x00, 0x00, 0x60, 0xFE, 0xFF, 0xFF, 0xFF, 0xFF, 0xFF, 0xFF, 0xFF, 0xFF, 0xFF, 0x2C,
    0x00, 0x00, 0x00, 0x00, 0x00, 0x00, 0x00, 0x20, 0xFC, 0xFF, 0xFF, 0xFF, 0xFF, 0xFF, 0xFF, 0xFF,
    0xFF, 0xFF, 0xFF, 0xFF, 0x03, 0x00, 0x00, 0x00, 0x00, 0x00, 0x00, 0xF4, 0xFF, 0xFF, 0xFF, 0xFF,
    0xFF, 0xFF, 0xFF, 0xFF, 0xFF, 0xFF, 0xFF, 0xFF, 0x1E, 0x00, 0x00, 0x00, 0x00, 0x00, 0x50, 0xFF,
    0xFF, 0xFF, 0xFF, 0xFF, 0xFF, 0xFF, 0xFF, 0xFF, 0xFF, 0xFF, 0xFF, 0xFF, 0x8F, 0x00, 0x00, 0x00,
    0x00, 0x00, 0xF3, 0xFF, 0xFF, 0xFF, 0xFF, 0xBF, 0x47, 0x01, 0x10, 0x52, 0xFB, 0xFF, 0xFF, 0xFF,
    0xEF, 0x00, 0x00, 0x00, 0x00, 0x00, 0xFD, 0xFF, 0xFF, 0xFF, 0xAF, 0x02, 0x00, 0x00, 0x01, 0x00,
    0x30, 0xFF, 0xFF, 0xFF, 0xFF, 0x00, 0x00, 0x00, 0x00, 0x60, 0xFF, 0xFF, 0xFF, 0xFF, 0x08, 0x00,
    0x00, 0xF7, 0xEF, 0x01, 0x00, 0xF8, 0xFF, 0xFF, 0xFF, 0x00, 0x00, 0x00, 0x00, 0xD0, 0xFF, 0xFF,
    0xFF, 0xEF, 0x00, 0x00, 0x30, 0xFF, 0xFF, 0x03, 0x00, 0xF6, 0xFF, 0xFF, 0xEF, 0x00, 0x00, 0x00,
    0x00, 0xF2, 0xFF, 0xFF, 0xFF, 0xAF, 0x00, 0x00, 0xA0, 0xFF, 0xFF, 0x00, 0x00, 0xF8, 0xFF, 0xFF,
    0xAF, 0x00, 0x00, 0x00, 0x00, 0xF5, 0xFF, 0xFF, 0xFF, 0xAF, 0x00, 0x00, 0xF1, 0xFF, 0xCF, 0x00,
    0x10, 0xFF, 0xFF, 0xFF, 0x2F, 0x00, 0x00, 0x00, 0x00, 0xF7, 0xFF, 0xFF, 0xFF, 0xFF, 0x03, 0x00,
    0xF7, 0xFF, 0xEF, 0x11, 0xE5, 0xFF, 0xFF, 0xFF, 0x07, 0x00, 0x00, 0x00, 0x00, 0xF7, 0xFF, 0xFF,
    0xFF, 0xFF, 0x4F, 0x00, 0xFD, 0xFF, 0xFF, 0xFF, 0xFF, 0xFF, 0xFF, 0x7F, 0x00, 0x00, 0x00, 0x00,
    0x00, 0xF5, 0xFF, 0xFF, 0xFF, 0xFF, 0x3F, 0x40, 0xFF, 0xFF, 0xFF, 0xFF, 0xFF, 0xFF, 0x8D, 0x02,
    0x00, 0x00, 0x00, 0x00, 0x00, 0xF1, 0xFF, 0xFF, 0xFF, 0xFF, 0x0D, 0xB0, 0xFF, 0xFF, 0xFF, 0xFF,
    0xFF, 0xFF, 0x05, 0x00, 0x00, 0x00, 0x00, 0x00, 0x00, 0x60, 0xFF, 0xFF, 0xFF, 0xFF, 0x02, 0xF2,
    0xFF, 0xFF, 0x15, 0x81, 0xFF, 0xFF, 0x1E, 0x00, 0x00, 0x00, 0x00, 0x00, 0x00, 0x00, 0xF7, 0xFF,
    0xFF, 0x2C, 0x00, 0xFB, 0xFF, 0x5F, 0x00, 0x00, 0xFB, 0xFF, 0x9F, 0x00, 0x00, 0x00, 0x00, 0x00,
    0x40, 0x05, 0x10, 0x75, 0x26, 0x00, 0x60, 0xFF, 0xFF, 0x0F, 0x00, 0x00, 0xFA, 0xFF, 0xFF, 0x00,
    0x00, 0x00, 0x00, 0x50, 0xFE, 0x2F, 0x00, 0x00, 0x00, 0x00, 0xF5, 0xFF, 0xFF, 0x0E, 0x00, 0x00,
    0xFD, 0xFF, 0xFF, 0x03, 0x00, 0x00, 0x00, 0xF6, 0xFF, 0x9F, 0x00, 0x00, 0x00, 0x70, 0xFF, 0xFF,
    0xFF, 0x2F, 0x00, 0x40, 0xFF, 0xFF, 0xFF, 0x05, 0x00, 0x00, 0x10, 0xFF, 0xFF, 0xFF, 0x4C, 0x01,
    0x62, 0xFD, 0xFF, 0xFF, 0xFF, 0xCF, 0x02, 0xE4, 0xFF, 0xFF, 0xFF, 0x04, 0x00, 0x00, 0x80, 0xFF,
    0xFF, 0xFF, 0xFF, 0xFF, 0xFF, 0xFF, 0xFF, 0xFF, 0xFF, 0xFF, 0xFF, 0xFF, 0xFF, 0xFF, 0xFF, 0x03,
    0x00, 0x00, 0xD0, 0xFF, 0xFF, 0xFF, 0xFF, 0xFF, 0xFF, 0xFF, 0xFF, 0xFF, 0xFF, 0xFF, 0xFF, 0xFF,
    0xFF, 0xFF, 0xFF, 0x00, 0x00, 0x00, 0xF0, 0xFF, 0xFF, 0xFF, 0xFF, 0xFF, 0xFF, 0xFF, 0xFF, 0xFF,
    0xFF, 0xFF, 0xFF, 0xFF, 0xFF, 0xFF, 0xBF, 0x00, 0x00, 0x00, 0xF0, 0xFF, 0xFF, 0xFF, 0xFF, 0xFF,
    0xFF, 0xFF, 0xFF, 0xFC, 0xFF, 0xFF, 0xFF, 0xFF, 0xFF, 0xFF, 0x4F, 0x00, 0x00, 0x00, 0xE0, 0xFF,
    0xFF, 0xFF, 0xFF, 0xFF, 0xFF, 0xFF, 0xCF, 0xF1, 0xFF, 0xFF, 0xFF, 0xFF, 0xFF, 0xFF, 0x0C, 0x00,
    0x00, 0x00, 0xA0, 0xFF, 0xFF, 0xFF, 0xFF, 0xFF, 0xFF, 0xFF, 0x1D, 0xB0, 0xFF, 0xFF, 0xFF, 0xFF,
    0xFF, 0xEF, 0x02, 0x00, 0x00, 0x00, 0x30, 0xFF, 0xFF, 0xFF, 0xFF, 0xFF, 0xFF, 0xDF, 0x02, 0x30,
    0xFF, 0xFF, 0xFF, 0xFF, 0xFF, 0x3E, 0x00, 0x00, 0x00, 0x00, 0x00, 0xF8, 0xFF, 0xFF, 0xFF, 0xFF,
    0xFF, 0x1C, 0x00, 0x00, 0xF5, 0xFF, 0xFF, 0xFF, 0xBF, 0x01, 0x00, 0x00, 0x00, 0x00, 0x00, 0x70,
    0xFF, 0xFF, 0xFF, 0xFF, 0x7E, 0x00, 0x00, 0x00, 0x20, 0xD9, 0xFF, 0x9D, 0x03, 0x00, 0x00, 0x00,
    0x00, 0x00, 0x00, 0x00, 0x82, 0xED, 0xEF, 0x6B, 0x00, 0x00, 0x00, 0x00, 0x00, 0x00, 0x00, 0x00,
    0x00, 0x00, 0x00, 0x00, 0x00, 0x00, 0x00, 0x00, 0x00, 0x00, 0x00, 0x00, 0x94, 0xEC, 0xFF, 0xBE,
    0x16, 0x00, 0x00, 0x00, 0x00, 0x00, 0x00, 0x00, 0xE6, 0xFF, 0xFF, 0xFF, 0xFF, 0xFF, 0x06, 0x00,
    0x00, 0x00, 0x00, 0x00, 0xD3, 0xFF, 0xFF, 0xFF, 0xFF, 0xFF, 0xFF, 0x6F, 0x00, 0x00, 0x00, 0x00,
    0x60, 0xFF, 0xFF, 0xFF, 0xFF, 0xFF, 0xFF, 0xFF, 0xFF, 0x01, 0x00, 0x00, 0x00, 0xF8, 0xFF, 0xFF,
    0xFF, 0xFF, 0xFF, 0xFF, 0xFF, 0xFF, 0x06, 0x00, 0x00, 0x70, 0xFF, 0xFF, 0xFF, 0xFF, 0xFF, 0xFF,
    0xFF, 0xFF, 0xFF, 0x08, 0x00, 0x00, 0xF4, 0xFF, 0xFF, 0xFF, 0xFF, 0xFF, 0xFF, 0xFF, 0xFF, 0xFF,
    0x08, 0x00, 0x10, 0xFE, 0xFF, 0xFF, 0xEF, 0x26, 0x20, 0xFB, 0xFF, 0xFF, 0xFF, 0x07, 0x00, 0xA0,
    0xFF, 0xFF, 0xFF, 0x1C, 0x00, 0x00, 0xF2, 0xFF, 0xFF, 0xFF, 0x03, 0x00, 0xF3, 0xFF, 0xFF, 0xDF,
    0x00, 0x00, 0x00, 0xF1, 0xFF, 0xFF, 0xDF, 0x00, 0x00, 0xFB, 0xFF, 0xFF, 0x3F, 0x00, 0x00, 0x00,
    0xF4, 0xFF, 0xFF, 0x4F, 0x00, 0x20, 0xFF, 0xFF, 0xFF, 0x0B, 0x00, 0x00, 0x00, 0xFA, 0xFF, 0xFF,
    0x08, 0x00, 0x80, 0xFF, 0xFF, 0xFF, 0x05, 0x00, 0x00, 0x10, 0xFF, 0xFF, 0x8F, 0x00, 0x00, 0xD0,
    0xFF, 0xFF, 0xFF, 0x01, 0x00, 0x00, 0x50, 0xFF, 0xEF, 0x05, 0x00, 0x00, 0xF1, 0xFF, 0xFF, 0xFF,
    0x00, 0x00, 0x00, 0x00, 0x86, 0x05, 0x00, 0x00, 0x00, 0xF4, 0xFF, 0xFF, 0xFF, 0x00, 0x00, 0x00,
    0x00, 0x00, 0x00, 0x00, 0x00, 0x00, 0xF7, 0xFF, 0xFF, 0xFF, 0x01, 0x00, 0x00, 0x00, 0x00, 0x00,
    0x00, 0x00, 0x00, 0xF8, 0xFF, 0xFF, 0xFF, 0x05, 0x00, 0x00, 0x00, 0x00, 0x00, 0x00, 0x00, 0x00,
    0xF9, 0xFF, 0xFF, 0xFF, 0x0C, 0x00, 0x00, 0x00, 0x00, 0x00, 0x00, 0x00, 0x00, 0xF9, 0xFF, 0xFF,
    0xFF, 0x8F, 0x00, 0x00, 0x00, 0x00, 0x00, 0x00, 0xE2, 0x0C, 0xF8, 0xFF, 0xFF, 0xFF, 0xFF, 0x09,
    0x00, 0x00, 0x00, 0x00, 0x40, 0xFE, 0x0D, 0xF7, 0xFF, 0xFF, 0xFF, 0xFF, 0xEF, 0x48, 0x01, 0x10,
    0x73, 0xFC, 0xFF, 0x05, 0xF5, 0xFF, 0xFF, 0xFF, 0xFF, 0xFF, 0xFF, 0xFF, 0xFF, 0xFF, 0xFF, 0xCF,
    0x00, 0xF1, 0xFF, 0xFF, 0xFF, 0xFF, 0xFF, 0xFF, 0xFF, 0xFF, 0xFF, 0xFF, 0x2F, 0x00, 0xD0, 0xFF,
    0xFF, 0xFF, 0xFF, 0xFF, 0xFF, 0xFF, 0xFF, 0xFF, 0xFF, 0x07, 0x00, 0x60, 0xFF, 0xFF, 0xFF, 0xFF,
    0xFF, 0xFF, 0xFF, 0xFF, 0xFF, 0xAF, 0x00, 0x00, 0x00, 0xFD, 0xFF, 0xFF, 0xFF, 0xFF, 0xFF, 0xFF,
    0xFF, 0xFF, 0x0C, 0x00, 0x00, 0x00, 0xF3, 0xFF, 0xFF, 0xFF, 0xFF, 0xFF, 0xFF, 0xFF, 0xBF, 0x00,
    0x00, 0x00, 0x00, 0x40, 0xFF, 0xFF, 0xFF, 0xFF, 0xFF, 0xFF, 0xFF, 0x08, 0x00, 0x00, 0x00, 0x00,
    0x00, 0xB2, 0xFF, 0xFF, 0xFF, 0xFF, 0xFF, 0x3B, 0x00, 0x00, 0x00, 0x00, 0x00, 0x00, 0x00, 0x83,
    0xEC, 0xFF, 0xBD, 0x27, 0x00, 0x00, 0x00, 0x00, 0x00, 0x00, 0x00, 0x00, 0x00, 0x00, 0x00, 0x00,
    0x10, 0x95, 0xEB, 0xFE, 0xEF, 0xBD, 0x48, 0x00, 0x00, 0x00, 0x00, 0x00, 0x00, 0x00, 0x00, 0x00,
    0x00, 0x40, 0xFA, 0xFF, 0xFF, 0xFF, 0xFF, 0xFF, 0xFF, 0x8E, 0x01, 0x00, 0x00, 0x00, 0x00, 0x00,
    0x00, 0x00, 0x30, 0xFC, 0xFF, 0xFF, 0xFF, 0xFF, 0xFF, 0xFF, 0xFF, 0xFF, 0x5E, 0x00, 0x00, 0x00,
    0x00, 0x00, 0x00, 0x00, 0xF7, 0xFF, 0xFF, 0xFF, 0xFF, 0xFF, 0xFF, 0xFF, 0xFF, 0xFF, 0xFF, 0x06,
    0x00, 0x00, 0x00, 0x00, 0x00, 0xA0, 0xFF, 0xFF, 0xFF, 0xFF, 0xFF, 0xFF, 0xFF, 0xFF, 0xFF, 0xFF,
    0xFF, 0x3F, 0x00, 0x00, 0x00, 0x00, 0x00, 0xF9, 0xFF, 0xFF, 0xFF, 0xFF, 0xFF, 0xFF, 0xFF, 0xFF,
    0xFF, 0xFF, 0xFF, 0xEF, 0x01, 0x00, 0x00, 0x00, 0x60, 0xFF, 0xFF, 0xFF, 0xFF, 0xFF, 0x5A, 0x02,
    0x10, 0x52, 0xFB, 0xFF, 0xFF, 0xFF, 0x07, 0x00, 0x00, 0x00, 0xF1, 0xFF, 0xFF, 0xFF, 0xFF, 0x2B,
    0x00, 0x00, 0x00, 0x00, 0x40, 0xFF, 0xFF, 0xFF, 0x0E, 0x00, 0x00, 0x00, 0xF8, 0xFF, 0xFF, 0xFF,
    0xBF, 0x00, 0x00, 0x60, 0xFE, 0x0D, 0x00, 0xF5, 0xFF, 0xFF, 0x4F, 0x00, 0x00, 0x00, 0xFE, 0xFF,
    0xFF, 0xFF, 0x1F, 0x00, 0x00, 0xF3, 0xFF, 0x3F, 0x00, 0xC0, 0xFF, 0xFF, 0x8F, 0x00, 0x00, 0x30,
    0xFF, 0xFF, 0xFF, 0xFF, 0x0B, 0x00, 0x00, 0xFA, 0xFF, 0x0F, 0x00, 0x70, 0xFF, 0xFF, 0xCF, 0x00,
    0x00, 0x60, 0xFF, 0xFF, 0xFF, 0xFF, 0x09, 0x00, 0x10, 0xFF, 0xFF, 0x0A, 0x00, 0x40, 0xFF, 0xFF,
    0xDF, 0x00, 0x00, 0x70, 0xFF, 0xFF, 0xFF, 0xFF, 0x0B, 0x00, 0x70, 0xFF, 0xFF, 0x03, 0x00, 0x40,
    0xFF, 0xFF, 0xEF, 0x00, 0x00, 0x70, 0xFF, 0xFF, 0xFF, 0xFF, 0x7F, 0x01, 0xD0, 0xFF, 0xDF, 0x00,
    0x00, 0x50, 0xFF, 0xFF, 0xFF, 0x00, 0x00, 0x50, 0xFF, 0xFF, 0xFF, 0xFF, 0xFF, 0x06, 0xF4, 0xFF,
    0x6F, 0x00, 0x00, 0x70, 0xFF, 0xFF, 0xEF, 0x00, 0x00, 0x10, 0xFF, 0xFF, 0xFF, 0xFF, 0xEF, 0x01,
    0xFA, 0xFF, 0x0F, 0x00, 0x00, 0xB0, 0xFF, 0xFF, 0xDF, 0x00, 0x00, 0x00, 0xF8, 0xFF, 0xFF, 0xFF,
    0x4F, 0x20, 0xFF, 0xFF, 0x09, 0x00, 0x00, 0xF0, 0xFF, 0xFF, 0xAF, 0x00, 0x00, 0x00, 0xB0, 0xFF,
    0xFF, 0xFF, 0x04, 0xB0, 0xFF, 0xFF, 0x02, 0x00, 0x00, 0xF6, 0xFF, 0xFF, 0x7F, 0x00, 0x00, 0x52,
    0x01, 0xB6, 0xCD, 0x18, 0x00, 0xF6, 0xFF, 0xDF, 0x00, 0x00, 0x00, 0xFD, 0xFF, 0xFF, 0x4F, 0x00,
    0xB1, 0xFF, 0x08, 0x00, 0x00, 0x00, 0x40, 0xFF, 0xFF, 0x9F, 0x00, 0x00, 0x80, 0xFF, 0xFF, 0xFF,
    0x0F, 0x10, 0xFD, 0xFF, 0x1E, 0x00, 0x00, 0x00, 0xF6, 0xFF, 0xFF, 0x8F, 0x00, 0x00, 0xF5, 0xFF,
    0xFF, 0xFF, 0x0A, 0xA0, 0xFF, 0xFF, 0xEF, 0x26, 0x10, 0xC5, 0xFF, 0xFF, 0xFF, 0xEF, 0x03, 0x92,
    0xFF, 0xFF, 0xFF, 0xFF, 0x04, 0xF2, 0xFF, 0xFF, 0xFF, 0xFF, 0xFF, 0xFF, 0xFF, 0xFF, 0xFF, 0xFF,
    0xFF, 0xFF, 0xFF, 0xFF, 0xFF, 0xCF, 0x00, 0xF7, 0xFF, 0xFF, 0xFF, 0xFF, 0xFF, 0xFF, 0xFF, 0xFF,
    0xFF, 0xFF, 0xFF, 0xFF, 0xFF, 0xFF, 0xFF, 0x5F, 0x00, 0xF9, 0xFF, 0xFF, 0xFF, 0xFF, 0xFF, 0xFF,
    0xFF, 0xFF, 0xFF, 0xFF, 0xFF, 0xFF, 0xFF, 0xFF, 0xFF, 0x0B, 0x00, 0xFA, 0xFF, 0xFF, 0xFF, 0xFF,
    0xFF, 0xFF, 0xFF, 0xBF, 0xFF, 0xFF, 0xFF, 0xFF, 0xFF, 0xFF, 0xFF, 0x02, 0x00, 0xF8, 0xFF, 0xFF,
    0xFF, 0xFF, 0xFF, 0xFF, 0xFF, 0x1D, 0xFF, 0xFF, 0xFF, 0xFF, 0xFF, 0xFF, 0x5F, 0x00, 0x00, 0xF4,
    0xFF, 0xFF, 0xFF, 0xFF, 0xFF, 0xFF, 0xFF, 0x02, 0xFB, 0xFF, 0xFF, 0xFF, 0xFF, 0xFF, 0x07, 0x00,
    0x00, 0xD0, 0xFF, 0xFF, 0xFF, 0xFF, 0xFF, 0xFF, 0x4F, 0x00, 0xF3, 0xFF, 0xFF, 0xFF, 0xFF, 0x7F,
    0x00, 0x00, 0x00, 0x30, 0xFF, 0xFF, 0xFF, 0xFF, 0xFF, 0xEF, 0x04, 0x00, 0x60, 0xFF, 0xFF, 0xFF,
    0xDF, 0x04, 0x00, 0x00, 0x00, 0x00, 0xE4, 0xFF, 0xFF, 0xFF, 0xFF, 0x1A, 0x00, 0x00, 0x00, 0xA3,
    0xFE, 0xBE, 0x06, 0x00, 0x00, 0x00, 0x00, 0x00, 0x10, 0xC6, 0xFE, 0xCE, 0x28, 0x00, 0x00, 0x00,
    0x00, 0x00, 0x00, 0x00, 0x00, 0x00, 0x00, 0x00, 0x00, 0x00, 0x00, 0x00, 0x00, 0x00, 0x61, 0xDA,
    0xFF, 0xEF, 0x6A, 0x00, 0x00, 0x00, 0x00, 0x00, 0x00, 0x00, 0x80, 0xFF, 0xFF, 0xFF, 0xFF, 0xFF,
    0x2D, 0x00, 0x00, 0x00, 0x00, 0x00, 0x10, 0xFD, 0xFF, 0xFF, 0xFF, 0xFF, 0xFF, 0xDF, 0x00, 0x00,
    0x00, 0x00, 0x00, 0xD0, 0xFF, 0xFF, 0xFF, 0xFF, 0xFF, 0xFF, 0xFF, 0x07, 0x00, 0x00, 0x00, 0x00,
    0xF9, 0xFF, 0xFF, 0xFF, 0xFF, 0xFF, 0xFF, 0xFF, 0x0D, 0x00, 0x00, 0x00, 0x00, 0xFF, 0xFF, 0xFF,
    0xFF, 0xFF, 0xFF, 0xFF, 0xFF, 0x0F, 0x00, 0x00, 0x00, 0x40, 0xFF, 0xFF, 0xFF, 0xFF, 0xFF, 0xFF,
    0xFF, 0xFF, 0x1F, 0x00, 0x00, 0x00, 0x60, 0xFF, 0xFF, 0xFF, 0x6E, 0x02, 0x61, 0xFF, 0xFF, 0x0F,
    0x00, 0x00, 0x00, 0x60, 0xFF, 0xFF, 0xEF, 0x01, 0x00, 0x00, 0xF7, 0xFF, 0x0B, 0x00, 0x00, 0x00,
    0x40, 0xFF, 0xFF, 0x9F, 0x00, 0x00, 0x00, 0xF3, 0xFF, 0x03, 0x00, 0x00, 0x00, 0x00, 0xFF, 0xFF,
    0x7F, 0x00, 0x00, 0x00, 0xC0, 0x4C, 0x00, 0x00, 0x00, 0x00, 0x00, 0xF7, 0xFF, 0xCF, 0x00, 0x00,
    0x00, 0x00, 0x00, 0x00, 0x00, 0x00, 0x00, 0x00, 0x80, 0xFF, 0xFF, 0x08, 0x20, 0x53, 0x05, 0x00,
    0x00, 0x00, 0x00, 0x00, 0x00, 0x10, 0xFC, 0xFF, 0xFF, 0xFF, 0xFF, 0x2F, 0x00, 0x00, 0x00, 0x00,
    0x00, 0x92, 0xFE, 0xFF, 0xFF, 0xFF, 0xFF, 0xFF, 0x3F, 0x00, 0x00, 0x00, 0x00, 0x70, 0xFF, 0xFF,
    0xFF, 0xFF, 0xFF, 0xFF, 0xFF, 0x0F, 0x00, 0x00, 0x00, 0x00, 0xF8, 0xFF, 0xFF, 0xFF, 0xFC, 0xFF,
    0xFF, 0xFF, 0x06, 0x00, 0x00, 0x00, 0x30, 0xFF, 0xFF, 0xFF, 0x7F, 0x10, 0xA7, 0xAB, 0x27, 0x00,
    0x00, 0x00, 0x00, 0xB0, 0xFF, 0xFF, 0xFF, 0x0E, 0x00, 0x00, 0x00, 0x00, 0x00, 0x00, 0x10, 0x00,
    0xF1, 0xFF, 0xFF, 0xFF, 0x0E, 0x00, 0x00, 0x00, 0x00, 0x00, 0x10, 0xFC, 0x03, 0xF5, 0xFF, 0xFF,
    0xFF, 0x6F, 0x00, 0x00, 0x00, 0x00, 0x00, 0xC3, 0xFF, 0x03, 0xF6, 0xFF, 0xFF, 0xFF, 0xFF, 0x6C,
    0x12, 0x00, 0x31, 0xB7, 0xFF, 0xAF, 0x00, 0xF7, 0xFF, 0xFF, 0xFF, 0xFF, 0xFF, 0xFF, 0xFF, 0xFF,
    0xFF, 0xFF, 0x1F, 0x00, 0xF6, 0xFF, 0xFF, 0xFF, 0xFF, 0xFF, 0xFF, 0xFF, 0xFF, 0xFF, 0xFF, 0x05,
    0x00, 0xF4, 0xFF, 0xFF, 0xFF, 0xFF, 0xFF, 0xFF, 0xFF, 0xFF, 0xFF, 0xAF, 0x00, 0x00, 0xF0, 0xFF,
    0xFF, 0xFF, 0xFF, 0xFF, 0xFF, 0xFF, 0xFF, 0xFF, 0x0C, 0x00, 0x00, 0x90, 0xFF, 0xFF, 0xFF, 0xFF,
    0xFF, 0xFF, 0xFF, 0xFF, 0xCF, 0x00, 0x00, 0x00, 0x10, 0xFE, 0xFF, 0xFF, 0xFF, 0xFF, 0xFF, 0xFF,
    0xFF, 0x0A, 0x00, 0x00, 0x00, 0x00, 0xF2, 0xFF, 0xFF, 0xFF, 0xFF, 0xFF, 0xFF, 0x6F, 0x00, 0x00,
    0x00, 0x00, 0x00, 0x10, 0xFB, 0xFF, 0xFF, 0xFF, 0xFF, 0x9F, 0x01, 0x00, 0x00, 0x00, 0x00, 0x00,
    0x00, 0x30, 0xC9, 0xFE, 0xDE, 0x6A, 0x00, 0x00, 0x00, 0x00, 0x00, 0x00, 0x00, 0x00, 0x00, 0x00,
    0x00, 0x00, 0x00, 0x52, 0xB9, 0xED, 0xFF, 0xFF, 0xFF, 0x9F, 0x14, 0x10, 0x84, 0xFC, 0x0C, 0x00,
    0x00, 0x00, 0x00, 0x00, 0x10, 0xC7, 0xFF, 0xFF, 0xFF, 0xFF, 0xFF, 0xFF, 0xFF, 0xFF, 0xFF, 0xFF,
    0xFF, 0x3F, 0x00, 0x00, 0x00, 0x00, 0x00, 0xF8, 0xFF, 0xFF, 0xFF, 0xFF, 0xFF, 0xFF, 0xFF, 0xFF,
    0xFF, 0xFF, 0xFF, 0xFF, 0x2F, 0x00, 0x00, 0x00, 0x00, 0xE3, 0xFF, 0xFF, 0xFF, 0xFF, 0xFF, 0xFF,
    0xFF, 0xFF, 0xFF, 0xFF, 0xFF, 0xFF, 0xFF, 0x0F, 0x00, 0x00, 0x00, 0x50, 0xFF, 0xFF, 0xFF, 0xFF,
    0xFF, 0xFF, 0xFF, 0xFF, 0xFF, 0xFF, 0xFF, 0xFF, 0xFF, 0xFF, 0x09, 0x00, 0x00, 0x00, 0xF4, 0xFF,
    0xFF, 0xFF, 0xFF, 0xFF, 0xFF, 0xFF, 0xFF, 0xFF, 0xFF, 0xFF, 0xFF, 0xFF, 0xEF, 0x01, 0x00, 0x00,
    0x00, 0xFE, 0xFF, 0xFF, 0xFF, 0xFF, 0x5A, 0x02, 0x00, 0x41, 0xD8, 0xFF, 0xFF, 0xFF, 0xFF, 0x2D,
    0x00, 0x00, 0x00, 0x80, 0xFF, 0xFF, 0xFF, 0xFF, 0x1C, 0x00, 0x00, 0x00, 0x00, 0x00, 0x72, 0xEC,
    0xEF, 0x6C, 0x00, 0x00, 0x00, 0x00, 0xE0, 0xFF, 0xFF, 0xFF, 0xFF, 0x01, 0x00, 0x00, 0x00, 0x91,
    0xAC, 0x02, 0x00, 0x00, 0x00, 0x00, 0x00, 0x00, 0x00, 0xF2, 0xFF, 0xFF, 0xFF, 0xBF, 0x00, 0x00,
    0x00, 0x00, 0xFB, 0xFF, 0x09, 0x00, 0x00, 0x00, 0x00, 0x00, 0x00, 0x00, 0xF4, 0xFF, 0xFF, 0xFF,
    0xDF, 0x00, 0x00, 0x00, 0x30, 0xFF, 0xFF, 0x07, 0x00, 0x00, 0x00, 0x00, 0x00, 0x00, 0x00, 0xF5,
    0xFF, 0xFF, 0xFF, 0xFF, 0x1A, 0x00, 0x00, 0x90, 0xFF, 0xFF, 0x03, 0x00, 0x00, 0x00, 0x00, 0x00,
    0x00, 0x00, 0xF4, 0xFF, 0xFF, 0xFF, 0xFF, 0x6F, 0x00, 0x00, 0xF0, 0xFF, 0xEF, 0x00, 0x00, 0x00,
    0x00, 0x00, 0x00, 0x00, 0x00, 0xF1, 0xFF, 0xFF, 0xFF, 0xFF, 0x3F, 0x00, 0x00, 0xF5, 0xFF, 0x9F,
    0x00, 0x00, 0x00, 0x00, 0x00, 0x00, 0x00, 0x00, 0xA0, 0xFF, 0xFF, 0xFF, 0xFF, 0x0C, 0x00, 0x00,
    0xFB, 0xFF, 0x3F, 0x00, 0x00, 0x00, 0x00, 0x00, 0x00, 0x00, 0x00, 0x10, 0xFE, 0xFF, 0xFF, 0xEF,
    0x02, 0x00, 0x10, 0xFF, 0xFF, 0x0E, 0x00, 0x00, 0x00, 0x00, 0x00, 0x00, 0x00, 0x00, 0x00, 0xB2,
    0xFF, 0xFF, 0x1A, 0x00, 0xE8, 0xFF, 0xFF, 0xFF, 0xFF, 0xFF, 0xEF, 0x07, 0x00, 0x00, 0x00, 0x00,
    0x00, 0x00, 0x00, 0x31, 0x03, 0x00, 0x40, 0xFF, 0xFF, 0xFF, 0xFF, 0xFF, 0xFF, 0xFF, 0x0D, 0x00,
    0x00, 0x00, 0x00, 0x00, 0x00, 0x00, 0x00, 0x00, 0x00, 0x60, 0xFF, 0xFF, 0xFF, 0xFF, 0xFF, 0xFF,
    0xFF, 0x09, 0x00, 0x00, 0x00, 0x00, 0x00, 0x00, 0x00, 0x00, 0x00, 0x00, 0x20, 0xFE, 0xFF, 0xFF,
    0xFF, 0xFF, 0xFF, 0xDF, 0x01, 0x00, 0x00, 0x00, 0x00, 0x00, 0x00, 0x00, 0x00, 0x00, 0x00, 0x00,
    0x30, 0xFF, 0xFF, 0x9F, 0xA9, 0xAB, 0x06, 0x00, 0x00, 0x00, 0x00, 0x00, 0x00, 0xD8, 0x0E, 0x00,
    0x00, 0x00, 0x00, 0xD0, 0xFF, 0xFF, 0x0B, 0x00, 0x00, 0x00, 0x00, 0x00, 0x00, 0x00, 0x00, 0xD1,
    0xFF, 0x3F, 0x00, 0x00, 0x00, 0x00, 0xFB, 0xFF, 0xFF, 0x05, 0x00, 0x00, 0x00, 0x00, 0x00, 0x00,
    0x00, 0x00, 0xFC, 0xFF, 0xBF, 0x00, 0x00, 0x00, 0xC1, 0xFF, 0xFF, 0xEF, 0x00, 0x00, 0x00, 0x00,
    0x00, 0x00, 0x00, 0x00, 0x50, 0xFF, 0xFF, 0xFF, 0x4C, 0x01, 0x93, 0xFF, 0xFF, 0xFF, 0x7F, 0x00,
    0x00, 0x00, 0x00, 0x00, 0x00, 0x00, 0x00, 0xA0, 0xFF, 0xFF, 0xFF, 0xFF, 0xFF, 0xFF, 0xFF, 0xFF,
    0xFF, 0x1F, 0x00, 0x00, 0x00, 0x00, 0x00, 0x00, 0x00, 0x00, 0xE0, 0xFF, 0xFF, 0xFF, 0xFF, 0xFF,
    0xFF, 0xFF, 0xFF, 0xFF, 0x08, 0x00, 0x00, 0x00, 0x00, 0x00, 0x00, 0x00, 0x00, 0xF0, 0xFF, 0xFF,
    0xFF, 0xFF, 0xFF, 0xFF, 0xFF, 0xFF, 0xEF, 0x01, 0x00, 0x00, 0x00, 0x00, 0x00, 0x00, 0x00, 0x00,
    0xF0, 0xFF, 0xFF, 0xFF, 0xFF, 0xFF, 0xFF, 0xFF, 0xFF, 0x6F, 0x00, 0x00, 0x00, 0x00, 0x00, 0x00,
    0x00, 0x00, 0x00, 0xE0, 0xFF, 0xFF, 0xFF, 0xFF, 0xFF, 0xFF, 0xFF, 0xFF, 0x0A, 0x00, 0x00, 0x00,
    0x00, 0x00, 0x00, 0x00, 0x00, 0x00, 0x90, 0xFF, 0xFF, 0xFF, 0xFF, 0xFF, 0xFF, 0xFF, 0xDF, 0x01,
    0x00, 0x00, 0x00, 0x00, 0x00, 0x00, 0x00, 0x00, 0x00, 0x20, 0xFF, 0xFF, 0xFF, 0xFF, 0xFF, 0xFF,
    0xFF, 0x1D, 0x00, 0x00, 0x00, 0x00, 0x00, 0x00, 0x00, 0x00, 0x00, 0x00, 0x00, 0xF6, 0xFF, 0xFF,
    0xFF, 0xFF, 0xFF, 0xCF, 0x01, 0x00, 0x00, 0x00, 0x00, 0x00, 0x00, 0x00, 0x00, 0x00, 0x00, 0x00,
    0x40, 0xFE, 0xFF, 0xFF, 0xFF, 0xEF, 0x07, 0x00, 0x00, 0x00, 0x00, 0x00, 0x00, 0x00, 0x00, 0x00,
    0x00, 0x00, 0x00, 0x00, 0x71, 0xEB, 0xFF, 0xAD, 0x06, 0x00, 0x00, 0x00, 0x00, 0x00, 0x00, 0x00,
    0x00, 0x00, 0x00, 0x00, 0x00, 0x00, 0x00, 0x00, 0x00, 0x00, 0x00, 0x00, 0x00, 0x00, 0x00, 0x00,
    0x51, 0xC9, 0xFE, 0xDF, 0x39, 0x00, 0x00, 0x00, 0x00, 0x00, 0x00, 0x00, 0x00, 0x00, 0x00, 0x00,
    0x00, 0xA3, 0xFF, 0xFF, 0xFF, 0xFF, 0xFF, 0x1B, 0x00, 0x00, 0x00, 0x00, 0x83, 0xEC, 0xFF, 0xAD,
    0x06, 0x00, 0x80, 0xFF, 0xFF, 0xFF, 0xFF, 0xFF, 0xFF, 0xCF, 0x00, 0x00, 0x00, 0xB2, 0xFF, 0xFF,
    0xFF, 0xFF, 0xFF, 0x18, 0xFB, 0xFF, 0xFF, 0xFF, 0xFF, 0xFF, 0xFF, 0xFF, 0x07, 0x00, 0x50, 0xFF,
    0xFF, 0xFF, 0xFF, 0xFF, 0xFF, 0xFF, 0xFF, 0xFF, 0xFF, 0xFF, 0xFF, 0xFF, 0xFF, 0xFF, 0x0D, 0x00,
    0xF3, 0xFF, 0xFF, 0xFF, 0xFF, 0xFF, 0xFF, 0xFF, 0xFF, 0xFF, 0xFF, 0xFF, 0xFF, 0xFF, 0xFF, 0xFF,
    0x0F, 0x00, 0xFE, 0xFF, 0xFF, 0xFF, 0xFF, 0xFF, 0xFF, 0xFF, 0xFF, 0xFF, 0xDF, 0x26, 0x10, 0xF7,
    0xFF, 0xFF, 0x1F, 0x70, 0xFF, 0xFF, 0xFF, 0xFF, 0xFF, 0xFF, 0xFF, 0xFF, 0xFF, 0xFF, 0x0D, 0x00,
    0x00, 0xE0, 0xFF, 0xFF, 0x0F, 0xC0, 0xFF, 0xFF, 0xFF, 0xFF, 0x6F, 0x01, 0xF3, 0xFF, 0xFF, 0xFF,
    0x09, 0x00, 0x00, 0xF2, 0xFF, 0xFF, 0x0A, 0xF0, 0xFF, 0xFF, 0xFF, 0xFF, 0x06, 0x00, 0xF3, 0xFF,
    0xFF, 0xFF, 0x4E, 0x00, 0x72, 0xFE, 0xFF, 0xFF, 0x02, 0xF1, 0xFF, 0xFF, 0xFF, 0xFF, 0x02, 0x00,
    0xF9, 0xFF, 0xFF, 0xFF, 0xFF, 0xFF, 0xFF, 0xFF, 0xFF, 0x4F, 0x00, 0xF1, 0xFF, 0xFF, 0xFF, 0xFF,
    0x04, 0x00, 0xFE, 0xFF, 0xFF, 0xFF, 0xFF, 0xFF, 0xFF, 0xFF, 0xCF, 0x03, 0x00, 0xF0, 0xFF, 0xFF,
    0xFF, 0xFF, 0x4D, 0x20, 0xFF, 0xFF, 0xFF, 0x2A, 0xB7, 0xFE, 0xEF, 0x8C, 0x03, 0x00, 0x00, 0xB0,
    0xFF, 0xFF, 0xFF, 0xFF, 0xFF, 0x42, 0xFF, 0xFF, 0xFF, 0x09, 0x00, 0x00, 0x00, 0x00, 0x00, 0x00,
    0x00, 0x40, 0xFF, 0xFF, 0xFF, 0xFF, 0xEF, 0x70, 0xFF, 0xFF, 0xFF, 0x0A, 0x00, 0x00, 0x00, 0x00,
    0x01, 0x00, 0x00, 0x00, 0xFA, 0xFF, 0xFF, 0xFF, 0x5F, 0x80, 0xFF, 0xFF, 0xFF, 0x0E, 0x00, 0x00,
    0x00, 0xE3, 0x5F, 0x00, 0x00, 0x00, 0x80, 0xFF, 0xFF, 0xDF, 0x04, 0x80, 0xFF, 0xFF, 0xFF, 0xBF,
    0x01, 0x00, 0x60, 0xFF, 0x8F, 0x00, 0x00, 0x00, 0x00, 0x51, 0x66, 0x03, 0x00, 0x70, 0xFF, 0xFF,
    0xFF, 0xFF, 0xCF, 0xBA, 0xFF, 0xFF, 0x4F, 0x00, 0x00, 0x00, 0x00, 0x00, 0x00, 0x00, 0x00, 0x60,
    0xFF, 0xFF, 0xFF, 0xFF, 0xFF, 0xFF, 0xFF, 0xFF, 0x0F, 0x00, 0x00, 0x00, 0x00, 0x00, 0x00, 0x00,
    0x00, 0x30, 0xFF, 0xFF, 0xFF, 0xFF, 0xFF, 0xFF, 0xFF, 0xFF, 0x0B, 0x00, 0x00, 0x00, 0x00, 0x00,
    0x00, 0x00, 0x00, 0x00, 0xFE, 0xFF, 0xFF, 0xFF, 0xFF, 0xFF, 0xFF, 0xFF, 0x06, 0x00, 0x00, 0x00,
    0x00, 0x00, 0x00, 0x91, 0x6D, 0x00, 0xF8, 0xFF, 0xFF, 0xFF, 0xFF, 0xFF, 0xFF, 0xFF, 0x01, 0x00,
    0x00, 0x00, 0x00, 0x00, 0x20, 0xFE, 0xAF, 0x00, 0xE1, 0xFF, 0xFF, 0xFF, 0xBF, 0xFB, 0xFF, 0xCF,
    0x00, 0x00, 0x00, 0x00, 0x00, 0x00, 0xC0, 0xFF, 0xEF, 0x00, 0x20, 0xFE, 0xFF, 0xFF, 0x2D, 0xFE,
    0xFF, 0x7F, 0x00, 0x00, 0x00, 0x00, 0x00, 0x00, 0xF3, 0xFF, 0xFF, 0x08, 0x00, 0x71, 0xDC, 0x6B,
    0xB0, 0xFF, 0xFF, 0x2F, 0x00, 0x00, 0x00, 0x00, 0x00, 0x00, 0xF8, 0xFF, 0xFF, 0x8F, 0x00, 0x00,
    0x00, 0x10, 0xFB, 0xFF, 0xFF, 0x0C, 0x00, 0x00, 0x00, 0x00, 0x00, 0x00, 0xFA, 0xFF, 0xFF, 0xFF,
    0x6D, 0x02, 0x31, 0xE8, 0xFF, 0xFF, 0xFF, 0x06, 0x00, 0x00, 0x00, 0x00, 0x00, 0x00, 0xFA, 0xFF,
    0xFF, 0xFF, 0xFF, 0xFF, 0xFF, 0xFF, 0xFF, 0xFF, 0xEF, 0x00, 0x00, 0x00, 0x00, 0x00, 0x00, 0x00,
    0xF8, 0xFF, 0xFF, 0xFF, 0xFF, 0xFF, 0xFF, 0xFF, 0xFF, 0xFF, 0x6F, 0x00, 0x00, 0x00, 0x00, 0x00,
    0x00, 0x00, 0xF4, 0xFF, 0xFF, 0xFF, 0xFF, 0xFF, 0xFF, 0xFF, 0xFF, 0xFF, 0x0C, 0x00, 0x00, 0x00,
    0x00, 0x00, 0x00, 0x00, 0xE0, 0xFF, 0xFF, 0xFF, 0xFF, 0xFF, 0xFF, 0xFF, 0xFF, 0xDF, 0x01, 0x00,
    0x00, 0x00, 0x00, 0x00, 0x00, 0x00, 0x40, 0xFF, 0xFF, 0xFF, 0xFF, 0xFF, 0xFF, 0xFF, 0xFF, 0x2D,
    0x00, 0x00, 0x00, 0x00, 0x00, 0x00, 0x00, 0x00, 0x00, 0xF6, 0xFF, 0xFF, 0xFF, 0xFF, 0xFF, 0xFF,
    0xAF, 0x01, 0x00, 0x00, 0x00, 0x00, 0x00, 0x00, 0x00, 0x00, 0x00, 0x30, 0xFD, 0xFF, 0xFF, 0xFF,
    0xFF, 0xCF, 0x04, 0x00, 0x00, 0x00, 0x00, 0x00, 0x00, 0x00, 0x00, 0x00, 0x00, 0x00, 0x50, 0xDA,
    0xFF, 0xDF, 0x7B, 0x02, 0x00, 0x00, 0x00, 0x00, 0x00, 0x00, 0x00, 0x00, 0x00, 0x00, 0x00, 0x00,
    0x00, 0x00, 0x00, 0x73, 0xDA, 0xFE, 0xEF, 0x7B, 0x00, 0x00, 0x00, 0x00, 0x00, 0xA3, 0xFE, 0x4C,
    0x00, 0x00, 0x00, 0x00, 0x00, 0x00, 0x00, 0x00, 0xD7, 0xFF, 0xFF, 0xFF, 0xFF, 0xFF, 0x2E, 0x00,
    0x00, 0x00, 0x60, 0xFF, 0xFF, 0xFF, 0x02, 0x00, 0x00, 0x00, 0x00, 0x00, 0x00, 0xE5, 0xFF, 0xFF,
    0xFF, 0xFF, 0xFF, 0xFF, 0xBF, 0x00, 0x00, 0x00, 0xF5, 0xFF, 0xFF, 0xFF, 0x08, 0x00, 0x00, 0x00,
    0x00, 0x00, 0xA0, 0xFF, 0xFF, 0xFF, 0xFF, 0xFF, 0xFF, 0xFF, 0xFF, 0x00, 0x00, 0x20, 0xFF, 0xFF,
    0xFF, 0xFF, 0x0B, 0x00, 0x00, 0x00, 0x00, 0x00, 0xFC, 0xFF, 0xFF, 0xFF, 0xFF, 0xFF, 0xFF, 0xFF,
    0xFF, 0x00, 0x00, 0xB0, 0xFF, 0xFF, 0xFF, 0xFF, 0x0B, 0x00, 0x00, 0x00, 0x00, 0xB0, 0xFF, 0xFF,
    0xFF, 0xFF, 0xFF, 0xFF, 0xFF, 0xFF, 0xCF, 0x00, 0x00, 0xF3, 0xFF, 0xFF, 0xFF, 0xFF, 0x0A, 0x00,
    0x00, 0x00, 0x00, 0xF7, 0xFF, 0xFF, 0xFF, 0xFF, 0x3A, 0x00, 0xF5, 0xFF, 0x8F, 0x00, 0x00, 0xFB,
    0xFF, 0xFF, 0xFF, 0xFF, 0x07, 0x00, 0x00, 0x00, 0x10, 0xFF, 0xFF, 0xFF, 0xFF, 0x4F, 0x00, 0x00,
    0xF8, 0xFF, 0x2F, 0x00, 0x20, 0xFF, 0xBF, 0x80, 0xFF, 0xFF, 0x02, 0x00, 0x00, 0x00, 0x80, 0xFF,
    0xFF, 0xFF, 0xFF, 0x06, 0x00, 0x00, 0xFE, 0xFF, 0x0C, 0x00, 0x90, 0xFF, 0x1F, 0x60, 0xFF, 0xCF,
    0x00, 0x00, 0x00, 0x00, 0xE0, 0xFF, 0xFF, 0xFF, 0xEF, 0x00, 0x00, 0x40, 0xFF, 0xFF, 0x07, 0x00,
    0xF0, 0xFF, 0x0A, 0xC0, 0xFF, 0x3F, 0x00, 0x00, 0x00, 0x00, 0xF3, 0xFF, 0xFF, 0xFF, 0xAF, 0x00,
    0x00, 0xA0, 0xFF, 0xFF, 0x01, 0x00, 0xF6, 0xFF, 0x05, 0xF6, 0xFF, 0x0A, 0x00, 0x00, 0x00, 0x00,
    0xF6, 0xFF, 0xFF, 0xFF, 0x9F, 0x00, 0x00, 0xF1, 0xFF, 0xAF, 0x00, 0x00, 0xFC, 0xFF, 0x42, 0xFF,
    0xEF, 0x01, 0x00, 0x00, 0x00, 0x00, 0xF7, 0xFF, 0xFF, 0xFF, 0xDF, 0x00, 0x00, 0xF7, 0xFF, 0x4F,
    0x00, 0x20, 0xFF, 0xFF, 0xFD, 0xFF, 0x3F, 0x00, 0x00, 0x00, 0x00, 0x00, 0xF7, 0xFF, 0xFF, 0xFF,
    0xFF, 0x2D, 0x00, 0xFD, 0xFF, 0x4F, 0x00, 0xB1, 0xFF, 0xFF, 0xFF, 0xFF, 0x05, 0x00, 0x00, 0x00,
    0x00, 0x00, 0xF5, 0xFF, 0xFF, 0xFF, 0xFF, 0x4F, 0x30, 0xFF, 0xFF, 0xFF, 0xFF, 0xFF, 0xFF, 0xFF,
    0xFF, 0x4E, 0x00, 0x00, 0x00, 0x00, 0x00, 0x00, 0xF1, 0xFF, 0xFF, 0xFF, 0xFF, 0x1F, 0x90, 0xFF,
    0xFF, 0xFF, 0xFF, 0xFF, 0xFF, 0xFF, 0xAF, 0x01, 0x00, 0x00, 0x00, 0x00, 0x00, 0x00, 0xA0, 0xFF,
    0xFF, 0xFF, 0xFF, 0x08, 0xF0, 0xFF, 0xFF, 0xFF, 0xFF, 0xFF, 0xFF, 0xBF, 0x02, 0x00, 0x00, 0x00,
    0x00, 0x00, 0x00, 0x00, 0x10, 0xFE, 0xFF, 0xFF, 0xBF, 0x00, 0xF7, 0xFF, 0x7F, 0x00, 0x70, 0xFF,
    0xFF, 0x0F, 0x00, 0x00, 0x00, 0x00, 0x00, 0x00, 0x00, 0x00, 0x01, 0xA1, 0xFF, 0xDF, 0x06, 0x10,
    0xFE, 0xFF, 0x0C, 0x00, 0x50, 0xFF, 0xFF, 0x0E, 0x00, 0x00, 0x00, 0x00, 0x00, 0x00, 0x20, 0xFB,
    0x1F, 0x00, 0x20, 0x00, 0x00, 0xB0, 0xFF, 0xFF, 0x05, 0x00, 0x80, 0xFF, 0xFF, 0x0F, 0x00, 0x00,
    0x00, 0x8C, 0x00, 0x00, 0xE2, 0xFF, 0x4F, 0x00, 0x00, 0x00, 0x00, 0xF9, 0xFF, 0xEF, 0x00, 0x00,
    0xC0, 0xFF, 0xFF, 0x6F, 0x00, 0x00, 0xA0, 0xEF, 0x00, 0x00, 0xFD, 0xFF, 0xCF, 0x00, 0x00, 0x00,
    0xA1, 0xFF, 0xFF, 0x8F, 0x00, 0x00, 0xF0, 0xFF, 0xFF, 0xFF, 0x06, 0x40, 0xFC, 0x6F, 0x00, 0x60,
    0xFF, 0xFF, 0xFF, 0x5D, 0x01, 0x72, 0xFE, 0xFF, 0xFF, 0x1F, 0x00, 0x00, 0xF3, 0xFF, 0xFF, 0xFF,
    0xFF, 0xFF, 0xFF, 0x0D, 0x00, 0xB0, 0xFF, 0xFF, 0xFF, 0xFF, 0xFF, 0xFF, 0xFF, 0xFF, 0xFF, 0x08,
    0x00, 0x00, 0xF5, 0xFF, 0xFF, 0xFF, 0xFF, 0xFF, 0xFF, 0x05, 0x00, 0xF0, 0xFF, 0xFF, 0xFF, 0xFF,
    0xFF, 0xFF, 0xFF, 0xFF, 0xFF, 0x01, 0x00, 0x00, 0xF6, 0xFF, 0xFF, 0xFF, 0xFF, 0xFF, 0xCF, 0x00,
    0x00, 0xF0, 0xFF, 0xFF, 0xFF, 0xFF, 0xFF, 0xFF, 0xFF, 0xFF, 0x6F, 0x00, 0x00, 0x00, 0xF7, 0xFF,
    0xFF, 0xFF, 0xFF, 0xFF, 0x3F, 0x00, 0x00, 0xF0, 0xFF, 0xFF, 0xFF, 0xFF, 0xFF, 0xFF, 0xFF, 0xFF,
    0x0C, 0x00, 0x00, 0x00, 0xF7, 0xFF, 0xFF, 0xFF, 0xFF, 0xFF, 0x08, 0x00, 0x00, 0xD0, 0xFF, 0xFF,
    0xFF, 0xFF, 0xFF, 0xFF, 0xFF, 0xEF, 0x01, 0x00, 0x00, 0x00, 0xF4, 0xFF, 0xFF, 0xFF, 0xFF, 0xCF,
    0x00, 0x00, 0x00, 0x80, 0xFF, 0xFF, 0xFF, 0xFF, 0xFF, 0xFF, 0xFF, 0x4F, 0x00, 0x00, 0x00, 0x00,
    0xE0, 0xFF, 0xFF, 0xFF, 0xFF, 0x0C, 0x00, 0x00, 0x00, 0x20, 0xFF, 0xFF, 0xFF, 0xFF, 0xFF, 0xFF,
    0xFF, 0x04, 0x00, 0x00, 0x00, 0x00, 0x50, 0xFF, 0xFF, 0xFF, 0xAF, 0x00, 0x00, 0x00, 0x00, 0x00,
    0xF6, 0xFF, 0xFF, 0xFF, 0xFF, 0xFF, 0x3E, 0x00, 0x00, 0x00, 0x00, 0x00, 0x00, 0xB3, 0xFE, 0xAE,
    0x04, 0x00, 0x00, 0x00, 0x00, 0x00, 0x60, 0xFF, 0xFF, 0xFF, 0xFF, 0x9F, 0x01, 0x00, 0x00, 0x00,
    0x00, 0x00, 0x00, 0x00, 0x00, 0x00, 0x00, 0x00, 0x00, 0x00, 0x00, 0x00, 0x00, 0x92, 0xFD, 0xEF,
    0x7B, 0x01, 0x00, 0x00, 0x00, 0x00, 0x00, 0x00, 0x00, 0x00, 0x00, 0x00, 0x00, 0x00, 0x00, 0x00,
    0x00, 0x00, 0x00, 0x00, 0x00, 0x20, 0xA6, 0xEC, 0xFF, 0xDF, 0x5A, 0x00, 0x00, 0x00, 0x00, 0x50,
    0xFC, 0xFF, 0xFF, 0xFF, 0xFF, 0xFF, 0x09, 0x00, 0x00, 0x30, 0xFD, 0xFF, 0xFF, 0xFF, 0xFF, 0xFF,
    0xFF, 0x3F, 0x00, 0x00, 0xF8, 0xFF, 0xFF, 0xFF, 0xFF, 0xFF, 0xFF, 0xFF, 0x6F, 0x00, 0x90, 0xFF,
    0xFF, 0xFF, 0xFF, 0xFF, 0xFF, 0xFF, 0xFF, 0x5F, 0x00, 0xF7, 0xFF, 0xFF, 0xFF, 0xFF, 0xFF, 0xFF,
    0xFF, 0xFF, 0x3F, 0x20, 0xFF, 0xFF, 0xFF, 0xFF, 0xFF, 0xFF, 0xFF, 0xFF, 0xFF, 0x0F, 0xA0, 0xFF,
    0xFF, 0xFF, 0xFF, 0x8E, 0x13, 0x10, 0xFE, 0xFF, 0x0B, 0xF1, 0xFF, 0xFF, 0xFF, 0xEF, 0x02, 0x00,
    0x40, 0xFF, 0xFF, 0x07, 0xF5, 0xFF, 0xFF, 0xFF, 0x8F, 0x00, 0x00, 0xB0, 0xFF, 0xFF, 0x03, 0xF8,
    0xFF, 0xFF, 0xFF, 0x7F, 0x00, 0x00, 0xF2, 0xFF, 0xEF, 0x00, 0xFA, 0xFF, 0xFF, 0xFF, 0xDF, 0x02,
    0x00, 0xF9, 0xFF, 0xAF, 0x00, 0xFA, 0xFF, 0xFF, 0xFF, 0xFF, 0x1F, 0x10, 0xFF, 0xFF, 0x6F, 0x00,
    0xF7, 0xFF, 0xFF, 0xFF, 0xFF, 0x0F, 0x80, 0xFF, 0xFF, 0x1F, 0x00, 0xF1, 0xFF, 0xFF, 0xFF, 0xFF,
    0x09, 0xF1, 0xFF, 0xFF, 0x0C, 0x00, 0x70, 0xFF, 0xFF, 0xFF, 0xCF, 0x00, 0xFA, 0xFF, 0xFF, 0x08,
    0x00, 0x00, 0xE6, 0xFF, 0xEF, 0x08, 0x40, 0xFF, 0xFF, 0xFF, 0x03, 0x00, 0x00, 0x00, 0x43, 0x03,
    0x00, 0xD0, 0xFF, 0xFF, 0xEF, 0x00, 0x00, 0x00, 0x00, 0x00, 0x00, 0x00, 0xFA, 0xFF, 0xFF, 0x9F,
    0x00, 0x00, 0x00, 0x00, 0x00, 0x00, 0x70, 0xFF, 0xFF, 0xFF, 0x4F, 0x00, 0x00, 0x00, 0x00, 0x00,
    0x00, 0xF5, 0xFF, 0xFF, 0xFF, 0x0F, 0x00, 0x00, 0x00, 0x00, 0x00, 0x50, 0xFF, 0xFF, 0xFF, 0xFF,
    0x0B, 0x00, 0x00, 0x00, 0x00, 0x00, 0xF6, 0xFF, 0xFF, 0xFF, 0xFF, 0x05, 0x00, 0x00, 0x00, 0x00,
    0x50, 0xFF, 0xFF, 0xFF, 0xFF, 0xFF, 0x01, 0x00, 0x00, 0x00, 0x00, 0xF3, 0xFF, 0xFF, 0xFF, 0xFF,
    0xBF, 0x00, 0x00, 0x00, 0x00, 0x00, 0xFD, 0xFF, 0xFF, 0xFF, 0xFF, 0x5F, 0x00, 0x00, 0x00, 0x00,
    0x20, 0xFF, 0xFF, 0xFF, 0xFF, 0xFF, 0x0E, 0x00, 0x00, 0x00, 0x00, 0x30, 0xFF, 0xFF, 0xFF, 0xFF,
    0xFF, 0x05, 0x00, 0x00, 0x00, 0x00, 0x00, 0xFF, 0xFF, 0xFF, 0xFF, 0x9F, 0x00, 0x00, 0x00, 0x00,
    0x00, 0x00, 0xF6, 0xFF, 0xFF, 0xFF, 0x09, 0x00, 0x00, 0x00, 0x00, 0x00, 0x00, 0x40, 0xEB, 0xEF,
    0x3A, 0x00, 0x00, 0x00, 0x00, 0x00, 0x00, 0x00, 0x00, 0x00, 0x00, 0x00, 0x00, 0x00, 0x72, 0xDA,
    0xFE, 0xEF, 0x7C, 0x01, 0x00, 0x00, 0x00, 0x00, 0x00, 0x00, 0x00, 0xD6, 0xFF, 0xFF, 0xFF, 0xFF,
    0xFF, 0x2E, 0x00, 0x00, 0x00, 0x00, 0x00, 0x00, 0xD4, 0xFF, 0xFF, 0xFF, 0xFF, 0xFF, 0xFF, 0xBF,
    0x00, 0x00, 0x00, 0x00, 0x00, 0x80, 0xFF, 0xFF, 0xFF, 0xFF, 0xFF, 0xFF, 0xFF, 0xFF, 0x00, 0x00,
    0x00, 0x00, 0x00, 0xF9, 0xFF, 0xFF, 0xFF, 0xFF, 0xFF, 0xFF, 0xFF, 0xFF, 0x00, 0x00, 0x00, 0x00,
    0x80, 0xFF, 0xFF, 0xFF, 0xFF, 0xFF, 0xFF, 0xFF, 0xFF, 0xDF, 0x00, 0x00, 0x00, 0x00, 0xF4, 0xFF,
    0xFF, 0xFF, 0xFF, 0xFF, 0xFF, 0xFF, 0xFF, 0x9F, 0x00, 0x00, 0x00, 0x00, 0xFD, 0xFF, 0xFF, 0xFF,
    0xEF, 0x37, 0x00, 0xF5, 0xFF, 0x4F, 0x00, 0x00, 0x00, 0x60, 0xFF, 0xFF, 0xFF, 0xFF, 0x1D, 0x00,
    0x00, 0xF9, 0xFF, 0x0E, 0x00, 0x00, 0x00, 0xC0, 0xFF, 0xFF, 0xFF, 0xFF, 0x02, 0x00, 0x10, 0xFF,
    0xFF, 0x09, 0x00, 0x00, 0x00, 0xF1, 0xFF, 0xFF, 0xFF, 0xBF, 0x00, 0x00, 0x70, 0xFF, 0xFF, 0x04,
    0x00, 0x00, 0x00, 0xF4, 0xFF, 0xFF, 0xFF, 0x9F, 0x00, 0x00, 0xD0, 0xFF, 0xEF, 0x00, 0x00, 0x00,
    0x00, 0xF6, 0xFF, 0xFF, 0xFF, 0xBF, 0x00, 0x00, 0xF4, 0xFF, 0x9F, 0x00, 0x00, 0x00, 0x00, 0xF7,
    0xFF, 0xFF, 0xFF, 0xFF, 0x06, 0x00, 0xFA, 0xFF, 0x3F, 0x00, 0x00, 0x00, 0x00, 0xF7, 0xFF, 0xFF,
    0xFF, 0xFF, 0x4F, 0x10, 0xFF, 0xFF, 0x0E, 0x00, 0x00, 0x00, 0x00, 0xF4, 0xFF, 0xFF, 0xFF, 0xFF,
    0x2F, 0x60, 0xFF, 0xFF, 0x08, 0x00, 0x00, 0x00, 0x00, 0xD0, 0xFF, 0xFF, 0xFF, 0xFF, 0x0B, 0xD0,
    0xFF, 0xFF, 0x03, 0x00, 0x00, 0x00, 0x00, 0x40, 0xFF, 0xFF, 0xFF, 0xDF, 0x01, 0xF4, 0xFF, 0xDF,
    0x00, 0x00, 0x00, 0x00, 0x00, 0x00, 0xD4, 0xFF, 0xFF, 0x19, 0x00, 0xFD, 0xFF, 0x8F, 0x00, 0x00,
    0x00, 0x20, 0xEA, 0x09, 0x00, 0x42, 0x03, 0x00, 0x90, 0xFF, 0xFF, 0x2F, 0x00, 0x00, 0x00, 0xF3,
    0xFF, 0x0D, 0x00, 0x00, 0x00, 0x00, 0xF7, 0xFF, 0xFF, 0x0D, 0x00, 0x00, 0x00, 0xFE, 0xFF, 0x7F,
    0x00, 0x00, 0x00, 0x90, 0xFF, 0xFF, 0xFF, 0x07, 0x00, 0x00, 0x70, 0xFF, 0xFF, 0xFF, 0x4B, 0x01,
    0x72, 0xFE, 0xFF, 0xFF, 0xFF, 0x01, 0x00, 0x00, 0xC0, 0xFF, 0xFF, 0xFF, 0xFF, 0xFF, 0xFF, 0xFF,
    0xFF, 0xFF, 0xAF, 0x00, 0x00, 0x00, 0xF0, 0xFF, 0xFF, 0xFF, 0xFF, 0xFF, 0xFF, 0xFF, 0xFF, 0xFF,
    0x2F, 0x00, 0x00, 0x00, 0xF0, 0xFF, 0xFF, 0xFF, 0xFF, 0xFF, 0xFF, 0xFF, 0xFF, 0xFF, 0x0B, 0x00,
    0x00, 0x00, 0xF0, 0xFF, 0xFF, 0xFF, 0xFF, 0xFF, 0xFF, 0xFF, 0xFF, 0xFF, 0x02, 0x00, 0x00, 0x00,
    0xC0, 0xFF, 0xFF, 0xFF, 0xFF, 0xFF, 0xFF, 0xFF, 0xFF, 0x7F, 0x00, 0x00, 0x00, 0x00, 0x70, 0xFF,
    0xFF, 0xFF, 0xFF, 0xFF, 0xFF, 0xFF, 0xFF, 0x0B, 0x00, 0x00, 0x00, 0x00, 0x00, 0xFE, 0xFF, 0xFF,
    0xFF, 0xFF, 0xFF, 0xFF, 0xDF, 0x01, 0x00, 0x00, 0x00, 0x00, 0x00, 0xF3, 0xFF, 0xFF, 0xFF, 0xFF,
    0xFF, 0xFF, 0x1B, 0x00, 0x00, 0x00, 0x00, 0x00, 0x00, 0x20, 0xFC, 0xFF, 0xFF, 0xFF, 0xFF, 0x7E,
    0x00, 0x00, 0x00, 0x00, 0x00, 0x00, 0x00, 0x00, 0x40, 0xD9, 0xFE, 0xDE, 0x5A, 0x00, 0x00, 0x00,
    0x00, 0x00, 0x00, 0x00, 0x00, 0x00, 0x00, 0x00, 0x00, 0x00, 0x00, 0x00, 0x83, 0xDB, 0xFF, 0xDF,
    0x6B, 0x00, 0x00, 0x00, 0x00, 0x60, 0xFC, 0xBF, 0x03, 0x00, 0x00, 0x00, 0x00, 0x00, 0x00, 0x00,
    0x00, 0xE7, 0xFF, 0xFF, 0xFF, 0xFF, 0xFF, 0x1D, 0x00, 0x00, 0x10, 0xFC, 0xFF, 0xFF, 0x3F, 0x00,
    0x00, 0x00, 0x00, 0x00, 0x00, 0x00, 0xE4, 0xFF, 0xFF, 0xFF, 0xFF, 0xFF, 0xFF, 0xAF, 0x00, 0x00,
    0xB0, 0xFF, 0xFF, 0xFF, 0xCF, 0x00, 0x00, 0x00, 0x00, 0x00, 0x00, 0x80, 0xFF, 0xFF, 0xFF, 0xFF,
    0xFF, 0xFF, 0xFF, 0xFF, 0x00, 0x00, 0xF7, 0xFF, 0xFF, 0xFF, 0xFF, 0x01, 0x00, 0x00, 0x00, 0x00,
    0x00, 0xFA, 0xFF, 0xFF, 0xFF, 0xFF, 0xFF, 0xFF, 0xFF, 0xFF, 0x00, 0x10, 0xFE, 0xFF, 0xFF, 0xFF,
    0xFF, 0x03, 0x00, 0x00, 0x00, 0x00, 0x80, 0xFF, 0xFF, 0xFF, 0xFF, 0xFF, 0xFF, 0xFF, 0xFF, 0xCF,
    0x00, 0x80, 0xFF, 0xFF, 0xFF, 0xFF, 0xFF, 0x02, 0x00, 0x00, 0x00, 0x00, 0xF4, 0xFF, 0xFF, 0xFF,
    0xFF, 0x39, 0x01, 0xF5, 0xFF, 0x8F, 0x00, 0xF1, 0xFF, 0xFF, 0xFF, 0xFF, 0xFF, 0x00, 0x00, 0x00,
    0x00, 0x00, 0xFD, 0xFF, 0xFF, 0xFF, 0x4F, 0x00, 0x00, 0xF7, 0xFF, 0x2F, 0x00, 0xF7, 0xFF, 0xFF,
    0xFF, 0xFF, 0xBF, 0x00, 0x00, 0x00, 0x00, 0x50, 0xFF, 0xFF, 0xFF, 0xFF, 0x06, 0x00, 0x00, 0xFE,
    0xFF, 0x0D, 0x00, 0xFE, 0xFF, 0xFF, 0xFF, 0xFF, 0x3F, 0x00, 0x00, 0x00, 0x00, 0xB0, 0xFF, 0xFF,
    0xFF, 0xEF, 0x00, 0x00, 0x40, 0xFF, 0xFF, 0x07, 0x60, 0xFF, 0xFF, 0xFF, 0xFF, 0xFF, 0x08, 0x00,
    0x00, 0x00, 0x00, 0xF0, 0xFF, 0xFF, 0xFF, 0xAF, 0x00, 0x00, 0xA0, 0xFF, 0xFF, 0x01, 0xE0, 0xFF,
    0xFF, 0x1A, 0x71, 0x5A, 0x00, 0x00, 0x00, 0x00, 0x00, 0xF4, 0xFF, 0xFF, 0xFF, 0x9F, 0x00, 0x00,
    0xF1, 0xFF, 0xCF, 0x00, 0xF9, 0xFF, 0xAF, 0x00, 0x00, 0x00, 0x00, 0x00, 0x00, 0x00, 0x00, 0xF6,
    0xFF, 0xFF, 0xFF, 0xDF, 0x00, 0x00, 0xF6, 0xFF, 0xCF, 0x81, 0xFF, 0xFF, 0x0D, 0x00, 0x00, 0x00,
    0x00, 0x00, 0x00, 0x00, 0x00, 0xF7, 0xFF, 0xFF, 0xFF, 0xFF, 0x2D, 0x00, 0xFD, 0xFF, 0xFF, 0xFF,
    0xFF, 0xFF, 0x02, 0x00, 0x00, 0x00, 0x00, 0x00, 0x00, 0x00, 0x00, 0xF7, 0xFF, 0xFF, 0xFF, 0xFF,
    0x4F, 0x30, 0xFF, 0xFF, 0xFF, 0xFF, 0xFF, 0x4F, 0x00, 0x00, 0x00, 0x00, 0x00, 0x00, 0x00, 0x00,
    0x00, 0xF5, 0xFF, 0xFF, 0xFF, 0xFF, 0x1F, 0x90, 0xFF, 0xFF, 0xFF, 0xFF, 0xEF, 0x03, 0x00, 0x00,
    0x00, 0x00, 0x00, 0x00, 0x00, 0x00, 0x00, 0xE0, 0xFF, 0xFF, 0xFF, 0xFF, 0x0A, 0xF0, 0xFF, 0xFF,
    0xFF, 0xFF, 0xCF, 0x00, 0x00, 0x00, 0x00, 0x00, 0x00, 0x00, 0x00, 0x00, 0x00, 0x60, 0xFF, 0xFF,
    0xFF, 0xDF, 0x01, 0xF7, 0xFF, 0xFF, 0xFF, 0xFF, 0xFF, 0x08, 0x00, 0x00, 0x00, 0x00, 0x00, 0x00,
    0x00, 0x00, 0x30, 0x01, 0xF7, 0xFF, 0xFF, 0x1B, 0x10, 0xFE, 0xFF, 0xDF, 0xFA, 0xFF, 0xFF, 0x0F,
    0x00, 0x00, 0x00, 0x00, 0x00, 0x00, 0x00, 0x60, 0xFE, 0x0B, 0x10, 0x75, 0x26, 0x00, 0xB0, 0xFF,
    0xFF, 0x3F, 0xE0, 0xFF, 0xFF, 0x4F, 0x00, 0x00, 0x00, 0x45, 0x00, 0x00, 0x00, 0xF6, 0xFF, 0x0E,
    0x00, 0x00, 0x00, 0x00, 0xF9, 0xFF, 0xFF, 0x0D, 0xC0, 0xFF, 0xFF, 0xAF, 0x00, 0x00, 0x40, 0xFF,
    0x00, 0x00, 0x20, 0xFF, 0xFF, 0x8F, 0x00, 0x00, 0x00, 0xA1, 0xFF, 0xFF, 0xFF, 0x07, 0xC0, 0xFF,
    0xFF, 0xFF, 0x01, 0x00, 0xE1, 0xBF, 0x00, 0x00, 0x80, 0xFF, 0xFF, 0xFF, 0x4B, 0x00, 0x82, 0xFE,
    0xFF, 0xFF, 0xFF, 0x01, 0xC0, 0xFF, 0xFF, 0xFF, 0x1B, 0x40, 0xFD, 0x4F, 0x00, 0x00, 0xD0, 0xFF,
    0xFF, 0xFF, 0xFF, 0xFF, 0xFF, 0xFF, 0xFF, 0xFF, 0xAF, 0x00, 0xD0, 0xFF, 0xFF, 0xFF, 0xFF, 0xFF,
    0xFF, 0x0C, 0x00, 0x00, 0xF0, 0xFF, 0xFF, 0xFF, 0xFF, 0xFF, 0xFF, 0xFF, 0xFF, 0xFF, 0x2F, 0x00,
    0xD0, 0xFF, 0xFF, 0xFF, 0xFF, 0xFF, 0xFF, 0x03, 0x00, 0x00, 0xF0, 0xFF, 0xFF, 0xFF, 0xFF, 0xFF,
    0xFF, 0xFF, 0xFF, 0xFF, 0x0B, 0x00, 0xD0, 0xFF, 0xFF, 0xFF, 0xFF, 0xFF, 0x8F, 0x00, 0x00, 0x00,
    0xF0, 0xFF, 0xFF, 0xFF, 0xFF, 0xFF, 0xFF, 0xFF, 0xFF, 0xFF, 0x02, 0x00, 0xC0, 0xFF, 0xFF, 0xFF,
    0xFF, 0xFF, 0x0C, 0x00, 0x00, 0x00, 0xC0, 0xFF, 0xFF, 0xFF, 0xFF, 0xFF, 0xFF, 0xFF, 0xFF, 0x7F,
    0x00, 0x00, 0x90, 0xFF, 0xFF, 0xFF, 0xFF, 0xEF, 0x01, 0x00, 0x00, 0x00, 0x60, 0xFF, 0xFF, 0xFF,
    0xFF, 0xFF, 0xFF, 0xFF, 0xFF, 0x0B, 0x00, 0x00, 0x40, 0xFF, 0xFF, 0xFF, 0xFF, 0x2E, 0x00, 0x00,
    0x00, 0x00, 0x00, 0xFD, 0xFF, 0xFF, 0xFF, 0xFF, 0xFF, 0xFF, 0xDF, 0x01, 0x00, 0x00, 0x00, 0xFC,
    0xFF, 0xFF, 0xCF, 0x02, 0x00, 0x00, 0x00, 0x00, 0x00, 0xE2, 0xFF, 0xFF, 0xFF, 0xFF, 0xFF, 0xFF,
    0x1B, 0x00, 0x00, 0x00, 0x00, 0x91, 0xFE, 0xBE, 0x05, 0x00, 0x00, 0x00, 0x00, 0x00, 0x00, 0x20,
    0xFC, 0xFF, 0xFF, 0xFF, 0xFF, 0x7E, 0x00, 0x00, 0x00, 0x00, 0x00, 0x00, 0x00, 0x00, 0x00, 0x00,
    0x00, 0x00, 0x00, 0x00, 0x00, 0x00, 0x40, 0xD9, 0xFE, 0xDE, 0x5A, 0x00, 0x00, 0x00, 0x00, 0x00,
    0x00, 0x00, 0x00, 0x00, 0x00, 0x00, 0x00, 0x00, 0x00, 0x00, 0x00, 0x00, 0x00, 0x00, 0x00, 0x93,
    0xFD, 0xDF, 0x07, 0x00, 0x00, 0x00, 0xA4, 0xFE, 0xDF, 0x29, 0x00, 0x00, 0x00, 0x00, 0x00, 0x00,
    0x90, 0xFF, 0xFF, 0xFF, 0xCF, 0x00, 0x00, 0xB1, 0xFF, 0xFF, 0xFF, 0xFF, 0x06, 0x00, 0x00, 0x00,
    0x00, 0x00, 0xFA, 0xFF, 0xFF, 0xFF, 0xFF, 0x06, 0x20, 0xFE, 0xFF, 0xFF, 0xFF, 0xFF, 0x3F, 0x00,
    0x00, 0x00, 0x00, 0x50, 0xFF, 0xFF, 0xFF, 0xFF, 0xFF, 0x09, 0xE1, 0xFF, 0xFF, 0xFF, 0xFF, 0xFF,
    0xAF, 0x00, 0x00, 0x00, 0x00, 0xC0, 0xFF, 0xFF, 0xFF, 0xFF, 0xDF, 0x05, 0xFC, 0xFF, 0xFF, 0xFF,
    0xFF, 0xFF, 0xEF, 0x00, 0x00, 0x00, 0x00, 0xF1, 0xFF, 0xFF, 0xFF, 0xAF, 0x01, 0x70, 0xFF, 0xFF,
    0xFF, 0xFF, 0xFF, 0xFF, 0xFF, 0x00, 0x00, 0x00, 0x00, 0xF3, 0xFF, 0xFF, 0xFF, 0x0C, 0x00, 0xF1,
    0xFF, 0xFF, 0xFF, 0xFF, 0xFF, 0xFF, 0xEF, 0x00, 0x00, 0x00, 0x00, 0xF4, 0xFF, 0xFF, 0xFF, 0x06,
    0x00, 0xFA, 0xFF, 0xFF, 0x19, 0xF3, 0xFF, 0xFF, 0xCF, 0x00, 0x00, 0x00, 0x00, 0xF3, 0xFF, 0xFF,
    0xFF, 0x05, 0x20, 0xFF, 0xFF, 0x9F, 0x00, 0xD0, 0xFF, 0xFF, 0x8F, 0x00, 0x00, 0x00, 0x00, 0xF1,
    0xFF, 0xFF, 0xFF, 0x08, 0xA0, 0xFF, 0xFF, 0x0C, 0x00, 0xF1, 0xFF, 0xFF, 0x2F, 0x00, 0x00, 0x00,
    0x00, 0xC0, 0xFF, 0xFF, 0xFF, 0x1E, 0xF2, 0xFF, 0xFF, 0x03, 0x00, 0xFA, 0xFF, 0xFF, 0x0B, 0x00,
    0x00, 0x00, 0x00, 0x40, 0xFF, 0xFF, 0xFF, 0xBF, 0xFA, 0xFF, 0xAF, 0x00, 0xA0, 0xFF, 0xFF, 0xFF,
    0x02, 0x00, 0x00, 0x00, 0x00, 0x00, 0xFA, 0xFF, 0xFF, 0xFF, 0xFF, 0xFF, 0x3F, 0x72, 0xFE, 0xFF,
    0xFF, 0x5F, 0x00, 0x00, 0x00, 0x00, 0x00, 0x00, 0xB0, 0xFF, 0xFF, 0xFF, 0xFF, 0xFF, 0xFF, 0xFF,
    0xFF, 0xFF, 0xFF, 0x05, 0x00, 0x00, 0x00, 0x00, 0x00, 0x00, 0x00, 0xF9, 0xFF, 0xFF, 0xFF, 0xFF,
    0xFF, 0xFF, 0xFF, 0xFF, 0x2C, 0x00, 0x00, 0x00, 0x00, 0x00, 0x00, 0x00, 0x00, 0x30, 0xFB, 0xFF,
    0xFF, 0xFF, 0xFF, 0xFF, 0xFF, 0x5C, 0x00, 0x00, 0x00, 0x00, 0x00, 0x00, 0x00, 0x00, 0x00, 0x00,
    0x10, 0xFC, 0xFF, 0xFF, 0xEF, 0xAD, 0x27, 0x00, 0x00, 0x00, 0x00, 0x00, 0x00, 0x00, 0x82, 0xFC,
    0xEF, 0x9C, 0x14, 0xFF, 0xFF, 0x2F, 0x00, 0x00, 0x00, 0x00, 0x00, 0x00, 0x00, 0x00, 0x00, 0x70,
    0xFF, 0xFF, 0xFF, 0xFF, 0xFF, 0xFF, 0xFF, 0x0B, 0x00, 0x00, 0x00, 0x00, 0x00, 0x00, 0x24, 0x00,
    0x00, 0xFA, 0xFF, 0xFF, 0xEF, 0xFF, 0xFF, 0xFF, 0xFF, 0x05, 0x00, 0x00, 0x00, 0x00, 0x00, 0x30,
    0xEF, 0x00, 0x60, 0xFF, 0xFF, 0xFF, 0x07, 0x90, 0xFF, 0xFF, 0xFF, 0x00, 0x00, 0x00, 0x00, 0x00,
    0x00, 0xE2, 0xCF, 0x00, 0xE0, 0xFF, 0xFF, 0xFF, 0x09, 0xC3, 0xFF, 0xFF, 0xFF, 0x4D, 0x00, 0x00,
    0x00, 0x00, 0x60, 0xFF, 0x4F, 0x00, 0xF4, 0xFF, 0xFF, 0xFF, 0xFF, 0xFF, 0xFF, 0xFF, 0xFF, 0xFF,
    0x6C, 0x02, 0x20, 0x94, 0xFE, 0xFF, 0x0B, 0x00, 0xF6, 0xFF, 0xFF, 0xFF, 0xFF, 0xFF, 0xFF, 0xFF,
    0xFF, 0xFF, 0xFF, 0xFF, 0xFF, 0xFF, 0xFF, 0xFF, 0x03, 0x00, 0xF7, 0xFF, 0xFF, 0xFF, 0xFF, 0xFF,
    0xFF, 0xFF, 0xFF, 0xFF, 0xFF, 0xFF, 0xFF, 0xFF, 0xFF, 0xAF, 0x00, 0x00, 0xF5, 0xFF, 0xFF, 0xFF,
    0xFF, 0xFF, 0xFF, 0xFF, 0xFF, 0xFF, 0xFF, 0xFF, 0xFF, 0xFF, 0xFF, 0x1E, 0x00, 0x00, 0xF1, 0xFF,
    0xFF, 0xFF, 0xFF, 0xFF, 0xFF, 0x2D, 0xFE, 0xFF, 0xFF, 0xFF, 0xFF, 0xFF, 0xFF, 0x06, 0x00, 0x00,
    0xB0, 0xFF, 0xFF, 0xFF, 0xFF, 0xFF, 0xFF, 0x02, 0xF3, 0xFF, 0xFF, 0xFF, 0xFF, 0xFF, 0xAF, 0x00,
    0x00, 0x00, 0x20, 0xFF, 0xFF, 0xFF, 0xFF, 0xFF, 0x3F, 0x00, 0x30, 0xFE, 0xFF, 0xFF, 0xFF, 0xFF,
    0x0C, 0x00, 0x00, 0x00, 0x00, 0xE3, 0xFF, 0xFF, 0xFF, 0xDF, 0x02, 0x00, 0x00, 0xC1, 0xFF, 0xFF,
    0xFF, 0xCF, 0x01, 0x00, 0x00, 0x00, 0x00, 0x10, 0xC7, 0xFE, 0xBE, 0x05, 0x00, 0x00, 0x00, 0x00,
    0xA4, 0xFE, 0xCE, 0x05, 0x00, 0x00, 0x00, 0x00, 0x00, 0x00, 0x00, 0x00, 0x00, 0x00, 0x00, 0x95,
    0xEC, 0xFF, 0xDE, 0x59, 0x00, 0x00, 0x00, 0x00, 0x00, 0x00, 0x00, 0x00, 0x92, 0xFD, 0xBF, 0x04,
    0x00, 0x00, 0x00, 0x00, 0x00, 0x00, 0x10, 0xF9, 0xFF, 0xFF, 0xFF, 0xFF, 0xFF, 0x7E, 0x00, 0x00,
    0x00, 0x00, 0x00, 0x00, 0x90, 0xFF, 0xFF, 0xFF, 0x4F, 0x00, 0x00, 0x00, 0x00, 0x00, 0x00, 0xF6,
    0xFF, 0xFF, 0xFF, 0xFF, 0xFF, 0xFF, 0xFF, 0x1C, 0x00, 0x00, 0x00, 0x00, 0x20, 0xFD, 0xFF, 0xFF,
    0xFF, 0xDF, 0x00, 0x00, 0x00, 0x00, 0x00, 0xA0, 0xFF, 0xFF, 0xFF, 0xFF, 0xFF, 0xFF, 0xFF, 0xFF,
    0xDF, 0x01, 0x00, 0x00, 0x00, 0xF4, 0xFF, 0xFF, 0xFF, 0xFF, 0xFF, 0x01, 0x00, 0x00, 0x00, 0x00,
    0xFA, 0xFF, 0xFF, 0xFF, 0xFF, 0xFF, 0xFF, 0xFF, 0xFF, 0xFF, 0x0B, 0x00, 0x00, 0x30, 0xFF, 0xFF,
    0xFF, 0xFF, 0xFF, 0xFF, 0x02, 0x00, 0x00, 0x00, 0x70, 0xFF, 0xFF, 0xFF, 0xFF, 0xFF, 0xFF, 0xFF,
    0xFF, 0xFF, 0xFF, 0x5F, 0x00, 0x00, 0xE2, 0xFF, 0xFF, 0xFF, 0xFF, 0xFF, 0xFF, 0x00, 0x00, 0x00,
    0x00, 0xF1, 0xFF, 0xFF, 0xFF, 0xFF, 0xFF, 0xFF, 0xFF, 0xFF, 0xFF, 0xFF, 0xDF, 0x00, 0x00, 0xFD,
    0xFF, 0xFF, 0xFF, 0xFF, 0xFF, 0xBF, 0x00, 0x00, 0x00, 0x00, 0xF9, 0xFF, 0xFF, 0xFF, 0xCF, 0x03,
    0x92, 0xFF, 0xFF, 0xFF, 0xFF, 0xFF, 0x04, 0x90, 0xFF, 0xFF, 0xFF, 0xFF, 0xFF, 0xFF, 0x4F, 0x00,
    0x00, 0x00, 0x00, 0xFF, 0xFF, 0xFF, 0xFF, 0x0C, 0x00, 0x00, 0xFC, 0xFF, 0xFF, 0xFF, 0xFF, 0x09,
    0xF4, 0xFF, 0xFF, 0xFF, 0xFF, 0xFF, 0xFF, 0x09, 0x00, 0x00, 0x00, 0x40, 0xFF, 0xFF, 0xFF, 0xFF,
    0x03, 0x00, 0x00, 0xF7, 0xFF, 0xFF, 0xFF, 0xFF, 0x0C, 0xFD, 0xFF, 0xFF, 0xFF, 0xFF, 0x1A, 0x54,
    0x00, 0x00, 0x00, 0x00, 0x70, 0xFF, 0xFF, 0xFF, 0xFF, 0x00, 0x00, 0x00, 0xF5, 0xFF, 0xFF, 0xFF,
    0xFF, 0x6F, 0xFF, 0xFF, 0xFF, 0xFF, 0xEF, 0x00, 0x00, 0x00, 0x00, 0x00, 0x00, 0x80, 0xFF, 0xFF,
    0xFF, 0xFF, 0x00, 0x00, 0x00, 0xF6, 0xFF, 0xFF, 0xFF, 0xFF, 0xFF, 0xFF, 0xFF, 0xFF, 0xFF, 0x8F,
    0x00, 0x00, 0x00, 0x00, 0x00, 0x00, 0x80, 0xFF, 0xFF, 0xFF, 0xFF, 0x06, 0x00, 0x00, 0xF9, 0xFF,
    0xFF, 0xFF, 0xFF, 0xFF, 0xFF, 0xFF, 0xFF, 0xFF, 0x3F, 0x00, 0x00, 0x00, 0x00, 0x00, 0x00, 0x70,
    0xFF, 0xFF, 0xFF, 0xFF, 0xAF, 0x01, 0x00, 0xFD, 0xCF, 0xA0, 0xFF, 0xFF, 0xFF, 0xFF, 0x08, 0xFC,
    0xFF, 0x0E, 0x00, 0x00, 0x00, 0x00, 0x00, 0x00, 0x30, 0xFF, 0xFF, 0xFF, 0xFF, 0xFF, 0x03, 0x20,
    0xFF, 0x6F, 0x60, 0xFF, 0xFF, 0xFF, 0xCF, 0x00, 0xFB, 0xFF, 0x0B, 0x00, 0x00, 0x00, 0x00, 0x00,
    0x00, 0x00, 0xFD, 0xFF, 0xFF, 0xFF, 0xEF, 0x00, 0x90, 0xFF, 0x2F, 0x60, 0xFF, 0xFF, 0xFF, 0x4F,
    0x10, 0xFF, 0xFF, 0x07, 0x00, 0x00, 0x00, 0x00, 0x00, 0x00, 0x00, 0xF3, 0xFF, 0xFF, 0xFF, 0x6F,
    0x00, 0xF2, 0xFF, 0x0E, 0x70, 0xFF, 0xFF, 0xFF, 0x0D, 0x60, 0xFF, 0xFF, 0x05, 0x00, 0x00, 0x00,
    0x00, 0x00, 0x00, 0x00, 0x40, 0xFE, 0xFF, 0xFF, 0x07, 0x00, 0xFB, 0xFF, 0x0A, 0xA0, 0xFF, 0xFF,
    0xFF, 0x08, 0xC0, 0xFF, 0xFF, 0x03, 0x00, 0x00, 0x00, 0x00, 0x00, 0x00, 0x00, 0x00, 0x61, 0x99,
    0x17, 0x00, 0x40, 0xFF, 0xFF, 0x06, 0xE0, 0xFF, 0xFF, 0xFF, 0x02, 0xF2, 0xFF, 0xFF, 0x02, 0x00,
    0x00, 0x00, 0x00, 0x00, 0x30, 0xCA, 0x03, 0x00, 0x00, 0x00, 0x00, 0xF3, 0xFF, 0xFF, 0x01, 0xF2,
    0xFF, 0xFF, 0xDF, 0x00, 0xF7, 0xFF, 0xFF, 0x02, 0x00, 0x00, 0x06, 0x00, 0x00, 0xF8, 0xFF, 0x07,
    0x00, 0x00, 0x00, 0x20, 0xFE, 0xFF, 0xBF, 0x00, 0xF6, 0xFF, 0xFF, 0x8F, 0x00, 0xFC, 0xFF, 0xFF,
    0x05, 0x00, 0x70, 0xAF, 0x00, 0x60, 0xFF, 0xFF, 0x1E, 0x00, 0x00, 0x00, 0xE4, 0xFF, 0xFF, 0x5F,
    0x00, 0xFB, 0xFF, 0xFF, 0x4F, 0x10, 0xFF, 0xFF, 0xFF, 0x4E, 0x20, 0xF9, 0x9F, 0x00, 0xE1, 0xFF,
    0xFF, 0xEF, 0x26, 0x10, 0xB5, 0xFF, 0xFF, 0xFF, 0x0E, 0x00, 0xFF, 0xFF, 0xFF, 0x0F, 0x40, 0xFF,
    0xFF, 0xFF, 0xFF, 0xFF, 0xFF, 0x1F, 0x00, 0xF6, 0xFF, 0xFF, 0xFF, 0xFF, 0xFF, 0xFF, 0xFF, 0xFF,
    0xFF, 0x07, 0x40, 0xFF, 0xFF, 0xFF, 0x0B, 0x60, 0xFF, 0xFF, 0xFF, 0xFF, 0xFF, 0xFF, 0x08, 0x00,
    0xFA, 0xFF, 0xFF, 0xFF, 0xFF, 0xFF, 0xFF, 0xFF, 0xFF, 0xEF, 0x01, 0x80, 0xFF, 0xFF, 0xFF, 0x06,
    0x80, 0xFF, 0xFF, 0xFF, 0xFF, 0xFF, 0xFF, 0x01, 0x00, 0xFC, 0xFF, 0xFF, 0xFF, 0xFF, 0xFF, 0xFF,
    0xFF, 0xFF, 0x6F, 0x00, 0xB0, 0xFF, 0xFF, 0xFF, 0x02, 0x80, 0xFF, 0xFF, 0xFF, 0xFF, 0xFF, 0x7F,
    0x00, 0x00, 0xFC, 0xFF, 0xFF, 0xFF, 0xFF, 0xFF, 0xFF, 0xFF, 0xFF, 0x0C, 0x00, 0xC0, 0xFF, 0xFF,
    0xDF, 0x00, 0x60, 0xFF, 0xFF, 0xFF, 0xFF, 0xFF, 0x0D, 0x00, 0x00, 0xFA, 0xFF, 0xFF, 0xFF, 0xFF,
    0xFF, 0xFF, 0xFF, 0xEF, 0x01, 0x00, 0x90, 0xFF, 0xFF, 0x6F, 0x00, 0x30, 0xFF, 0xFF, 0xFF, 0xFF,
    0xFF, 0x02, 0x00, 0x00, 0xF5, 0xFF, 0xFF, 0xFF, 0xFF, 0xFF, 0xFF, 0xFF, 0x3F, 0x00, 0x00, 0x10,
    0xFC, 0xEF, 0x07, 0x00, 0x00, 0xFD, 0xFF, 0xFF, 0xFF, 0x4F, 0x00, 0x00, 0x00, 0xE0, 0xFF, 0xFF,
    0xFF, 0xFF, 0xFF, 0xFF, 0xEF, 0x03, 0x00, 0x00, 0x00, 0x00, 0x01, 0x00, 0x00, 0x00, 0xF4, 0xFF,
    0xFF, 0xEF, 0x03, 0x00, 0x00, 0x00, 0x30, 0xFF, 0xFF, 0xFF, 0xFF, 0xFF, 0xFF, 0x2C, 0x00, 0x00,
    0x00, 0x00, 0x00, 0x00, 0x00, 0x00, 0x00, 0x30, 0xFB, 0xDF, 0x18, 0x00, 0x00, 0x00, 0x00, 0x00,
    0xE4, 0xFF, 0xFF, 0xFF, 0xFF, 0x6E, 0x00, 0x00, 0x00, 0x00, 0x00, 0x00, 0x00, 0x00, 0x00, 0x00,
    0x00, 0x00, 0x00, 0x00, 0x00, 0x00, 0x00, 0x00, 0x00, 0x10, 0xC7, 0xFE, 0xDF, 0x59, 0x00, 0x00,
    0x00, 0x00, 0x00, 0x00, 0x00, 0x00, 0x00, 0x00, 0x00, 0x00, 0x00, 0x00, 0x00, 0x00, 0x00, 0x00,
    0x00, 0x00, 0x00, 0x00, 0x00, 0x00, 0x00, 0x00, 0x83, 0xEB, 0xFF, 0xCE, 0x39, 0x00, 0x00, 0x00,
    0x00, 0x00, 0x00, 0x00, 0x10, 0xC7, 0xFE, 0xDF, 0x18, 0x00, 0x00, 0x00, 0x00, 0x00, 0x00, 0x00,
    0xD5, 0xFF, 0xFF, 0xFF, 0xFF, 0xFF, 0x2B, 0x00, 0x00, 0x00, 0x00, 0x00, 0x00, 0xF8, 0xFF, 0xFF,
    0xFF, 0xFF, 0x04, 0x00, 0x00, 0x00, 0x00, 0x00, 0xB1, 0xFF, 0xFF, 0xFF, 0xFF, 0xFF, 0xFF, 0xFF,
    0x03, 0x00, 0x00, 0x00, 0x00, 0xC1, 0xFF, 0xFF, 0xFF, 0xFF, 0xFF, 0x1E, 0x00, 0x00, 0x00, 0x00,
    0x10, 0xFD, 0xFF, 0xFF, 0xFF, 0xFF, 0xFF, 0xFF, 0xFF, 0x2E, 0x00, 0x00, 0x00, 0x00, 0xFC, 0xFF,
    0xFF, 0xFF, 0xFF, 0xFF, 0x6F, 0x00, 0x00, 0x00, 0x00, 0xD0, 0xFF, 0xFF, 0xFF, 0xFF, 0xFF, 0xFF,
    0xFF, 0xFF, 0xCF, 0x00, 0x00, 0x00, 0xA0, 0xFF, 0xFF, 0xFF, 0xFF, 0xFF, 0xFF, 0x8F, 0x00, 0x00,
    0x00, 0x00, 0xF8, 0xFF, 0xFF, 0xFF, 0xFF, 0xFF, 0xFF, 0xFF, 0xFF, 0xFF, 0x04, 0x00, 0x00, 0xF5,
    0xFF, 0xFF, 0xFF, 0xFF, 0xFF, 0xFF, 0x7F, 0x00, 0x00, 0x00, 0x10, 0xFF, 0xFF, 0xFF, 0xFF, 0xFF,
    0xFF, 0xFF, 0xFF, 0xFF, 0xFF, 0x0A, 0x00, 0x00, 0xFE, 0xFF, 0xFF, 0xFF, 0xFF, 0xFF, 0xFF, 0x2F,
    0x00, 0x00, 0x00, 0x70, 0xFF, 0xFF, 0xFF, 0xFF, 0x3C, 0x20, 0xFC, 0xFF, 0xFF, 0xFF, 0x0F, 0x00,
    0x70, 0xFF, 0xFF, 0xFF, 0xFF, 0xFF, 0xFF, 0xFF, 0x09, 0x00, 0x00, 0x00, 0xB0, 0xFF, 0xFF, 0xFF,
    0xEF, 0x01, 0x00, 0xF1, 0xFF, 0xFF, 0xFF, 0x4F, 0x00, 0xD0, 0xFF, 0xFF, 0xFF, 0x3B, 0x30, 0xDB,
    0x5B, 0x00, 0x00, 0x00, 0x00, 0xE0, 0xFF, 0xFF, 0xFF, 0xAF, 0x00, 0x00, 0xB0, 0xFF, 0xFF, 0xFF,
    0x7F, 0x00, 0xF3, 0xFF, 0xFF, 0x7F, 0x00, 0x00, 0x00, 0x00, 0x00, 0x00, 0x00, 0x00, 0xF0, 0xFF,
    0xFF, 0xFF, 0xAF, 0x00, 0x00, 0x90, 0xFF, 0xFF, 0xFF, 0xAF, 0x00, 0xF9, 0xFF, 0xFF, 0x09, 0x00,
    0x00, 0x00, 0x00, 0x00, 0x00, 0x00, 0x00, 0xF0, 0xFF, 0xFF, 0xFF, 0xEF, 0x01, 0x00, 0xA0, 0xFF,
    0xFF, 0xFF, 0xCF, 0x00, 0xFD, 0xFF, 0xDF, 0x00, 0x00, 0x00, 0x00, 0x00, 0x00, 0x00, 0x00, 0x00,
    0xD0, 0xFF, 0xFF, 0xFF, 0xFF, 0x6E, 0x00, 0xD0, 0xFF, 0xFF, 0xFF, 0xDF, 0x10, 0xFF, 0xFF, 0x4F,
    0x00, 0x00, 0x00, 0x00, 0x00, 0x00, 0x00, 0x00, 0x00, 0x90, 0xFF, 0xFF, 0xFF, 0xFF, 0xCF, 0x00,
    0xF1, 0xFF, 0xFF, 0xFF, 0xEF, 0x40, 0xFF, 0xFF, 0x0C, 0x00, 0x00, 0x00, 0x00, 0x00, 0x00, 0x00,
    0x00, 0x00, 0x20, 0xFF, 0xFF, 0xFF, 0xFF, 0x8F, 0x00, 0xF6, 0xFF, 0xD1, 0xFF, 0xFF, 0x70, 0xFF,
    0xFF, 0x05, 0x00, 0x00, 0x00, 0x00, 0x00, 0x00, 0x00, 0x00, 0x00, 0x00, 0xF7, 0xFF, 0xFF, 0xFF,
    0x1D, 0x00, 0xFD, 0xCF, 0xD0, 0xFF, 0xFF, 0x90, 0xFF, 0xEF, 0x00, 0x00, 0x00, 0x00, 0x00, 0x00,
    0x00, 0x00, 0x00, 0x00, 0x00, 0x70, 0xFF, 0xFF, 0xBF, 0x01, 0x50, 0xFF, 0x8F, 0xE0, 0xFF, 0xFF,
    0xD2, 0xFF, 0x8F, 0x00, 0x00, 0x00, 0x00, 0x00, 0x00, 0x00, 0x00, 0x00, 0x00, 0x00, 0x00, 0x51,
    0x67, 0x02, 0x00, 0xE0, 0xFF, 0x4F, 0xF0, 0xFF, 0xFF, 0xFF, 0xFF, 0x3F, 0x00, 0x00, 0x00, 0x00,
    0x00, 0x00, 0x00, 0x00, 0x00, 0x00, 0x00, 0x00, 0x00, 0x00, 0x00, 0x00, 0xF8, 0xFF, 0x0F, 0xF1,
    0xFF, 0xFF, 0xFF, 0xFF, 0x0D, 0x00, 0x00, 0x00, 0x00, 0x00, 0x00, 0x00, 0x00, 0x00, 0x83, 0x09,
    0x00, 0x00, 0x00, 0x00, 0x60, 0xFF, 0xFF, 0x0B, 0xF2, 0xFF, 0xFF, 0xFF, 0xFF, 0x09, 0x00, 0x00,
    0x00, 0x00, 0x00, 0x00, 0x00, 0x00, 0x90, 0xFF, 0x2F, 0x00, 0x00, 0x00, 0x00, 0xF4, 0xFF, 0xFF,
    0x06, 0xF2, 0xFF, 0xFF, 0xFF, 0xFF, 0x04, 0x00, 0x00, 0x00, 0x00, 0x00, 0x00, 0x00, 0x00, 0xF9,
    0xFF, 0xAF, 0x00, 0x00, 0x00, 0x60, 0xFF, 0xFF, 0xFF, 0x01, 0xF3, 0xFF, 0xFF, 0xFF, 0xFF, 0x00,
    0x00, 0x00, 0x00, 0x00, 0x00, 0x00, 0x00, 0x30, 0xFF, 0xFF, 0xFF, 0x4C, 0x01, 0x62, 0xFD, 0xFF,
    0xFF, 0xAF, 0x00, 0xF3, 0xFF, 0xFF, 0xFF, 0xCF, 0x00, 0x00, 0x00, 0x00, 0x00, 0x00, 0x00, 0x00,
    0x90, 0xFF, 0xFF, 0xFF, 0xFF, 0xFF, 0xFF, 0xFF, 0xFF, 0xFF, 0x3F, 0x00, 0xF4, 0xFF, 0xFF, 0xFF,
    0x8F, 0x00, 0x00, 0x00, 0x00, 0x00, 0x00, 0x00, 0x00, 0xE0, 0xFF, 0xFF, 0xFF, 0xFF, 0xFF, 0xFF,
    0xFF, 0xFF, 0xFF, 0x0B, 0x00, 0xF4, 0xFF, 0xFF, 0xFF, 0x5F, 0x00, 0x00, 0x00, 0x00, 0x00, 0x00,
    0x00, 0x00, 0xF0, 0xFF, 0xFF, 0xFF, 0xFF, 0xFF, 0xFF, 0xFF, 0xFF, 0xFF, 0x02, 0x00, 0xF3, 0xFF,
    0xFF, 0xFF, 0x2F, 0x00, 0x00, 0x00, 0x00, 0x00, 0x00, 0x00, 0x00, 0xF0, 0xFF, 0xFF, 0xFF, 0xFF,
    0xFF, 0xFF, 0xFF, 0xFF, 0x8F, 0x00, 0x00, 0xF1, 0xFF, 0xFF, 0xFF, 0x0E, 0x00, 0x00, 0x00, 0x00,
    0x00, 0x00, 0x00, 0x00, 0xE0, 0xFF, 0xFF, 0xFF, 0xFF, 0xFF, 0xFF, 0xFF, 0xFF, 0x0C, 0x00, 0x00,
    0xF0, 0xFF, 0xFF, 0xFF, 0x0A, 0x00, 0x00, 0x00, 0x00, 0x00, 0x00, 0x00, 0x00, 0x90, 0xFF, 0xFF,
    0xFF, 0xFF, 0xFF, 0xFF, 0xFF, 0xDF, 0x01, 0x00, 0x00, 0xA0, 0xFF, 0xFF, 0xFF, 0x04, 0x00, 0x00,
    0x00, 0x00, 0x00, 0x00, 0x00, 0x00, 0x30, 0xFF, 0xFF, 0xFF, 0xFF, 0xFF, 0xFF, 0xFF, 0x1D, 0x00,
    0x00, 0x00, 0x30, 0xFF, 0xFF, 0xAF, 0x00, 0x00, 0x00, 0x00, 0x00, 0x00, 0x00, 0x00, 0x00, 0x00,
    0xF8, 0xFF, 0xFF, 0xFF, 0xFF, 0xFF, 0xAF, 0x00, 0x00, 0x00, 0x00, 0x00, 0xC4, 0xEF, 0x08, 0x00,
    0x00, 0x00, 0x00, 0x00, 0x00, 0x00, 0x00, 0x00, 0x00, 0x70, 0xFF, 0xFF, 0xFF, 0xFF, 0xCF, 0x04,
    0x00, 0x00, 0x00, 0x00, 0x00, 0x00, 0x00, 0x00, 0x00, 0x00, 0x00, 0x00, 0x00, 0x00, 0x00, 0x00,
    0x00, 0x00, 0x00, 0x82, 0xED, 0xEF, 0x8C, 0x03, 0x00, 0x00, 0x00, 0x00, 0x00, 0x00, 0x00, 0x00,
    0x00, 0x00, 0x00, 0x00, 0x00, 0x00, 0x00, 0x00, 0x00, 0x00, 0x00, 0x00, 0x00, 0x00, 0x00, 0x00,
    0x82, 0xFD, 0xDF, 0x4A, 0x00, 0x00, 0x00, 0x00, 0x00, 0x00, 0x00, 0x60, 0xFF, 0xFF, 0xFF, 0xFF,
    0x09, 0x00, 0x00, 0x00, 0x00, 0x00, 0x00, 0xF6, 0xFF, 0xFF, 0xFF, 0xFF, 0x9F, 0x00, 0x00, 0x00,
    0x00, 0x00, 0x30, 0xFF, 0xFF, 0xFF, 0xFF, 0xFF, 0xFF, 0x03, 0x00, 0x00, 0x00, 0x00, 0xC0, 0xFF,
    0xFF, 0xFF, 0xFF, 0xFF, 0xFF, 0x0A, 0x00, 0x00, 0x00, 0x42, 0xF4, 0xFF, 0xFF, 0xFF, 0xFF, 0xFF,
    0xFF, 0x0E, 0x00, 0x00, 0x90, 0xFF, 0xFF, 0xFF, 0xFF, 0xFF, 0xFF, 0xFF, 0xFF, 0x2F, 0x00, 0x00,
    0xFA, 0xFF, 0xFF, 0xFF, 0x2C, 0x20, 0xFB, 0xFF, 0xFF, 0x3F, 0x00, 0x50, 0xFF, 0xFF, 0xFF, 0xFF,
    0x04, 0x00, 0xD0, 0xFF, 0xFF, 0x4F, 0x00, 0xE0, 0xFF, 0xFF, 0xFF, 0xFF, 0x1A, 0x00, 0x60, 0xFF,
    0xFF, 0x3F, 0x00, 0xF6, 0xFF, 0xFF, 0xFD, 0xFF, 0xFF, 0x1D, 0x30, 0xFF, 0xFF, 0x3F, 0x00, 0xFC,
    0xFF, 0xCF, 0xF6, 0xFF, 0xFF, 0x6F, 0x20, 0xFF, 0xFF, 0x1F, 0x20, 0xFF, 0xFF, 0x7F, 0xE0, 0xFF,
    0xFF, 0x4F, 0x30, 0xFF, 0xFF, 0x0E, 0x70, 0xFF, 0xFF, 0x3F, 0x50, 0xFF, 0xFF, 0x0C, 0x50, 0xFF,
    0xFF, 0x0C, 0xC0, 0xFF, 0xFF, 0x0F, 0x00, 0x93, 0x7B, 0x00, 0x90, 0xFF, 0xFF, 0x08, 0xF0, 0xFF,
    0xFF, 0x0F, 0x00, 0x00, 0x00, 0x00, 0xE0, 0xFF, 0xFF, 0x04, 0xF3, 0xFF, 0xFF, 0x0F, 0x00, 0x00,
    0x00, 0x00, 0xF5, 0xFF, 0xFF, 0x00, 0xF6, 0xFF, 0xFF, 0x0F, 0x00, 0x00, 0x00, 0x00, 0xFE, 0xFF,
    0xAF, 0x00, 0xF8, 0xFF, 0xFF, 0x4F, 0x00, 0x00, 0x00, 0xB0, 0xFF, 0xFF, 0x4F, 0x00, 0xF9, 0xFF,
    0xFF, 0xBF, 0x00, 0x00, 0x00, 0xFA, 0xFF, 0xFF, 0x0D, 0x00, 0xF9, 0xFF, 0xFF, 0xFF, 0x2A, 0x10,
    0xD6, 0xFF, 0xFF, 0xFF, 0x06, 0x00, 0xF9, 0xFF, 0xFF, 0xFF, 0xFF, 0xFF, 0xFF, 0xFF, 0xFF, 0xEF,
    0x00, 0x00, 0xF8, 0xFF, 0xFF, 0xFF, 0xFF, 0xFF, 0xFF, 0xFF, 0xFF, 0x6F, 0x00, 0x00, 0xF5, 0xFF,
    0xFF, 0xFF, 0xFF, 0xFF, 0xFF, 0xFF, 0xFF, 0x0D, 0x00, 0x00, 0xF2, 0xFF, 0xFF, 0xFF, 0xFF, 0xFF,
    0xFF, 0xFF, 0xFF, 0x03, 0x00, 0x00, 0xD0, 0xFF, 0xFF, 0xFF, 0xFF, 0xFF, 0xFF, 0xFF, 0x7F, 0x00,
    0x00, 0x00, 0x60, 0xFF, 0xFF, 0xFF, 0xFF, 0xFF, 0xFF, 0xFF, 0x0A, 0x00, 0x00, 0x00, 0x00, 0xFC,
    0xFF, 0xFF, 0xFF, 0xFF, 0xFF, 0xBF, 0x00, 0x00, 0x00, 0x00, 0x00, 0xE2, 0xFF, 0xFF, 0xFF, 0xFF,
    0xFF, 0x0A, 0x00, 0x00, 0x00, 0x00, 0x00, 0x20, 0xFC, 0xFF, 0xFF, 0xFF, 0x6E, 0x00, 0x00, 0x00,
    0x00, 0x00, 0x00, 0x00, 0x50, 0xEB, 0xEF, 0x6B, 0x01, 0x00, 0x00, 0x00, 0x00, 0x00, 0x00, 0x00,
    0x00, 0x00, 0x00, 0x00, 0x00, 0x10, 0x85, 0xDB, 0xFE, 0xFF, 0xDE, 0x8B, 0x05, 0x00, 0x00, 0x00,
    0x00, 0x00, 0x00, 0x00, 0x00, 0x00, 0x00, 0x60, 0xFC, 0xFF, 0xFF, 0xFF, 0xFF, 0xFF, 0xFF, 0xFF,
    0x3A, 0x00, 0x00, 0x00, 0x00, 0x00, 0x00, 0x00, 0x00, 0x70, 0xFE, 0xFF, 0xFF, 0xFF, 0xFF, 0xFF,
    0xFF, 0xFF, 0xFF, 0xFF, 0x09, 0x00, 0x00, 0x00, 0x00, 0x00, 0x00, 0x30, 0xFD, 0xFF, 0xFF, 0xFF,
    0xFF, 0xFF, 0xFF, 0xFF, 0xFF, 0xFF, 0xFF, 0xCF, 0x00, 0x00, 0x00, 0x00, 0x00, 0x00, 0xF6, 0xFF,
    0xFF, 0xFF, 0xFF, 0xFF, 0xFF, 0xFF, 0xFF, 0xFF, 0xFF, 0xFF, 0xFF, 0x0B, 0x00, 0x00, 0x00, 0x00,
    0x60, 0xFF, 0xFF, 0xFF, 0xFF, 0xFF, 0xFF, 0xFF, 0xFF, 0xFF, 0xFF, 0xFF, 0xFF, 0xFF, 0x5F, 0x00,
    0x00, 0x00, 0x00, 0xF4, 0xFF, 0xFF, 0xFF, 0xFF, 0xCF, 0x47, 0x02, 0x00, 0x31, 0xD7, 0xFF, 0xFF,
    0xFF, 0xDF, 0x00, 0x00, 0x00, 0x00, 0xFD, 0xFF, 0xFF, 0xFF, 0xCF, 0x03, 0x00, 0x00, 0x00, 0x00,
    0x00, 0xF7, 0xFF, 0xFF, 0xFF, 0x02, 0x00, 0x00, 0x60, 0xFF, 0xFF, 0xFF, 0xFF, 0x0B, 0x00, 0x00,
    0x90, 0xEF, 0x06, 0x00, 0x90, 0xFF, 0xFF, 0xFF, 0x06, 0x00, 0x00, 0xD0, 0xFF, 0xFF, 0xFF, 0xFF,
    0x01, 0x00, 0x00, 0xF8, 0xFF, 0x0C, 0x00, 0x30, 0xFF, 0xFF, 0xFF, 0x08, 0x00, 0x00, 0xF1, 0xFF,
    0xFF, 0xFF, 0xCF, 0x00, 0x00, 0x00, 0xFF, 0xFF, 0x09, 0x00, 0x10, 0xFF, 0xFF, 0xFF, 0x09, 0x00,
    0x00, 0xF4, 0xFF, 0xFF, 0xFF, 0xCF, 0x00, 0x00, 0x60, 0xFF, 0xFF, 0x03, 0x00, 0x10, 0xFF, 0xFF,
    0xFF, 0x09, 0x00, 0x00, 0xF5, 0xFF, 0xFF, 0xFF, 0xFF, 0x04, 0x00, 0xC0, 0xFF, 0xDF, 0x00, 0x00,
    0x50, 0xFF, 0xFF, 0xFF, 0x07, 0x00, 0x00, 0xF5, 0xFF, 0xFF, 0xFF, 0xFF, 0x6F, 0x00, 0xF2, 0xFF,
    0x8F, 0x00, 0x00, 0xC0, 0xFF, 0xFF, 0xFF, 0x04, 0x00, 0x00, 0xF2, 0xFF, 0xFF, 0xFF, 0xFF, 0x5F,
    0x00, 0xF8, 0xFF, 0x4F, 0x00, 0x00, 0xF8, 0xFF, 0xFF, 0xFF, 0x00, 0x00, 0x00, 0xD0, 0xFF, 0xFF,
    0xFF, 0xFF, 0x0E, 0x00, 0xFE, 0xFF, 0x8F, 0x00, 0xB3, 0xFF, 0xFF, 0xFF, 0x9F, 0x00, 0x00, 0x00,
    0x40, 0xFF, 0xFF, 0xFF, 0xFF, 0x05, 0x50, 0xFF, 0xFF, 0xFF, 0xFF, 0xFF, 0xFF, 0xFF, 0xFF, 0x2F,
    0x00, 0x00, 0x00, 0x00, 0xF6, 0xFF, 0xFF, 0x5E, 0x00, 0xC0, 0xFF, 0xFF, 0xFF, 0xFF, 0xFF, 0xFF,
    0xFF, 0xFF, 0x07, 0x00, 0x00, 0x00, 0x00, 0x10, 0x97, 0x58, 0x00, 0x00, 0xF5, 0xFF, 0xFF, 0xFF,
    0xFF, 0xFF, 0xFF, 0xFF, 0xAF, 0x00, 0x00, 0x00, 0x00, 0xA4, 0x0B, 0x00, 0x00, 0x00, 0x10, 0xFE,
    0xFF, 0xFF, 0xFF, 0xFF, 0xFF, 0xFF, 0xFF, 0x09, 0x00, 0x00, 0x00, 0xA0, 0xFF, 0x3F, 0x00, 0x00,
    0x00, 0xC0, 0xFF, 0xFF, 0xFF, 0xFF, 0xFF, 0xFF, 0xFF, 0x5E, 0x00, 0x00, 0x00, 0x00, 0xF9, 0xFF,
    0xAF, 0x00, 0x00, 0x10, 0xFC, 0xFF, 0xFF, 0x14, 0xC6, 0xFF, 0xDF, 0x5A, 0x00, 0x00, 0x00, 0x00,
    0x30, 0xFF, 0xFF, 0xFF, 0x2A, 0x20, 0xE7, 0xFF, 0xFF, 0xBF, 0x00, 0x00, 0x00, 0x00, 0x00, 0x00,
    0x00, 0x00, 0x00, 0x90, 0xFF, 0xFF, 0xFF, 0xFF, 0xFF, 0xFF, 0xFF, 0xFF, 0x4F, 0x00, 0x00, 0x00,
    0x00, 0x00, 0x00, 0x00, 0x00, 0x00, 0xE0, 0xFF, 0xFF, 0xFF, 0xFF, 0xFF, 0xFF, 0xFF, 0xFF, 0x0C,
    0x00, 0x00, 0x00, 0x00, 0x00, 0x00, 0x00, 0x00, 0x00, 0xF0, 0xFF, 0xFF, 0xFF, 0xFF, 0xFF, 0xFF,
    0xFF, 0xFF, 0x03, 0x00, 0x00, 0x00, 0x00, 0x00, 0x00, 0x00, 0x00, 0x00, 0xF0, 0xFF, 0xFF, 0xFF,
    0xFF, 0xFF, 0xFF, 0xFF, 0xAF, 0x00, 0x00, 0x00, 0x00, 0x00, 0x00, 0x00, 0x00, 0x00, 0x00, 0xF0,
    0xFF, 0xFF, 0xFF, 0xFF, 0xFF, 0xFF, 0xFF, 0x0D, 0x00, 0x00, 0x00, 0x00, 0x00, 0x00, 0x00, 0x00,
    0x00, 0x00, 0xB0, 0xFF, 0xFF, 0xFF, 0xFF, 0xFF, 0xFF, 0xFF, 0x03, 0x00, 0x00, 0x00, 0x00, 0x00,
    0x00, 0x00, 0x00, 0x00, 0x00, 0x50, 0xFF, 0xFF, 0xFF, 0xFF, 0xFF, 0xFF, 0x4F, 0x00, 0x00, 0x00,
    0x00, 0x00, 0x00, 0x00, 0x00, 0x00, 0x00, 0x00, 0x00, 0xFB, 0xFF, 0xFF, 0xFF, 0xFF, 0xEF, 0x03,
    0x00, 0x00, 0x00, 0x00, 0x00, 0x00, 0x00, 0x00, 0x00, 0x00, 0x00, 0x00, 0xC0, 0xFF, 0xFF, 0xFF,
    0xFF, 0x1A, 0x00, 0x00, 0x00, 0x00, 0x00, 0x00, 0x00, 0x00, 0x00, 0x00, 0x00, 0x00, 0x00, 0x00,
    0xB5, 0xFE, 0xDE, 0x38, 0x00, 0x00, 0x00, 0x00, 0x00, 0x00, 0x00, 0x00, 0x00, 0x00, 0x00, 0x00,
    0x00, 0x00, 0x00, 0x00, 0x00, 0x00, 0xA5, 0xED, 0xEF, 0x9D, 0x03, 0x00, 0x00, 0x00, 0x00, 0x00,
    0x00, 0x00, 0x00, 0xE6, 0xFF, 0xFF, 0xFF, 0xFF, 0xBF, 0x01, 0x00, 0x00, 0x00, 0x00, 0x00, 0x00,
    0xA0, 0xFF, 0xFF, 0xFF, 0xFF, 0xFF, 0xFF, 0x1D, 0x00, 0x00, 0x00, 0x00, 0x00, 0x00, 0xFC, 0xFF,
    0xFF, 0xFF, 0xFF, 0xFF, 0xFF, 0xBF, 0x00, 0x00, 0x00, 0x00, 0x00, 0xA0, 0xFF, 0xFF, 0xFF, 0xFF,
    0xFF, 0xFF, 0xFF, 0xFF, 0x04, 0x00, 0x00, 0x00, 0x00, 0xF5, 0xFF, 0xFF, 0xFF, 0xFF, 0xFF, 0xFF,
    0xFF, 0xFF, 0x0B, 0x00, 0x00, 0x00, 0x00, 0xFE, 0xFF, 0xFF, 0xFF, 0xFF, 0xFF, 0xFF, 0xFF, 0xFF,
    0x0F, 0x00, 0x00, 0x00, 0x50, 0xFF, 0xFF, 0xFF, 0x3A, 0x01, 0xC4, 0xFF, 0xFF, 0xFF, 0x2F, 0x00,
    0x00, 0x00, 0xB0, 0xFF, 0xFF, 0x4F, 0x00, 0x00, 0x00, 0xFD, 0xFF, 0xFF, 0x3F, 0x00, 0x00, 0x00,
    0xF0, 0xFF, 0xFF, 0x03, 0x00, 0x00, 0x00, 0xF5, 0xFF, 0xFF, 0x4F, 0x00, 0x00, 0x00, 0xF4, 0xFF,
    0x8F, 0x00, 0x00, 0x00, 0x00, 0xF0, 0xFF, 0xFF, 0x3F, 0x00, 0x00, 0x00, 0xF6, 0xFF, 0x1F, 0x00,
    0x00, 0x00, 0x00, 0xF0, 0xFF, 0xFF, 0x2F, 0x00, 0x00, 0x00, 0xF8, 0xFF, 0x0A, 0x00, 0x00, 0x00,
    0x00, 0xF0, 0xFF, 0xFF, 0x0F, 0x00, 0x00, 0x00, 0xF8, 0xFF, 0xDD, 0xFF, 0x7D, 0x00, 0x00, 0xF2,
    0xFF, 0xFF, 0x0E, 0x00, 0x00, 0x00, 0xF7, 0xFF, 0xFF, 0xFF, 0xFF, 0x0C, 0x00, 0xF5, 0xFF, 0xFF,
    0x0A, 0x00, 0x00, 0x00, 0xF4, 0xFF, 0xFF, 0xFF, 0xFF, 0x9F, 0x00, 0xFA, 0xFF, 0xFF, 0x06, 0x00,
    0x00, 0x00, 0xF6, 0xFF, 0xFF, 0xFF, 0xFF, 0xFF, 0x12, 0xFF, 0xFF, 0xFF, 0x02, 0x00, 0x00, 0x10,
    0xFF, 0xFF, 0x6F, 0x20, 0xFB, 0xFF, 0xA8, 0xFF, 0xFF, 0xCF, 0x00, 0x00, 0x00, 0x80, 0xFF, 0xFF,
    0x0C, 0x00, 0xE0, 0xFF, 0xFE, 0xFF, 0xFF, 0x7F, 0x00, 0x00, 0x00, 0xD0, 0xFF, 0xFF, 0x0D, 0x00,
    0x70, 0xFF, 0xFF, 0xFF, 0xFF, 0x1F, 0x00, 0x00, 0x00, 0xF1, 0xFF, 0xFF, 0xBF, 0x13, 0x60, 0xFF,
    0xFF, 0xFF, 0xFF, 0x09, 0x00, 0x00, 0x00, 0xF2, 0xFF, 0xFF, 0xFF, 0xFF, 0xFF, 0xFF, 0xFF, 0xFF,
    0xFF, 0x02, 0x00, 0x00, 0x00, 0xF3, 0xFF, 0xFF, 0xFF, 0xFF, 0xFF, 0xFF, 0xFF, 0xFF, 0x9F, 0x00,
    0x00, 0x00, 0x00, 0xF3, 0xFF, 0xFF, 0xFF, 0xFF, 0xFF, 0xFF, 0xFF, 0xFF, 0x1E, 0x00, 0x00, 0x00,
    0x00, 0xF0, 0xFF, 0xFF, 0xFF, 0xFF, 0xFF, 0xFF, 0xFF, 0xFF, 0x05, 0x00, 0x00, 0x00, 0x00, 0xD0,
    0xFF, 0xFF, 0xFF, 0xFF, 0xFF, 0xFF, 0xFF, 0xAF, 0x00, 0x00, 0x00, 0x00, 0x00, 0x70, 0xFF, 0xFF,
    0xFF, 0xFF, 0xFF, 0xFF, 0xFF, 0x0C, 0x00, 0x00, 0x00, 0x00, 0x00, 0x00, 0xFE, 0xFF, 0xFF, 0xFF,
    0xFF, 0xFF, 0xFF, 0x09, 0x00, 0x00, 0x00, 0x00, 0x00, 0x00, 0xF3, 0xFF, 0xFF, 0xFF, 0xFF, 0xFF,
    0xFF, 0x0E, 0x00, 0x00, 0x00, 0x00, 0x00, 0x00, 0x30, 0xFD, 0xFF, 0xFF, 0xFF, 0xFF, 0xFF, 0x5F,
    0x00, 0x00, 0x00, 0x00, 0x00, 0x00, 0x00, 0x50, 0xEB, 0xEF, 0x7C, 0xF6, 0xFF, 0xEF, 0x00, 0x00,
    0x00, 0x00, 0x00, 0x00, 0x00, 0x00, 0x00, 0x00, 0x00, 0xF2, 0xFF, 0xFF, 0x0B, 0x00, 0x00, 0x00,
    0x00, 0x00, 0x00, 0x00, 0x00, 0x00, 0x00, 0xF0, 0xFF, 0xFF, 0xDF, 0x26, 0x00, 0x93, 0x06, 0x00,
    0x00, 0x00, 0x00, 0x00, 0x00, 0xB0, 0xFF, 0xFF, 0xFF, 0xFF, 0xFF, 0xFF, 0x02, 0x00, 0x00, 0x00,
    0x00, 0x00, 0x00, 0x60, 0xFF, 0xFF, 0xFF, 0xFF, 0xFF, 0xCF, 0x00, 0x00, 0x00, 0x00, 0x00, 0x00,
    0x00, 0x10, 0xFF, 0xFF, 0xFF, 0xFF, 0xFF, 0x3F, 0x00, 0x00, 0x00, 0x00, 0x00, 0x00, 0x00, 0x00,
    0xF8, 0xFF, 0xFF, 0xFF, 0xFF, 0x07, 0x00, 0x00, 0x00, 0x00, 0x00, 0x00, 0x00, 0x00, 0xB0, 0xFF,
    0xFF, 0xFF, 0x7F, 0x00, 0x00, 0x00, 0x00, 0x00, 0x00, 0x00, 0x00, 0x00, 0x00, 0xC6, 0xFE, 0x9E,
    0x02, 0x00, 0x00, 0x00, 0x00, 0x00, 0x00, 0x00, 0x00, 0x00, 0x00, 0x73, 0xCA, 0xFE, 0xFF, 0xDE,
    0x9B, 0x16, 0x00, 0x00, 0x00, 0x00, 0x00, 0x00, 0x00, 0x00, 0x00, 0x00, 0x00, 0x40, 0xFA, 0xFF,
    0xFF, 0xFF, 0xFF, 0xFF, 0xFF, 0xFF, 0x5C, 0x00, 0x00, 0x00, 0x00, 0x00, 0x00, 0x00, 0x00, 0x00,
    0x40, 0xFC, 0xFF, 0xFF, 0xFF, 0xFF, 0xFF, 0xFF, 0xFF, 0xFF, 0xFF, 0x1C, 0x00, 0x00, 0x00, 0x00,
    0x00, 0x00, 0x00, 0x10, 0xFB, 0xFF, 0xFF, 0xFF, 0xFF, 0xFF, 0xFF, 0xFF, 0xFF, 0xFF, 0xFF, 0xDF,
    0x02, 0x00, 0x00, 0x00, 0x00, 0x00, 0x00, 0xE4, 0xFF, 0xFF, 0xFF, 0xFF, 0xFF, 0xFF, 0xFF, 0xFF,
    0xFF, 0xFF, 0xFF, 0xFF, 0x0C, 0x00, 0x00, 0x00, 0x00, 0x00, 0x50, 0xFF, 0xFF, 0xFF, 0xFF, 0xFF,
    0xFF, 0xFF, 0xFF, 0xFF, 0xFF, 0xFF, 0xFF, 0xFF, 0x6F, 0x00, 0x00, 0x00, 0x00, 0x00, 0xF3, 0xFF,
    0xFF, 0xFF, 0xFF, 0xBF, 0x37, 0x01, 0x10, 0x52, 0xFA, 0xFF, 0xFF, 0xFF, 0xBF, 0x00, 0x00, 0x00,
    0x00, 0x00, 0xFD, 0xFF, 0xFF, 0xFF, 0xBF, 0x02, 0x00, 0xD4, 0xBF, 0x00, 0x20, 0xFC, 0xFF, 0xFF,
    0xFF, 0x00, 0x00, 0x00, 0x00, 0x80, 0xFF, 0xFF, 0xFF, 0xFF, 0x09, 0x00, 0x20, 0xFF, 0xFF, 0x03,
    0x00, 0xF1, 0xFF, 0xFF, 0xFF, 0x01, 0x00, 0x00, 0x00, 0xF0, 0xFF, 0xFF, 0xFF, 0xEF, 0x00, 0x00,
    0x80, 0xFF, 0xFF, 0x01, 0x00, 0xB0, 0xFF, 0xFF, 0xFF, 0x02, 0x00, 0x00, 0x00, 0xF4, 0xFF, 0xFF,
    0xFF, 0x9F, 0x00, 0x00, 0xE0, 0xFF, 0xBF, 0x00, 0x00, 0xA0, 0xFF, 0xFF, 0xFF, 0x01, 0x00, 0x00,
    0x00, 0xF7, 0xFF, 0xFF, 0xFF, 0xBF, 0x00, 0x00, 0xF4, 0xFF, 0x7F, 0x00, 0x00, 0xD0, 0xFF, 0xFF,
    0xFF, 0x00, 0x00, 0x00, 0x00, 0xF8, 0xFF, 0xFF, 0xFF, 0xFF, 0x1A, 0x00, 0xF9, 0xFF, 0x2F, 0x00,
    0x00, 0xF4, 0xFF, 0xFF, 0xBF, 0x00, 0x00, 0x00, 0x00, 0xF7, 0xFF, 0xFF, 0xFF, 0xFF, 0x3F, 0x00,
    0xFE, 0xFF, 0x0F, 0x00, 0x20, 0xFE, 0xFF, 0xFF, 0x5F, 0x00, 0x00, 0x00, 0x00, 0xF3, 0xFF, 0xFF,
    0xFF, 0xFF, 0x1F, 0x50, 0xFF, 0xFF, 0x2F, 0x20, 0xF7, 0xFF, 0xFF, 0xFF, 0x0D, 0x00, 0x00, 0x00,
    0x00, 0xC0, 0xFF, 0xFF, 0xFF, 0xFF, 0x08, 0xB0, 0xFF, 0xFF, 0xFF, 0xFF, 0xFF, 0xFF, 0xFF, 0xFF,
    0x03, 0x00, 0x00, 0x00, 0x00, 0x20, 0xFE, 0xFF, 0xFF, 0xAF, 0x00, 0xF2, 0xFF, 0xFF, 0xFF, 0xFF,
    0xFF, 0xFF, 0xFF, 0x5F, 0x00, 0x00, 0x00, 0x00, 0x00, 0x00, 0xA2, 0xFF, 0xCF, 0x05, 0x00, 0xFA,
    0xFF, 0xFF, 0xFF, 0xFF, 0xFF, 0xFF, 0xAF, 0x02, 0x00, 0x00, 0x00, 0x00, 0x00, 0x42, 0x01, 0x10,
    0x00, 0x00, 0x30, 0xFF, 0xFF, 0xFF, 0xFF, 0xFF, 0xFF, 0x49, 0x00, 0x00, 0x00, 0x00, 0x00, 0x00,
    0xA1, 0xFF, 0x08, 0x00, 0x00, 0x00, 0xD0, 0xFF, 0xFF, 0x1A, 0xF8, 0xFF, 0xFF, 0x07, 0x00, 0x00,
    0x00, 0xF5, 0x06, 0x00, 0xFC, 0xFF, 0x0B, 0x00, 0x00, 0x00, 0xF9, 0xFF, 0xFF, 0x03, 0xF0, 0xFF,
    0xFF, 0x6F, 0x00, 0x00, 0x00, 0xFE, 0x08, 0x80, 0xFF, 0xFF, 0x3F, 0x00, 0x00, 0x80, 0xFF, 0xFF,
    0xCF, 0x00, 0xC0, 0xFF, 0xFF, 0xFF, 0x02, 0x00, 0x90, 0xFF, 0x01, 0xF0, 0xFF, 0xFF, 0xEF, 0x05,
    0x40, 0xFC, 0xFF, 0xFF, 0x6F, 0x00, 0xA0, 0xFF, 0xFF, 0xFF, 0x3D, 0x20, 0xFA, 0x9F, 0x00, 0xF5,
    0xFF, 0xFF, 0xFF, 0xFF, 0xFF, 0xFF, 0xFF, 0xFF, 0x0E, 0x00, 0x90, 0xFF, 0xFF, 0xFF, 0xFF, 0xFF,
    0xFF, 0x1F, 0x00, 0xF8, 0xFF, 0xFF, 0xFF, 0xFF, 0xFF, 0xFF, 0xFF, 0xFF, 0x06, 0x00, 0x80, 0xFF,
    0xFF, 0xFF, 0xFF, 0xFF, 0xFF, 0x07, 0x00, 0xFA, 0xFF, 0xFF, 0xFF, 0xFF, 0xFF, 0xFF, 0xFF, 0xCF,
    0x00, 0x00, 0x70, 0xFF, 0xFF, 0xFF, 0xFF, 0xFF, 0xCF, 0x00, 0x00, 0xF9, 0xFF, 0xFF, 0xFF, 0xFF,
    0xFF, 0xFF, 0xFF, 0x2F, 0x00, 0x00, 0x50, 0xFF, 0xFF, 0xFF, 0xFF, 0xFF, 0x2E, 0x00, 0x00, 0xF7,
    0xFF, 0xFF, 0xFF, 0xFF, 0xFF, 0xFF, 0xFF, 0x07, 0x00, 0x00, 0x20, 0xFF, 0xFF, 0xFF, 0xFF, 0xFF,
    0x04, 0x00, 0x00, 0xF3, 0xFF, 0xFF, 0xFF, 0xFF, 0xFF, 0xFF, 0xAF, 0x00, 0x00, 0x00, 0x00, 0xFC,
    0xFF, 0xFF, 0xFF, 0x4F, 0x00, 0x00, 0x00, 0xD0, 0xFF, 0xFF, 0xFF, 0xFF, 0xFF, 0xFF, 0x0B, 0x00,
    0x00, 0x00, 0x00, 0xF3, 0xFF, 0xFF, 0xDF, 0x03, 0x00, 0x00, 0x00, 0x30, 0xFF, 0xFF, 0xFF, 0xFF,
    0xFF, 0x9F, 0x00, 0x00, 0x00, 0x00, 0x00, 0x30, 0xFB, 0xCF, 0x06, 0x00, 0x00, 0x00, 0x00, 0x00,
    0xF5, 0xFF, 0xFF, 0xFF, 0xDF, 0x05, 0x00, 0x00, 0x00, 0x00, 0x00, 0x00, 0x00, 0x00, 0x00, 0x00,
    0x00, 0x00, 0x00, 0x00, 0x20, 0xD9, 0xFF, 0xAD, 0x05, 0x00, 0x00, 0x00, 0x00, 0x00, 0x00, 0x00,
    0x00, 0x00, 0x00, 0x00, 0x00, 0x00, 0x00, 0x00, 0x00, 0x00, 0x00, 0x00, 0x00, 0x00, 0x93, 0xFD,
    0xEF, 0x7C, 0x01, 0x00, 0x00, 0x00, 0x00, 0x00, 0x00, 0x00, 0x90, 0xFF, 0xFF, 0xFF, 0xFF, 0x3E,
    0x00, 0x00, 0x00, 0x00, 0x00, 0x00, 0x00, 0xFB, 0xFF, 0xFF, 0xFF, 0xFF, 0xEF, 0x01, 0x00, 0x00,
    0x00, 0x00, 0x00, 0x70, 0xFF, 0xFF, 0xFF, 0xFF, 0xFF, 0xFF, 0x09, 0x00, 0x00, 0x00, 0x00, 0x00,
    0xE0, 0xFF, 0xFF, 0xFF, 0xFF, 0xFF, 0xFF, 0x0E, 0x00, 0x00, 0x00, 0x00, 0x00, 0xF4, 0xFF, 0xFF,
    0xFF, 0xFF, 0xFF, 0xFF, 0x1F, 0x00, 0x00, 0x00, 0x00, 0x00, 0xF7, 0xFF, 0xFF, 0xFF, 0xFF, 0xFF,
    0xFF, 0x2F, 0x00, 0x00, 0x00, 0x00, 0x00, 0xF9, 0xFF, 0xFF, 0x3C, 0x60, 0xFF, 0xFF, 0x0F, 0x00,
    0x00, 0x00, 0x00, 0x00, 0xF8, 0xFF, 0xFF, 0x02, 0x00, 0xFD, 0xFF, 0x0B, 0x00, 0x00, 0x00, 0x00,
    0x00, 0xF7, 0xFF, 0xEF, 0x00, 0x00, 0xFC, 0xFF, 0x05, 0x00, 0x00, 0x00, 0x00, 0x00, 0xF3, 0xFF,
    0xDF, 0x00, 0x10, 0xFF, 0xAF, 0x00, 0x00, 0x00, 0x00, 0x00, 0x00, 0xD0, 0xFF, 0xFF, 0x00, 0x50,
    0xFF, 0x0B, 0x00, 0x00, 0x00, 0x00, 0x00, 0x00, 0x60, 0xFF, 0xFF, 0x06, 0x00, 0x67, 0x00, 0x00,
    0x00, 0x00, 0x00, 0x00, 0x00, 0x00, 0xFE, 0xFF, 0x0D, 0x00, 0x00, 0x00, 0x00, 0x00, 0x00, 0x00,
    0x10, 0x00, 0x00, 0xF6, 0xFF, 0x7F, 0x00, 0x00, 0x00, 0x00, 0x00, 0x00, 0xB3, 0xFF, 0x1E, 0x00,
    0xD0, 0xFF, 0xFF, 0x01, 0x00, 0x00, 0x00, 0x00, 0x70, 0xFF, 0xFF, 0x0D, 0x00, 0x50, 0xFF, 0xFF,
    0x0A, 0x00, 0x00, 0x00, 0x00, 0xF5, 0xFF, 0xFF, 0x03, 0x00, 0x00, 0xFD, 0xFF, 0x3F, 0x00, 0x00,
    0x00, 0x00, 0xFE, 0xFF, 0xCF, 0x00, 0x00, 0x00, 0xF8, 0xFF, 0xBF, 0x00, 0x00, 0x00, 0x70, 0xFF,
    0xFF, 0xBF, 0x00, 0x00, 0x00, 0xF7, 0xFF, 0xFF, 0x03, 0x00, 0x00, 0xC0, 0xFF, 0xFF, 0xEF, 0x00,
    0x00, 0x00, 0xF9, 0xFF, 0xFF, 0x08, 0x00, 0x00, 0xF0, 0xFF, 0xFF, 0xFF, 0x05, 0x00, 0x10, 0xFF,
    0xFF, 0xFF, 0x0C, 0x00, 0x00, 0xF1, 0xFF, 0xFF, 0xFF, 0x6F, 0x11, 0xD4, 0xFF, 0xFF, 0xFF, 0x0E,
    0x00, 0x00, 0xF2, 0xFF, 0xFF, 0xFF, 0xFF, 0xFF, 0xFF, 0xFF, 0xFF, 0xFF, 0x0E, 0x00, 0x00, 0xF2,
    0xFF, 0xFF, 0xFF, 0xFF, 0xFF, 0xFF, 0xFF, 0xFF, 0xFF, 0x0D, 0x00, 0x00, 0xF1, 0xFF, 0xFF, 0xFF,
    0xFF, 0xFF, 0xFF, 0xFF, 0xFF, 0xFF, 0x0B, 0x00, 0x00, 0xE0, 0xFF, 0xFF, 0xFF, 0xFF, 0xFF, 0xFF,
    0xFF, 0xFF, 0xFF, 0x07, 0x00, 0x00, 0xA0, 0xFF, 0xFF, 0xFF, 0xFF, 0xFF, 0xFF, 0xFF, 0xFF, 0xFF,
    0x02, 0x00, 0x00, 0x50, 0xFF, 0xFF, 0xFF, 0xFF, 0xFF, 0xFF, 0xFF, 0xFF, 0xAF, 0x00, 0x00, 0x00,
    0x00, 0xFD, 0xFF, 0xFF, 0xFF, 0xFF, 0xFF, 0xFF, 0xFF, 0x2F, 0x00, 0x00, 0x00, 0x00, 0xF3, 0xFF,
    0xFF, 0xFF, 0xFF, 0xFF, 0xFF, 0xFF, 0x05, 0x00, 0x00, 0x00, 0x00, 0x50, 0xFF, 0xFF, 0xFF, 0xFF,
    0xFF, 0xFF, 0x5F, 0x00, 0x00, 0x00, 0x00, 0x00, 0x00, 0xC3, 0xFF, 0xFF, 0xFF, 0xFF, 0xCF, 0x02,
    0x00, 0x00, 0x00, 0x00, 0x00, 0x00, 0x00, 0x94, 0xFD, 0xFF, 0x9C, 0x04, 0x00, 0x00, 0x00, 0x00,
    0x00, 0x00, 0x00, 0x00, 0x00, 0x00, 0x00, 0x00, 0x20, 0x95, 0xDB, 0xFE, 0xFF, 0xFF, 0xFF, 0xFF,
    0xFF, 0xFF, 0xFF, 0xFF, 0x0C, 0x00, 0x00, 0x00, 0x00, 0x00, 0x00, 0x71, 0xFD, 0xFF, 0xFF, 0xFF,
    0xFF, 0xFF, 0xFF, 0xFF, 0xFF, 0xFF, 0xFF, 0xFF, 0x4F, 0x00, 0x00, 0x00, 0x00, 0x00, 0x80, 0xFF,
    0xFF, 0xFF, 0xFF, 0xFF, 0xFF, 0xFF, 0xFF, 0xFF, 0xFF, 0xFF, 0xFF, 0xFF, 0x3F, 0x00, 0x00, 0x00,
    0x00, 0x30, 0xFD, 0xFF, 0xFF, 0xFF, 0xFF, 0xFF, 0xFF, 0xFF, 0xFF, 0xFF, 0xFF, 0xFF, 0xFF, 0xFF,
    0x0F, 0x00, 0x00, 0x00, 0x00, 0xF5, 0xFF, 0xFF, 0xFF, 0xFF, 0xFF, 0xFF, 0xFF, 0xFF, 0xFF, 0xFF,
    0xFF, 0xFF, 0xFF, 0xFF, 0x0A, 0x00, 0x00, 0x00, 0x40, 0xFF, 0xFF, 0xFF, 0xFF, 0xFF, 0xFF, 0xFF,
    0xFF, 0xFF, 0xFF, 0xFF, 0xFF, 0xFF, 0xFF, 0xEF, 0x01, 0x00, 0x00, 0x00, 0xF1, 0xFF, 0xFF, 0xFF,
    0xFF, 0xDF, 0x38, 0x01, 0x10, 0x63, 0xFA, 0xFF, 0xFF, 0xFF, 0xFF, 0x2D, 0x00, 0x00, 0x00, 0x00,
    0xFA, 0xFF, 0xFF, 0xFF, 0xEF, 0x05, 0x00, 0x00, 0x00, 0x00, 0x00, 0x94, 0xFD, 0xEF, 0x6B, 0x00,
    0x00, 0x00, 0x00, 0x20, 0xFF, 0xFF, 0xFF, 0xFF, 0x2F, 0x00, 0x00, 0x00, 0x00, 0x00, 0x00, 0x00,
    0x00, 0x00, 0x00, 0x00, 0x00, 0x00, 0x00, 0x80, 0xFF, 0xFF, 0xFF, 0xFF, 0x07, 0x00, 0x00, 0x00,
    0xC5, 0x9D, 0x00, 0x00, 0x00, 0x00, 0x00, 0x00, 0x00, 0x00, 0x00, 0xC0, 0xFF, 0xFF, 0xFF, 0xFF,
    0x03, 0x00, 0x00, 0x40, 0xFF, 0xFF, 0x02, 0x00, 0x00, 0x00, 0x00, 0x00, 0x00, 0x00, 0x00, 0xE0,
    0xFF, 0xFF, 0xFF, 0xFF, 0x03, 0x00, 0x00, 0xB0, 0xFF, 0xFF, 0x00, 0x00, 0x00, 0x00, 0x00, 0x00,
    0x00, 0x00, 0x00, 0xE0, 0xFF, 0xFF, 0xFF, 0xFF, 0x3C, 0x00, 0x00, 0xF2, 0xFF, 0xAF, 0x00, 0x00,
    0x00, 0x00, 0x00, 0x00, 0x00, 0x00, 0x00, 0xD0, 0xFF, 0xFF, 0xFF, 0xFF, 0xDF, 0x00, 0x00, 0xF8,
    0xFF, 0x5F, 0x00, 0x00, 0x00, 0x00, 0x00, 0x00, 0x00, 0x00, 0x00, 0x90, 0xFF, 0xFF, 0xFF, 0xFF,
    0xAF, 0x00, 0x00, 0xFD, 0xFF, 0x0F, 0x00, 0x00, 0x00, 0x00, 0x00, 0x00, 0x00, 0x00, 0x00, 0x30,
    0xFF, 0xFF, 0xFF, 0xFF, 0x3F, 0x00, 0x40, 0xFF, 0xFF, 0x0A, 0x00, 0x00, 0x00, 0x00, 0x00, 0x00,
    0x00, 0x00, 0x00, 0x00, 0xF8, 0xFF, 0xFF, 0xFF, 0x06, 0x00, 0xA0, 0xFF, 0xFF, 0x05, 0x00, 0x00,
    0x00, 0x00, 0x00, 0x00, 0x00, 0x00, 0x00, 0x00, 0x60, 0xFE, 0xFF, 0x4C, 0x00, 0x00, 0xF1, 0xFF,
    0xFF, 0x00, 0x00, 0x00, 0x00, 0x00, 0x00, 0x00, 0x00, 0x00, 0x00, 0x00, 0x00, 0x20, 0x02, 0x00,
    0x00, 0x00, 0xF8, 0xFF, 0x9F, 0x00, 0x00, 0x00, 0x00, 0x00, 0x00, 0x00, 0x00, 0x00, 0x00, 0x00,
    0x00, 0x00, 0x00, 0x00, 0x00, 0x20, 0xFF, 0xFF, 0x3F, 0x00, 0x00, 0x00, 0x00, 0x00, 0x00, 0x00,
    0x00, 0x00, 0x00, 0x72, 0x08, 0x00, 0x00, 0x00, 0x00, 0xC0, 0xFF, 0xFF, 0x0D, 0x00, 0x00, 0x00,
    0x00, 0x00, 0x00, 0x00, 0x00, 0x00, 0x80, 0xFF, 0x2F, 0x00, 0x00, 0x00, 0x00, 0xFA, 0xFF, 0xFF,
    0x07, 0x00, 0x00, 0x00, 0x00, 0x00, 0x00, 0x00, 0x00, 0x00, 0xF8, 0xFF, 0x9F, 0x00, 0x00, 0x00,
    0xC2, 0xFF, 0xFF, 0xFF, 0x01, 0x00, 0x00, 0x00, 0x00, 0x00, 0x00, 0x00, 0x00, 0x20, 0xFF, 0xFF,
    0xFF, 0x3B, 0x01, 0x93, 0xFF, 0xFF, 0xFF, 0x9F, 0x00, 0x00, 0x00, 0x00, 0x00, 0x00, 0x00, 0x00,
    0x00, 0x90, 0xFF, 0xFF, 0xFF, 0xFF, 0xFF, 0xFF, 0xFF, 0xFF, 0xFF, 0x2F, 0x00, 0x00, 0x00, 0x00,
    0x00, 0x00, 0x00, 0x00, 0x00, 0xE0, 0xFF, 0xFF, 0xFF, 0xFF, 0xFF, 0xFF, 0xFF, 0xFF, 0xFF, 0x0A,
    0x00, 0x00, 0x00, 0x00, 0x00, 0x00, 0x00, 0x00, 0x00, 0xF0, 0xFF, 0xFF, 0xFF, 0xFF, 0xFF, 0xFF,
    0xFF, 0xFF, 0xFF, 0x02, 0x00, 0x00, 0x00, 0x00, 0x00, 0x00, 0x00, 0x00, 0x00, 0xF0, 0xFF, 0xFF,
    0xFF, 0xFF, 0xFF, 0xFF, 0xFF, 0xFF, 0x7F, 0x00, 0x00, 0x00, 0x00, 0x00, 0x00, 0x00, 0x00, 0x00,
    0x00, 0xE0, 0xFF, 0xFF, 0xFF, 0xFF, 0xFF, 0xFF, 0xFF, 0xFF, 0x0C, 0x00, 0x00, 0x00, 0x00, 0x00,
    0x00, 0x00, 0x00, 0x00, 0x00, 0x90, 0xFF, 0xFF, 0xFF, 0xFF, 0xFF, 0xFF, 0xFF, 0xEF, 0x01, 0x00,
    0x00, 0x00, 0x00, 0x00, 0x00, 0x00, 0x00, 0x00, 0x00, 0x30, 0xFF, 0xFF, 0xFF, 0xFF, 0xFF, 0xFF,
    0xFF, 0x2E, 0x00, 0x00, 0x00, 0x00, 0x00, 0x00, 0x00, 0x00, 0x00, 0x00, 0x00, 0x00, 0xF6, 0xFF,
    0xFF, 0xFF, 0xFF, 0xFF, 0xCF, 0x02, 0x00, 0x00, 0x00, 0x00, 0x00, 0x00, 0x00, 0x00, 0x00, 0x00,
    0x00, 0x00, 0x50, 0xFF, 0xFF, 0xFF, 0xFF, 0xFF, 0x07, 0x00, 0x00, 0x00, 0x00, 0x00, 0x00, 0x00,
    0x00, 0x00, 0x00, 0x00, 0x00, 0x00, 0x00, 0x61, 0xDB, 0xFF, 0xAD, 0x06, 0x00, 0x00, 0x00, 0x00,
    0x00, 0x00, 0x00, 0x00, 0x00, 0x00, 0x00, 0x00, 0x00, 0x00, 0x00, 0x00, 0x00, 0x00, 0x00, 0x73,
    0xCA, 0xED, 0xFF, 0xDF, 0x6B, 0x01, 0x00, 0x00, 0x00, 0x00, 0x00, 0x00, 0x00, 0x00, 0x00, 0x00,
    0x50, 0xFA, 0xFF, 0xFF, 0xFF, 0xFF, 0xFF, 0xFF, 0x3E, 0x00, 0x00, 0x10, 0xFA, 0x2D, 0x00, 0x00,
    0x00, 0x00, 0x60, 0xFD, 0xFF, 0xFF, 0xFF, 0xFF, 0xFF, 0xFF, 0xFF, 0xEF, 0x00, 0x00, 0xC0, 0xFF,
    0x6F, 0x00, 0x00, 0x00, 0x30, 0xFD, 0xFF, 0xFF, 0xFF, 0xFF, 0xFF, 0xFF, 0xFF, 0xFF, 0xFF, 0x00,
    0x00, 0xF8, 0xFF, 0x4F, 0x00, 0x00, 0x00, 0xF6, 0xFF, 0xFF, 0xFF, 0xFF, 0xFF, 0xEF, 0xCD, 0xFD,
    0xFF, 0xDF, 0x00, 0x20, 0xFF, 0xFF, 0x0E, 0x00, 0x00, 0x70, 0xFF, 0xFF, 0xFF, 0xFF, 0xCF, 0x37,
    0x00, 0x50, 0xFE, 0xFF, 0x1A, 0x00, 0x90, 0xFF, 0xFF, 0x07, 0x00, 0x00, 0xF5, 0xFF, 0xFF, 0xFF,
    0xCF, 0x02, 0x00, 0x00, 0xF7, 0xFF, 0x8F, 0x00, 0x00, 0xF1, 0xFF, 0xEF, 0x00, 0x00, 0x10, 0xFF,
    0xFF, 0xFF, 0xFF, 0x0A, 0x00, 0x00, 0x60, 0xFF, 0xFF, 0x08, 0x00, 0x00, 0xF7, 0xFF, 0x7F, 0x00,
    0x00, 0x90, 0xFF, 0xFF, 0xFF, 0xFF, 0x01, 0x00, 0x00, 0xF4, 0xFF, 0xBF, 0x00, 0x00, 0x00, 0xFD,
    0xFF, 0x1F, 0x00, 0x00, 0xF0, 0xFF, 0xFF, 0xFF, 0xBF, 0x00, 0x00, 0x10, 0xFE, 0xFF, 0x1F, 0x00,
    0x00, 0x30, 0xFF, 0xFF, 0x09, 0x00, 0x00, 0xF3, 0xFF, 0xFF, 0xFF, 0xAF, 0x00, 0x00, 0x90, 0xFF,
    0xFF, 0x06, 0x00, 0x00, 0x90, 0xFF, 0xFF, 0x02, 0x00, 0x00, 0xF6, 0xFF, 0xFF, 0xFF, 0xFF, 0x01,
    0x00, 0xF3, 0xFF, 0xEF, 0x00, 0x00, 0x00, 0xF0, 0xFF, 0xBF, 0x00, 0x00, 0x00, 0xF6, 0xFF, 0xFF,
    0xFF, 0xFF, 0x3F, 0x00, 0xFD, 0xFF, 0x6F, 0x00, 0x00, 0x00, 0xF5, 0xFF, 0x5F, 0x00, 0x00, 0x00,
    0xF5, 0xFF, 0xFF, 0xFF, 0xFF, 0x4F, 0x60, 0xFF, 0xFF, 0x0F, 0x00, 0x00, 0x00, 0xFB, 0xFF, 0x0E,
    0x00, 0x00, 0x00, 0xF1, 0xFF, 0xFF, 0xFF, 0xFF, 0x0E, 0xD0, 0xFF, 0xFF, 0x0A, 0x00, 0x00, 0x10,
    0xFF, 0xFF, 0x09, 0x00, 0x00, 0x00, 0x80, 0xFF, 0xFF, 0xFF, 0xFF, 0x05, 0xF4, 0xFF, 0xFF, 0x05,
    0x00, 0x00, 0x80, 0xFF, 0xFF, 0x04, 0x00, 0x00, 0x00, 0x00, 0xFA, 0xFF, 0xFF, 0x5F, 0x00, 0xFB,
    0xFF, 0xFF, 0x02, 0x00, 0x00, 0xE0, 0xFF, 0xEF, 0x00, 0x00, 0x00, 0x00, 0x00, 0x30, 0xA8, 0x69,
    0x01, 0x10, 0xFF, 0xFF, 0xFF, 0x00, 0x00, 0x00, 0xF8, 0xFF, 0xAF, 0x00, 0x00, 0x00, 0x00, 0x00,
    0x00, 0x00, 0x00, 0x00, 0x60, 0xFF, 0xFF, 0xFF, 0x00, 0x00, 0x30, 0xFF, 0xFF, 0x7F, 0x00, 0x00,
    0x00, 0x00, 0x00, 0x00, 0x00, 0x00, 0x00, 0xB0, 0xFF, 0xFF, 0xFF, 0x02, 0x00, 0xE1, 0xFF, 0xFF,
    0x6F, 0x00, 0x00, 0xF7, 0x06, 0x00, 0x00, 0x00, 0x00, 0x00, 0xF0, 0xFF, 0xFF, 0xFF, 0x1B, 0x50,
    0xFE, 0xFF, 0xFF, 0x9F, 0x00, 0x50, 0xFF, 0x07, 0x00, 0x00, 0x00, 0x00, 0x00, 0xF1, 0xFF, 0xFF,
    0xFF, 0xFF, 0xFF, 0xFF, 0xFF, 0xFF, 0xFF, 0x9B, 0xFC, 0xFF, 0x01, 0x00, 0x00, 0x00, 0x00, 0x00,
    0xF3, 0xFF, 0xFF, 0xFF, 0xFF, 0xFF, 0xFF, 0xFF, 0xFF, 0xFF, 0xFF, 0xFF, 0x8F, 0x00, 0x00, 0x00,
    0x00, 0x00, 0x00, 0xF4, 0xFF, 0xFF, 0xFF, 0xFF, 0xFF, 0xFF, 0xFF, 0xFF, 0xFF, 0xFF, 0xFF, 0x1F,
    0x00, 0x00, 0x00, 0x00, 0x00, 0x00, 0xF4, 0xFF, 0xFF, 0xFF, 0xFF, 0xFF, 0xFF, 0xFF, 0xFF, 0xFF,
    0xFF, 0xFF, 0x07, 0x00, 0x00, 0x00, 0x00, 0x00, 0x00, 0xF3, 0xFF, 0xFF, 0xFF, 0xFF, 0xFF, 0xFC,
    0xFF, 0xFF, 0xFF, 0xFF, 0xEF, 0x00, 0x00, 0x00, 0x00, 0x00, 0x00, 0x00, 0xF0, 0xFF, 0xFF, 0xFF,
    0xFF, 0xFF, 0xF4, 0xFF, 0xFF, 0xFF, 0xFF, 0x5F, 0x00, 0x00, 0x00, 0x00, 0x00, 0x00, 0x00, 0xB0,
    0xFF, 0xFF, 0xFF, 0xFF, 0x5F, 0xF1, 0xFF, 0xFF, 0xFF, 0xFF, 0x09, 0x00, 0x00, 0x00, 0x00, 0x00,
    0x00, 0x00, 0x40, 0xFF, 0xFF, 0xFF, 0xFF, 0x08, 0xE0, 0xFF, 0xFF, 0xFF, 0xBF, 0x00, 0x00, 0x00,
    0x00, 0x00, 0x00, 0x00, 0x00, 0x00, 0xF8, 0xFF, 0xFF, 0x8F, 0x00, 0x70, 0xFF, 0xFF, 0xFF, 0x0A,
    0x00, 0x00, 0x00, 0x00, 0x00, 0x00, 0x00, 0x00, 0x00, 0x50, 0xFC, 0xBF, 0x04, 0x00, 0x00, 0xD6,
    0xFF, 0x5B, 0x00, 0x00, 0x00, 0x00, 0x00, 0x00, 0x00, 0x00, 0x00, 0x00, 0x00, 0x00, 0x00, 0x00,
    0x00, 0x00, 0x00, 0x00, 0x00, 0x00, 0x81, 0xFD, 0xDF, 0x18, 0x00, 0x00, 0x00, 0x00, 0x00, 0x10,
    0x95, 0xEC, 0xFF, 0xDF, 0x29, 0x00, 0x00, 0x00, 0x00, 0x00, 0x40, 0xFF, 0xFF, 0xFF, 0xEF, 0x03,
    0x00, 0x00, 0x00, 0x30, 0xFA, 0xFF, 0xFF, 0xFF, 0xFF, 0xFF, 0x03, 0x00, 0x00, 0x00, 0x00, 0xF4,
    0xFF, 0xFF, 0xFF, 0xFF, 0x0E, 0x00, 0x00, 0x10, 0xFA, 0xFF, 0xFF, 0xFF, 0xFF, 0xFF, 0xFF, 0x0B,
    0x00, 0x00, 0x00, 0x20, 0xFF, 0xFF, 0xFF, 0xFF, 0xFF, 0x6F, 0x00, 0x00, 0xE4, 0xFF, 0xFF, 0xFF,
    0xFF, 0xFF, 0xFF, 0xFF, 0x0F, 0x00, 0x00, 0x00, 0xD0, 0xFF, 0xFF, 0xFF, 0xFF, 0xFF, 0x9F, 0x00,
    0x50, 0xFF, 0xFF, 0xFF, 0xFF, 0xFF, 0xFF, 0xFF, 0xFF, 0x0F, 0x00, 0x00, 0x00, 0xF7, 0xFF, 0xFF,
    0xFF, 0xFF, 0xFF, 0x9F, 0x00, 0xF3, 0xFF, 0xFF, 0xFF, 0xFF, 0xFF, 0xFF, 0xFF, 0xFF, 0x0E, 0x00,
    0x00, 0x10, 0xFF, 0xFF, 0xFF, 0xFF, 0xFF, 0xFF, 0x6F, 0x00, 0xFE, 0xFF, 0xFF, 0xFF, 0xDF, 0x15,
    0x20, 0xFB, 0xFF, 0x0B, 0x00, 0x00, 0x80, 0xFF, 0xFF, 0xFF, 0xFF, 0xFF, 0xFF, 0x0E, 0x70, 0xFF,
    0xFF, 0xFF, 0xFF, 0x0B, 0x00, 0x00, 0xFE, 0xFF, 0x08, 0x00, 0x00, 0xE0, 0xFF, 0xFF, 0xFF, 0xFF,
    0xFF, 0xFF, 0x03, 0xE0, 0xFF, 0xFF, 0xFF, 0xFF, 0x01, 0x00, 0x70, 0xFF, 0xFF, 0x05, 0x00, 0x00,
    0xF6, 0xFF, 0xCF, 0x03, 0xA4, 0xCC, 0x18, 0x00, 0xF2, 0xFF, 0xFF, 0xFF, 0xBF, 0x00, 0x00, 0xE0,
    0xFF, 0xFF, 0x02, 0x00, 0x00, 0xFC, 0xFF, 0x0C, 0x00, 0x00, 0x00, 0x00, 0x00, 0xF5, 0xFF, 0xFF,
    0xFF, 0xAF, 0x00, 0x00, 0xF6, 0xFF, 0xFF, 0x00, 0x00, 0x30, 0xFF, 0xFF, 0x02, 0x00, 0x00, 0x00,
    0x00, 0x00, 0xF6, 0xFF, 0xFF, 0xFF, 0xEF, 0x00, 0x00, 0xFE, 0xFF, 0xCF, 0x00, 0x00, 0x90, 0xFF,
    0x6F, 0x00, 0x00, 0x00, 0x00, 0x00, 0x00, 0xF6, 0xFF, 0xFF, 0xFF, 0xFF, 0x2C, 0x50, 0xFF, 0xFF,
    0x9F, 0x00, 0x00, 0xF0, 0xFF, 0x0D, 0x00, 0x00, 0x00, 0x00, 0x00, 0x00, 0xF3, 0xFF, 0xFF, 0xFF,
    0xFF, 0x5F, 0xB0, 0xFF, 0xFF, 0x6F, 0x00, 0x00, 0xF5, 0xFF, 0x05, 0x00, 0x00, 0x00, 0x00, 0x00,
    0x00, 0xE0, 0xFF, 0xFF, 0xFF, 0xFF, 0x1F, 0xF1, 0xFF, 0xFF, 0x3F, 0x00, 0x00, 0xFB, 0xEF, 0x00,
    0x00, 0x00, 0x00, 0x00, 0x00, 0x00, 0x60, 0xFF, 0xFF, 0xFF, 0xFF, 0x07, 0xF7, 0xFF, 0xFF, 0x0F,
    0x00, 0x10, 0xFF, 0x7F, 0x00, 0x00, 0x00, 0x00, 0x00, 0x00, 0x00, 0x00, 0xFA, 0xFF, 0xFF, 0x8F,
    0x00, 0xFC, 0xFF, 0xFF, 0x0E, 0x00, 0x80, 0xFF, 0x1F, 0x00, 0x00, 0x00, 0x00, 0x00, 0x00, 0x00,
    0x00, 0x50, 0xDB, 0x9C, 0x03, 0x10, 0xFF, 0xFF, 0xFF, 0x0C, 0x00, 0xE0, 0xFF, 0x09, 0x00, 0x00,
    0x00, 0x00, 0x00, 0x00, 0x00, 0x00, 0x00, 0x00, 0x00, 0x00, 0x50, 0xFF, 0xFF, 0xFF, 0x0A, 0x00,
    0xF6, 0xFF, 0x03, 0x00, 0x00, 0x00, 0x00, 0x00, 0x00, 0x00, 0x00, 0x00, 0x00, 0x00, 0x00, 0x90,
    0xFF, 0xFF, 0xFF, 0x0A, 0x00, 0xFD, 0xCF, 0x00, 0x00, 0x00, 0x00, 0x00, 0x00, 0x00, 0x00, 0x00,
    0x00, 0x00, 0x00, 0x00, 0xC0, 0xFF, 0xFF, 0xFF, 0x0A, 0x60, 0xFF, 0x6F, 0x00, 0x00, 0x00, 0x00,
    0x00, 0x00, 0x00, 0x00, 0x00, 0x00, 0x00, 0x00, 0x00, 0xE0, 0xFF, 0xFF, 0xFF, 0x1E, 0xF4, 0xFF,
    0x0E, 0x00, 0x00, 0x00, 0x00, 0x00, 0x00, 0x00, 0x00, 0x00, 0x00, 0x00, 0x00, 0x00, 0xF0, 0xFF,
    0xFF, 0xFF, 0xFF, 0xFF, 0xFF, 0x08, 0x00, 0x00, 0x00, 0x00, 0x00, 0x00, 0x00, 0x00, 0x00, 0x00,
    0x00, 0x00, 0x00, 0xF0, 0xFF, 0xFF, 0xFF, 0xFF, 0xFF, 0xFF, 0x01, 0x00, 0x00, 0x00, 0x00, 0x00,
    0x00, 0x00, 0x00, 0x00, 0x00, 0x00, 0x00, 0x00, 0xF0, 0xFF, 0xFF, 0xFF, 0xFF, 0xFF, 0x9F, 0x00,
    0x00, 0x00, 0x00, 0x00, 0x00, 0x00, 0x00, 0x00, 0x00, 0x00, 0x00, 0x00, 0x00, 0xE0, 0xFF, 0xFF,
    0xFF, 0xFF, 0xFF, 0x1F, 0x00, 0x00, 0x00, 0x00, 0x00, 0x00, 0x00, 0x00, 0x00, 0x00, 0x00, 0x00,
    0x00, 0x00, 0xA0, 0xFF, 0xFF, 0xFF, 0xFF, 0xFF, 0x07, 0x00, 0x00, 0x00, 0x00, 0x00, 0x00, 0x00,
    0x00, 0x00, 0x00, 0x00, 0x00, 0x00, 0x00, 0x50, 0xFF, 0xFF, 0xFF, 0xFF, 0xCF, 0x00, 0x00, 0x00,
    0x00, 0x00, 0x00, 0x00, 0x00, 0x00, 0x00, 0x00, 0x00, 0x00, 0x00, 0x00, 0x00, 0xFC, 0xFF, 0xFF,
    0xFF, 0x1E, 0x00, 0x00, 0x00, 0x00, 0x00, 0x00, 0x00, 0x00, 0x00, 0x00, 0x00, 0x00, 0x00, 0x00,
    0x00, 0x00, 0xD1, 0xFF, 0xFF, 0xEF, 0x03, 0x00, 0x00, 0x00, 0x00, 0x00, 0x00, 0x00, 0x00, 0x00,
    0x00, 0x00, 0x00, 0x00, 0x00, 0x00, 0x00, 0x00, 0xD7, 0xEF, 0x19, 0x00, 0x00, 0x00, 0x00, 0x00,
    0x00, 0x00, 0x00, 0x00, 0x00, 0x00, 0x00, 0x00, 0x00, 0x00, 0x00, 0x00, 0x00, 0x00, 0x00, 0x00,
    0x00, 0x00, 0x00, 0x00, 0x00, 0x00, 0x00, 0x00, 0x00, 0x00, 0x00, 0x10, 0xC7, 0xFE, 0xBE, 0x05,
    0x00, 0x00, 0x00, 0x00, 0x00, 0x10, 0x95, 0xEC, 0xFF, 0xDF, 0x5B, 0x00, 0x00, 0x00, 0x00, 0x00,
    0x00, 0x00, 0x00, 0x00, 0x00, 0x00, 0xF7, 0xFF, 0xFF, 0xFF, 0xAF, 0x00, 0x00, 0x00, 0x00, 0x40,
    0xFB, 0xFF, 0xFF, 0xFF, 0xFF, 0xFF, 0x0A, 0x00, 0x00, 0x00, 0xE9, 0xBE, 0x03, 0x00, 0x00, 0x00,
    0xC0, 0xFF, 0xFF, 0xFF, 0xFF, 0xFF, 0x07, 0x00, 0x00, 0x20, 0xFB, 0xFF, 0xFF, 0xFF, 0xFF, 0xFF,
    0xFF, 0x4F, 0x00, 0x00, 0xA0, 0xFF, 0xFF, 0x3F, 0x00, 0x00, 0x00, 0xFC, 0xFF, 0xFF, 0xFF, 0xFF,
    0xFF, 0x0E, 0x00, 0x00, 0xF6, 0xFF, 0xFF, 0xFF, 0xFF, 0xFF, 0xFF, 0xFF, 0x7F, 0x00, 0x00, 0xF3,
    0xFF, 0xFF, 0x9F, 0x00, 0x00, 0xB0, 0xFF, 0xFF, 0xFF, 0xFF, 0xFF, 0xFF, 0x1F, 0x00, 0x70, 0xFF,
    0xFF, 0xFF, 0xFF, 0xFF, 0xFF, 0xFF, 0xFF, 0x7F, 0x00, 0x00, 0xF9, 0xFF, 0xFF, 0xAF, 0x00, 0x00,
    0xF6, 0xFF, 0xFF, 0xFF, 0xFF, 0xFF, 0xFF, 0x2F, 0x00, 0xF5, 0xFF, 0xFF, 0xFF, 0xFF, 0xFF, 0xFF,
    0xFF, 0xFF, 0x5F, 0x00, 0x00, 0xFD, 0xFF, 0xFF, 0x7F, 0x00, 0x10, 0xFF, 0xFF, 0xFF, 0xFF, 0xFF,
    0xFF, 0xFF, 0x0E, 0x10, 0xFE, 0xFF, 0xFF, 0xFF, 0xDF, 0x15, 0x20, 0xFB, 0xFF, 0x1F, 0x00, 0x20,
    0xFF, 0xFF, 0xFF, 0x1F, 0x00, 0x90, 0xFF, 0xFF, 0xFF, 0xFF, 0xFF, 0xFF, 0xFF, 0x07, 0x90, 0xFF,
    0xFF, 0xFF, 0xFF, 0x0A, 0x00, 0x00, 0xFE, 0xFF, 0x0E, 0x00, 0x60, 0xFF, 0xFF, 0xFF, 0x09, 0x00,
    0xF1, 0xFF, 0xFF, 0xFF, 0xFF, 0xFF, 0xFF, 0xBF, 0x00, 0xF0, 0xFF, 0xFF, 0xFF, 0xEF, 0x00, 0x00,
    0x70, 0xFF, 0xFF, 0x0A, 0x00, 0xA0, 0xFF, 0xFF, 0xFF, 0x02, 0x00, 0xF8, 0xFF, 0xFF, 0x3C, 0x20,
    0xC7, 0xBD, 0x05, 0x00, 0xF3, 0xFF, 0xFF, 0xFF, 0xAF, 0x00, 0x00, 0xE0, 0xFF, 0xFF, 0x06, 0x00,
    0xE0, 0xFF, 0xFF, 0x9F, 0x00, 0x00, 0xFE, 0xFF, 0xCF, 0x00, 0x00, 0x00, 0x00, 0x00, 0x00, 0xF6,
    0xFF, 0xFF, 0xFF, 0xAF, 0x00, 0x00, 0xF6, 0xFF, 0xFF, 0x03, 0x00, 0xF2, 0xFF, 0xFF, 0x2F, 0x00,
    0x50, 0xFF, 0xFF, 0x2F, 0x00, 0x00, 0x00, 0x00, 0x00, 0x00, 0xF6, 0xFF, 0xFF, 0xFF, 0xFF, 0x01,
    0x00, 0xFE, 0xFF, 0xFF, 0x00, 0x00, 0xF6, 0xFF, 0xFF, 0x0B, 0x00, 0xB0, 0xFF, 0xFF, 0x0A, 0x00,
    0x00, 0x00, 0x00, 0x00, 0x00, 0xF5, 0xFF, 0xFF, 0xFF, 0xFF, 0x3E, 0x50, 0xFF, 0xFF, 0xCF, 0x00,
    0x00, 0xFB, 0xFF, 0xFF, 0x06, 0x00, 0xF1, 0xFF, 0xFF, 0x03, 0x00, 0x00, 0x00, 0x00, 0x00, 0x00,
    0xF2, 0xFF, 0xFF, 0xFF, 0xFF, 0x4F, 0xB0, 0xFF, 0xFF, 0x8F, 0x00, 0x00, 0xFF, 0xFF, 0xFF, 0x02,
    0x00, 0xF6, 0xFF, 0xEF, 0x00, 0x00, 0x00, 0x00, 0x00, 0x00, 0x00, 0xC0, 0xFF, 0xFF, 0xFF, 0xFF,
    0x0E, 0xF1, 0xFF, 0xFF, 0x5F, 0x00, 0x40, 0xFF, 0xFF, 0xFF, 0x00, 0x00, 0xFB, 0xFF, 0xAF, 0x00,
    0x00, 0x00, 0x00, 0x00, 0x00, 0x00, 0x30, 0xFF, 0xFF, 0xFF, 0xFF, 0x04, 0xF7, 0xFF, 0xFF, 0x1F,
    0x00, 0xA0, 0xFF, 0xFF, 0xCF, 0x00, 0x00, 0xFF, 0xFF, 0x6F, 0x00, 0x00, 0x00, 0x00, 0x00, 0x00,
    0x00, 0x00, 0xE4, 0xFF, 0xFF, 0x3C, 0x00, 0xFC, 0xFF, 0xFF, 0x0E, 0x00, 0xF0, 0xFF, 0xFF, 0xBF,
    0x00, 0x50, 0xFF, 0xFF, 0x2F, 0x00, 0x00, 0x00, 0x00, 0x00, 0x00, 0x00, 0x00, 0x00, 0x64, 0x25,
    0x00, 0x10, 0xFF, 0xFF, 0xFF, 0x0C, 0x00, 0xF5, 0xFF, 0xFF, 0xAF, 0x00, 0xB0, 0xFF, 0xFF, 0x0E,
    0x00, 0x00, 0x00, 0x00, 0x00, 0x00, 0x00, 0x00, 0x00, 0x00, 0x00, 0x00, 0x50, 0xFF, 0xFF, 0xFF,
    0x0A, 0x00, 0xFC, 0xFF, 0xFF, 0xAF, 0x00, 0xF1, 0xFF, 0xFF, 0x0B, 0x00, 0x00, 0x00, 0x00, 0x00,
    0x00, 0x00, 0x00, 0x00, 0x00, 0x00, 0x00, 0x90, 0xFF, 0xFF, 0xFF, 0x0A, 0x40, 0xFF, 0xFF, 0xFF,
    0xCF, 0x00, 0xF7, 0xFF, 0xFF, 0x07, 0x00, 0x00, 0x00, 0x00, 0x00, 0x00, 0x00, 0x00, 0x00, 0x00,
    0x00, 0x00, 0xC0, 0xFF, 0xFF, 0xFF, 0x1E, 0xE3, 0xFF, 0xFF, 0xFF, 0xFF, 0x43, 0xFF, 0xFF, 0xFF,
    0x03, 0x00, 0x00, 0x00, 0x00, 0x00, 0x00, 0x00, 0x00, 0x00, 0x00, 0x00, 0x00, 0xE0, 0xFF, 0xFF,
    0xFF, 0xFF, 0xFF, 0xFF, 0x88, 0xFF, 0xFF, 0xFF, 0xFF, 0xFF, 0xFF, 0x00, 0x00, 0x00, 0x00, 0x00,
    0x00, 0x00, 0x00, 0x00, 0x00, 0x00, 0x00, 0x00, 0xF0, 0xFF, 0xFF, 0xFF, 0xFF, 0xFF, 0xEF, 0x50,
    0xFF, 0xFF, 0xFF, 0xFF, 0xFF, 0xBF, 0x00, 0x00, 0x00, 0x00, 0x00, 0x00, 0x00, 0x00, 0x00, 0x00,
    0x00, 0x00, 0x00, 0xF0, 0xFF, 0xFF, 0xFF, 0xFF, 0xFF, 0x9F, 0x70, 0xFF, 0xFF, 0xFF, 0xFF, 0xFF,
    0x7F, 0x00, 0x00, 0x00, 0x00, 0x00, 0x00, 0x00, 0x00, 0x00, 0x00, 0x00, 0x00, 0x00, 0xF0, 0xFF,
    0xFF, 0xFF, 0xFF, 0xFF, 0x4F, 0x80, 0xFF, 0xFF, 0xFF, 0xFF, 0xFF, 0x2F, 0x00, 0x00, 0x00, 0x00,
    0x00, 0x00, 0x00, 0x00, 0x00, 0x00, 0x00, 0x00, 0x00, 0xE0, 0xFF, 0xFF, 0xFF, 0xFF, 0xFF, 0x0C,
    0x80, 0xFF, 0xFF, 0xFF, 0xFF, 0xFF, 0x0C, 0x00, 0x00, 0x00, 0x00, 0x00, 0x00, 0x00, 0x00, 0x00,
    0x00, 0x00, 0x00, 0x00, 0xB0, 0xFF, 0xFF, 0xFF, 0xFF, 0xFF, 0x04, 0x70, 0xFF, 0xFF, 0xFF, 0xFF,
    0xFF, 0x04, 0x00, 0x00, 0x00, 0x00, 0x00, 0x00, 0x00, 0x00, 0x00, 0x00, 0x00, 0x00, 0x00, 0x70,
    0xFF, 0xFF, 0xFF, 0xFF, 0xAF, 0x00, 0x30, 0xFF, 0xFF, 0xFF, 0xFF, 0xCF, 0x00, 0x00, 0x00, 0x00,
    0x00, 0x00, 0x00, 0x00, 0x00, 0x00, 0x00, 0x00, 0x00, 0x00, 0x10, 0xFE, 0xFF, 0xFF, 0xFF, 0x0C,
    0x00, 0x00, 0xFD, 0xFF, 0xFF, 0xFF, 0x2E, 0x00, 0x00, 0x00, 0x00, 0x00, 0x00, 0x00, 0x00, 0x00,
    0x00, 0x00, 0x00, 0x00, 0x00, 0x00, 0xF4, 0xFF, 0xFF, 0xAF, 0x00, 0x00, 0x00, 0xF3, 0xFF, 0xFF,
    0xFF, 0x04, 0x00, 0x00, 0x00, 0x00, 0x00, 0x00, 0x00, 0x00, 0x00, 0x00, 0x00, 0x00, 0x00, 0x00,
    0x00, 0x30, 0xFC, 0xBE, 0x04, 0x00, 0x00, 0x00, 0x20, 0xEA, 0xDF, 0x19, 0x00, 0x00, 0x00, 0x00,
    0x00, 0x00, 0x00, 0x00, 0x00, 0x00, 0x00, 0x00, 0x00, 0x00, 0x00, 0x00, 0x00, 0x81, 0xFC, 0xEF,
    0x4B, 0x00, 0x00, 0x00, 0x00, 0x91, 0xFD, 0xBE, 0x03, 0x00, 0x00, 0x00, 0x00, 0x00, 0x00, 0x00,
    0x50, 0xFF, 0xFF, 0xFF, 0xFF, 0x07, 0x00, 0x00, 0x40, 0xFF, 0xFF, 0xFF, 0x2F, 0x00, 0x00, 0x00,
    0x00, 0x00, 0x00, 0x00, 0xF6, 0xFF, 0xFF, 0xFF, 0xFF, 0x1F, 0x00, 0x00, 0xF5, 0xFF, 0xFF, 0xFF,
    0xBF, 0x00, 0x00, 0x00, 0x00, 0x00, 0x00, 0x40, 0xFF, 0xFF, 0xFF, 0xFF, 0xFF, 0x7F, 0x00, 0x20,
    0xFF, 0xFF, 0xFF, 0xFF, 0xFF, 0x00, 0x00, 0x00, 0x00, 0x00, 0x00, 0xE0, 0xFF, 0xFF, 0xFF, 0xFF,
    0xFF, 0xAF, 0x00, 0xC0, 0xFF, 0xFF, 0xFF, 0xFF, 0xFF, 0x02, 0x00, 0x00, 0x00, 0x00, 0x00, 0xF7,
    0xFF, 0xFF, 0xFF, 0xFF, 0xFF, 0xCF, 0x00, 0xF5, 0xFF, 0xFF, 0xFF, 0xFF, 0xFF, 0x01, 0x00, 0x00,
    0x00, 0x00, 0x00, 0xFE, 0xFF, 0xFF, 0xFF, 0xFF, 0xFF, 0xCF, 0x00, 0xFD, 0xFF, 0xFF, 0xFF, 0xFF,
    0xFF, 0x00, 0x00, 0x00, 0x00, 0x00, 0x30, 0xFF, 0xFF, 0xFF, 0xFF, 0xFF, 0xFF, 0xBF, 0x50, 0xFF,
    0xFF, 0xFF, 0xFF, 0xFF, 0xBF, 0x00, 0x00, 0x00, 0x00, 0x00, 0x60, 0xFF, 0xFF, 0xFF, 0xFF, 0xFF,
    0xFF, 0xBF, 0xD0, 0xFF, 0xFF, 0xFF, 0xFF, 0xFF, 0x6F, 0x00, 0x00, 0x00, 0x00, 0x00, 0x90, 0xFF,
    0xFF, 0xDF, 0x04, 0xD3, 0xFF, 0xBF, 0xF6, 0xFF, 0xDF, 0xFF, 0xFF, 0xFF, 0x0D, 0x00, 0x00, 0x00,
    0x00, 0x00, 0x90, 0xFF, 0xFF, 0x3F, 0x00, 0x40, 0xFF, 0xFF, 0xFF, 0xAF, 0x00, 0xF8, 0xFF, 0xFF,
    0x04, 0x00, 0x00, 0x00, 0x00, 0x00, 0x80, 0xFF, 0xFF, 0x0B, 0x00, 0x10, 0xFF, 0xFF, 0xFF, 0x0D,
    0x00, 0xF1, 0xFF, 0x7F, 0x00, 0x00, 0x00, 0x00, 0x00, 0x00, 0x60, 0xFF, 0xFF, 0x08, 0x00, 0x10,
    0xFF, 0xFF, 0xFF, 0x05, 0x00, 0x80, 0xCF, 0x05, 0x00, 0x00, 0x00, 0x00, 0x00, 0x00, 0x10, 0xFF,
    0xFF, 0x09, 0x00, 0x30, 0xFF, 0xFF, 0xFF, 0x00, 0x00, 0x00, 0x00, 0x00, 0x00, 0x00, 0x00, 0x00,
    0x00, 0x00, 0x00, 0xF9, 0xFF, 0x0B, 0x00, 0x70, 0xFF, 0xFF, 0xDF, 0x00, 0x00, 0x00, 0x00, 0x00,
    0x00, 0x00, 0x00, 0x00, 0x00, 0x00, 0x00, 0x70, 0xCD, 0x04, 0x00, 0xD0, 0xFF, 0xFF, 0xCF, 0x00,
    0x00, 0x00, 0x00, 0x00, 0x00, 0x00, 0x00, 0x00, 0x00, 0x00, 0x00, 0x00, 0x00, 0x00, 0x00, 0xF5,
    0xFF, 0xFF, 0xCF, 0x00, 0x00, 0x00, 0x00, 0x00, 0x00, 0x00, 0x00, 0x00, 0x00, 0x00, 0x00, 0x00,
    0x00, 0x00, 0x00, 0xFC, 0xFF, 0xFF, 0xFF, 0x00, 0x00, 0x00, 0x00, 0x00, 0x00, 0x00, 0x00, 0x00,
    0x50, 0x26, 0x00, 0x00, 0x00, 0x00, 0x70, 0xFF, 0xFF, 0xFF, 0xFF, 0x05, 0x00, 0x00, 0x00, 0x00,
    0x00, 0x00, 0x00, 0x40, 0xFE, 0x9F, 0x00, 0x00, 0x00, 0x00, 0xF4, 0xFF, 0xFF, 0xFF, 0xFF, 0x2E,
    0x00, 0x00, 0x00, 0xB0, 0x1D, 0x00, 0x00, 0xF3, 0xFF, 0xEF, 0x01, 0x00, 0x00, 0x40, 0xFF, 0xFF,
    0x6A, 0xFF, 0xFF, 0xFF, 0x27, 0x00, 0x62, 0xFD, 0x1F, 0x00, 0x00, 0xFD, 0xFF, 0xFF, 0x6E, 0x02,
    0x41, 0xFA, 0xFF, 0xFF, 0x21, 0xFF, 0xFF, 0xFF, 0xFF, 0xFF, 0xFF, 0xFF, 0x09, 0x00, 0x60, 0xFF,
    0xFF, 0xFF, 0xFF, 0xFF, 0xFF, 0xFF, 0xFF, 0x9F, 0x20, 0xFF, 0xFF, 0xFF, 0xFF, 0xFF, 0xFF, 0xFF,
    0x02, 0x00, 0xB0, 0xFF, 0xFF, 0xFF, 0xFF, 0xFF, 0xFF, 0xFF, 0xFF, 0x3F, 0x20, 0xFF, 0xFF, 0xFF,
    0xFF, 0xFF, 0xFF, 0x9F, 0x00, 0x00, 0xF0, 0xFF, 0xFF, 0xFF, 0xFF, 0xFF, 0xFF, 0xFF, 0xFF, 0x0C,
    0x30, 0xFF, 0xFF, 0xFF, 0xFF, 0xFF, 0xFF, 0x1E, 0x00, 0x00, 0xF0, 0xFF, 0xFF, 0xFF, 0xFF, 0xFF,
    0xFF, 0xFF, 0xFF, 0x05, 0x20, 0xFF, 0xFF, 0xFF, 0xFF, 0xFF, 0xFF, 0x06, 0x00, 0x00, 0xF0, 0xFF,
    0xFF, 0xFF, 0xFF, 0xFF, 0xFF, 0xFF, 0xDF, 0x00, 0x10, 0xFF, 0xFF, 0xFF, 0xFF, 0xFF, 0xAF, 0x00,
    0x00, 0x00, 0xE0, 0xFF, 0xFF, 0xFF, 0xFF, 0xFF, 0xFF, 0xFF, 0x5F, 0x00, 0x00, 0xFF, 0xFF, 0xFF,
    0xFF, 0xFF, 0x0C, 0x00, 0x00, 0x00, 0x90, 0xFF, 0xFF, 0xFF, 0xFF, 0xFF, 0xFF, 0xFF, 0x0B, 0x00,
    0x00, 0xFA, 0xFF, 0xFF, 0xFF, 0xBF, 0x00, 0x00, 0x00, 0x00, 0x30, 0xFF, 0xFF, 0xFF, 0xFF, 0xFF,
    0xFF, 0xDF, 0x01, 0x00, 0x00, 0xF3, 0xFF, 0xFF, 0xFF, 0x09, 0x00, 0x00, 0x00, 0x00, 0x00, 0xF8,
    0xFF, 0xFF, 0xFF, 0xFF, 0xFF, 0x1C, 0x00, 0x00, 0x00, 0x40, 0xFC, 0xDF, 0x39, 0x00, 0x00, 0x00,
    0x00, 0x00, 0x00, 0x80, 0xFF, 0xFF, 0xFF, 0xFF, 0x8F, 0x00, 0x00, 0x00, 0x00, 0x00, 0x00, 0x00,
    0x00, 0x00, 0x00, 0x00, 0x00, 0x00, 0x00, 0x00, 0xA3, 0xFE, 0xEF, 0x7B, 0x01, 0x00, 0x00, 0x00,
    0x00, 0x00, 0x00, 0x00, 0x00, 0x00, 0x00, 0x00, 0x00, 0x00, 0x00, 0x00, 0x00, 0x00, 0x00, 0x00,
    0x63, 0xB9, 0xED, 0xFF, 0xDF, 0x6B, 0x01, 0x00, 0x00, 0x00, 0x00, 0x00, 0x00, 0x00, 0x00, 0x00,
    0x40, 0xE9, 0xFF, 0xFF, 0xFF, 0xFF, 0xFF, 0xFF, 0x4E, 0x00, 0x00, 0x50, 0xFD, 0x1B, 0x00, 0x00,
    0x00, 0x50, 0xFC, 0xFF, 0xFF, 0xFF, 0xFF, 0xFF, 0xFF, 0xFF, 0xEF, 0x00, 0x00, 0xF6, 0xFF, 0xAF,
    0x00, 0x00, 0x20, 0xFB, 0xFF, 0xFF, 0xFF, 0xFF, 0xFF, 0xFF, 0xFF, 0xFF, 0xFF, 0x02, 0x20, 0xFF,
    0xFF, 0xEF, 0x00, 0x00, 0xF4, 0xFF, 0xFF, 0xFF, 0xFF, 0xFF, 0xFF, 0xCD, 0xFD, 0xFF, 0xFF, 0x00,
    0xA0, 0xFF, 0xFF, 0xEF, 0x00, 0x50, 0xFF, 0xFF, 0xFF, 0xFF, 0xDF, 0x48, 0x01, 0x40, 0xFE, 0xFF,
    0x6E, 0x00, 0xF1, 0xFF, 0xFF, 0xBF, 0x00, 0xF3, 0xFF, 0xFF, 0xFF, 0xDF, 0x04, 0x00, 0x00, 0xF7,
    0xFF, 0xBF, 0x01, 0x00, 0xF6, 0xFF, 0xFF, 0x5F, 0x00, 0xFD, 0xFF, 0xFF, 0xFF, 0x0C, 0x00, 0x00,
    0x60, 0xFF, 0xFF, 0x0B, 0x00, 0x00, 0xFC, 0xFF, 0xFF, 0x0D, 0x60, 0xFF, 0xFF, 0xFF, 0xFF, 0x02,
    0x00, 0x00, 0xF4, 0xFF, 0xEF, 0x01, 0x00, 0x10, 0xFF, 0xFF, 0xFF, 0x05, 0xD0, 0xFF, 0xFF, 0xFF,
    0xDF, 0x00, 0x00, 0x00, 0xFE, 0xFF, 0x4F, 0x00, 0x00, 0x50, 0xFF, 0xFF, 0xDF, 0x00, 0xF1, 0xFF,
    0xFF, 0xFF, 0xBF, 0x00, 0x00, 0x90, 0xFF, 0xFF, 0x0A, 0x00, 0x00, 0xA0, 0xFF, 0xFF, 0x4F, 0x00,
    0xF4, 0xFF, 0xFF, 0xFF, 0xEF, 0x00, 0x00, 0xF3, 0xFF, 0xFF, 0x02, 0x00, 0x00, 0xF0, 0xFF, 0xFF,
    0x0C, 0x00, 0xF5, 0xFF, 0xFF, 0xFF, 0xFF, 0x3D, 0x00, 0xFC, 0xFF, 0xBF, 0x00, 0x00, 0x00, 0xF5,
    0xFF, 0xFF, 0x06, 0x00, 0xF4, 0xFF, 0xFF, 0xFF, 0xFF, 0x6F, 0x30, 0xFF, 0xFF, 0x5F, 0x00, 0x00,
    0x00, 0xFB, 0xFF, 0xFF, 0x00, 0x00, 0xF1, 0xFF, 0xFF, 0xFF, 0xFF, 0x2F, 0xB0, 0xFF, 0xFF, 0x1F,
    0x00, 0x00, 0x20, 0xFF, 0xFF, 0xAF, 0x00, 0x00, 0xA0, 0xFF, 0xFF, 0xFF, 0xFF, 0x0A, 0xF1, 0xFF,
    0xFF, 0x0F, 0x00, 0x00, 0xA0, 0xFF, 0xFF, 0x5F, 0x00, 0x00, 0x10, 0xFD, 0xFF, 0xFF, 0xCF, 0x00,
    0xF7, 0xFF, 0xFF, 0x0E, 0x00, 0x00, 0xF3, 0xFF, 0xFF, 0x0F, 0x00, 0x00, 0x00, 0x91, 0xFE, 0xCF,
    0x06, 0x00, 0xFB, 0xFF, 0xFF, 0x1F, 0x00, 0x10, 0xFD, 0xFF, 0xFF, 0x0C, 0x00, 0x00, 0x00, 0x00,
    0x00, 0x00, 0x00, 0x00, 0xFE, 0xFF, 0xFF, 0xAF, 0x11, 0xD5, 0xFF, 0xFF, 0xFF, 0x08, 0x00, 0x00,
    0x00, 0x00, 0x00, 0x00, 0x00, 0x10, 0xFF, 0xFF, 0xFF, 0xFF, 0xFF, 0xFF, 0xFF, 0xFF, 0xFF, 0x04,
    0x00, 0x00, 0x00, 0x00, 0x00, 0x00, 0x00, 0x20, 0xFF, 0xFF, 0xFF, 0xFF, 0xFF, 0xFF, 0xAF, 0xFC,
    0xFF, 0x01, 0x00, 0x00, 0x00, 0x00, 0x00, 0x00, 0x00, 0x20, 0xFF, 0xFF, 0xFF, 0xFF, 0xFF, 0xFF,
    0x2F, 0xFC, 0xEF, 0x00, 0x00, 0x00, 0x00, 0x00, 0x00, 0x00, 0x00, 0x00, 0xFF, 0xFF, 0xFF, 0xFF,
    0xFF, 0xFF, 0x0C, 0xFE, 0xBF, 0x00, 0x00, 0x00, 0x00, 0x00, 0x00, 0x30, 0x45, 0x00, 0xFD, 0xFF,
    0xFF, 0xFF, 0xFF, 0xFF, 0x34, 0xFF, 0x8F, 0x00, 0x00, 0x00, 0x00, 0x00, 0x30, 0xFD, 0xFF, 0x03,
    0xF7, 0xFF, 0xFF, 0xFF, 0xFF, 0xAF, 0x90, 0xFF, 0x5F, 0x00, 0x00, 0x00, 0x00, 0x00, 0xF4, 0xFF,
    0xFF, 0x05, 0xE1, 0xFF, 0xFF, 0xFF, 0xFF, 0x1C, 0xF1, 0xFF, 0x1F, 0x00, 0x00, 0x00, 0x00, 0x10,
    0xFF, 0xFF, 0xFF, 0x09, 0x30, 0xFF, 0xFF, 0xFF, 0xBF, 0x01, 0xFB, 0xFF, 0x0E, 0x00, 0x00, 0x00,
    0x00, 0x90, 0xFF, 0xFF, 0xFF, 0x2F, 0x00, 0x92, 0xFE, 0xAE, 0x04, 0x90, 0xFF, 0xFF, 0x09, 0x00,
    0x00, 0x00, 0x00, 0xE0, 0xFF, 0xFF, 0xFF, 0xEF, 0x03, 0x00, 0x00, 0x00, 0x10, 0xFB, 0xFF, 0xFF,
    0x03, 0x00, 0x00, 0x00, 0x00, 0xF3, 0xFF, 0xFF, 0xFF, 0xFF, 0xAF, 0x25, 0x00, 0x41, 0xF9, 0xFF,
    0xFF, 0xEF, 0x00, 0x00, 0x00, 0x00, 0x00, 0xF5, 0xFF, 0xFF, 0xFF, 0xFF, 0xFF, 0xFF, 0xFF, 0xFF,
    0xFF, 0xFF, 0xFF, 0x7F, 0x00, 0x00, 0x00, 0x00, 0x00, 0xF5, 0xFF, 0xFF, 0xFF, 0xFF, 0xFF, 0xFF,
    0xFF, 0xFF, 0xFF, 0xFF, 0xFF, 0x0E, 0x00, 0x00, 0x00, 0x00, 0x00, 0xF4, 0xFF, 0xFF, 0xFF, 0xFF,
    0xFF, 0xFF, 0xFF, 0xFF, 0xFF, 0xFF, 0xFF, 0x07, 0x00, 0x00, 0x00, 0x00, 0x00, 0xF0, 0xFF, 0xFF,
    0xFF, 0xFF, 0xFF, 0xFF, 0xFF, 0xFF, 0xFF, 0xFF, 0xCF, 0x00, 0x00, 0x00, 0x00, 0x00, 0x00, 0xA0,
    0xFF, 0xFF, 0xFF, 0xFF, 0xFF, 0xFF, 0xFF, 0xFF, 0xFF, 0xFF, 0x2F, 0x00, 0x00, 0x00, 0x00, 0x00,
    0x00, 0x30, 0xFF, 0xFF, 0xFF, 0xFF, 0xFF, 0xFF, 0xFF, 0xFF, 0xFF, 0xFF, 0x04, 0x00, 0x00, 0x00,
    0x00, 0x00, 0x00, 0x00, 0xF7, 0xFF, 0xFF, 0xFF, 0xFF, 0xFF, 0xFF, 0xFF, 0xFF, 0x5F, 0x00, 0x00,
    0x00, 0x00, 0x00, 0x00, 0x00, 0x00, 0x80, 0xFF, 0xFF, 0xFF, 0xFF, 0xFF, 0xFF, 0xFF, 0xDF, 0x03,
    0x00, 0x00, 0x00, 0x00, 0x00, 0x00, 0x00, 0x00, 0x00, 0xD4, 0xFF, 0xFF, 0xFF, 0xFF, 0xFF, 0xDF,
    0x06, 0x00, 0x00, 0x00, 0x00, 0x00, 0x00, 0x00, 0x00, 0x00, 0x00, 0x00, 0x83, 0xEC, 0xFF, 0xDF,
    0x8B, 0x03, 0x00, 0x00, 0x00, 0x00, 0x00, 0x00, 0x00, 0x00, 0x00, 0x00, 0x00, 0x00, 0x60, 0xEA,
    0xFF, 0xDE, 0xAC, 0x58, 0x13, 0x00, 0x61, 0xEE, 0x04, 0x00, 0x00, 0x00, 0x40, 0xFE, 0xFF, 0xFF,
    0xFF, 0xFF, 0xFF, 0xFF, 0xFF, 0xFF, 0xFF, 0x0C, 0x00, 0x00, 0x00, 0xF8, 0xFF, 0xFF, 0xFF, 0xFF,
    0xFF, 0xFF, 0xFF, 0xFF, 0xFF, 0xFF, 0x0F, 0x00, 0x00, 0x60, 0xFF, 0xFF, 0xFF, 0xFF, 0xFF, 0xFF,
    0xFF, 0xFF, 0xFF, 0xFF, 0xFF, 0x1F, 0x00, 0x00, 0xF2, 0xFF, 0xFF, 0xFF, 0xFF, 0xFF, 0xFF, 0xFF,
    0xFF, 0xFF, 0xFF, 0xFF, 0x1F, 0x00, 0x00, 0xF9, 0xFF, 0xFF, 0xFF, 0xFF, 0xFF, 0xFF, 0xFF, 0xFF,
    0xFF, 0xFF, 0xFF, 0x0F, 0x00, 0x00, 0xFD, 0xFF, 0xFF, 0xFF, 0xFF, 0xFF, 0xFF, 0xFF, 0xFF, 0xFF,
    0xFF, 0xFF, 0x0D, 0x00, 0x00, 0xFF, 0xFF, 0xFF, 0xFF, 0xFF, 0xFF, 0xFF, 0xFF, 0xDF, 0xF1, 0xFF,
    0xFF, 0x0A, 0x00, 0x00, 0xFF, 0xFF, 0xFF, 0xFF, 0xFF, 0xFF, 0xFF, 0xFF, 0x2F, 0xF0, 0xFF, 0xFF,
    0x04, 0x00, 0x00, 0xFE, 0xFF, 0x5F, 0x10, 0x62, 0xC9, 0xFE, 0xBF, 0x02, 0xF9, 0xFF, 0xCF, 0x00,
    0x00, 0x00, 0xF9, 0xFF, 0x0F, 0x00, 0x00, 0x00, 0x00, 0x00, 0xC3, 0xFF, 0xFF, 0x2E, 0x00, 0x00,
    0x00, 0xE1, 0xFF, 0x6F, 0x00, 0x00, 0x00, 0x20, 0xC7, 0xFF, 0xFF, 0xFF, 0x03, 0x00, 0x00, 0x00,
    0x20, 0xDA, 0x2C, 0x00, 0x00, 0x94, 0xFD, 0xFF, 0xFF, 0xFF, 0x2E, 0x00, 0x00, 0x00, 0x00, 0x00,
    0x00, 0x00, 0x50, 0xFA, 0xFF, 0xFF, 0xFF, 0xFF, 0x9F, 0x00, 0x00, 0x00, 0x00, 0x00, 0x00, 0x00,
    0x93, 0xFF, 0xFF, 0xFF, 0xFF, 0xFF, 0x9F, 0x02, 0x00, 0x00, 0x00, 0x00, 0x00, 0x00, 0xB2, 0xFF,
    0xFF, 0xFF, 0xFF, 0xFF, 0x6C, 0x00, 0x00, 0x00, 0x00, 0x00, 0x00, 0x00, 0x60, 0xFF, 0xFF, 0xFF,
    0xFF, 0xBF, 0x16, 0x00, 0x00, 0x00, 0x00, 0x00, 0x00, 0x00, 0x00, 0xF8, 0xFF, 0xFF, 0xFF, 0x5A,
    0x00, 0x00, 0x00, 0x00, 0x00, 0x00, 0x00, 0x00, 0x00, 0x70, 0xFF, 0xFF, 0xEF, 0x06, 0x20, 0x13,
    0x00, 0x00, 0x00, 0x00, 0x00, 0x10, 0x00, 0x00, 0xF3, 0xFF, 0xFF, 0x0D, 0xB3, 0xFF, 0xFF, 0xBF,
    0x16, 0x00, 0x00, 0x00, 0xF6, 0x0D, 0x00, 0xFD, 0xFF, 0xFF, 0x49, 0xFF, 0xFF, 0xFF, 0xFF, 0xFF,
    0x8C, 0x87, 0xEA, 0xFF, 0x0D, 0x40, 0xFF, 0xFF, 0xFF, 0xFF, 0xFF, 0xFF, 0xFF, 0xFF, 0xFF, 0xFF,
    0xFF, 0xFF, 0xFF, 0x05, 0x90, 0xFF, 0xFF, 0xFF, 0xFF, 0xFF, 0xFF, 0xFF, 0xFF, 0xFF, 0xFF, 0xFF,
    0xFF, 0xCF, 0x00, 0xD0, 0xFF, 0xFF, 0xFF, 0xFF, 0xFF, 0xFF, 0xFF, 0xFF, 0xFF, 0xFF, 0xFF, 0xFF,
    0x4F, 0x00, 0xF0, 0xFF, 0xFF, 0xFF, 0xFF, 0xFF, 0xFF, 0xFF, 0xFF, 0xFF, 0xFF, 0xFF, 0xFF, 0x0B,
    0x00, 0xF1, 0xFF, 0xFF, 0x5F, 0x60, 0xFF, 0xFF, 0xFF, 0xFF, 0xFF, 0xFF, 0xFF, 0xFF, 0x02, 0x00,
    0xF1, 0xFF, 0xFF, 0x2F, 0x00, 0xF7, 0xFF, 0xFF, 0xFF, 0xFF, 0xFF, 0xFF, 0x6F, 0x00, 0x00, 0xF0,
    0xFF, 0xFF, 0xAF, 0x00, 0xB0, 0xFF, 0xFF, 0xFF, 0xFF, 0xFF, 0xFF, 0x0A, 0x00, 0x00, 0xC0, 0xFF,
    0xFF, 0xDF, 0x00, 0x10, 0xFE, 0xFF, 0xFF, 0xFF, 0xFF, 0xAF, 0x00, 0x00, 0x00, 0x40, 0xFF, 0xFF,
    0x9F, 0x00, 0x00, 0xC2, 0xFF, 0xFF, 0xFF, 0xFF, 0x08, 0x00, 0x00, 0x00, 0x00, 0xD5, 0xEF, 0x09,
    0x00, 0x00, 0x00, 0xA5, 0xFD, 0xDF, 0x29, 0x00, 0x00, 0x00, 0x00, 0x00, 0x00, 0x00, 0x00, 0x00,
    0x40, 0xFF, 0xFF, 0xFF, 0x1F, 0x00, 0x00, 0x00, 0x00, 0x00, 0x90, 0xFF, 0xFF, 0xFF, 0x0B, 0x00,
    0x00, 0x00, 0x00, 0x00, 0xE0, 0xFF, 0x22, 0x22, 0x01, 0x00, 0x00, 0x00, 0x00, 0x00, 0xF4, 0xBF,
    0x00, 0x00, 0x00, 0x00, 0x00, 0x00, 0x00, 0x00, 0xF9, 0x5F, 0x00, 0x00, 0x00, 0x00, 0x00, 0x00,
    0x00, 0x00, 0xFE, 0x1F, 0x00, 0x00, 0x00, 0x00, 0x00, 0x00, 0x00, 0x40, 0xFF, 0x0B, 0x00, 0x00,
    0x00, 0x00, 0x00, 0x00, 0x00, 0x90, 0xFF, 0x06, 0x00, 0x00, 0x00, 0x00, 0x00, 0x00, 0x00, 0xE0,
    0xFF, 0x01, 0x00, 0x00, 0x00, 0x00, 0x00, 0x00, 0x00, 0xF4, 0xCF, 0x00, 0x00, 0x00, 0x00, 0x00,
    0x00, 0x00, 0x00, 0xF9, 0x7F, 0x00, 0x00, 0x00, 0x00, 0x00, 0x00, 0x00, 0x00, 0xFE, 0x2F, 0x00,
    0x00, 0x00, 0x00, 0x00, 0x00, 0x00, 0x30, 0xFF, 0x0D, 0x00, 0x00, 0x00, 0x00, 0x00, 0x00, 0x00,
    0x90, 0xFF, 0x07, 0x00, 0x00, 0x00, 0x00, 0x00, 0x00, 0x00, 0xE0, 0xFF, 0x02, 0x00, 0x00, 0x00,
    0x00, 0x00, 0x00, 0x00, 0xF3, 0xDF, 0x00, 0x00, 0x00, 0x00, 0x00, 0x00, 0x00, 0x00, 0xF8, 0x8F,
    0x00, 0x00, 0x00, 0x00, 0x00, 0x00, 0x00, 0x00, 0xFD, 0x3F, 0x00, 0x00, 0x00, 0x00, 0x00, 0x00,
    0x00, 0x30, 0xFF, 0x0E, 0x00, 0x00, 0x00, 0x00, 0x00, 0x00, 0x00, 0x80, 0xFF, 0x09, 0x00, 0x00,
    0x00, 0x00, 0x00, 0x00, 0x00, 0xD0, 0xFF, 0x04, 0x00, 0x00, 0x00, 0x00, 0x00, 0x00, 0x00, 0xF3,
    0xEF, 0x00, 0x00, 0x00, 0x00, 0x00, 0x00, 0x00, 0x00, 0xF8, 0x9F, 0x00, 0x00, 0x00, 0x00, 0x00,
    0x00, 0x00, 0x00, 0xFD, 0x4F, 0x00, 0x00, 0x00, 0x00, 0x00, 0x00, 0x00, 0x20, 0xFF, 0x0F, 0x00,
    0x00, 0x00, 0x00, 0x00, 0x00, 0x00, 0x80, 0xFF, 0x0A, 0x00, 0x00, 0x00, 0x00, 0x00, 0x00, 0x00,
    0xD0, 0xFF, 0x05, 0x00, 0x00, 0x00, 0x00, 0x00, 0x00, 0x00, 0xF2, 0xFF, 0x00, 0x00, 0x00, 0x00,
    0x00, 0x00, 0x00, 0x00, 0xF7, 0xBF, 0x00, 0x00, 0x00, 0x00, 0x00, 0x00, 0x00, 0x00, 0xFD, 0x5F,
    0x00, 0x00, 0x00, 0x00, 0x00, 0x00, 0x00, 0x20, 0xFF, 0x1F, 0x00, 0x00, 0x00, 0x00, 0x00, 0x00,
    0x00, 0x70, 0xFF, 0x2C, 0x22, 0x02, 0x00, 0x00, 0x00, 0x00, 0x00, 0xC0, 0xFF, 0xFF, 0xFF, 0x09,
    0x00, 0x00, 0x00, 0x00, 0x00, 0xF2, 0xFF, 0xFF, 0xFF, 0x03, 0x00, 0x00, 0x00, 0x00, 0x00, 0x22,
    0x00, 0x00, 0x00, 0x00, 0x97, 0x00, 0x00, 0x00, 0x00, 0xD4, 0x00, 0x00, 0x00, 0x00, 0xF1, 0x01,
    0x00, 0x00, 0x00, 0xF0, 0x05, 0x00, 0x00, 0x00, 0xC0, 0x09, 0x00, 0x00, 0x00, 0xA0, 0x0D, 0x00,
    0x00, 0x00, 0x70, 0x1F, 0x00, 0x00, 0x00, 0x40, 0x5F, 0x00, 0x00, 0x00, 0x20, 0x9F, 0x00, 0x00,
    0x00, 0x00, 0xDF, 0x00, 0x00, 0x00, 0x00, 0xFC, 0x01, 0x00, 0x00, 0x00, 0xFA, 0x05, 0x00, 0x00,
    0x00, 0xF7, 0x09, 0x00, 0x00, 0x00, 0xF4, 0x0D, 0x00, 0x00, 0x00, 0xF1, 0x1F, 0x00, 0x00, 0x00,
    0xF0, 0x5F, 0x00, 0x00, 0x00, 0xC0, 0x8F, 0x00, 0x00, 0x00, 0x90, 0xCF, 0x00, 0x00, 0x00, 0x60,
    0xFF, 0x01, 0x00, 0x00, 0x30, 0xFF, 0x04, 0x00, 0x00, 0x10, 0xFF, 0x08, 0x00, 0x00, 0x00, 0xFE,
    0x0C, 0x00, 0x00, 0x00, 0xFB, 0x0F, 0x00, 0x00, 0x00, 0xF8, 0x4F, 0x00, 0x00, 0x00, 0xF5, 0x7F,
    0x00, 0x00, 0x00, 0xF1, 0xBF, 0x00, 0x00, 0x00, 0xE0, 0xEF, 0x00, 0x00, 0x00, 0xB0, 0xFF, 0x02,
    0x00, 0x00, 0x70, 0xFF, 0x05, 0x00, 0x00, 0x30, 0xFF, 0x08, 0x00, 0x00, 0x00, 0xFF, 0x0A, 0x00,
    0x00, 0x00, 0xFA, 0x0C, 0x00, 0x00, 0x00, 0xF4, 0x0D, 0x00, 0x00, 0x00, 0xB0, 0x0A, 0x00, 0x00,
    0x00, 0x00, 0x00, 0x20, 0xFF, 0xFF, 0xFF, 0x3F, 0x00, 0x00, 0x00, 0x00, 0x00, 0x80, 0xFF, 0xFF,
    0xFF, 0x0E, 0x00, 0x00, 0x00, 0x00, 0x00, 0x10, 0x22, 0xB2, 0xFF, 0x08, 0x00, 0x00, 0x00, 0x00,
    0x00, 0x00, 0x00, 0xF0, 0xFF, 0x03, 0x00, 0x00, 0x00, 0x00, 0x00, 0x00, 0x00, 0xF4, 0xEF, 0x00,
    0x00, 0x00, 0x00, 0x00, 0x00, 0x00, 0x00, 0xF9, 0x9F, 0x00, 0x00, 0x00, 0x00, 0x00, 0x00, 0x00,
    0x00, 0xFE, 0x3F, 0x00, 0x00, 0x00, 0x00, 0x00, 0x00, 0x00, 0x40, 0xFF, 0x0E, 0x00, 0x00, 0x00,
    0x00, 0x00, 0x00, 0x00, 0x90, 0xFF, 0x09, 0x00, 0x00, 0x00, 0x00, 0x00, 0x00, 0x00, 0xE0, 0xFF,
    0x04, 0x00, 0x00, 0x00, 0x00, 0x00, 0x00, 0x00, 0xF3, 0xEF, 0x00, 0x00, 0x00, 0x00, 0x00, 0x00,
    0x00, 0x00, 0xF8, 0x9F, 0x00, 0x00, 0x00, 0x00, 0x00, 0x00, 0x00, 0x00, 0xFD, 0x4F, 0x00, 0x00,
    0x00, 0x00, 0x00, 0x00, 0x00, 0x20, 0xFF, 0x0E, 0x00, 0x00, 0x00, 0x00, 0x00, 0x00, 0x00, 0x80,
    0xFF, 0x09, 0x00, 0x00, 0x00, 0x00, 0x00, 0x00, 0x00, 0xD0, 0xFF, 0x04, 0x00, 0x00, 0x00, 0x00,
    0x00, 0x00, 0x00, 0xF2, 0xEF, 0x00, 0x00, 0x00, 0x00, 0x00, 0x00, 0x00, 0x00, 0xF7, 0x9F, 0x00,
    0x00, 0x00, 0x00, 0x00, 0x00, 0x00, 0x00, 0xFC, 0x4F, 0x00, 0x00, 0x00, 0x00, 0x00, 0x00, 0x00,
    0x10, 0xFF, 0x0F, 0x00, 0x00, 0x00, 0x00, 0x00, 0x00, 0x00, 0x60, 0xFF, 0x0A, 0x00, 0x00, 0x00,
    0x00, 0x00, 0x00, 0x00, 0xB0, 0xFF, 0x04, 0x00, 0x00, 0x00, 0x00, 0x00, 0x00, 0x00, 0xF1, 0xFF,
    0x00, 0x00, 0x00, 0x00, 0x00, 0x00, 0x00, 0x00, 0xF6, 0xAF, 0x00, 0x00, 0x00, 0x00, 0x00, 0x00,
    0x00, 0x00, 0xFB, 0x5F, 0x00, 0x00, 0x00, 0x00, 0x00, 0x00, 0x00, 0x00, 0xFF, 0x0F, 0x00, 0x00,
    0x00, 0x00, 0x00, 0x00, 0x00, 0x50, 0xFF, 0x0A, 0x00, 0x00, 0x00, 0x00, 0x00, 0x00, 0x00, 0xA0,
    0xFF, 0x05, 0x00, 0x00, 0x00, 0x00, 0x00, 0x00, 0x00, 0xF0, 0xFF, 0x00, 0x00, 0x00, 0x00, 0x00,
    0x00, 0x00, 0x00, 0xF4, 0xAF, 0x00, 0x00, 0x00, 0x00, 0x00, 0x00, 0x00, 0x00, 0xF9, 0x5F, 0x00,
    0x00, 0x00, 0x00, 0x00, 0x10, 0x22, 0x22, 0xFE, 0x0F, 0x00, 0x00, 0x00, 0x00, 0x00, 0xA0, 0xFF,
    0xFF, 0xFF, 0x0B, 0x00, 0x00, 0x00, 0x00, 0x00, 0xF0, 0xFF, 0xFF, 0xFF, 0x05, 0x00, 0x00, 0x00,
    0x00, 0x00, 0x00, 0x00, 0x00, 0x00, 0x60, 0x03, 0x00, 0x00, 0x00, 0x00, 0x00, 0x00, 0xFA, 0x5F,
    0x00, 0x00, 0x00, 0x00, 0x00, 0x70, 0xFF, 0xEF, 0x00, 0x00, 0x00, 0x00, 0x00, 0xF3, 0xFF, 0xFF,
    0x06, 0x00, 0x00, 0x00, 0x00, 0xFD, 0xFF, 0xFF, 0x0C, 0x00, 0x00, 0x00, 0x70, 0xFF, 0xFF, 0xFF,
    0x2F, 0x00, 0x00, 0x00, 0xF2, 0xFF, 0xFF, 0xFF, 0x8F, 0x00, 0x00, 0x00, 0xFA, 0xFF, 0xFD, 0xFF,
    0xCF, 0x00, 0x00, 0x30, 0xFF, 0xEF, 0xF1, 0xFF, 0xFF, 0x00, 0x00, 0xC0, 0xFF, 0x6F, 0xB0, 0xFF,
    0xFF, 0x04, 0x00, 0xF5, 0xFF, 0x0D, 0x50, 0xFF, 0xFF, 0x08, 0x00, 0xFD, 0xFF, 0x03, 0x00, 0xFF,
    0xFF, 0x0B, 0x40, 0xFF, 0xAF, 0x00, 0x00, 0xFA, 0xFF, 0x0E, 0xC0, 0xFF, 0x1E, 0x00, 0x00, 0xF3,
    0xFF, 0x0F, 0xF0, 0xFF, 0x04, 0x00, 0x00, 0xB0, 0xFF, 0x0F, 0xA0, 0x5E, 0x00, 0x00, 0x00, 0x10,
    0xEC, 0x08, 0x30, 0xC9, 0xED, 0xFF, 0xFF, 0xFF, 0xFF, 0xFF, 0xBE, 0x02, 0xF2, 0xFF, 0xFF, 0xFF,
    0xFF, 0xFF, 0xFF, 0xFF, 0xFF, 0x07, 0xF8, 0xFF, 0xFF, 0xFF, 0xFF, 0xFF, 0xFF, 0xFF, 0xEF, 0x01,
    0x70, 0xDB, 0xEE, 0xFF, 0xFF, 0xFF, 0xEF, 0xAD, 0x06, 0x00, 0x00, 0x63, 0x01, 0x00, 0x00, 0x50,
    0xFF, 0x5E, 0x00, 0x00, 0xF3, 0xFF, 0xFF, 0x08, 0x00, 0xF8, 0xFF, 0xFF, 0xAF, 0x00, 0x50, 0xFD,
    0xFF, 0xFF, 0x0C, 0x00, 0x40, 0xFA, 0xFF, 0xAF, 0x00, 0x00, 0x00, 0xA6, 0xAE, 0x00, 0x00, 0x00,
    0x40, 0xDA, 0xFF, 0x3C, 0x00, 0x90, 0xCF, 0x00, 0x00, 0x00, 0x00, 0x00, 0x10, 0xFC, 0xFF, 0xFF,
    0xFF, 0x15, 0xFB, 0xFF, 0x02, 0x00, 0x00, 0x00, 0x00, 0xE2, 0xFF, 0xFF, 0xFF, 0xFF, 0xFF, 0xFF,
    0xFF, 0x00, 0x00, 0x00, 0x00, 0x10, 0xFE, 0xFF, 0xFF, 0xFF, 0xFF, 0xFF, 0xFF, 0xBF, 0x00, 0x00,
    0x00, 0x00, 0xC0, 0xFF, 0xFF, 0xFF, 0xFF, 0xFF, 0xFF, 0xFF, 0x3F, 0x00, 0x00, 0x00, 0x00, 0xF6,
    0xFF, 0xFF, 0xFF, 0xFF, 0xFF, 0xFF, 0xFF, 0x0C, 0x00, 0x00, 0x00, 0x00, 0xFE, 0xFF, 0xFF, 0x16,
    0x91, 0xFF, 0xFF, 0xFF, 0x05, 0x00, 0x00, 0x00, 0x60, 0xFF, 0xFF, 0x5F, 0x00, 0x00, 0xFE, 0xFF,
    0xEF, 0x00, 0x00, 0x00, 0x00, 0xC0, 0xFF, 0xFF, 0x0C, 0x00, 0x00, 0xFD, 0xFF, 0x9F, 0x00, 0x00,
    0x00, 0x00, 0xF1, 0xFF, 0xFF, 0x09, 0x00, 0x10, 0xFF, 0xFF, 0x6F, 0x00, 0x00, 0xDA, 0x01, 0xF5,
    0xFF, 0xFF, 0x09, 0x00, 0x80, 0xFF, 0xFF, 0x8F, 0x00, 0x80, 0xFF, 0x03, 0xF9, 0xFF, 0xFF, 0x2E,
    0x00, 0xF7, 0xFF, 0xFF, 0xFF, 0x78, 0xFC, 0xBF, 0x00, 0xFB, 0xFF, 0xFF, 0xFF, 0xEC, 0xFF, 0xFF,
    0xFF, 0xFF, 0xFF, 0xFF, 0x3F, 0x00, 0xFD, 0xFF, 0xFF, 0xFF, 0xFF, 0xFF, 0xFF, 0xFF, 0xFF, 0xFF,
    0xFF, 0x0C, 0x00, 0xFD, 0xFF, 0xFF, 0xFF, 0xFF, 0xFF, 0xFF, 0xFF, 0xFF, 0xFF, 0xFF, 0x04, 0x00,
    0xFD, 0xFF, 0xFF, 0xFF, 0xFF, 0x9F, 0xFF, 0xFF, 0xFF, 0xFF, 0xBF, 0x00, 0x00, 0xFB, 0xFF, 0xFF,
    0xFF, 0xFF, 0x6A, 0xFF, 0xFF, 0xFF, 0xFF, 0x2F, 0x00, 0x00, 0xF8, 0xFF, 0xFF, 0xFF, 0xEF, 0x41,
    0xFF, 0xFF, 0xFF, 0xFF, 0x08, 0x00, 0x00, 0xF2, 0xFF, 0xFF, 0xFF, 0x2F, 0x10, 0xFF, 0xFF, 0xFF,
    0xBF, 0x00, 0x00, 0x00, 0x90, 0xFF, 0xFF, 0xEF, 0x03, 0x00, 0xF8, 0xFF, 0xFF, 0x0C, 0x00, 0x00,
    0x00, 0x00, 0xE7, 0xDF, 0x18, 0x00, 0x00, 0x80, 0xFE, 0x7D, 0x00, 0x00, 0x00, 0x00, 0x00, 0x00,
    0x00, 0x00, 0xC3, 0xBF, 0x00, 0x00, 0x00, 0x00, 0x00, 0x00, 0x00, 0x00, 0x00, 0x20, 0xFF, 0xFF,
    0x01, 0x00, 0x00, 0x00, 0x00, 0x00, 0x00, 0x00, 0x00, 0xC0, 0xFF, 0xEF, 0x00, 0x00, 0x00, 0x00,
    0x00, 0x00, 0x00, 0x00, 0x00, 0xF5, 0xFF, 0x9F, 0x00, 0x00, 0x00, 0x00, 0x00, 0x00, 0x00, 0x00,
    0x00, 0xFD, 0xFF, 0x2F, 0x00, 0x00, 0x00, 0x00, 0x00, 0x00, 0x00, 0x00, 0x40, 0xFF, 0xFF, 0x0B,
    0x00, 0x00, 0x00, 0x00, 0x00, 0x00, 0x00, 0x00, 0xB0, 0xFF, 0xFF, 0x04, 0x00, 0x00, 0x00, 0x00,
    0x00, 0x00, 0x00, 0x00, 0xF1, 0xFF, 0xDF, 0x00, 0x00, 0x00, 0x00, 0x00, 0x00, 0x00, 0x00, 0x00,
    0xF7, 0xFF, 0x7F, 0x00, 0x00, 0x00, 0x00, 0x00, 0x00, 0x00, 0x00, 0x00, 0xFD, 0xFF, 0x1F, 0x70,
    0xFD, 0x8D, 0x00, 0x00, 0x00, 0x00, 0x00, 0x30, 0xFF, 0xFF, 0x1E, 0xFC, 0xFF, 0xFF, 0x0C, 0x00,
    0x00, 0x00, 0x00, 0x90, 0xFF, 0xFF, 0xFF, 0xFF, 0xFF, 0xFF, 0x5F, 0x00, 0x00, 0x00, 0x00, 0xE0,
    0xFF, 0xFF, 0xFF, 0xFF, 0xFF, 0xFF, 0xAF, 0x00, 0x00, 0x00, 0x00, 0xF4, 0xFF, 0xFF, 0xFF, 0xFF,
    0xFF, 0xFF, 0xDF, 0x00, 0x00, 0x00, 0x00, 0xFA, 0xFF, 0xFF, 0xFF, 0xFF, 0xFF, 0xFF, 0xEF, 0x00,
    0x00, 0x00, 0x00, 0xFF, 0xFF, 0xFF, 0x05, 0x91, 0xFF, 0xFF, 0xDF, 0x00, 0x00, 0x00, 0x50, 0xFF,
    0xFF, 0x4F, 0x00, 0x00, 0xFE, 0xFF, 0xCF, 0x00, 0x00, 0x00, 0xA0, 0xFF, 0xFF, 0x0C, 0x00, 0x00,
    0xFD, 0xFF, 0xAF, 0x00, 0x00, 0x00, 0xF0, 0xFF, 0xFF, 0x08, 0x00, 0x10, 0xFF, 0xFF, 0x7F, 0x40,
    0x9F, 0x00, 0xF4, 0xFF, 0xFF, 0x09, 0x00, 0xA0, 0xFF, 0xFF, 0x3F, 0xF5, 0xBF, 0x00, 0xF8, 0xFF,
    0xFF, 0x4F, 0x20, 0xFA, 0xFF, 0xFF, 0xEF, 0xFF, 0x2F, 0x00, 0xFB, 0xFF, 0xFF, 0xFF, 0xFF, 0xFF,
    0xFF, 0xFF, 0xFF, 0xFF, 0x08, 0x00, 0xFC, 0xFF, 0xFF, 0xFF, 0xFF, 0xFF, 0xFF, 0xFF, 0xFF, 0xBF,
    0x00, 0x00, 0xFB, 0xFF, 0xFF, 0xFF, 0xFF, 0xFF, 0xFF, 0xFF, 0xFF, 0x0B, 0x00, 0x00, 0xF9, 0xFF,
    0xFF, 0xFF, 0xFF, 0xFF, 0xFF, 0xEF, 0x5B, 0x00, 0x00, 0x00, 0xF5, 0xFF, 0xFF, 0xFF, 0xFF, 0xFF,
    0xFF, 0x03, 0x00, 0x00, 0x00, 0x00, 0xD0, 0xFF, 0xFF, 0xFF, 0xFF, 0xFF, 0x6F, 0x00, 0x00, 0x00,
    0x00, 0x00, 0x30, 0xFF, 0xFF, 0xFF, 0xFF, 0xFF, 0x07, 0x00, 0x00, 0x00, 0x00, 0x00, 0x00, 0xF4,
    0xFF, 0xFF, 0xFF, 0x4E, 0x00, 0x00, 0x00, 0x00, 0x00, 0x00, 0x00, 0x10, 0xD8, 0xFF, 0x7C, 0x01,
    0x00, 0x00, 0x00, 0x00, 0x00, 0x00, 0x00, 0x00, 0x00, 0x60, 0xEB, 0xFF, 0x7C, 0x00, 0x00, 0x00,
    0x00, 0x00, 0x00, 0x40, 0xFE, 0xFF, 0xFF, 0xFF, 0x1D, 0x00, 0x00, 0x00, 0x00, 0x00, 0xF7, 0xFF,
    0xFF, 0xFF, 0xFF, 0xBF, 0x00, 0x00, 0x00, 0x00, 0x70, 0xFF, 0xFF, 0xFF, 0xFF, 0xFF, 0xFF, 0x02,
    0x00, 0x00, 0x00, 0xF4, 0xFF, 0xFF, 0xCE, 0xFF, 0xFF, 0xFF, 0x06, 0x00, 0x00, 0x00, 0xFD, 0xFF,
    0x9F, 0x00, 0xF4, 0xFF, 0xFF, 0x06, 0x00, 0x00, 0x60, 0xFF, 0xFF, 0x0E, 0x00, 0xF0, 0xFF, 0xFF,
    0x04, 0x00, 0x00, 0xD0, 0xFF, 0xFF, 0x09, 0x00, 0xF3, 0xFF, 0xFF, 0x00, 0x00, 0x00, 0xF3, 0xFF,
    0xFF, 0x06, 0x00, 0xFC, 0xFF, 0x7F, 0x00, 0x00, 0x00, 0xF7, 0xFF, 0xFF, 0x05, 0x00, 0xFB, 0xFF,
    0x07, 0x00, 0xC8, 0x01, 0xFA, 0xFF, 0xFF, 0x07, 0x00, 0x30, 0x03, 0x00, 0x40, 0xFF, 0x04, 0xFC,
    0xFF, 0xFF, 0x0C, 0x00, 0x00, 0x00, 0x00, 0xF3, 0xBF, 0x00, 0xFD, 0xFF, 0xFF, 0x7F, 0x00, 0x00,
    0x00, 0x60, 0xFF, 0x2F, 0x00, 0xFD, 0xFF, 0xFF, 0xFF, 0x3A, 0x00, 0x62, 0xFD, 0xFF, 0x08, 0x00,
    0xFB, 0xFF, 0xFF, 0xFF, 0xFF, 0xFF, 0xFF, 0xFF, 0xCF, 0x00, 0x00, 0xF8, 0xFF, 0xFF, 0xFF, 0xFF,
    0xFF, 0xFF, 0xFF, 0x2E, 0x00, 0x00, 0xF3, 0xFF, 0xFF, 0xFF, 0xFF, 0xFF, 0xFF, 0xFF, 0x03, 0x00,
    0x00, 0xC0, 0xFF, 0xFF, 0xFF, 0xFF, 0xFF, 0xFF, 0x3F, 0x00, 0x00, 0x00, 0x20, 0xFF, 0xFF, 0xFF,
    0xFF, 0xFF, 0xDF, 0x02, 0x00, 0x00, 0x00, 0x00, 0xE4, 0xFF, 0xFF, 0xFF, 0xFF, 0x08, 0x00, 0x00,
    0x00, 0x00, 0x00, 0x10, 0xC7, 0xFE, 0xBE, 0x17, 0x00, 0x00, 0x00, 0x00, 0x00, 0x00, 0x00, 0x00,
    0x00, 0x00, 0x00, 0x00, 0x00, 0x00, 0x00, 0xE8, 0x1D, 0x00, 0x00, 0x00, 0x00, 0x00, 0x00, 0x00,
    0x00, 0x00, 0x00, 0xB0, 0xFF, 0x6F, 0x00, 0x00, 0x00, 0x00, 0x00, 0x00, 0x00, 0x00, 0x00, 0x00,
    0xF6, 0xFF, 0x5F, 0x00, 0x00, 0x00, 0x00, 0x00, 0x00, 0x00, 0x00, 0x00, 0x00, 0xFE, 0xFF, 0x1F,
    0x00, 0x00, 0x00, 0x00, 0x00, 0x00, 0x00, 0x00, 0x00, 0x60, 0xFF, 0xFF, 0x0A, 0x00, 0x00, 0x00,
    0x00, 0x00, 0x00, 0x00, 0x00, 0x00, 0xC0, 0xFF, 0xFF, 0x04, 0x00, 0x00, 0x00, 0x00, 0x00, 0x00,
    0x00, 0x00, 0x00, 0xF2, 0xFF, 0xEF, 0x00, 0x00, 0x00, 0x00, 0x00, 0x00, 0x00, 0x00, 0x00, 0x00,
    0xF8, 0xFF, 0x7F, 0x00, 0x00, 0x00, 0x00, 0x00, 0x00, 0x00, 0x00, 0x00, 0x00, 0xFD, 0xFF, 0x1F,
    0x00, 0x00, 0x00, 0x00, 0x00, 0x40, 0xDA, 0xFF, 0x4C, 0x10, 0xFF, 0xFF, 0x0B, 0x00, 0x00, 0x00,
    0x00, 0x10, 0xFB, 0xFF, 0xFF, 0xFF, 0x75, 0xFF, 0xFF, 0x05, 0x00, 0x00, 0x00, 0x00, 0xE2, 0xFF,
    0xFF, 0xFF, 0xFF, 0xFF, 0xFF, 0xEF, 0x00, 0x00, 0x00, 0x00, 0x10, 0xFE, 0xFF, 0xFF, 0xFF, 0xFF,
    0xFF, 0xFF, 0x8F, 0x00, 0x00, 0x00, 0x00, 0xB0, 0xFF, 0xFF, 0xFF, 0xFF, 0xFF, 0xFF, 0xFF, 0x2F,
    0x00, 0x00, 0x00, 0x00, 0xF5, 0xFF, 0xFF, 0xFF, 0xFF, 0xFF, 0xFF, 0xFF, 0x0B, 0x00, 0x00, 0x00,
    0x00, 0xFE, 0xFF, 0xFF, 0x06, 0x91, 0xFF, 0xFF, 0xFF, 0x05, 0x00, 0x00, 0x00, 0x50, 0xFF, 0xFF,
    0x5F, 0x00, 0x00, 0xFE, 0xFF, 0xEF, 0x00, 0x00, 0x00, 0x00, 0xB0, 0xFF, 0xFF, 0x0C, 0x00, 0x00,
    0xFD, 0xFF, 0x9F, 0x00, 0x00, 0x00, 0x00, 0xF0, 0xFF, 0xFF, 0x09, 0x00, 0x10, 0xFF, 0xFF, 0x6F,
    0x00, 0x00, 0xDA, 0x01, 0xF4, 0xFF, 0xFF, 0x09, 0x00, 0x80, 0xFF, 0xFF, 0x8F, 0x00, 0x80, 0xFF,
    0x03, 0xF8, 0xFF, 0xFF, 0x1E, 0x00, 0xF7, 0xFF, 0xFF, 0xFF, 0x78, 0xFC, 0xBF, 0x00, 0xFA, 0xFF,
    0xFF, 0xFF, 0xEC, 0xFF, 0xFF, 0xFF, 0xFF, 0xFF, 0xFF, 0x3F, 0x00, 0xFC, 0xFF, 0xFF, 0xFF, 0xFF,
    0xFF, 0xFF, 0xFF, 0xFF, 0xFF, 0xFF, 0x0C, 0x00, 0xFD, 0xFF, 0xFF, 0xFF, 0xFF, 0xFF, 0xFF, 0xFF,
    0xFF, 0xFF, 0xFF, 0x04, 0x00, 0xFD, 0xFF, 0xFF, 0xFF, 0xFF, 0x8F, 0xFF, 0xFF, 0xFF, 0xFF, 0xBF,
    0x00, 0x00, 0xFC, 0xFF, 0xFF, 0xFF, 0xFF, 0x5A, 0xFF, 0xFF, 0xFF, 0xFF, 0x2F, 0x00, 0x00, 0xF8,
    0xFF, 0xFF, 0xFF, 0xEF, 0x31, 0xFF, 0xFF, 0xFF, 0xFF, 0x08, 0x00, 0x00, 0xF2, 0xFF, 0xFF, 0xFF,
    0x3F, 0x00, 0xFE, 0xFF, 0xFF, 0xBF, 0x00, 0x00, 0x00, 0x80, 0xFF, 0xFF, 0xEF, 0x04, 0x00, 0xF7,
    0xFF, 0xFF, 0x0C, 0x00, 0x00, 0x00, 0x00, 0xC6, 0xEF, 0x19, 0x00, 0x00, 0x70, 0xFE, 0x7D, 0x00,
    0x00, 0x00, 0x00, 0x00, 0x00, 0x00, 0x10, 0xC7, 0xFE, 0xBE, 0x05, 0x00, 0x00, 0x00, 0x00, 0x00,
    0x00, 0xF8, 0xFF, 0xFF, 0xFF, 0x9F, 0x00, 0x00, 0x00, 0x00, 0x00, 0xC1, 0xFF, 0xFF, 0xFF, 0xFF,
    0xFF, 0x05, 0x00, 0x00, 0x00, 0x00, 0xFD, 0xFF, 0xFF, 0xFF, 0xFF, 0xFF, 0x0D, 0x00, 0x00, 0x00,
    0xB0, 0xFF, 0xFF, 0xDF, 0xFD, 0xFF, 0xFF, 0x0F, 0x00, 0x00, 0x00, 0xF5, 0xFF, 0xFF, 0x03, 0x70,
    0xFF, 0xFF, 0x1F, 0x00, 0x00, 0x00, 0xFD, 0xFF, 0x8F, 0x00, 0x20, 0xFF, 0xFF, 0x0F, 0x00, 0x00,
    0x50, 0xFF, 0xFF, 0x6F, 0x00, 0x50, 0xFF, 0xFF, 0x0A, 0x00, 0x00, 0xA0, 0xFF, 0xFF, 0xDF, 0x02,
    0xE5, 0xFF, 0xFF, 0x03, 0x00, 0x00, 0xF0, 0xFF, 0xFF, 0xFF, 0xFF, 0xFF, 0xFF, 0x8F, 0x00, 0x80,
    0x02, 0xF2, 0xFF, 0xFF, 0xFF, 0xFF, 0xFF, 0xFF, 0x08, 0x00, 0xFB, 0x0B, 0xF4, 0xFF, 0xFF, 0x7A,
    0xEC, 0xDF, 0x3A, 0x00, 0xA0, 0xFF, 0x05, 0xF5, 0xFF, 0xFF, 0x0A, 0x00, 0x00, 0x00, 0x30, 0xFD,
    0xBF, 0x00, 0xF5, 0xFF, 0xFF, 0xBF, 0x15, 0x00, 0x62, 0xFC, 0xFF, 0x2F, 0x00, 0xF3, 0xFF, 0xFF,
    0xFF, 0xFF, 0xFF, 0xFF, 0xFF, 0xFF, 0x06, 0x00, 0xF0, 0xFF, 0xFF, 0xFF, 0xFF, 0xFF, 0xFF, 0xFF,
    0x9F, 0x00, 0x00, 0xB0, 0xFF, 0xFF, 0xFF, 0xFF, 0xFF, 0xFF, 0xFF, 0x0B, 0x00, 0x00, 0x40, 0xFF,
    0xFF, 0xFF, 0xFF, 0xFF, 0xFF, 0xBF, 0x00, 0x00, 0x00, 0x00, 0xFA, 0xFF, 0xFF, 0xFF, 0xFF, 0xFF,
    0x09, 0x00, 0x00, 0x00, 0x00, 0xA0, 0xFF, 0xFF, 0xFF, 0xFF, 0x4D, 0x00, 0x00, 0x00, 0x00, 0x00,
    0x00, 0xA4, 0xFE, 0xDF, 0x49, 0x00, 0x00, 0x00, 0x00, 0x00, 0x00, 0x00, 0x00, 0x00, 0x00, 0x00,
    0xA3, 0xFD, 0xAE, 0x02, 0x00, 0x00, 0x00, 0x00, 0x00, 0xA0, 0xFF, 0xFF, 0xFF, 0x0E, 0x00, 0x00,
    0x00, 0x00, 0x10, 0xFC, 0xFF, 0xFF, 0xFF, 0x6F, 0x00, 0x00, 0x00, 0x00, 0xC0, 0xFF, 0xFF, 0xFF,
    0xFF, 0x9F, 0x00, 0x00, 0x00, 0x00, 0xF8, 0xFF, 0xFF, 0xFF, 0xFF, 0x8F, 0x00, 0x00, 0x00, 0x30,
    0xFF, 0xFF, 0xFF, 0xFF, 0xFF, 0x4F, 0x00, 0x00, 0x00, 0xD0, 0xFF, 0xFF, 0x06, 0xF4, 0xFF, 0x0D,
    0x00, 0x00, 0x00, 0xF5, 0xFF, 0x5F, 0x00, 0xC0, 0xFF, 0x03, 0x00, 0x00, 0x00, 0xFD, 0xFF, 0x0B,
    0x00, 0x50, 0x29, 0x00, 0x00, 0x00, 0x50, 0xFF, 0xFF, 0x04, 0x00, 0x00, 0x00, 0x00, 0x00, 0x00,
    0xC0, 0xFF, 0xDF, 0x00, 0x00, 0x00, 0x00, 0x00, 0x90, 0xFF, 0xFF, 0xFF, 0xFF, 0xFF, 0xFF, 0x08,
    0x00, 0x00, 0xF1, 0xFF, 0xFF, 0xFF, 0xFF, 0xFF, 0xFF, 0x0A, 0x00, 0x00, 0x90, 0xFE, 0xFF, 0xFF,
    0xFF, 0xFF, 0xFF, 0x07, 0x00, 0x00, 0x00, 0x50, 0xFF, 0xFF, 0xAE, 0xDC, 0xCF, 0x00, 0x00, 0x00,
    0x00, 0xA0, 0xFF, 0xFF, 0x09, 0x00, 0x00, 0x00, 0x00, 0x00, 0x00, 0xE0, 0xFF, 0xFF, 0x06, 0x00,
    0x00, 0x00, 0x00, 0x00, 0x00, 0xF3, 0xFF, 0xFF, 0x03, 0x00, 0x00, 0x00, 0x00, 0x00, 0x00, 0xF8,
    0xFF, 0xFF, 0x00, 0x00, 0x00, 0x00, 0x00, 0x00, 0x00, 0xFC, 0xFF, 0xEF, 0x00, 0x00, 0x00, 0x00,
    0x00, 0x00, 0x10, 0xFF, 0xFF, 0xCF, 0x00, 0x00, 0x00, 0x00, 0x00, 0x00, 0x50, 0xFF, 0xFF, 0xAF,
    0x00, 0x00, 0x00, 0x00, 0x00, 0x00, 0x90, 0xFF, 0xFF, 0x8F, 0x00, 0x00, 0x00, 0x00, 0x00, 0x00,
    0xC0, 0xFF, 0xFF, 0x6F, 0x00, 0x00, 0x00, 0x00, 0x00, 0x00, 0xF0, 0xFF, 0xFF, 0x4F, 0x00, 0x00,
    0x00, 0x00, 0x00, 0x00, 0xF3, 0xFF, 0xFF, 0x3F, 0x00, 0x00, 0x00, 0x00, 0x00, 0x00, 0xF6, 0xFF,
    0xFF, 0x1F, 0x00, 0x00, 0x00, 0x00, 0x00, 0x00, 0xF8, 0xFF, 0xFF, 0x0F, 0x00, 0x00, 0x00, 0x00,
    0x00, 0x00, 0xF9, 0xFF, 0xFF, 0x0C, 0x00, 0x00, 0x00, 0x00, 0x00, 0x00, 0xF8, 0xFF, 0xFF, 0x08,
    0x00, 0x00, 0x00, 0x00, 0x00, 0x00, 0xF5, 0xFF, 0xEF, 0x01, 0x00, 0x00, 0x00, 0x00, 0x00, 0x00,
    0x80, 0xFE, 0x3B, 0x00, 0x00, 0x00, 0x00, 0x00, 0x00, 0x00, 0x00, 0x00, 0x00, 0x00, 0x00, 0x40,
    0xDA, 0xFF, 0x3C, 0x00, 0x90, 0xCF, 0x00, 0x00, 0x00, 0x00, 0x00, 0x00, 0x00, 0x10, 0xFB, 0xFF,
    0xFF, 0xFF, 0x15, 0xFB, 0xFF, 0x02, 0x00, 0x00, 0x00, 0x00, 0x00, 0x00, 0xD1, 0xFF, 0xFF, 0xFF,
    0xFF, 0xFF, 0xFF, 0xFF, 0x00, 0x00, 0x00, 0x00, 0x00, 0x00, 0x10, 0xFD, 0xFF, 0xFF, 0xFF, 0xFF,
    0xFF, 0xFF, 0xAF, 0x00, 0x00, 0x00, 0x00, 0x00, 0x00, 0xA0, 0xFF, 0xFF, 0xFF, 0xFF, 0xFF, 0xFF,
    0xFF, 0x3F, 0x00, 0x00, 0x00, 0x00, 0x00, 0x00, 0xF4, 0xFF, 0xFF, 0xFF, 0xFF, 0xFF, 0xFF, 0xFF,
    0x0B, 0x00, 0x00, 0x00, 0x00, 0x00, 0x00, 0xFD, 0xFF, 0xFF, 0x06, 0x91, 0xFF, 0xFF, 0xFF, 0x04,
    0x00, 0x00, 0x00, 0x00, 0x00, 0x40, 0xFF, 0xFF, 0x5F, 0x00, 0x00, 0xFE, 0xFF, 0xDF, 0x00, 0x00,
    0x00, 0x00, 0x00, 0x00, 0xA0, 0xFF, 0xFF, 0x0D, 0x00, 0x00, 0xFD, 0xFF, 0x7F, 0x00, 0x00, 0x00,
    0x00, 0x00, 0x00, 0xF0, 0xFF, 0xFF, 0x09, 0x00, 0x00, 0xFF, 0xFF, 0x1F, 0x00, 0x10, 0x7B, 0x00,
    0x00, 0x00, 0xF4, 0xFF, 0xFF, 0x08, 0x00, 0x70, 0xFF, 0xFF, 0x0C, 0x00, 0xB0, 0xDF, 0x00, 0x00,
    0x00, 0xF7, 0xFF, 0xFF, 0x0D, 0x00, 0xF4, 0xFF, 0xFF, 0x0A, 0x00, 0xF8, 0x6F, 0x00, 0x00, 0x00,
    0xFA, 0xFF, 0xFF, 0xEF, 0xCA, 0xFF, 0xFF, 0xFF, 0x0C, 0x80, 0xFF, 0x0E, 0x00, 0x00, 0x00, 0xFC,
    0xFF, 0xFF, 0xFF, 0xFF, 0xFF, 0xFF, 0xFF, 0xDF, 0xFE, 0xFF, 0x07, 0x00, 0x00, 0x00, 0xFD, 0xFF,
    0xFF, 0xFF, 0xFF, 0xFF, 0xFF, 0xFF, 0xFF, 0xFF, 0xFF, 0x01, 0x00, 0x00, 0x00, 0xFD, 0xFF, 0xFF,
    0xFF, 0xFF, 0xBE, 0xFF, 0xFF, 0xFF, 0xFF, 0x8F, 0x00, 0x00, 0x00, 0x00, 0xFC, 0xFF, 0xFF, 0xFF,
    0xFF, 0x65, 0xFF, 0xFF, 0xFF, 0xFF, 0x1E, 0x00, 0x00, 0x00, 0x00, 0xF8, 0xFF, 0xFF, 0xFF, 0xCF,
    0x80, 0xFF, 0xFF, 0xFF, 0xFF, 0x06, 0x00, 0x00, 0x00, 0x00, 0xF2, 0xFF, 0xFF, 0xFF, 0x3F, 0xD0,
    0xFF, 0xFF, 0xFF, 0xBF, 0x00, 0x00, 0x00, 0x00, 0x00, 0x60, 0xFF, 0xFF, 0xFF, 0x04, 0xF4, 0xFF,
    0xFF, 0xFF, 0x0C, 0x00, 0x00, 0x00, 0x00, 0x62, 0x00, 0xC4, 0xEF, 0x2A, 0x00, 0xFE, 0xFF, 0xFB,
    0x7D, 0x00, 0x00, 0x00, 0x00, 0x10, 0xEE, 0x00, 0x00, 0x00, 0x00, 0xB0, 0xFF, 0xAF, 0x00, 0x00,
    0x00, 0x00, 0x00, 0x00, 0xA0, 0xFF, 0x08, 0x00, 0x00, 0x00, 0xFB, 0xFF, 0x4F, 0x00, 0x00, 0x00,
    0x00, 0x00, 0x00, 0xF0, 0xFF, 0xBF, 0x14, 0x20, 0xE7, 0xFF, 0xFF, 0x0E, 0x00, 0x00, 0x00, 0x00,
    0x00, 0x00, 0xF4, 0xFF, 0xFF, 0xFF, 0xFF, 0xFF, 0xFF, 0xFF, 0x07, 0x00, 0x00, 0x00, 0x00, 0x00,
    0x00, 0xF5, 0xFF, 0xFF, 0xFF, 0xFF, 0xFF, 0xFF, 0xFF, 0x01, 0x00, 0x00, 0x00, 0x00, 0x00, 0x00,
    0xF5, 0xFF, 0xFF, 0xFF, 0xFF, 0xFF, 0xFF, 0x8F, 0x00, 0x00, 0x00, 0x00, 0x00, 0x00, 0x00, 0xF2,
    0xFF, 0xFF, 0xFF, 0xFF, 0xFF, 0xFF, 0x0E, 0x00, 0x00, 0x00, 0x00, 0x00, 0x00, 0x00, 0xD0, 0xFF,
    0xFF, 0xFF, 0xFF, 0xFF, 0xFF, 0x03, 0x00, 0x00, 0x00, 0x00, 0x00, 0x00, 0x00, 0x40, 0xFF, 0xFF,
    0xFF, 0xFF, 0xFF, 0x6F, 0x00, 0x00, 0x00, 0x00, 0x00, 0x00, 0x00, 0x00, 0x00, 0xF5, 0xFF, 0xFF,
    0xFF, 0xEF, 0x04, 0x00, 0x00, 0x00, 0x00, 0x00, 0x00, 0x00, 0x00, 0x00, 0x10, 0xC8, 0xFE, 0xCE,
    0x07, 0x00, 0x00, 0x00, 0x00, 0x00, 0x00, 0x00, 0x00, 0x00, 0x00, 0x00, 0x00, 0x00, 0x20, 0xFC,
    0x0B, 0x00, 0x00, 0x00, 0x00, 0x00, 0x00, 0x00, 0x00, 0x00, 0x00, 0xE2, 0xFF, 0x2F, 0x00, 0x00,
    0x00, 0x00, 0x00, 0x00, 0x00, 0x00, 0x00, 0x00, 0xFC, 0xFF, 0x0F, 0x00, 0x00, 0x00, 0x00, 0x00,
    0x00, 0x00, 0x00, 0x00, 0x50, 0xFF, 0xFF, 0x0A, 0x00, 0x00, 0x00, 0x00, 0x00, 0x00, 0x00, 0x00,
    0x00, 0xD0, 0xFF, 0xFF, 0x04, 0x00, 0x00, 0x00, 0x00, 0x00, 0x00, 0x00, 0x00, 0x00, 0xF4, 0xFF,
    0xCF, 0x00, 0x00, 0x00, 0x00, 0x00, 0x00, 0x00, 0x00, 0x00, 0x00, 0xFB, 0xFF, 0x4F, 0x00, 0x00,
    0x00, 0x00, 0x00, 0x00, 0x00, 0x00, 0x00, 0x10, 0xFF, 0xFF, 0x0C, 0x00, 0x00, 0x00, 0x00, 0x00,
    0x00, 0x00, 0x00, 0x00, 0x70, 0xFF, 0xFF, 0x04, 0x00, 0x00, 0x00, 0x00, 0x00, 0x00, 0x00, 0x00,
    0x00, 0xD0, 0xFF, 0xDF, 0x00, 0x81, 0xFD, 0x8E, 0x00, 0x00, 0x00, 0x00, 0x00, 0x00, 0xF3, 0xFF,
    0x8F, 0x40, 0xFE, 0xFF, 0xFF, 0x09, 0x00, 0x00, 0x00, 0x00, 0x00, 0xF8, 0xFF, 0x5F, 0xF5, 0xFF,
    0xFF, 0xFF, 0x1F, 0x00, 0x00, 0x00, 0x00, 0x00, 0xFE, 0xFF, 0xEF, 0xFF, 0xFF, 0xFF, 0xFF, 0x4F,
    0x00, 0x00, 0x00, 0x00, 0x40, 0xFF, 0xFF, 0xFF, 0xFF, 0xFF, 0xFF, 0xFF, 0x4F, 0x00, 0x00, 0x00,
    0x00, 0x90, 0xFF, 0xFF, 0xFF, 0xFF, 0xFF, 0xFF, 0xFF, 0x2F, 0x00, 0x00, 0x00, 0x00, 0xE0, 0xFF,
    0xFF, 0xFF, 0xFF, 0xFF, 0xFF, 0xFF, 0x0D, 0x00, 0x00, 0x00, 0x00, 0xF4, 0xFF, 0xFF, 0xFF, 0xFF,
    0xFF, 0xFF, 0xFF, 0x08, 0x00, 0x00, 0x00, 0x00, 0xFA, 0xFF, 0xFF, 0xDF, 0x04, 0xF3, 0xFF, 0xFF,
    0x03, 0x00, 0x00, 0x00, 0x00, 0xFF, 0xFF, 0xFF, 0x1E, 0x00, 0xD0, 0xFF, 0xFF, 0x01, 0x00, 0x50,
    0x01, 0x40, 0xFF, 0xFF, 0xFF, 0x04, 0x00, 0xF0, 0xFF, 0xFF, 0x02, 0x00, 0xF9, 0x0B, 0x90, 0xFF,
    0xFF, 0xCF, 0x00, 0x00, 0xF5, 0xFF, 0xFF, 0x09, 0x81, 0xFF, 0x06, 0xD0, 0xFF, 0xFF, 0x7F, 0x00,
    0x00, 0xFB, 0xFF, 0xFF, 0xFF, 0xFF, 0xDF, 0x00, 0xF1, 0xFF, 0xFF, 0x4F, 0x00, 0x10, 0xFF, 0xFF,
    0xFF, 0xFF, 0xFF, 0x5F, 0x00, 0xF3, 0xFF, 0xFF, 0x2F, 0x00, 0x60, 0xFF, 0xFF, 0xFF, 0xFF, 0xFF,
    0x0D, 0x00, 0xF5, 0xFF, 0xFF, 0x2F, 0x00, 0xA0, 0xFF, 0xFF, 0xFF, 0xFF, 0xFF, 0x04, 0x00, 0xF6,
    0xFF, 0xFF, 0x1F, 0x00, 0xB0, 0xFF, 0xFF, 0xFF, 0xFF, 0xAF, 0x00, 0x00, 0xF6, 0xFF, 0xFF, 0x1F,
    0x00, 0xA0, 0xFF, 0xFF, 0xFF, 0xFF, 0x0D, 0x00, 0x00, 0xF3, 0xFF, 0xFF, 0x0E, 0x00, 0x70, 0xFF,
    0xFF, 0xFF, 0xEF, 0x02, 0x00, 0x00, 0xD0, 0xFF, 0xFF, 0x08, 0x00, 0x10, 0xFF, 0xFF, 0xFF, 0x1D,
    0x00, 0x00, 0x00, 0x20, 0xFB, 0x9E, 0x00, 0x00, 0x00, 0xC3, 0xFF, 0x6C, 0x00, 0x00, 0x00, 0x00,
    0x00, 0x00, 0x00, 0x70, 0xFD, 0xCF, 0x04, 0x00, 0x00, 0x00, 0x00, 0xFA, 0xFF, 0xFF, 0x2F, 0x00,
    0x00, 0x00, 0x10, 0xFF, 0xFF, 0xFF, 0x7F, 0x00, 0x00, 0x00, 0x40, 0xFF, 0xFF, 0xFF, 0x7F, 0x00,
    0x00, 0x00, 0x30, 0xFF, 0xFF, 0xFF, 0x3F, 0x00, 0x00, 0x00, 0x00, 0xFD, 0xFF, 0xFF, 0x0C, 0x00,
    0x00, 0x00, 0x00, 0xA2, 0xFE, 0x8D, 0x01, 0x00, 0x00, 0x00, 0x00, 0x00, 0x00, 0x00, 0x00, 0x00,
    0x00, 0x00, 0x00, 0x00, 0x00, 0x00, 0x00, 0x00, 0x00, 0x00, 0x00, 0xE7, 0x1D, 0x00, 0x00, 0x00,
    0x00, 0x00, 0x80, 0xFF, 0x5F, 0x00, 0x00, 0x00, 0x00, 0x00, 0xF3, 0xFF, 0x4F, 0x00, 0x00, 0x00,
    0x00, 0x00, 0xFC, 0xFF, 0x2F, 0x00, 0x00, 0x00, 0x00, 0x30, 0xFF, 0xFF, 0x0E, 0x00, 0x00, 0x00,
    0x00, 0xA0, 0xFF, 0xFF, 0x08, 0x00, 0x00, 0x00, 0x00, 0xF0, 0xFF, 0xFF, 0x02, 0x00, 0x00, 0x00,
    0x00, 0xF6, 0xFF, 0xEF, 0x00, 0x00, 0x00, 0x00, 0x00, 0xFB, 0xFF, 0xAF, 0x00, 0x00, 0x00, 0x00,
    0x10, 0xFF, 0xFF, 0x8F, 0x00, 0x00, 0xAA, 0x00, 0x50, 0xFF, 0xFF, 0xBF, 0x00, 0x80, 0xFF, 0x01,
    0x90, 0xFF, 0xFF, 0xFF, 0x6A, 0xFB, 0x9F, 0x00, 0xC0, 0xFF, 0xFF, 0xFF, 0xFF, 0xFF, 0x2F, 0x00,
    0xE0, 0xFF, 0xFF, 0xFF, 0xFF, 0xFF, 0x0A, 0x00, 0xF0, 0xFF, 0xFF, 0xFF, 0xFF, 0xFF, 0x02, 0x00,
    0xF1, 0xFF, 0xFF, 0xFF, 0xFF, 0x9F, 0x00, 0x00, 0xF0, 0xFF, 0xFF, 0xFF, 0xFF, 0x1E, 0x00, 0x00,
    0xE0, 0xFF, 0xFF, 0xFF, 0xFF, 0x04, 0x00, 0x00, 0x90, 0xFF, 0xFF, 0xFF, 0x7F, 0x00, 0x00, 0x00,
    0x20, 0xFF, 0xFF, 0xFF, 0x07, 0x00, 0x00, 0x00, 0x00, 0xC4, 0xEF, 0x3B, 0x00, 0x00, 0x00, 0x00,
    0x00, 0x00, 0x00, 0x00, 0x00, 0x00, 0x00, 0x00, 0x00, 0x00, 0xD7, 0xFF, 0x4C, 0x00, 0x00, 0x00,
    0x00, 0x00, 0x00, 0x00, 0x00, 0x00, 0x00, 0xA0, 0xFF, 0xFF, 0xFF, 0x02, 0x00, 0x00, 0x00, 0x00,
    0x00, 0x00, 0x00, 0x00, 0x00, 0xF1, 0xFF, 0xFF, 0xFF, 0x07, 0x00, 0x00, 0x00, 0x00, 0x00, 0x00,
    0x00, 0x00, 0x00, 0xF4, 0xFF, 0xFF, 0xFF, 0x07, 0x00, 0x00, 0x00, 0x00, 0x00, 0x00, 0x00, 0x00,
    0x00, 0xF3, 0xFF, 0xFF, 0xFF, 0x03, 0x00, 0x00, 0x00, 0x00, 0x00, 0x00, 0x00, 0x00, 0x00, 0xD0,
    0xFF, 0xFF, 0xCF, 0x00, 0x00, 0x00, 0x00, 0x00, 0x00, 0x00, 0x00, 0x00, 0x00, 0x20, 0xEA, 0xDF,
    0x18, 0x00, 0x00, 0x00, 0x00, 0x00, 0x00, 0x00, 0x00, 0x00, 0x00, 0x00, 0x00, 0x00, 0x00, 0x00,
    0x00, 0x00, 0x00, 0x00, 0x00, 0x00, 0x00, 0x00, 0x00, 0x00, 0x00, 0x00, 0x00, 0x00, 0x00, 0x00,
    0x00, 0x00, 0x00, 0x00, 0x00, 0x00, 0x00, 0x50, 0xFD, 0x09, 0x00, 0x00, 0x00, 0x00, 0x00, 0x00,
    0x00, 0x00, 0x00, 0x00, 0x00, 0xF5, 0xFF, 0x1F, 0x00, 0x00, 0x00, 0x00, 0x00, 0x00, 0x00, 0x00,
    0x00, 0x00, 0x10, 0xFF, 0xFF, 0x0F, 0x00, 0x00, 0x00, 0x00, 0x00, 0x00, 0x00, 0x00, 0x00, 0x00,
    0x90, 0xFF, 0xFF, 0x0C, 0x00, 0x00, 0x00, 0x00, 0x00, 0x00, 0x00, 0x00, 0x00, 0x00, 0xF1, 0xFF,
    0xFF, 0x07, 0x00, 0x00, 0x00, 0x00, 0x00, 0x00, 0x00, 0x00, 0x00, 0x00, 0xF8, 0xFF, 0xFF, 0x01,
    0x00, 0x00, 0x00, 0x00, 0x00, 0x00, 0x00, 0x00, 0x00, 0x00, 0xFE, 0xFF, 0xBF, 0x00, 0x00, 0x00,
    0x00, 0x00, 0x00, 0x00, 0x00, 0x00, 0x00, 0x40, 0xFF, 0xFF, 0x5F, 0x00, 0x00, 0x00, 0x00, 0x00,
    0x00, 0x00, 0x00, 0x00, 0x00, 0xA0, 0xFF, 0xFF, 0x0E, 0x00, 0x00, 0x00, 0x00, 0x00, 0x00, 0x00,
    0x00, 0x00, 0x00, 0xF0, 0xFF, 0xFF, 0x09, 0x00, 0x60, 0x2B, 0x00, 0x00, 0x00, 0x00, 0x00, 0x00,
    0x00, 0xF4, 0xFF, 0xFF, 0x04, 0x00, 0xF2, 0x6F, 0x00, 0x00, 0x00, 0x00, 0x00, 0x00, 0x00, 0xF9,
    0xFF, 0xFF, 0x03, 0x10, 0xFD, 0x0E, 0x00, 0x00, 0x00, 0x00, 0x00, 0x00, 0x00, 0xFE, 0xFF, 0xFF,
    0x07, 0xD2, 0xFF, 0x07, 0x00, 0x00, 0x00, 0x00, 0x00, 0x00, 0x30, 0xFF, 0xFF, 0xFF, 0xEF, 0xFF,
    0xFF, 0x01, 0x00, 0x00, 0x00, 0x00, 0x00, 0x00, 0x80, 0xFF, 0xFF, 0xFF, 0xFF, 0xFF, 0x8F, 0x00,
    0x00, 0x00, 0x00, 0x00, 0x00, 0x00, 0xD0, 0xFF, 0xFF, 0xFF, 0xFF, 0xFF, 0x1F, 0x00, 0x00, 0x00,
    0x00, 0x00, 0x00, 0x00, 0xF2, 0xFF, 0xFF, 0xFF, 0xFF, 0xFF, 0x08, 0x00, 0x00, 0x00, 0x00, 0x00,
    0x00, 0x00, 0xF7, 0xFF, 0xFF, 0xFF, 0xFF, 0xEF, 0x00, 0x00, 0x00, 0x00, 0x00, 0x00, 0x00, 0x00,
    0xFC, 0xFF, 0xFF, 0xFF, 0xFF, 0x4F, 0x00, 0x00, 0x00, 0x00, 0x00, 0x00, 0x00, 0x20, 0xFF, 0xFF,
    0xFF, 0xFF, 0xFF, 0x05, 0x00, 0x00, 0x00, 0x00, 0x00, 0x00, 0x00, 0x90, 0xFF, 0xFF, 0x9F, 0xFD,
    0x3B, 0x00, 0x00, 0x00, 0x00, 0x28, 0x00, 0x00, 0x00, 0xF1, 0xFF, 0xFF, 0x1F, 0x00, 0x00, 0x00,
    0x00, 0x00, 0x70, 0x8F, 0x00, 0x00, 0x00, 0xFC, 0xFF, 0xFF, 0x0C, 0x00, 0x00, 0x00, 0x00, 0x00,
    0xE0, 0xFF, 0x29, 0x10, 0xD5, 0xFF, 0xFF, 0xFF, 0x06, 0x00, 0x00, 0x00, 0x00, 0x00, 0xF4, 0xFF,
    0xFF, 0xFF, 0xFF, 0xFF, 0xFF, 0xFF, 0x00, 0x00, 0x00, 0x00, 0x00, 0x00, 0xF6, 0xFF, 0xFF, 0xFF,
    0xFF, 0xFF, 0xFF, 0x8F, 0x00, 0x00, 0x00, 0x00, 0x00, 0x00, 0xF7, 0xFF, 0xFF, 0xFF, 0xFF, 0xFF,
    0xFF, 0x1F, 0x00, 0x00, 0x00, 0x00, 0x00, 0x00, 0xF6, 0xFF, 0xFF, 0xFF, 0xFF, 0xFF, 0xFF, 0x07,
    0x00, 0x00, 0x00, 0x00, 0x00, 0x00, 0xF2, 0xFF, 0xFF, 0xFF, 0xFF, 0xFF, 0xCF, 0x00, 0x00, 0x00,
    0x00, 0x00, 0x00, 0x00, 0x90, 0xFF, 0xFF, 0xFF, 0xFF, 0xFF, 0x2E, 0x00, 0x00, 0x00, 0x00, 0x00,
    0x00, 0x00, 0x00, 0xFA, 0xFF, 0xFF, 0xFF, 0xCF, 0x02, 0x00, 0x00, 0x00, 0x00, 0x00, 0x00, 0x00,
    0x00, 0x30, 0xD9, 0xFF, 0xBE, 0x05, 0x00, 0x00, 0x00, 0x00, 0x00, 0x00, 0x00, 0x00, 0x00, 0x00,
    0x00, 0x00, 0x20, 0xFC, 0x0B, 0x00, 0x00, 0x00, 0x00, 0x00, 0x00, 0x00, 0x00, 0x00, 0x00, 0xE2,
    0xFF, 0x2F, 0x00, 0x00, 0x00, 0x00, 0x00, 0x00, 0x00, 0x00, 0x00, 0x00, 0xFC, 0xFF, 0x0F, 0x00,
    0x00, 0x00, 0x00, 0x00, 0x00, 0x00, 0x00, 0x00, 0x50, 0xFF, 0xFF, 0x0A, 0x00, 0x00, 0x00, 0x00,
    0x00, 0x00, 0x00, 0x00, 0x00, 0xD0, 0xFF, 0xFF, 0x03, 0x00, 0x00, 0x00, 0x00, 0x00, 0x00, 0x00,
    0x00, 0x00, 0xF4, 0xFF, 0xBF, 0x00, 0x00, 0x00, 0x00, 0x00, 0x00, 0x00, 0x00, 0x00, 0x00, 0xFB,
    0xFF, 0x4F, 0x00, 0x00, 0x00, 0x00, 0x00, 0x00, 0x00, 0x00, 0x00, 0x10, 0xFF, 0xFF, 0x0D, 0x00,
    0x00, 0x00, 0x00, 0x00, 0x00, 0x00, 0x00, 0x00, 0x70, 0xFF, 0xFF, 0x05, 0x00, 0x00, 0x00, 0x00,
    0x00, 0x00, 0x00, 0x00, 0x00, 0xD0, 0xFF, 0xEF, 0x00, 0x00, 0xB4, 0xEF, 0x3B, 0x00, 0x00, 0x00,
    0x00, 0x00, 0xF3, 0xFF, 0x8F, 0x00, 0x80, 0xFF, 0xFF, 0xFF, 0x01, 0x00, 0x00, 0x00, 0x00, 0xF8,
    0xFF, 0x1F, 0x00, 0xF7, 0xFF, 0xFF, 0xFF, 0x08, 0x00, 0x00, 0x00, 0x00, 0xFE, 0xFF, 0x0C, 0x20,
    0xFF, 0xFF, 0xFF, 0xFF, 0x0A, 0x00, 0x00, 0x00, 0x40, 0xFF, 0xFF, 0x07, 0xB0, 0xFF, 0xFF, 0xFF,
    0xFF, 0x09, 0x00, 0x00, 0x00, 0x90, 0xFF, 0xFF, 0x03, 0xF4, 0xFF, 0xFF, 0xFF, 0xFF, 0x05, 0x00,
    0x00, 0x00, 0xE0, 0xFF, 0xFF, 0x14, 0xFD, 0xFF, 0xFF, 0xFF, 0xBF, 0x00, 0x00, 0x00, 0x00, 0xF4,
    0xFF, 0xFF, 0xFF, 0xFF, 0xFF, 0xFF, 0xCF, 0x06, 0x00, 0x00, 0x00, 0x00, 0xFA, 0xFF, 0xFF, 0xFF,
    0xFF, 0xFF, 0x04, 0x00, 0x00, 0x00, 0x00, 0x00, 0x00, 0xFF, 0xFF, 0xFF, 0xFF, 0xFF, 0x9F, 0x00,
    0x00, 0x00, 0x00, 0x80, 0x03, 0x40, 0xFF, 0xFF, 0xFF, 0xFF, 0xFF, 0xBF, 0x00, 0x00, 0x00, 0x00,
    0xFA, 0x0B, 0x90, 0xFF, 0xFF, 0xFF, 0xFC, 0xFF, 0xFF, 0x3A, 0x01, 0x31, 0xE7, 0xFF, 0x07, 0xD0,
    0xFF, 0xFF, 0x7F, 0x80, 0xFF, 0xFF, 0xFF, 0xFF, 0xFF, 0xFF, 0xDF, 0x00, 0xF1, 0xFF, 0xFF, 0x2F,
    0x30, 0xFF, 0xFF, 0xFF, 0xFF, 0xFF, 0xFF, 0x5F, 0x00, 0xF3, 0xFF, 0xFF, 0x2F, 0x10, 0xFF, 0xFF,
    0xFF, 0xFF, 0xFF, 0xFF, 0x0C, 0x00, 0xF5, 0xFF, 0xFF, 0x2F, 0x00, 0xFD, 0xFF, 0xFF, 0xFF, 0xFF,
    0xFF, 0x03, 0x00, 0xF6, 0xFF, 0xFF, 0x1F, 0x00, 0xFA, 0xFF, 0xFF, 0xFF, 0xFF, 0x7F, 0x00, 0x00,
    0xF6, 0xFF, 0xFF, 0x1F, 0x00, 0xF5, 0xFF, 0xFF, 0xFF, 0xFF, 0x0B, 0x00, 0x00, 0xF3, 0xFF, 0xFF,
    0x0E, 0x00, 0xE0, 0xFF, 0xFF, 0xFF, 0xDF, 0x01, 0x00, 0x00, 0xD0, 0xFF, 0xFF, 0x08, 0x00, 0x60,
    0xFF, 0xFF, 0xFF, 0x1B, 0x00, 0x00, 0x00, 0x20, 0xFB, 0x9E, 0x00, 0x00, 0x00, 0xD6, 0xEF, 0x5B,
    0x00, 0x00, 0x00, 0x00, 0x00, 0x00, 0x00, 0x00, 0x20, 0xFC, 0x0B, 0x00, 0x00, 0x00, 0x00, 0x00,
    0xE2, 0xFF, 0x2F, 0x00, 0x00, 0x00, 0x00, 0x00, 0xFC, 0xFF, 0x0F, 0x00, 0x00, 0x00, 0x00, 0x50,
    0xFF, 0xFF, 0x0A, 0x00, 0x00, 0x00, 0x00, 0xD0, 0xFF, 0xFF, 0x03, 0x00, 0x00, 0x00, 0x00, 0xF4,
    0xFF, 0xBF, 0x00, 0x00, 0x00, 0x00, 0x00, 0xFB, 0xFF, 0x4F, 0x00, 0x00, 0x00, 0x00, 0x10, 0xFF,
    0xFF, 0x0C, 0x00, 0x00, 0x00, 0x00, 0x70, 0xFF, 0xFF, 0x05, 0x00, 0x00, 0x00, 0x00, 0xD0, 0xFF,
    0xEF, 0x00, 0x00, 0x00, 0x00, 0x00, 0xF3, 0xFF, 0x8F, 0x00, 0x00, 0x00, 0x00, 0x00, 0xF8, 0xFF,
    0x2F, 0x00, 0x00, 0x00, 0x00, 0x00, 0xFE, 0xFF, 0x0B, 0x00, 0x00, 0x00, 0x00, 0x40, 0xFF, 0xFF,
    0x06, 0x00, 0x00, 0x00, 0x00, 0x90, 0xFF, 0xFF, 0x01, 0x00, 0x00, 0x00, 0x00, 0xE0, 0xFF, 0xCF,
    0x00, 0x00, 0x00, 0x00, 0x00, 0xF4, 0xFF, 0x7F, 0x00, 0x00, 0x00, 0x00, 0x00, 0xFA, 0xFF, 0x4F,
    0x00, 0x00, 0x00, 0x00, 0x00, 0xFF, 0xFF, 0x2F, 0x00, 0x00, 0xB6, 0x01, 0x40, 0xFF, 0xFF, 0x4F,
    0x00, 0x50, 0xFF, 0x04, 0x90, 0xFF, 0xFF, 0xDF, 0x56, 0xFA, 0xDF, 0x00, 0xD0, 0xFF, 0xFF, 0xFF,
    0xFF, 0xFF, 0x5F, 0x00, 0xF1, 0xFF, 0xFF, 0xFF, 0xFF, 0xFF, 0x0D, 0x00, 0xF3, 0xFF, 0xFF, 0xFF,
    0xFF, 0xFF, 0x05, 0x00, 0xF5, 0xFF, 0xFF, 0xFF, 0xFF, 0xCF, 0x00, 0x00, 0xF6, 0xFF, 0xFF, 0xFF,
    0xFF, 0x3F, 0x00, 0x00, 0xF5, 0xFF, 0xFF, 0xFF, 0xFF, 0x06, 0x00, 0x00, 0xF2, 0xFF, 0xFF, 0xFF,
    0x8F, 0x00, 0x00, 0x00, 0xB0, 0xFF, 0xFF, 0xFF, 0x07, 0x00, 0x00, 0x00, 0x00, 0xE9, 0xEF, 0x3A,
    0x00, 0x00, 0x00, 0x00, 0x00, 0x00, 0x10, 0xDC, 0x01, 0x00, 0x92, 0xFD, 0x8E, 0x00, 0x00, 0x92,
    0xFD, 0xCF, 0x05, 0x00, 0x00, 0x00, 0x00, 0x00, 0xB0, 0xFF, 0x05, 0x70, 0xFF, 0xFF, 0xFF, 0x0B,
    0x80, 0xFF, 0xFF, 0xFF, 0x6F, 0x00, 0x00, 0x00, 0x00, 0x00, 0xF4, 0xFF, 0x2A, 0xFA, 0xFF, 0xFF,
    0xFF, 0x4F, 0xFA, 0xFF, 0xFF, 0xFF, 0xEF, 0x00, 0x00, 0x00, 0x00, 0x00, 0xFC, 0xFF, 0xFF, 0xFF,
    0xFF, 0xFF, 0xFF, 0xFF, 0xFF, 0xFF, 0xFF, 0xFF, 0xFF, 0x01, 0x00, 0x00, 0x00, 0x30, 0xFF, 0xFF,
    0xFF, 0xFF, 0xFF, 0xFF, 0xFF, 0xFF, 0xFF, 0xFF, 0xFF, 0xFF, 0xFF, 0x00, 0x00, 0x00, 0x00, 0x90,
    0xFF, 0xFF, 0xFF, 0xFF, 0xFF, 0xFF, 0xFF, 0xFF, 0xFF, 0xFF, 0xFF, 0xFF, 0xDF, 0x00, 0x00, 0x00,
    0x00, 0xF0, 0xFF, 0xFF, 0xFF, 0xFF, 0xFF, 0xFF, 0xFF, 0xFF, 0xFF, 0xFF, 0xFF, 0xFF, 0x8F, 0x00,
    0x00, 0x00, 0x00, 0xF5, 0xFF, 0xFF, 0xEF, 0x04, 0xF4, 0xFF, 0xFF, 0xFF, 0x2B, 0x70, 0xFF, 0xFF,
    0x2F, 0x00, 0x00, 0x00, 0x00, 0xFB, 0xFF, 0xFF, 0x2F, 0x00, 0xD0, 0xFF, 0xFF, 0xCF, 0x00, 0x10,
    0xFF, 0xFF, 0x0E, 0x00, 0x00, 0x01, 0x10, 0xFF, 0xFF, 0xFF, 0x06, 0x00, 0xE0, 0xFF, 0xFF, 0x1F,
    0x00, 0x20, 0xFF, 0xFF, 0x0D, 0x00, 0x70, 0x7F, 0x50, 0xFF, 0xFF, 0xEF, 0x00, 0x00, 0xF1, 0xFF,
    0xFF, 0x09, 0x00, 0x70, 0xFF, 0xFF, 0x2F, 0x00, 0xF5, 0x7F, 0xA0, 0xFF, 0xFF, 0x9F, 0x00, 0x00,
    0xF7, 0xFF, 0xFF, 0x03, 0x00, 0xC0, 0xFF, 0xFF, 0xEF, 0xBA, 0xFF, 0x0E, 0xD0, 0xFF, 0xFF, 0x5F,
    0x00, 0x00, 0xFC, 0xFF, 0xFF, 0x00, 0x00, 0xF1, 0xFF, 0xFF, 0xFF, 0xFF, 0xFF, 0x07, 0xF0, 0xFF,
    0xFF, 0x3F, 0x00, 0x20, 0xFF, 0xFF, 0xEF, 0x00, 0x00, 0xF5, 0xFF, 0xFF, 0xFF, 0xFF, 0xEF, 0x00,
    0xF2, 0xFF, 0xFF, 0x2F, 0x00, 0x70, 0xFF, 0xFF, 0xEF, 0x00, 0x00, 0xF9, 0xFF, 0xFF, 0xFF, 0xFF,
    0x7F, 0x00, 0xF4, 0xFF, 0xFF, 0x2F, 0x00, 0xB0, 0xFF, 0xFF, 0xFF, 0x00, 0x00, 0xFB, 0xFF, 0xFF,
    0xFF, 0xFF, 0x0E, 0x00, 0xF5, 0xFF, 0xFF, 0x1F, 0x00, 0xD0, 0xFF, 0xFF, 0xFF, 0x02, 0x00, 0xFC,
    0xFF, 0xFF, 0xFF, 0xFF, 0x05, 0x00, 0xF6, 0xFF, 0xFF, 0x0F, 0x00, 0xD0, 0xFF, 0xFF, 0xFF, 0x01,
    0x00, 0xFA, 0xFF, 0xFF, 0xFF, 0x9F, 0x00, 0x00, 0xF5, 0xFF, 0xFF, 0x0D, 0x00, 0xB0, 0xFF, 0xFF,
    0xEF, 0x00, 0x00, 0xF7, 0xFF, 0xFF, 0xFF, 0x0B, 0x00, 0x00, 0xE1, 0xFF, 0xFF, 0x07, 0x00, 0x50,
    0xFF, 0xFF, 0x7F, 0x00, 0x00, 0xF1, 0xFF, 0xFF, 0xAF, 0x00, 0x00, 0x00, 0x30, 0xFC, 0x8E, 0x00,
    0x00, 0x00, 0xD6, 0xEF, 0x08, 0x00, 0x00, 0x30, 0xFC, 0xBF, 0x05, 0x00, 0x00, 0x00, 0x00, 0x00,
    0x10, 0xDD, 0x01, 0x00, 0x92, 0xFD, 0x8E, 0x00, 0x00, 0x00, 0x00, 0x00, 0x00, 0xC0, 0xFF, 0x04,
    0x60, 0xFF, 0xFF, 0xFF, 0x09, 0x00, 0x00, 0x00, 0x00, 0x00, 0xF6, 0xFF, 0x07, 0xF9, 0xFF, 0xFF,
    0xFF, 0x1F, 0x00, 0x00, 0x00, 0x00, 0x00, 0xFD, 0xFF, 0xEF, 0xFF, 0xFF, 0xFF, 0xFF, 0x3F, 0x00,
    0x00, 0x00, 0x00, 0x50, 0xFF, 0xFF, 0xFF, 0xFF, 0xFF, 0xFF, 0xFF, 0x3F, 0x00, 0x00, 0x00, 0x00,
    0xB0, 0xFF, 0xFF, 0xFF, 0xFF, 0xFF, 0xFF, 0xFF, 0x0F, 0x00, 0x00, 0x00, 0x00, 0xF1, 0xFF, 0xFF,
    0xFF, 0xFF, 0xFF, 0xFF, 0xFF, 0x0B, 0x00, 0x00, 0x00, 0x00, 0xF7, 0xFF, 0xFF, 0xFF, 0x7A, 0xFB,
    0xFF, 0xFF, 0x06, 0x00, 0x00, 0x00, 0x00, 0xFC, 0xFF, 0xFF, 0x5F, 0x00, 0xF0, 0xFF, 0xFF, 0x01,
    0x00, 0x00, 0x00, 0x00, 0xFF, 0xFF, 0xFF, 0x08, 0x00, 0xF0, 0xFF, 0xFF, 0x00, 0x00, 0xD3, 0x05,
    0x40, 0xFF, 0xFF, 0xEF, 0x00, 0x00, 0xF3, 0xFF, 0xFF, 0x02, 0x10, 0xFD, 0x0A, 0x80, 0xFF, 0xFF,
    0x9F, 0x00, 0x00, 0xF8, 0xFF, 0xFF, 0x6D, 0xD7, 0xFF, 0x03, 0xC0, 0xFF, 0xFF, 0x4F, 0x00, 0x00,
    0xFD, 0xFF, 0xFF, 0xFF, 0xFF, 0xBF, 0x00, 0xF0, 0xFF, 0xFF, 0x2F, 0x00, 0x20, 0xFF, 0xFF, 0xFF,
    0xFF, 0xFF, 0x3F, 0x00, 0xF2, 0xFF, 0xFF, 0x1F, 0x00, 0x60, 0xFF, 0xFF, 0xFF, 0xFF, 0xFF, 0x0B,
    0x00, 0xF4, 0xFF, 0xFF, 0x0F, 0x00, 0x80, 0xFF, 0xFF, 0xFF, 0xFF, 0xFF, 0x02, 0x00, 0xF5, 0xFF,
    0xFF, 0x0F, 0x00, 0x90, 0xFF, 0xFF, 0xFF, 0xFF, 0x8F, 0x00, 0x00, 0xF6, 0xFF, 0xFF, 0x0F, 0x00,
    0x80, 0xFF, 0xFF, 0xFF, 0xFF, 0x0C, 0x00, 0x00, 0xF5, 0xFF, 0xFF, 0x0C, 0x00, 0x50, 0xFF, 0xFF,
    0xFF, 0xDF, 0x01, 0x00, 0x00, 0xE1, 0xFF, 0xFF, 0x06, 0x00, 0x00, 0xFE, 0xFF, 0xFF, 0x1C, 0x00,
    0x00, 0x00, 0x30, 0xFC, 0x7E, 0x00, 0x00, 0x00, 0xB2, 0xFF, 0x6C, 0x00, 0x00, 0x00, 0x00, 0x00,
    0x00, 0x00, 0x00, 0xB5, 0xFE, 0xCE, 0x06, 0x00, 0x00, 0x00, 0x00, 0x00, 0x00, 0x00, 0xE4, 0xFF,
    0xFF, 0xFF, 0xCF, 0x01, 0x00, 0x00, 0x00, 0x00, 0x00, 0x70, 0xFF, 0xFF, 0xFF, 0xFF, 0xFF, 0x0B,
    0x00, 0x00, 0x00, 0x00, 0x00, 0xF8, 0xFF, 0xFF, 0xFF, 0xFF, 0xFF, 0x3F, 0x00, 0x00, 0x00, 0x00,
    0x60, 0xFF, 0xFF, 0xFF, 0xFF, 0xFF, 0xFF, 0x8F, 0x00, 0x00, 0x00, 0x00, 0xF2, 0xFF, 0xFF, 0xFF,
    0xFF, 0xFF, 0xFF, 0xBF, 0x00, 0x00, 0x00, 0x00, 0xFB, 0xFF, 0xFF, 0x2A, 0x40, 0xFE, 0xFF, 0xCF,
    0x00, 0x00, 0x00, 0x30, 0xFF, 0xFF, 0xBF, 0x00, 0x00, 0xF8, 0xFF, 0xCF, 0x00, 0x00, 0x00, 0xA0,
    0xFF, 0xFF, 0x3F, 0x00, 0x00, 0xF6, 0xFF, 0xBF, 0x00, 0x00, 0x00, 0xF0, 0xFF, 0xFF, 0x0F, 0x00,
    0x00, 0xFA, 0xFF, 0x9F, 0x00, 0xF6, 0x07, 0xF4, 0xFF, 0xFF, 0x0F, 0x00, 0x40, 0xFF, 0xFF, 0x5F,
    0x70, 0xFF, 0x08, 0xF8, 0xFF, 0xFF, 0xAF, 0x11, 0xF6, 0xFF, 0xFF, 0xCF, 0xFE, 0xEF, 0x00, 0xFA,
    0xFF, 0xFF, 0xFF, 0xFF, 0xFF, 0xFF, 0xFF, 0xFF, 0xFF, 0x5F, 0x00, 0xFB, 0xFF, 0xFF, 0xFF, 0xFF,
    0xFF, 0xFF, 0xFF, 0xFF, 0xFF, 0x08, 0x00, 0xFB, 0xFF, 0xFF, 0xFF, 0xFF, 0xFF, 0xFF, 0xFF, 0xFF,
    0x9F, 0x00, 0x00, 0xF9, 0xFF, 0xFF, 0xFF, 0xFF, 0xFF, 0xFF, 0xFF, 0xAE, 0x04, 0x00, 0x00, 0xF6,
    0xFF, 0xFF, 0xFF, 0xFF, 0xFF, 0xFF, 0x07, 0x00, 0x00, 0x00, 0x00, 0xF0, 0xFF, 0xFF, 0xFF, 0xFF,
    0xFF, 0xAF, 0x00, 0x00, 0x00, 0x00, 0x00, 0x60, 0xFF, 0xFF, 0xFF, 0xFF, 0xFF, 0x09, 0x00, 0x00,
    0x00, 0x00, 0x00, 0x00, 0xF7, 0xFF, 0xFF, 0xFF, 0x6F, 0x00, 0x00, 0x00, 0x00, 0x00, 0x00, 0x00,
    0x30, 0xEA, 0xFF, 0x7C, 0x01, 0x00, 0x00, 0x00, 0x00, 0x00, 0x00, 0x00, 0x00, 0x00, 0x00, 0x40,
    0xFD, 0x09, 0x40, 0xEB, 0xDF, 0x18, 0x00, 0x00, 0x00, 0x00, 0x00, 0x00, 0x00, 0x00, 0xE1, 0xFF,
    0x1E, 0xF9, 0xFF, 0xFF, 0xEF, 0x02, 0x00, 0x00, 0x00, 0x00, 0x00, 0x00, 0x00, 0xF8, 0xFF, 0xFF,
    0xFF, 0xFF, 0xFF, 0xFF, 0x0C, 0x00, 0x00, 0x00, 0x00, 0x00, 0x00, 0x00, 0xFE, 0xFF, 0xFF, 0xFF,
    0xFF, 0xFF, 0xFF, 0x4F, 0x00, 0x00, 0x00, 0x00, 0x00, 0x00, 0x40, 0xFF, 0xFF, 0xFF, 0xFF, 0xFF,
    0xFF, 0xFF, 0x9F, 0x00, 0x00, 0x00, 0x00, 0x00, 0x00, 0xA0, 0xFF, 0xFF, 0xFF, 0xFF, 0xFF, 0xFF,
    0xFF, 0xBF, 0x00, 0x00, 0x00, 0x00, 0x00, 0x00, 0xF0, 0xFF, 0xFF, 0x9F, 0x01, 0xE4, 0xFF, 0xFF,
    0xBF, 0x00, 0x00, 0x00, 0x00, 0x00, 0x00, 0xF5, 0xFF, 0xFF, 0x0B, 0x00, 0x70, 0xFF, 0xFF, 0xAF,
    0x00, 0x00, 0x00, 0x00, 0x00, 0x00, 0xFB, 0xFF, 0xFF, 0x02, 0x00, 0x60, 0xFF, 0xFF, 0x8F, 0x00,
    0x00, 0x00, 0x00, 0x00, 0x10, 0xFF, 0xFF, 0xFF, 0x00, 0x00, 0xA0, 0xFF, 0xFF, 0x5F, 0x10, 0xDD,
    0x01, 0x00, 0x00, 0x60, 0xFF, 0xFF, 0xFF, 0x00, 0x00, 0xF4, 0xFF, 0xFF, 0x2F, 0xC2, 0xFF, 0x01,
    0x00, 0x00, 0xC0, 0xFF, 0xFF, 0xFF, 0x1A, 0x61, 0xFF, 0xFF, 0xFF, 0xCF, 0xFF, 0x7F, 0x00, 0x00,
    0x00, 0xF1, 0xFF, 0xFF, 0xFF, 0xFF, 0xFF, 0xFF, 0xFF, 0xFF, 0xFF, 0xFF, 0x0D, 0x00, 0x00, 0x00,
    0xF7, 0xFF, 0xFF, 0xFF, 0xFF, 0xFF, 0xFF, 0xFF, 0xFF, 0xFF, 0xEF, 0x02, 0x00, 0x00, 0x00, 0xFD,
    0xFF, 0xFF, 0xFF, 0xFF, 0xFF, 0xFF, 0xFF, 0xFF, 0xFF, 0x3E, 0x00, 0x00, 0x00, 0x30, 0xFF, 0xFF,
    0x9C, 0xFF, 0xFF, 0xFF, 0xFF, 0xFF, 0xFF, 0x7C, 0x01, 0x00, 0x00, 0x00, 0x90, 0xFF, 0xFF, 0x65,
    0xFF, 0xFF, 0xFF, 0xFF, 0xFF, 0x04, 0x00, 0x00, 0x00, 0x00, 0x00, 0xF0, 0xFF, 0xFF, 0x63, 0xFF,
    0xFF, 0xFF, 0xFF, 0x7F, 0x00, 0x00, 0x00, 0x00, 0x00, 0x00, 0xF6, 0xFF, 0xFF, 0x40, 0xFF, 0xFF,
    0xFF, 0xFF, 0x08, 0x00, 0x00, 0x00, 0x00, 0x00, 0x00, 0xFC, 0xFF, 0xCF, 0x00, 0xFD, 0xFF, 0xFF,
    0x6F, 0x00, 0x00, 0x00, 0x00, 0x00, 0x00, 0x20, 0xFF, 0xFF, 0x9F, 0x00, 0x91, 0xFE, 0x8D, 0x01,
    0x00, 0x00, 0x00, 0x00, 0x00, 0x00, 0x80, 0xFF, 0xFF, 0x5F, 0x00, 0x00, 0x00, 0x00, 0x00, 0x00,
    0x00, 0x00, 0x00, 0x00, 0x00, 0xE0, 0xFF, 0xFF, 0x2F, 0x00, 0x00, 0x00, 0x00, 0x00, 0x00, 0x00,
    0x00, 0x00, 0x00, 0x00, 0xF3, 0xFF, 0xFF, 0x0E, 0x00, 0x00, 0x00, 0x00, 0x00, 0x00, 0x00, 0x00,
    0x00, 0x00, 0x00, 0xF7, 0xFF, 0xFF, 0x09, 0x00, 0x00, 0x00, 0x00, 0x00, 0x00, 0x00, 0x00, 0x00,
    0x00, 0x00, 0xFA, 0xFF, 0xFF, 0x04, 0x00, 0x00, 0x00, 0x00, 0x00, 0x00, 0x00, 0x00, 0x00, 0x00,
    0x00, 0xFC, 0xFF, 0xEF, 0x00, 0x00, 0x00, 0x00, 0x00, 0x00, 0x00, 0x00, 0x00, 0x00, 0x00, 0x00,
    0xFA, 0xFF, 0x7F, 0x00, 0x00, 0x00, 0x00, 0x00, 0x00, 0x00, 0x00, 0x00, 0x00, 0x00, 0x00, 0xF3,
    0xFF, 0x0C, 0x00, 0x00, 0x00, 0x00, 0x00, 0x00, 0x00, 0x00, 0x00, 0x00, 0x00, 0x00, 0x20, 0x66,
    0x00, 0x00, 0x00, 0x00, 0x00, 0x00, 0x00, 0x00, 0x00, 0x00, 0x00, 0x00, 0x00, 0x00, 0x00, 0x00,
    0x40, 0xDA, 0xFF, 0x5D, 0x00, 0xA1, 0xCF, 0x00, 0x00, 0x00, 0x10, 0xFB, 0xFF, 0xFF, 0xFF, 0x8B,
    0xFF, 0xFF, 0x02, 0x00, 0x00, 0xE2, 0xFF, 0xFF, 0xFF, 0xFF, 0xFF, 0xFF, 0xFF, 0x00, 0x00, 0x10,
    0xFE, 0xFF, 0xFF, 0xFF, 0xFF, 0xFF, 0xFF, 0x9F, 0x00, 0x00, 0xB0, 0xFF, 0xFF, 0xFF, 0xFF, 0xFF,
    0xFF, 0xFF, 0x2F, 0x00, 0x00, 0xF5, 0xFF, 0xFF, 0xFF, 0xFF, 0xFF, 0xFF, 0xFF, 0x0B, 0x00, 0x00,
    0xFE, 0xFF, 0xFF, 0x05, 0x91, 0xFF, 0xFF, 0xFF, 0x04, 0x00, 0x50, 0xFF, 0xFF, 0x4F, 0x00, 0x00,
    0xFE, 0xFF, 0xDF, 0x00, 0x00, 0xB0, 0xFF, 0xFF, 0x0C, 0x00, 0x00, 0xFD, 0xFF, 0x6F, 0x00, 0x00,
    0xF0, 0xFF, 0xFF, 0x08, 0x00, 0x10, 0xFF, 0xFF, 0x0F, 0x00, 0x00, 0xF4, 0xFF, 0xFF, 0x09, 0x00,
    0xA0, 0xFF, 0xFF, 0x0A, 0x00, 0x00, 0xF8, 0xFF, 0xFF, 0x4F, 0x20, 0xFA, 0xFF, 0xFF, 0x05, 0x00,
    0x00, 0xFA, 0xFF, 0xFF, 0xFF, 0xFF, 0xFF, 0xFF, 0xFF, 0x00, 0x00, 0x00, 0xFC, 0xFF, 0xFF, 0xFF,
    0xFF, 0xFF, 0xFF, 0xCF, 0x00, 0x00, 0x00, 0xFD, 0xFF, 0xFF, 0xFF, 0xFF, 0xFF, 0xFF, 0x8F, 0x00,
    0x00, 0x00, 0xFD, 0xFF, 0xFF, 0xFF, 0xFF, 0xCA, 0xFF, 0x4F, 0x00, 0x00, 0x00, 0xFB, 0xFF, 0xFF,
    0xFF, 0xFF, 0xD2, 0xFF, 0x0F, 0x00, 0x00, 0x00, 0xF7, 0xFF, 0xFF, 0xFF, 0xAF, 0xF3, 0xFF, 0x0C,
    0x00, 0x00, 0x00, 0xF1, 0xFF, 0xFF, 0xFF, 0x1E, 0xFB, 0xFF, 0x08, 0x00, 0x00, 0x00, 0x50, 0xFF,
    0xFF, 0xFF, 0x53, 0xFF, 0xFF, 0x04, 0x00, 0x00, 0x00, 0x00, 0xC4, 0xEF, 0x2A, 0xE0, 0xFF, 0xFF,
    0x00, 0x00, 0x00, 0x00, 0x00, 0x00, 0x00, 0x00, 0xF8, 0xFF, 0xCF, 0x00, 0x00, 0x00, 0x00, 0x00,
    0x00, 0x00, 0x10, 0xFF, 0xFF, 0x8F, 0x00, 0x00, 0x00, 0x00, 0x00, 0x00, 0x00, 0x80, 0xFF, 0xFF,
    0x4F, 0x00, 0x00, 0x00, 0x00, 0x00, 0x00, 0x00, 0xD0, 0xFF, 0xFF, 0x0F, 0x00, 0x00, 0x00, 0x00,
    0x00, 0x00, 0x00, 0xF0, 0xFF, 0xFF, 0x0C, 0x00, 0x00, 0x00, 0x00, 0x00, 0x00, 0x00, 0xF0, 0xFF,
    0xFF, 0x07, 0x00, 0x00, 0x00, 0x00, 0x00, 0x00, 0x00, 0xB0, 0xFF, 0xEF, 0x01, 0x00, 0x00, 0x00,
    0x00, 0x00, 0x00, 0x00, 0x20, 0xFC, 0x2B, 0x00, 0x00, 0x00, 0x00, 0x00, 0x00, 0x20, 0xFB, 0xDE,
    0x39, 0x00, 0x00, 0x00, 0x00, 0x00, 0x00, 0xE1, 0xFF, 0xFF, 0xFF, 0x3C, 0x00, 0x00, 0x00, 0x00,
    0x00, 0xF9, 0xFF, 0xFF, 0xFF, 0xFF, 0x06, 0x00, 0x00, 0x00, 0x00, 0xFD, 0xFF, 0xFF, 0xFF, 0xFF,
    0x4F, 0x00, 0x00, 0x00, 0x00, 0xFC, 0xFF, 0xFF, 0xFF, 0xFF, 0xAF, 0x00, 0x00, 0x00, 0x00, 0xF5,
    0xFF, 0xFF, 0xFF, 0xFF, 0xAF, 0x00, 0x00, 0x00, 0x00, 0xA0, 0xEF, 0xFF, 0xFF, 0xFF, 0x7F, 0x00,
    0x00, 0x00, 0x00, 0xF1, 0x4F, 0xE3, 0xFF, 0xFF, 0x2F, 0x00, 0x00, 0x00, 0x00, 0xF7, 0x0C, 0x40,
    0xFF, 0xFF, 0x0B, 0x00, 0x00, 0x00, 0x00, 0xFD, 0x05, 0x40, 0xFF, 0xFF, 0x05, 0x00, 0x00, 0x00,
    0x60, 0xDF, 0x00, 0x90, 0xFF, 0xFF, 0x01, 0x00, 0x00, 0x00, 0xE0, 0x5F, 0x00, 0xE0, 0xFF, 0xFF,
    0x00, 0x00, 0x70, 0x1B, 0xC0, 0x0D, 0x00, 0xF6, 0xFF, 0xFF, 0x02, 0x00, 0xF4, 0x4F, 0x00, 0x00,
    0x00, 0xFC, 0xFF, 0xFF, 0x7E, 0x85, 0xFF, 0x0D, 0x00, 0x00, 0x30, 0xFF, 0xFF, 0xFF, 0xFF, 0xFF,
    0xFF, 0x05, 0x00, 0x00, 0x80, 0xFF, 0xFF, 0xFF, 0xFF, 0xFF, 0xCF, 0x00, 0x00, 0x00, 0xC0, 0xFF,
    0xFF, 0xFF, 0xFF, 0xFF, 0x4F, 0x00, 0x00, 0x00, 0xF0, 0xFF, 0xFF, 0xFF, 0xFF, 0xFF, 0x0B, 0x00,
    0x00, 0x00, 0xF0, 0xFF, 0xFF, 0xFF, 0xFF, 0xFF, 0x02, 0x00, 0x00, 0x00, 0xF0, 0xFF, 0xFF, 0xFF,
    0xFF, 0x6F, 0x00, 0x00, 0x00, 0x00, 0xB0, 0xFF, 0xFF, 0xFF, 0xFF, 0x08, 0x00, 0x00, 0x00, 0x00,
    0x20, 0xFF, 0xFF, 0xFF, 0x7F, 0x00, 0x00, 0x00, 0x00, 0x00, 0x00, 0xA2, 0xFE, 0xAE, 0x03, 0x00,
    0x00, 0x00, 0x00, 0x00, 0x00, 0x00, 0x40, 0xFC, 0x9E, 0x01, 0x00, 0x00, 0x00, 0x00, 0x00, 0x00,
    0x00, 0xF7, 0xFF, 0xFF, 0x0E, 0x00, 0x00, 0x00, 0x00, 0x00, 0x00, 0x60, 0xFF, 0xFF, 0xFF, 0x5F,
    0x00, 0x00, 0x00, 0x00, 0x00, 0x00, 0xF4, 0xFF, 0xFF, 0xFF, 0x2E, 0x00, 0x00, 0x00, 0x00, 0x00,
    0x10, 0xFE, 0xFF, 0xFF, 0xAF, 0x01, 0x00, 0x00, 0x00, 0x00, 0x00, 0xA0, 0xFF, 0xFF, 0xFF, 0x0A,
    0x00, 0x00, 0x00, 0x00, 0x00, 0x00, 0xF5, 0xAF, 0xFF, 0xFF, 0x08, 0x00, 0x00, 0x00, 0x00, 0x00,
    0x10, 0xFE, 0x0B, 0xFA, 0xFF, 0x0E, 0x00, 0x00, 0x00, 0x00, 0x00, 0xA0, 0xFF, 0x01, 0xF3, 0xFF,
    0x6F, 0x00, 0x00, 0x00, 0x00, 0x00, 0xF5, 0x6F, 0x00, 0xF0, 0xFF, 0xDF, 0x00, 0x00, 0x00, 0x00,
    0x10, 0xFE, 0x0A, 0x00, 0xF0, 0xFF, 0xFF, 0x05, 0x00, 0xAD, 0x00, 0x80, 0xFF, 0x01, 0x00, 0xF5,
    0xFF, 0xFF, 0x0B, 0x90, 0xEF, 0x00, 0xE0, 0xFF, 0x16, 0x50, 0xFE, 0xFF, 0xFF, 0x1F, 0xF8, 0x7F,
    0x00, 0xF2, 0xFF, 0xFF, 0xFF, 0xFF, 0xFF, 0xFF, 0xFF, 0xFF, 0x0E, 0x00, 0xF4, 0xFF, 0xFF, 0xFF,
    0xFF, 0xFF, 0xFF, 0xFF, 0xFF, 0x06, 0x00, 0xF4, 0xFF, 0xFF, 0xFF, 0xFF, 0xFF, 0xFF, 0xFF, 0xDF,
    0x00, 0x00, 0xF2, 0xFF, 0xFF, 0xFF, 0xFF, 0xFF, 0xFF, 0xFF, 0x3F, 0x00, 0x00, 0xF0, 0xFF, 0xFF,
    0xFF, 0xFF, 0xFF, 0xFF, 0xFF, 0x07, 0x00, 0x00, 0x90, 0xFF, 0xFF, 0xFF, 0xFF, 0xFF, 0xFF, 0x8F,
    0x00, 0x00, 0x00, 0x10, 0xFE, 0xFF, 0xFF, 0xFF, 0xFF, 0xFF, 0x06, 0x00, 0x00, 0x00, 0x00, 0xE2,
    0xFF, 0xFF, 0xFF, 0xFF, 0x3D, 0x00, 0x00, 0x00, 0x00, 0x00, 0x00, 0xB6, 0xFE, 0xDF, 0x49, 0x00,
    0x00, 0x00, 0x00, 0x00, 0x00, 0x00, 0x00, 0x00, 0xE6, 0x3E, 0x00, 0x00, 0x00, 0x00, 0x00, 0x40,
    0xFF, 0x8F, 0x00, 0x00, 0x00, 0x00, 0x00, 0xC0, 0xFF, 0x5F, 0x00, 0x00, 0x00, 0x00, 0x00, 0xF4,
    0xFF, 0x0F, 0x00, 0x00, 0x00, 0x00, 0x10, 0xFD, 0xFF, 0x09, 0x00, 0x00, 0x00, 0x10, 0xE5, 0xFF,
    0xFF, 0x06, 0x00, 0x00, 0x00, 0xFB, 0xFF, 0xFF, 0xFF, 0xFF, 0x7F, 0x00, 0x00, 0xFB, 0xFF, 0xFF,
    0xFF, 0xFF, 0xAF, 0x00, 0x00, 0xD3, 0xFF, 0xFF, 0xFF, 0xFF, 0x6F, 0x00, 0x00, 0x00, 0xFE, 0xFF,
    0xFF, 0xFF, 0x0C, 0x00, 0x00, 0x40, 0xFF, 0xFF, 0x16, 0x00, 0x00, 0x00, 0x00, 0xA0, 0xFF, 0x8F,
    0x00, 0x00, 0x00, 0x00, 0x00, 0xF0, 0xFF, 0x3F, 0x00, 0x00, 0x00, 0x00, 0x00, 0xF5, 0xFF, 0x0F,
    0x00, 0x00, 0x00, 0x00, 0x00, 0xFB, 0xFF, 0x0D, 0x00, 0x00, 0x00, 0x00, 0x10, 0xFF, 0xFF, 0x0F,
    0x00, 0x00, 0x30, 0x3C, 0x60, 0xFF, 0xFF, 0x7F, 0x00, 0x00, 0xE2, 0xAF, 0xA0, 0xFF, 0xFF, 0xFF,
    0x6A, 0xA6, 0xFF, 0x3F, 0xE0, 0xFF, 0xFF, 0xFF, 0xFF, 0xFF, 0xFF, 0x0A, 0xF2, 0xFF, 0xFF, 0xFF,
    0xFF, 0xFF, 0xFF, 0x02, 0xF3, 0xFF, 0xFF, 0xFF, 0xFF, 0xFF, 0x9F, 0x00, 0xF4, 0xFF, 0xFF, 0xFF,
    0xFF, 0xFF, 0x1F, 0x00, 0xF4, 0xFF, 0xFF, 0xFF, 0xFF, 0xFF, 0x05, 0x00, 0xF1, 0xFF, 0xFF, 0xFF,
    0xFF, 0x8F, 0x00, 0x00, 0xC0, 0xFF, 0xFF, 0xFF, 0xFF, 0x09, 0x00, 0x00, 0x30, 0xFF, 0xFF, 0xFF,
    0x7F, 0x00, 0x00, 0x00, 0x00, 0xB3, 0xFF, 0x9D, 0x02, 0x00, 0x00, 0x00, 0x00, 0x00, 0x60, 0xED,
    0x02, 0x00, 0x00, 0x20, 0xFC, 0x05, 0x00, 0x00, 0x00, 0x00, 0xF6, 0xFF, 0x06, 0x00, 0x00, 0xE1,
    0xFF, 0x0A, 0x00, 0x00, 0x00, 0x20, 0xFF, 0xFF, 0x05, 0x00, 0x00, 0xFA, 0xFF, 0x09, 0x00, 0x00,
    0x00, 0xA0, 0xFF, 0xFF, 0x03, 0x00, 0x30, 0xFF, 0xFF, 0x06, 0x00, 0x00, 0x00, 0xF2, 0xFF, 0xEF,
    0x00, 0x00, 0xA0, 0xFF, 0xFF, 0x02, 0x00, 0x00, 0x00, 0xF9, 0xFF, 0xAF, 0x00, 0x00, 0xF1, 0xFF,
    0xDF, 0x00, 0x00, 0x00, 0x00, 0xFF, 0xFF, 0x5F, 0x00, 0x00, 0xF6, 0xFF, 0x8F, 0x00, 0x00, 0x00,
    0x50, 0xFF, 0xFF, 0x0F, 0x00, 0x00, 0xFC, 0xFF, 0x2F, 0x00, 0x00, 0x00, 0xB0, 0xFF, 0xFF, 0x0B,
    0x00, 0x10, 0xFF, 0xFF, 0x0F, 0x00, 0x00, 0x00, 0xF0, 0xFF, 0xFF, 0x09, 0x00, 0x70, 0xFF, 0xFF,
    0x0D, 0x00, 0x10, 0x28, 0xF4, 0xFF, 0xFF, 0x09, 0x00, 0xE1, 0xFF, 0xFF, 0x0E, 0x00, 0xB0, 0xAF,
    0xF7, 0xFF, 0xFF, 0x2E, 0x40, 0xFD, 0xFF, 0xFF, 0x9F, 0x11, 0xFA, 0x4F, 0xFB, 0xFF, 0xFF, 0xFF,
    0xFF, 0xFF, 0xFF, 0xFF, 0xFF, 0xFF, 0xFF, 0x0C, 0xFC, 0xFF, 0xFF, 0xFF, 0xFF, 0xFF, 0xFF, 0xFF,
    0xFF, 0xFF, 0xFF, 0x04, 0xFD, 0xFF, 0xFF, 0xFF, 0xFF, 0xFF, 0xFF, 0xFF, 0xFF, 0xFF, 0xBF, 0x00,
    0xFE, 0xFF, 0xFF, 0xFF, 0xFF, 0xFC, 0xFF, 0xFF, 0xFF, 0xFF, 0x2F, 0x00, 0xFE, 0xFF, 0xFF, 0xFF,
    0x9F, 0xFA, 0xFF, 0xFF, 0xFF, 0xFF, 0x09, 0x00, 0xFD, 0xFF, 0xFF, 0xFF, 0x1E, 0xFA, 0xFF, 0xFF,
    0xFF, 0xCF, 0x00, 0x00, 0xF9, 0xFF, 0xFF, 0xFF, 0x03, 0xF7, 0xFF, 0xFF, 0xFF, 0x1D, 0x00, 0x00,
    0xF2, 0xFF, 0xFF, 0x5F, 0x00, 0xF1, 0xFF, 0xFF, 0xCF, 0x01, 0x00, 0x00, 0x40, 0xFC, 0xAE, 0x02,
    0x00, 0x30, 0xFC, 0xCF, 0x06, 0x00, 0x00, 0x00, 0x00, 0x00, 0xA1, 0x6F, 0x00, 0x00, 0x90, 0xEE,
    0x08, 0x00, 0x00, 0x00, 0x00, 0xFC, 0xBF, 0x00, 0x00, 0xFB, 0xFF, 0x4F, 0x00, 0x00, 0x00, 0x70,
    0xFF, 0x9F, 0x00, 0x40, 0xFF, 0xFF, 0x7F, 0x00, 0x00, 0x00, 0xE0, 0xFF, 0x6F, 0x00, 0xA0, 0xFF,
    0xFF, 0x6F, 0x00, 0x00, 0x00, 0xF6, 0xFF, 0x2F, 0x00, 0xE0, 0xFF, 0xFF, 0x4F, 0x00, 0x00, 0x00,
    0xFD, 0xFF, 0x0D, 0x00, 0xF0, 0xFF, 0xFF, 0x0F, 0x00, 0x00, 0x30, 0xFF, 0xFF, 0x07, 0x00, 0xF1,
    0xFF, 0xFF, 0x0B, 0x00, 0x00, 0x80, 0xFF, 0xFF, 0x03, 0x00, 0xF0, 0xFF, 0xFF, 0x05, 0x00, 0x00,
    0xD0, 0xFF, 0xFF, 0x00, 0x00, 0xF0, 0xFF, 0xEF, 0x00, 0x00, 0x00, 0xF1, 0xFF, 0xEF, 0x00, 0x00,
    0xC0, 0xFF, 0x7F, 0x00, 0xA0, 0x4F, 0xF4, 0xFF, 0xFF, 0x01, 0x00, 0xC0, 0xFF, 0x0E, 0x10, 0xFA,
    0x4F, 0xF7, 0xFF, 0xFF, 0x2B, 0x30, 0xFB, 0xFF, 0xDF, 0xFC, 0xFF, 0x0B, 0xF8, 0xFF, 0xFF, 0xFF,
    0xFF, 0xFF, 0xFF, 0xFF, 0xFF, 0xFF, 0x02, 0xF9, 0xFF, 0xFF, 0xFF, 0xFF, 0xFF, 0xFF, 0xFF, 0xFF,
    0x4F, 0x00, 0xF9, 0xFF, 0xFF, 0xFF, 0xFF, 0xFF, 0xFF, 0xFF, 0xFF, 0x05, 0x00, 0xF7, 0xFF, 0xFF,
    0xFF, 0xFF, 0xFF, 0xE9, 0xDF, 0x29, 0x00, 0x00, 0xF5, 0xFF, 0xFF, 0xFF, 0xFF, 0x6F, 0x00, 0x00,
    0x00, 0x00, 0x00, 0xF1, 0xFF, 0xFF, 0xFF, 0xFF, 0x09, 0x00, 0x00, 0x00, 0x00, 0x00, 0xA0, 0xFF,
    0xFF, 0xFF, 0xBF, 0x00, 0x00, 0x00, 0x00, 0x00, 0x00, 0x10, 0xFE, 0xFF, 0xFF, 0x09, 0x00, 0x00,
    0x00, 0x00, 0x00, 0x00, 0x00, 0xA2, 0xFE, 0x4B, 0x00, 0x00, 0x00, 0x00, 0x00, 0x00, 0x00, 0x00,
    0x00, 0xA1, 0x6F, 0x00, 0x00, 0x30, 0xFB, 0x9E, 0x00, 0x00, 0x30, 0xFC, 0x3D, 0x00, 0x00, 0x00,
    0x00, 0xFC, 0xBF, 0x00, 0x00, 0xF1, 0xFF, 0xFF, 0x06, 0x00, 0xF2, 0xFF, 0xBF, 0x00, 0x00, 0x00,
    0x70, 0xFF, 0x9F, 0x00, 0x00, 0xF8, 0xFF, 0xFF, 0x09, 0x00, 0xFA, 0xFF, 0xEF, 0x00, 0x00, 0x00,
    0xE0, 0xFF, 0x6F, 0x00, 0x00, 0xFD, 0xFF, 0xFF, 0x08, 0x00, 0xFF, 0xFF, 0xDF, 0x00, 0x00, 0x00,
    0xF6, 0xFF, 0x2F, 0x00, 0x00, 0xFF, 0xFF, 0xFF, 0x03, 0x40, 0xFF, 0xFF, 0xBF, 0x00, 0x00, 0x00,
    0xFD, 0xFF, 0x0D, 0x00, 0x10, 0xFF, 0xFF, 0xCF, 0x00, 0x60, 0xFF, 0xFF, 0x7F, 0x00, 0x00, 0x30,
    0xFF, 0xFF, 0x07, 0x00, 0x20, 0xFF, 0xFF, 0x4F, 0x00, 0x70, 0xFF, 0xFF, 0x2F, 0x00, 0x00, 0x80,
    0xFF, 0xFF, 0x03, 0x00, 0x30, 0xFF, 0xFF, 0x0D, 0x00, 0x60, 0xFF, 0xFF, 0x0C, 0x00, 0x00, 0xD0,
    0xFF, 0xFF, 0x00, 0x00, 0x60, 0xFF, 0xFF, 0x08, 0x00, 0x50, 0xFF, 0xFF, 0x06, 0x00, 0x00, 0xF1,
    0xFF, 0xEF, 0x00, 0x00, 0xB0, 0xFF, 0xFF, 0x06, 0x00, 0x20, 0xFF, 0xEF, 0x00, 0xE2, 0x0C, 0xF4,
    0xFF, 0xFF, 0x01, 0x00, 0xF4, 0xFF, 0xFF, 0x08, 0x00, 0x40, 0xFF, 0x7F, 0x30, 0xFE, 0x0D, 0xF7,
    0xFF, 0xFF, 0x1A, 0x51, 0xFE, 0xFF, 0xFF, 0x5F, 0x10, 0xF7, 0xFF, 0xCF, 0xFD, 0xFF, 0x04, 0xF8,
    0xFF, 0xFF, 0xFF, 0xFF, 0xFF, 0xFF, 0xFF, 0xFF, 0xFF, 0xFF, 0xFF, 0xFF, 0xFF, 0xBF, 0x00, 0xF9,
    0xFF, 0xFF, 0xFF, 0xFF, 0xFF, 0xFE, 0xFF, 0xFF, 0xFF, 0xFF, 0xFF, 0xFF, 0xFF, 0x0D, 0x00, 0xF9,
    0xFF, 0xFF, 0xFF, 0xFF, 0xFF, 0xF9, 0xFF, 0xFF, 0xFF, 0xFF, 0xFF, 0xFF, 0xDF, 0x01, 0x00, 0xF7,
    0xFF, 0xFF, 0xFF, 0xFF, 0xAF, 0xF7, 0xFF, 0xFF, 0xFF, 0xFF, 0xFD, 0xCF, 0x06, 0x00, 0x00, 0xF5,
    0xFF, 0xFF, 0xFF, 0xFF, 0x2F, 0xF7, 0xFF, 0xFF, 0xFF, 0xDF, 0x00, 0x00, 0x00, 0x00, 0x00, 0xF1,
    0xFF, 0xFF, 0xFF, 0xFF, 0x07, 0xF5, 0xFF, 0xFF, 0xFF, 0x2F, 0x00, 0x00, 0x00, 0x00, 0x00, 0xA0,
    0xFF, 0xFF, 0xFF, 0xBF, 0x00, 0xF2, 0xFF, 0xFF, 0xFF, 0x03, 0x00, 0x00, 0x00, 0x00, 0x00, 0x10,
    0xFE, 0xFF, 0xFF, 0x0A, 0x00, 0xB0, 0xFF, 0xFF, 0x3E, 0x00, 0x00, 0x00, 0x00, 0x00, 0x00, 0x00,
    0xA2, 0xFE, 0x4B, 0x00, 0x00, 0x10, 0xFB, 0x8D, 0x01, 0x00, 0x00, 0x00, 0x00, 0x00, 0x00, 0x00,
    0x00, 0x10, 0xFA, 0x8E, 0x00, 0x00, 0x60, 0xFC, 0x7E, 0x00, 0x00, 0x00, 0x00, 0x00, 0xD0, 0xFF,
    0xFF, 0x07, 0x00, 0xFB, 0xFF, 0xFF, 0x05, 0x00, 0x00, 0x00, 0x00, 0xF9, 0xFF, 0xFF, 0x0E, 0xA0,
    0xFF, 0xFF, 0xFF, 0x0A, 0x00, 0x00, 0x00, 0x20, 0xFF, 0xFF, 0xFF, 0x5F, 0xF6, 0xFF, 0xFF, 0xFF,
    0x0B, 0x00, 0x00, 0x00, 0xA0, 0xFF, 0xFF, 0xFF, 0x8F, 0xFE, 0xFF, 0xFF, 0xFF, 0x08, 0x00, 0x00,
    0x00, 0xF2, 0xFF, 0xFF, 0xFF, 0xFF, 0xFF, 0xFF, 0xFF, 0xFF, 0x03, 0x00, 0x00, 0x00, 0xF9, 0x8F,
    0x11, 0xFD, 0xFF, 0xFF, 0x6F, 0x51, 0xAF, 0x00, 0x00, 0x00, 0x10, 0xFF, 0x08, 0x00, 0xF5, 0xFF,
    0xFF, 0x08, 0x00, 0x01, 0x00, 0x00, 0x00, 0x90, 0xDF, 0x00, 0x00, 0xF4, 0xFF, 0xFF, 0x03, 0x00,
    0x00, 0x00, 0x21, 0x00, 0x80, 0x4F, 0x00, 0x00, 0xF7, 0xFF, 0xFF, 0x03, 0x00, 0x00, 0x00, 0xFD,
    0x01, 0x00, 0x01, 0x00, 0x00, 0xFD, 0xFF, 0xFF, 0x0A, 0x00, 0x00, 0xB0, 0xFF, 0x01, 0x00, 0x00,
    0x00, 0xB2, 0xFF, 0xFF, 0xFF, 0xBF, 0x03, 0x51, 0xFD, 0x8F, 0x00, 0x00, 0x60, 0xFD, 0xFF, 0xFF,
    0xFF, 0xFF, 0xFF, 0xFF, 0xFF, 0xFF, 0x0E, 0x00, 0x00, 0xF9, 0xFF, 0xFF, 0xFF, 0xFF, 0xFF, 0xFF,
    0xFF, 0xFF, 0xFF, 0x04, 0x00, 0x40, 0xFF, 0xFF, 0xFF, 0xFF, 0xFF, 0xFF, 0xFF, 0xFF, 0xFF, 0xAF,
    0x00, 0x00, 0xC0, 0xFF, 0xFF, 0xFF, 0xAF, 0xFF, 0xFF, 0xFF, 0xFF, 0xFF, 0x0D, 0x00, 0x00, 0xF1,
    0xFF, 0xFF, 0xFF, 0x2F, 0xFF, 0xFF, 0xFF, 0xFF, 0xFF, 0x02, 0x00, 0x00, 0xF2, 0xFF, 0xFF, 0xFF,
    0x08, 0xFD, 0xFF, 0xFF, 0xFF, 0x4F, 0x00, 0x00, 0x00, 0xF1, 0xFF, 0xFF, 0xDF, 0x00, 0xF9, 0xFF,
    0xFF, 0xFF, 0x05, 0x00, 0x00, 0x00, 0xC0, 0xFF, 0xFF, 0x2E, 0x00, 0xF2, 0xFF, 0xFF, 0x4E, 0x00,
    0x00, 0x00, 0x00, 0x10, 0xFB, 0x9E, 0x01, 0x00, 0x50, 0xFD, 0x8D, 0x01, 0x00, 0x00, 0x00, 0x00,
    0x00, 0x00, 0x00, 0x00, 0x50, 0xED, 0x02, 0x00, 0x00, 0x20, 0xFC, 0x0A, 0x00, 0x00, 0x00, 0x00,
    0x00, 0x00, 0xF6, 0xFF, 0x06, 0x00, 0x00, 0xE1, 0xFF, 0x3F, 0x00, 0x00, 0x00, 0x00, 0x00, 0x20,
    0xFF, 0xFF, 0x05, 0x00, 0x00, 0xFB, 0xFF, 0x2F, 0x00, 0x00, 0x00, 0x00, 0x00, 0xA0, 0xFF, 0xFF,
    0x02, 0x00, 0x30, 0xFF, 0xFF, 0x0F, 0x00, 0x00, 0x00, 0x00, 0x00, 0xF2, 0xFF, 0xEF, 0x00, 0x00,
    0xA0, 0xFF, 0xFF, 0x09, 0x00, 0x00, 0x00, 0x00, 0x00, 0xF9, 0xFF, 0x9F, 0x00, 0x00, 0xF1, 0xFF,
    0xFF, 0x04, 0x00, 0x00, 0x00, 0x00, 0x00, 0xFE, 0xFF, 0x4F, 0x00, 0x00, 0xF7, 0xFF, 0xDF, 0x00,
    0x00, 0x00, 0x00, 0x00, 0x50, 0xFF, 0xFF, 0x0F, 0x00, 0x00, 0xFC, 0xFF, 0x7F, 0x00, 0x00, 0x00,
    0x00, 0x00, 0xA0, 0xFF, 0xFF, 0x0B, 0x00, 0x20, 0xFF, 0xFF, 0x2F, 0x00, 0x00, 0x00, 0x00, 0x00,
    0xF0, 0xFF, 0xFF, 0x09, 0x00, 0x80, 0xFF, 0xFF, 0x0C, 0x00, 0x20, 0x18, 0x00, 0x00, 0xF3, 0xFF,
    0xFF, 0x09, 0x00, 0xF2, 0xFF, 0xFF, 0x07, 0x00, 0xD0, 0x8F, 0x00, 0x00, 0xF7, 0xFF, 0xFF, 0x4E,
    0x62, 0xFE, 0xFF, 0xFF, 0x05, 0x00, 0xFA, 0x2F, 0x00, 0x00, 0xFA, 0xFF, 0xFF, 0xFF, 0xFF, 0xFF,
    0xFF, 0xFF, 0x07, 0x90, 0xFF, 0x0B, 0x00, 0x00, 0xFC, 0xFF, 0xFF, 0xFF, 0xFF, 0xFF, 0xFF, 0xFF,
    0xAF, 0xFD, 0xFF, 0x03, 0x00, 0x00, 0xFD, 0xFF, 0xFF, 0xFF, 0xFF, 0xFF, 0xFF, 0xFF, 0xFF, 0xFF,
    0xBF, 0x00, 0x00, 0x00, 0xFE, 0xFF, 0xFF, 0xFF, 0xFF, 0xFD, 0xFF, 0xFF, 0xFF, 0xFF, 0x3F, 0x00,
    0x00, 0x00, 0xFE, 0xFF, 0xFF, 0xFF, 0xEF, 0xD1, 0xFF, 0xFF, 0xFF, 0xFF, 0x0B, 0x00, 0x00, 0x00,
    0xFD, 0xFF, 0xFF, 0xFF, 0x7F, 0xF0, 0xFF, 0xFF, 0xFF, 0xFF, 0x02, 0x00, 0x00, 0x00, 0xF9, 0xFF,
    0xFF, 0xFF, 0x0C, 0xF4, 0xFF, 0xFF, 0xFF, 0x6F, 0x00, 0x00, 0x00, 0x00, 0xE1, 0xFF, 0xFF, 0xDF,
    0x01, 0xFB, 0xFF, 0xFF, 0xFF, 0x07, 0x00, 0x00, 0x00, 0x73, 0x20, 0xEA, 0xDF, 0x07, 0x40, 0xFF,
    0xDF, 0xFD, 0x5C, 0x00, 0x00, 0x00, 0x10, 0xEE, 0x00, 0x00, 0x00, 0x00, 0xE1, 0xFF, 0x5F, 0x00,
    0x00, 0x00, 0x00, 0x00, 0xA0, 0xFF, 0x08, 0x00, 0x00, 0x30, 0xFE, 0xFF, 0x0F, 0x00, 0x00, 0x00,
    0x00, 0x00, 0xF1, 0xFF, 0xAF, 0x03, 0x30, 0xF9, 0xFF, 0xFF, 0x0A, 0x00, 0x00, 0x00, 0x00, 0x00,
    0xF4, 0xFF, 0xFF, 0xFF, 0xFF, 0xFF, 0xFF, 0xFF, 0x03, 0x00, 0x00, 0x00, 0x00, 0x00, 0xF5, 0xFF,
    0xFF, 0xFF, 0xFF, 0xFF, 0xFF, 0xCF, 0x00, 0x00, 0x00, 0x00, 0x00, 0x00, 0xF5, 0xFF, 0xFF, 0xFF,
    0xFF, 0xFF, 0xFF, 0x4F, 0x00, 0x00, 0x00, 0x00, 0x00, 0x00, 0xF2, 0xFF, 0xFF, 0xFF, 0xFF, 0xFF,
    0xFF, 0x0B, 0x00, 0x00, 0x00, 0x00, 0x00, 0x00, 0xD0, 0xFF, 0xFF, 0xFF, 0xFF, 0xFF, 0xEF, 0x01,
    0x00, 0x00, 0x00, 0x00, 0x00, 0x00, 0x40, 0xFF, 0xFF, 0xFF, 0xFF, 0xFF, 0x4F, 0x00, 0x00, 0x00,
    0x00, 0x00, 0x00, 0x00, 0x00, 0xF5, 0xFF, 0xFF, 0xFF, 0xEF, 0x03, 0x00, 0x00, 0x00, 0x00, 0x00,
    0x00, 0x00, 0x00, 0x10, 0xC8, 0xFE, 0xCE, 0x06, 0x00, 0x00, 0x00, 0x00, 0x00, 0x00, 0x00, 0x00,
    0x00, 0x00, 0xF5, 0x08, 0x00, 0x00, 0x00, 0x00, 0x00, 0x00, 0x00, 0x00, 0x00, 0xFC, 0x2F, 0x92,
    0xFE, 0xCE, 0x69, 0x75, 0x8C, 0x00, 0x00, 0x10, 0xFF, 0xFF, 0xFF, 0xFF, 0xFF, 0xFF, 0xFF, 0x8F,
    0x00, 0x00, 0x40, 0xFF, 0xFF, 0xFF, 0xFF, 0xFF, 0xFF, 0xFF, 0x4F, 0x00, 0x00, 0x80, 0xFF, 0xFF,
    0xFF, 0xFF, 0xFF, 0xFF, 0xFF, 0x0D, 0x00, 0x00, 0xD0, 0xFF, 0xFF, 0xFF, 0xFF, 0xFF, 0xFF, 0xFF,
    0x05, 0x00, 0x00, 0xF3, 0xFF, 0xFF, 0xCD, 0xFE, 0xFF, 0xFF, 0xAF, 0x00, 0x00, 0x00, 0xF9, 0xFF,
    0x18, 0x00, 0xD0, 0xFF, 0xFF, 0x0C, 0x00, 0x00, 0x00, 0xFF, 0x4F, 0x00, 0x00, 0xE0, 0xFF, 0xCF,
    0x00, 0x00, 0x00, 0x80, 0xFF, 0x04, 0x00, 0x10, 0xFC, 0xFF, 0x08, 0x00, 0x00, 0x23, 0xC0, 0x8F,
    0x00, 0x00, 0xE4, 0xFF, 0x4E, 0x00, 0x00, 0x40, 0xBF, 0x00, 0x06, 0x00, 0x80, 0xFF, 0xAF, 0x01,
    0x00, 0x00, 0xF2, 0x9F, 0x00, 0x00, 0x20, 0xFC, 0xFF, 0x09, 0x00, 0x00, 0x50, 0xFF, 0x2F, 0x00,
    0x00, 0xE4, 0xFF, 0xFF, 0x2B, 0x00, 0x52, 0xFC, 0xFF, 0x09, 0x00, 0x60, 0xFF, 0xFF, 0xFF, 0xFF,
    0xFF, 0xFF, 0xFF, 0xEF, 0x01, 0x00, 0xF6, 0xFF, 0xFF, 0xFF, 0xFF, 0xFF, 0xFF, 0xFF, 0x6F, 0x00,
    0x30, 0xFF, 0xFF, 0xFF, 0xFF, 0xFF, 0xFF, 0xFF, 0xFF, 0x0C, 0x00, 0xD0, 0xFF, 0xFF, 0xFF, 0xFF,
    0xFF, 0xFF, 0xFF, 0xEF, 0x02, 0x00, 0xF4, 0xFF, 0xFF, 0xFF, 0xFF, 0xFF, 0xFF, 0xFF, 0x3F, 0x00,
    0x00, 0xF8, 0xFF, 0xFF, 0xFF, 0xFF, 0xFF, 0xFF, 0xEF, 0x03, 0x00, 0x00, 0xF9, 0x6F, 0x00, 0xF8,
    0xFF, 0xFF, 0xFF, 0x2C, 0x00, 0x00, 0x00, 0xE6, 0x04, 0x00, 0x40, 0xFC, 0xEF, 0x5A, 0x00, 0x00,
    0x00, 0x00, 0x00, 0x00, 0x00, 0x00, 0x00, 0xB5, 0xFE, 0x7E, 0x00, 0x00, 0x00, 0x00, 0xB1, 0xFF,
    0xFF, 0x6F, 0x00, 0x00, 0x00, 0x00, 0xFB, 0xFF, 0xFF, 0x2F, 0x00, 0x00, 0x00, 0x40, 0xFF, 0xAF,
    0x02, 0x02, 0x00, 0x00, 0x00, 0xA0, 0xFF, 0x0C, 0x00, 0x00, 0x00, 0x00, 0x00, 0xD0, 0xFF, 0x05,
    0x00, 0x00, 0x00, 0x00, 0x00, 0xE0, 0xFF, 0x02, 0x00, 0x00, 0x00, 0x00, 0x00, 0xE0, 0xFF, 0x02,
    0x00, 0x00, 0x00, 0x00, 0x00, 0xC0, 0xFF, 0x04, 0x00, 0x00, 0x00, 0x00, 0x00, 0xB0, 0xFF, 0x06,
    0x00, 0x00, 0x00, 0x00, 0x00, 0xB0, 0xFF, 0x06, 0x00, 0x00, 0x00, 0x00, 0x00, 0xD0, 0xFF, 0x04,
    0x00, 0x00, 0x00, 0x00, 0x00, 0xF2, 0xFF, 0x00, 0x00, 0x00, 0x00, 0x00, 0x00, 0xFB, 0xAF, 0x00,
    0x00, 0x00, 0x00, 0x00, 0x90, 0xFF, 0x2F, 0x00, 0x00, 0x00, 0x00, 0x51, 0xFC, 0xFF, 0x06, 0x00,
    0x00, 0x00, 0xC0, 0xFF, 0xFF, 0x7F, 0x00, 0x00, 0x00, 0x00, 0xF1, 0xFF, 0xBF, 0x03, 0x00, 0x00,
    0x00, 0x00, 0xF5, 0xFF, 0x8F, 0x00, 0x00, 0x00, 0x00, 0x00, 0xF9, 0xFF, 0xFF, 0x08, 0x00, 0x00,
    0x00, 0x00, 0x10, 0xE5, 0xFF, 0x1F, 0x00, 0x00, 0x00, 0x00, 0x00, 0x30, 0xFF, 0x3F, 0x00, 0x00,
    0x00, 0x00, 0x00, 0x00, 0xFF, 0x2F, 0x00, 0x00, 0x00, 0x00, 0x00, 0x00, 0xFF, 0x0F, 0x00, 0x00,
    0x00, 0x00, 0x00, 0x40, 0xFF, 0x09, 0x00, 0x00, 0x00, 0x00, 0x00, 0xC0, 0xFF, 0x01, 0x00, 0x00,
    0x00, 0x00, 0x00, 0xF6, 0x6F, 0x00, 0x00, 0x00, 0x00, 0x00, 0x20, 0xFF, 0x0C, 0x00, 0x00, 0x00,
    0x00, 0x00, 0xD0, 0xFF, 0x03, 0x00, 0x00, 0x00, 0x00, 0x00, 0xF6, 0xCF, 0x00, 0x00, 0x00, 0x00,
    0x00, 0x00, 0xFB, 0x9F, 0x00, 0x00, 0x00, 0x00, 0x00, 0x00, 0xFC, 0xBF, 0x00, 0x00, 0x00, 0x00,
    0x00, 0x00, 0xF9, 0xFF, 0x38, 0x04, 0x00, 0x00, 0x00, 0x00, 0xE1, 0xFF, 0xFF, 0x0A, 0x00, 0x00,
    0x00, 0x00, 0x10, 0xE9, 0xEF, 0x04, 0x00, 0x00, 0x00, 0x00, 0x00, 0x00, 0x00, 0x00, 0x00, 0x20,
    0xDD, 0x00, 0x00, 0x00, 0x00, 0x00, 0x00, 0xA0, 0xFF, 0x01, 0x00, 0x00, 0x00, 0x00, 0x00, 0xF0,
    0xCF, 0x00, 0x00, 0x00, 0x00, 0x00, 0x00, 0xF5, 0x7F, 0x00, 0x00, 0x00, 0x00, 0x00, 0x00, 0xFA,
    0x2F, 0x00, 0x00, 0x00, 0x00, 0x00, 0x00, 0xFE, 0x0D, 0x00, 0x00, 0x00, 0x00, 0x00, 0x40, 0xFF,
    0x09, 0x00, 0x00, 0x00, 0x00, 0x00, 0x80, 0xFF, 0x04, 0x00, 0x00, 0x00, 0x00, 0x00, 0xD0, 0xEF,
    0x00, 0x00, 0x00, 0x00, 0x00, 0x00, 0xF2, 0xAF, 0x00, 0x00, 0x00, 0x00, 0x00, 0x00, 0xF7, 0x5F,
    0x00, 0x00, 0x00, 0x00, 0x00, 0x00, 0xFC, 0x0F, 0x00, 0x00, 0x00, 0x00, 0x00, 0x10, 0xFF, 0x0B,
    0x00, 0x00, 0x00, 0x00, 0x00, 0x60, 0xFF, 0x06, 0x00, 0x00, 0x00, 0x00, 0x00, 0xB0, 0xFF, 0x01,
    0x00, 0x00, 0x00, 0x00, 0x00, 0xF0, 0xCF, 0x00, 0x00, 0x00, 0x00, 0x00, 0x00, 0xF5, 0x7F, 0x00,
    0x00, 0x00, 0x00, 0x00, 0x00, 0xFA, 0x2F, 0x00, 0x00, 0x00, 0x00, 0x00, 0x00, 0xFF, 0x0D, 0x00,
    0x00, 0x00, 0x00, 0x00, 0x40, 0xFF, 0x08, 0x00, 0x00, 0x00, 0x00, 0x00, 0x90, 0xFF, 0x03, 0x00,
    0x00, 0x00, 0x00, 0x00, 0xE0, 0xEF, 0x00, 0x00, 0x00, 0x00, 0x00, 0x00, 0xF3, 0x9F, 0x00, 0x00,
    0x00, 0x00, 0x00, 0x00, 0xF8, 0x4F, 0x00, 0x00, 0x00, 0x00, 0x00, 0x00, 0xFD, 0x0F, 0x00, 0x00,
    0x00, 0x00, 0x00, 0x20, 0xFF, 0x0A, 0x00, 0x00, 0x00, 0x00, 0x00, 0x70, 0xFF, 0x05, 0x00, 0x00,
    0x00, 0x00, 0x00, 0xC0, 0xFF, 0x00, 0x00, 0x00, 0x00, 0x00, 0x00, 0xF1, 0xBF, 0x00, 0x00, 0x00,
    0x00, 0x00, 0x00, 0xF6, 0x6F, 0x00, 0x00, 0x00, 0x00, 0x00, 0x00, 0xFA, 0x1F, 0x00, 0x00, 0x00,
    0x00, 0x00, 0x00, 0xFF, 0x0C, 0x00, 0x00, 0x00, 0x00, 0x00, 0x40, 0xFF, 0x07, 0x00, 0x00, 0x00,
    0x00, 0x00, 0x90, 0xFF, 0x02, 0x00, 0x00, 0x00, 0x00, 0x00, 0xE0, 0xDF, 0x00, 0x00, 0x00, 0x00,
    0x00, 0x00, 0xF1, 0x6F, 0x00, 0x00, 0x00, 0x00, 0x00, 0x00, 0x50, 0x04, 0x00, 0x00, 0x00, 0x00,
    0x00, 0x00, 0x00, 0x00, 0x00, 0x00, 0x00, 0x20, 0x01, 0x00, 0x00, 0x00, 0x00, 0x00, 0x00, 0x00,
    0xFE, 0xEF, 0x07, 0x00, 0x00, 0x00, 0x00, 0x00, 0x30, 0xFF, 0xFF, 0x9F, 0x00, 0x00, 0x00, 0x00,
    0x00, 0x10, 0x21, 0xFC, 0xFF, 0x01, 0x00, 0x00, 0x00, 0x00, 0x00, 0x00, 0xF3, 0xFF, 0x03, 0x00,
    0x00, 0x00, 0x00, 0x00, 0x00, 0xF1, 0xFF, 0x01, 0x00, 0x00, 0x00, 0x00, 0x00, 0x00, 0xF5, 0xCF,
    0x00, 0x00, 0x00, 0x00, 0x00, 0x00, 0x00, 0xFC, 0x4F, 0x00, 0x00, 0x00, 0x00, 0x00, 0x00, 0x60,
    0xFF, 0x08, 0x00, 0x00, 0x00, 0x00, 0x00, 0x00, 0xE1, 0xCF, 0x00, 0x00, 0x00, 0x00, 0x00, 0x00,
    0x00, 0xF9, 0x3F, 0x00, 0x00, 0x00, 0x00, 0x00, 0x00, 0x20, 0xFF, 0x0C, 0x00, 0x00, 0x00, 0x00,
    0x00, 0x00, 0x80, 0xFF, 0x08, 0x00, 0x00, 0x00, 0x00, 0x00, 0x00, 0xB0, 0xFF, 0x07, 0x00, 0x00,
    0x00, 0x00, 0x00, 0x00, 0xC0, 0xFF, 0x0B, 0x00, 0x00, 0x00, 0x00, 0x00, 0x00, 0x90, 0xFF, 0x9F,
    0x02, 0x00, 0x00, 0x00, 0x00, 0x00, 0x20, 0xFF, 0xFF, 0xFF, 0x00, 0x00, 0x00, 0x00, 0x00, 0x00,
    0xD4, 0xFF, 0xCF, 0x00, 0x00, 0x00, 0x00, 0x00, 0x00, 0xE7, 0xFF, 0x8F, 0x00, 0x00, 0x00, 0x00,
    0x00, 0xE3, 0xFF, 0xFF, 0x4F, 0x00, 0x00, 0x00, 0x00, 0x20, 0xFE, 0xEF, 0x38, 0x00, 0x00, 0x00,
    0x00, 0x00, 0xC0, 0xFF, 0x1D, 0x00, 0x00, 0x00, 0x00, 0x00, 0x00, 0xF5, 0xFF, 0x01, 0x00, 0x00,
    0x00, 0x00, 0x00, 0x00, 0xFA, 0x8F, 0x00, 0x00, 0x00, 0x00, 0x00, 0x00, 0x00, 0xFD, 0x3F, 0x00,
    0x00, 0x00, 0x00, 0x00, 0x00, 0x00, 0xFE, 0x2F, 0x00, 0x00, 0x00, 0x00, 0x00, 0x00, 0x00, 0xFE,
    0x3F, 0x00, 0x00, 0x00, 0x00, 0x00, 0x00, 0x00, 0xFC, 0x5F, 0x00, 0x00, 0x00, 0x00, 0x00, 0x00,
    0x00, 0xFB, 0x6F, 0x00, 0x00, 0x00, 0x00, 0x00, 0x00, 0x00, 0xFD, 0x5F, 0x00, 0x00, 0x00, 0x00,
    0x00, 0x00, 0x40, 0xFF, 0x3F, 0x00, 0x00, 0x00, 0x00, 0x00, 0x10, 0xE6, 0xFF, 0x0D, 0x00, 0x00,
    0x00, 0x00, 0xB0, 0xFF, 0xFF, 0xFF, 0x05, 0x00, 0x00, 0x00, 0x00, 0xE0, 0xFF, 0xFF, 0x6F, 0x00,
    0x00, 0x00, 0x00, 0x00, 0xE1, 0xFF, 0x9D, 0x02, 0x00, 0x00, 0x00, 0x00, 0x00, 0x00, 0x50, 0xFC,
    0xBE, 0x16, 0x00, 0x00, 0x30, 0x19, 0x00, 0xF9, 0xFF, 0xFF, 0xFF, 0x4A, 0x00, 0xF3, 0x2F, 0x70,
    0xFF, 0xFF, 0xFF, 0xFF, 0xFF, 0xDF, 0xFF, 0x0E, 0xF2, 0xFF, 0xFF, 0xFF, 0xFF, 0xFF, 0xFF, 0xFF,
    0x07, 0xF8, 0xFF, 0xFF, 0xFF, 0xFF, 0xFF, 0xFF, 0xBF, 0x00, 0xFB, 0x2B, 0x40, 0xFA, 0xFF, 0xFF,
    0xFF, 0x0A, 0x00, 0x65, 0x00, 0x00, 0x10, 0xD8, 0xEF, 0x4B, 0x00, 0x00,
};
const GFXglyph Genty20Glyphs[] = {
    { 0, 0, 15, 0, 0, 0, 0 }, //  
    { 16, 31, 12, 1, 31, 248, 0 }, // !
    { 14, 11, 14, 4, 30, 77, 248 }, // "
    { 23, 32, 24, 3, 32, 384, 325 }, // #
    { 19, 34, 16, 1, 33, 340, 709 }, // $
    { 27, 31, 28, 1, 31, 434, 1049 }, // %
    { 30, 31, 29, 0, 31, 465, 1483 }, // &
    { 7, 11, 9, 5, 30, 44, 1948 }, // '
    { 14, 35, 12, 4, 30, 245, 1992 }, // (
    { 15, 35, 12, -4, 30, 280, 2237 }, // )
    { 13, 14, 15, 3, 30, 98, 2517 }, // *
    { 16, 17, 15, 1, 22, 136, 2615 }, // +
    { 10, 13, 10, -1, 7, 65, 2751 }, // ,
    { 16, 5, 17, 0, 16, 40, 2816 }, // -
    { 8, 7, 10, 1, 7, 28, 2856 }, // .
    { 20, 35, 11, -4, 30, 350, 2884 }, // /
    { 22, 31, 22, 2, 31, 341, 3234 }, // 0
    { 16, 31, 13, 1, 31, 248, 3575 }, // 1
    { 25, 31, 21, -2, 31, 403, 3823 }, // 2
    { 24, 31, 21, 0, 31, 372, 4226 }, // 3
    { 23, 32, 23, 2, 32, 384, 4598 }, // 4
    { 26, 32, 21, 0, 32, 416, 4982 }, // 5
    { 22, 31, 22, 2, 31, 341, 5398 }, // 6
    { 23, 31, 18, 2, 31, 372, 5739 }, // 7
    { 23, 31, 21, 1, 31, 372, 6111 }, // 8
    { 23, 31, 22, 1, 31, 372, 6483 }, // 9
    { 12, 21, 12, 1, 21, 126, 6855 }, // :
    { 14, 27, 12, -1, 21, 189, 6981 }, // ;
    { 20, 16, 19, 1, 22, 160, 7170 }, // <
    { 20, 13, 18, 1, 20, 130, 7330 }, // =
    { 20, 16, 19, 1, 21, 160, 7460 }, // >
    { 18, 31, 17, 3, 31, 279, 7620 }, // ?
    { 28, 29, 27, 0, 29, 406, 7899 }, // @
    { 42, 33, 36, -2, 31, 693, 8305 }, // A
    { 39, 32, 33, -3, 31, 640, 8998 }, // B
    { 26, 31, 23, 1, 31, 403, 9638 }, // C
    { 36, 32, 34, -2, 31, 576, 10041 }, // D
    { 25, 31, 22, 0, 31, 403, 10617 }, // E
    { 38, 35, 28, -3, 33, 665, 11020 }, // F
    { 36, 35, 23, -9, 31, 630, 11685 }, // G
    { 43, 33, 36, -3, 31, 726, 12315 }, // H
    { 22, 31, 18, -1, 31, 341, 13041 }, // I
    { 28, 33, 22, -3, 31, 462, 13382 }, // J
    { 43, 33, 34, -3, 31, 726, 13844 }, // K
    { 35, 31, 25, -6, 31, 558, 14570 }, // L
    { 49, 33, 43, -2, 31, 825, 15128 }, // M
    { 50, 33, 34, -3, 31, 825, 15953 }, // N
    { 24, 31, 22, 0, 31, 372, 16778 }, // O
    { 37, 33, 32, -3, 31, 627, 17150 }, // P
    { 27, 39, 23, 0, 31, 546, 17777 }, // Q
    { 39, 33, 34, -2, 31, 660, 18323 }, // R
    { 26, 34, 22, -1, 31, 442, 18983 }, // S
    { 40, 34, 22, -3, 32, 680, 19425 }, // T
    { 37, 31, 24, -10, 31, 589, 20105 }, // U
    { 42, 32, 20, -8, 32, 672, 20694 }, // V
    { 54, 32, 32, -8, 32, 864, 21366 }, // W
    { 39, 33, 31, -3, 31, 660, 22230 }, // X
    { 36, 40, 32, 0, 31, 720, 22890 }, // Y
    { 30, 31, 25, -1, 31, 465, 23610 }, // Z
    { 20, 34, 12, -1, 29, 340, 24075 }, // [
    { 9, 35, 11, 1, 30, 175, 24415 }, // <backslash>
    { 20, 34, 10, -4, 29, 340, 24590 }, // ]
    { 16, 16, 25, 3, 30, 128, 24930 }, // ^
    { 19, 4, 19, -1, 0, 40, 25058 }, // _
    { 10, 7, 13, 3, 31, 35, 25098 }, // `
    { 25, 21, 21, 0, 21, 273, 25133 }, // a
    { 23, 30, 19, 0, 30, 360, 25406 }, // b
    { 21, 21, 18, 0, 21, 231, 25766 }, // c
    { 25, 30, 21, 0, 30, 390, 25997 }, // d
    { 21, 21, 18, 0, 21, 231, 26387 }, // e
    { 20, 32, 11, -1, 32, 320, 26618 }, // f
    { 29, 32, 21, -4, 21, 480, 26938 }, // g
    { 25, 30, 21, -1, 30, 390, 27418 }, // h
    { 15, 30, 10, -1, 30, 240, 27808 }, // i
    { 28, 41, 11, -14, 30, 574, 28048 }, // j
    { 25, 30, 21, -1, 30, 390, 28622 }, // k
    { 15, 30, 11, -1, 30, 240, 29012 }, // l
    { 36, 21, 32, -1, 21, 378, 29252 }, // m
    { 25, 21, 21, -1, 21, 273, 29630 }, // n
    { 23, 21, 20, 0, 21, 252, 29903 }, // o
    { 29, 30, 20, -5, 21, 450, 30155 }, // p
    { 21, 29, 19, 0, 21, 319, 30605 }, // q
    { 20, 23, 16, 0, 23, 230, 30924 }, // r
    { 21, 22, 16, -1, 22, 242, 31154 }, // s
    { 16, 27, 12, -1, 27, 216, 31396 }, // t
    { 24, 21, 21, 0, 21, 252, 31612 }, // u
    { 22, 21, 19, 0, 21, 231, 31864 }, // v
    { 32, 21, 28, 0, 21, 336, 32095 }, // w
    { 25, 21, 21, 0, 21, 273, 32431 }, // x
    { 28, 32, 21, -4, 21, 448, 32704 }, // y
    { 22, 22, 19, 0, 22, 242, 33152 }, // z
    { 16, 35, 14, 3, 30, 280, 33394 }, // {
    { 15, 37, 11, 0, 31, 296, 33674 }, // |
    { 17, 35, 13, -3, 30, 315, 33970 }, // }
    { 18, 7, 20, 3, 18, 63, 34285 }, // ~
};
const UnicodeInterval Genty20Intervals[] = {
    { 0x20, 0x7E, 0x0 },
};
const GFXfont Genty20 = {
    (uint8_t*)Genty20Bitmaps,
    (GFXglyph*)Genty20Glyphs,
    (UnicodeInterval*)Genty20Intervals,
    1,
    0,
    60,
    39,
    -22,
};
