#pragma once
#include "epd_driver.h"
const uint8_t Genty16Bitmaps[22290] = {
    0x00, 0x00, 0x00, 0x00, 0xE5, 0x4E, 0x00, 0x00, 0x00, 0x40, 0xFF, 0xBF, 0x00, 0x00, 0x00, 0xD0,
    0xFF, 0xCF, 0x00, 0x00, 0x00, 0xF5, 0xFF, 0xAF, 0x00, 0x00, 0x00, 0xFC, 0xFF, 0x6F, 0x00, 0x00,
    0x20, 0xFF, 0xFF, 0x1F, 0x00, 0x00, 0x70, 0xFF, 0xFF, 0x0B, 0x00, 0x00, 0xC0, 0xFF, 0xFF, 0x05,
    0x00, 0x00, 0xF0, 0xFF, 0xEF, 0x00, 0x00, 0x00, 0xF4, 0xFF, 0x8F, 0x00, 0x00, 0x00, 0xF7, 0xFF,
    0x1F, 0x00, 0x00, 0x00, 0xFA, 0xFF, 0x09, 0x00, 0x00, 0x00, 0xFC, 0xFF, 0x01, 0x00, 0x00, 0x00,
    0xFE, 0x8F, 0x00, 0x00, 0x00, 0x00, 0xFF, 0x0E, 0x00, 0x00, 0x00, 0x00, 0xFE, 0x04, 0x00, 0x00,
    0x00, 0x00, 0x45, 0x00, 0x00, 0x00, 0x00, 0x00, 0x00, 0x00, 0x00, 0x00, 0x00, 0x00, 0x00, 0x00,
    0x00, 0x00, 0x80, 0xDE, 0x05, 0x00, 0x00, 0x00, 0xF8, 0xFF, 0x3F, 0x00, 0x00, 0x00, 0xFD, 0xFF,
    0x9F, 0x00, 0x00, 0x00, 0xFD, 0xFF, 0x9F, 0x00, 0x00, 0x00, 0xF7, 0xFF, 0x3F, 0x00, 0x00, 0x00,
    0x80, 0xDE, 0x05, 0x00, 0x00, 0x00, 0x00, 0x50, 0x07, 0x00, 0x61, 0x05, 0x00, 0xF9, 0x7F, 0x00,
    0xFD, 0x2F, 0x40, 0xFF, 0x6F, 0x80, 0xFF, 0x1F, 0xB0, 0xFF, 0x2F, 0xF0, 0xFF, 0x0D, 0xF0, 0xFF,
    0x0A, 0xF4, 0xFF, 0x06, 0xF2, 0xFF, 0x02, 0xF7, 0xDF, 0x00, 0xF4, 0x8F, 0x00, 0xF9, 0x4F, 0x00,
    0xF4, 0x0D, 0x00, 0xF9, 0x08, 0x00, 0xD2, 0x01, 0x00, 0xA6, 0x00, 0x00, 0x00, 0x00, 0x00, 0x00,
    0x00, 0x80, 0x00, 0x00, 0x80, 0x00, 0x00, 0x00, 0x00, 0x00, 0x00, 0x87, 0x00, 0x00, 0x87, 0x00,
    0x00, 0x00, 0x00, 0x00, 0x00, 0x2E, 0x00, 0x00, 0x3E, 0x00, 0x00, 0x00, 0x00, 0x00, 0x60, 0x0D,
    0x00, 0x60, 0x0E, 0x00, 0x00, 0x00, 0x00, 0x00, 0xE0, 0x08, 0x00, 0xD0, 0x09, 0x00, 0x00, 0x00,
    0x00, 0x00, 0xF6, 0x02, 0x00, 0xF4, 0x04, 0x00, 0x00, 0x00, 0x00, 0x00, 0xDD, 0x00, 0x00, 0xFC,
    0x00, 0x00, 0x00, 0x00, 0x00, 0x50, 0x8F, 0x00, 0x30, 0xAF, 0x00, 0x00, 0x00, 0x00, 0xFE, 0xFF,
    0xFF, 0xFF, 0xFF, 0xFF, 0xFF, 0x08, 0x00, 0x00, 0x00, 0xF6, 0x0D, 0x00, 0xF3, 0x1F, 0x00, 0x00,
    0x00, 0x00, 0x00, 0xFE, 0x07, 0x00, 0xFB, 0x0A, 0x00, 0x00, 0x00, 0x00, 0x70, 0xFF, 0x01, 0x30,
    0xFF, 0x05, 0x00, 0x00, 0x00, 0x00, 0xE1, 0xBF, 0x00, 0xB0, 0xEF, 0x00, 0x00, 0x00, 0x00, 0x00,
    0xF8, 0x5F, 0x00, 0xF3, 0x9F, 0x00, 0x00, 0x00, 0x20, 0xEE, 0xFF, 0xEF, 0xEE, 0xFF, 0xFF, 0xEE,
    0x03, 0x00, 0x00, 0x91, 0xFF, 0x1A, 0x31, 0xFF, 0x1E, 0x11, 0x00, 0x00, 0x00, 0xE0, 0xFF, 0x04,
    0x80, 0xFF, 0x09, 0x00, 0x00, 0x00, 0x00, 0xF6, 0xEF, 0x00, 0xE0, 0xFF, 0x04, 0x00, 0x00, 0x00,
    0x00, 0xFC, 0x8F, 0x00, 0xF4, 0xFF, 0x00, 0x00, 0x00, 0x00, 0x30, 0xFF, 0x2F, 0x00, 0xFA, 0xAF,
    0x00, 0x00, 0x00, 0x00, 0x90, 0xFF, 0x0C, 0x00, 0xFF, 0x4F, 0x00, 0x00, 0x00, 0x00, 0xE0, 0xFF,
    0x06, 0x40, 0xFF, 0x0E, 0x00, 0x00, 0x00, 0x00, 0xF3, 0xEF, 0x00, 0x80, 0xFF, 0x07, 0x00, 0x00,
    0x00, 0x00, 0xF6, 0x6F, 0x00, 0xB0, 0xEF, 0x01, 0x00, 0x00, 0x00, 0x00, 0xF4, 0x09, 0x00, 0x80,
    0x4E, 0x00, 0x00, 0x00, 0x00, 0x00, 0x00, 0x00, 0x00, 0x00, 0x00, 0x00, 0x36, 0x00, 0x00, 0x00,
    0x00, 0x00, 0x00, 0x60, 0xEF, 0x00, 0x00, 0x00, 0x00, 0x00, 0x00, 0xE0, 0x9F, 0x00, 0x00, 0x00,
    0x00, 0x00, 0x00, 0xF3, 0x1E, 0x00, 0x00, 0x00, 0x00, 0x00, 0xB7, 0xFE, 0x09, 0x00, 0x00, 0x00,
    0x00, 0xD1, 0xFF, 0xFF, 0xAF, 0x00, 0x00, 0x00, 0x00, 0xFA, 0xFF, 0xFF, 0xFF, 0x03, 0x00, 0x00,
    0x10, 0xFF, 0xFF, 0xFF, 0xFF, 0x06, 0x00, 0x00, 0x30, 0xFF, 0x6F, 0xA0, 0xFF, 0x04, 0x00, 0x00,
    0x20, 0xFF, 0x0F, 0x70, 0xCF, 0x00, 0x00, 0x00, 0x00, 0xFF, 0x0F, 0xB0, 0x1D, 0x00, 0x00, 0x00,
    0x00, 0xF9, 0x6F, 0x00, 0x00, 0x00, 0x00, 0x00, 0x00, 0xF2, 0xEF, 0x00, 0x00, 0x00, 0x10, 0xFA,
    0x0F, 0x90, 0xFF, 0x08, 0x00, 0x00, 0xC0, 0xFF, 0x08, 0x20, 0xFF, 0x2F, 0x00, 0x00, 0xF5, 0xFF,
    0x03, 0x00, 0xFD, 0x9F, 0x00, 0x00, 0xFA, 0xFF, 0x05, 0x00, 0xFE, 0xDF, 0x00, 0x00, 0xFC, 0xFF,
    0x2D, 0x80, 0xFF, 0xFF, 0x00, 0x00, 0xFD, 0xFF, 0xFF, 0xFF, 0xFF, 0xDF, 0x00, 0x00, 0xFB, 0xFF,
    0xFF, 0xFF, 0xFF, 0xAF, 0x00, 0x00, 0xF7, 0xFF, 0xFF, 0xFF, 0xFF, 0x4F, 0x00, 0x00, 0xE1, 0xFF,
    0xFF, 0xFF, 0xFF, 0x0B, 0x00, 0x00, 0x40, 0xFF, 0xFF, 0xFF, 0xBF, 0x01, 0x00, 0x00, 0x00, 0xF4,
    0xFE, 0xBE, 0x05, 0x00, 0x00, 0x00, 0x00, 0xFD, 0x01, 0x00, 0x00, 0x00, 0x00, 0x00, 0x80, 0xEF,
    0x00, 0x00, 0x00, 0x00, 0x00, 0x00, 0xF0, 0x8F, 0x00, 0x00, 0x00, 0x00, 0x00, 0x00, 0xB0, 0x1D,
    0x00, 0x00, 0x00, 0x00, 0x00, 0x00, 0x00, 0x00, 0x00, 0xE8, 0xBF, 0x01, 0x00, 0x00, 0x00, 0x00,
    0x02, 0x00, 0x00, 0xC0, 0xFF, 0xFF, 0x0A, 0x00, 0x00, 0x00, 0x50, 0x0B, 0x00, 0x00, 0xFA, 0xFF,
    0xFF, 0x0F, 0x00, 0x00, 0x00, 0xD4, 0x01, 0x00, 0x40, 0xFF, 0xEF, 0xFF, 0x2F, 0x00, 0x00, 0x40,
    0x3F, 0x00, 0x00, 0xC0, 0xBF, 0x01, 0xF6, 0x3F, 0x00, 0x00, 0xF3, 0x06, 0x00, 0x00, 0xF1, 0x1F,
    0x00, 0xF0, 0x1F, 0x00, 0x30, 0x9F, 0x00, 0x00, 0x00, 0xF6, 0x0B, 0x00, 0xF1, 0x0E, 0x00, 0xE2,
    0x0C, 0x00, 0x00, 0x00, 0xF8, 0x0A, 0x00, 0xF6, 0x0A, 0x20, 0xEE, 0x02, 0x00, 0x00, 0x00, 0xFA,
    0x2F, 0x30, 0xFE, 0x04, 0xD1, 0x4F, 0x00, 0x00, 0x00, 0x00, 0xF9, 0xFF, 0xFE, 0xCF, 0x10, 0xFD,
    0x07, 0x00, 0x00, 0x00, 0x00, 0xF6, 0xFF, 0xFF, 0x3F, 0xC0, 0xBF, 0x00, 0x00, 0x00, 0x00, 0x00,
    0xF1, 0xFF, 0xFF, 0x05, 0xFB, 0x1D, 0x00, 0x00, 0x00, 0x00, 0x00, 0x40, 0xFD, 0x4C, 0xA0, 0xFF,
    0x03, 0xD6, 0xCF, 0x02, 0x00, 0x00, 0x00, 0x00, 0x00, 0xF9, 0x6F, 0xA0, 0xFF, 0xFF, 0x0D, 0x00,
    0x00, 0x00, 0x00, 0x70, 0xFF, 0x09, 0xF7, 0xFF, 0xFF, 0x2F, 0x00, 0x00, 0x00, 0x00, 0xF6, 0xCF,
    0x20, 0xFF, 0xDF, 0xFF, 0x5F, 0x00, 0x00, 0x00, 0x40, 0xFF, 0x1E, 0x90, 0xDF, 0x02, 0xF4, 0x5F,
    0x00, 0x00, 0x00, 0xF2, 0xFF, 0x03, 0xE0, 0x3F, 0x00, 0xE0, 0x4F, 0x00, 0x00, 0x10, 0xFE, 0x6F,
    0x00, 0xF3, 0x0E, 0x00, 0xF0, 0x1F, 0x00, 0x00, 0xC0, 0xFF, 0x09, 0x00, 0xF6, 0x0D, 0x00, 0xF3,
    0x0C, 0x00, 0x00, 0xF9, 0xBF, 0x00, 0x00, 0xF7, 0x4F, 0x20, 0xFD, 0x06, 0x00, 0x50, 0xFF, 0x1D,
    0x00, 0x00, 0xF6, 0xFF, 0xFE, 0xEF, 0x00, 0x00, 0xF1, 0xEF, 0x01, 0x00, 0x00, 0xF4, 0xFF, 0xFF,
    0x5F, 0x00, 0x00, 0xFA, 0x2E, 0x00, 0x00, 0x00, 0xD0, 0xFF, 0xFF, 0x08, 0x00, 0x00, 0xBC, 0x01,
    0x00, 0x00, 0x00, 0x30, 0xFC, 0x5D, 0x00, 0x00, 0x00, 0x00, 0x00, 0x00, 0x00, 0x00, 0xC6, 0xFF,
    0x6D, 0x00, 0x00, 0x00, 0x00, 0x00, 0x00, 0x00, 0x00, 0xA0, 0xFF, 0xFF, 0xFF, 0x08, 0x00, 0x00,
    0x00, 0x00, 0x00, 0x00, 0x00, 0xF6, 0xFF, 0xFF, 0xFF, 0x0F, 0x00, 0x00, 0x00, 0x00, 0x00, 0x00,
    0x00, 0xFE, 0xEF, 0xFF, 0xFF, 0x2F, 0x00, 0x00, 0x00, 0x00, 0x00, 0x00, 0x30, 0xEF, 0x02, 0xFD,
    0xFF, 0x0F, 0x00, 0x00, 0x00, 0x00, 0x00, 0x00, 0x60, 0x8F, 0x00, 0xFE, 0xFF, 0x0A, 0x00, 0x00,
    0x00, 0x00, 0x00, 0x00, 0x80, 0x5F, 0x80, 0xFF, 0xDF, 0x01, 0x00, 0x00, 0x00, 0x00, 0x00, 0x00,
    0x90, 0x8F, 0xFC, 0xFF, 0x1B, 0x00, 0x00, 0x00, 0x00, 0x00, 0x00, 0x10, 0xD6, 0xFF, 0xFF, 0x5C,
    0x00, 0x00, 0x00, 0x00, 0x00, 0x00, 0x00, 0xF6, 0xFF, 0xBF, 0x15, 0x00, 0xC8, 0x5B, 0x00, 0x00,
    0x00, 0x00, 0xA0, 0xFF, 0x7B, 0x9F, 0x00, 0xB0, 0xFF, 0xFF, 0x7E, 0x22, 0x7C, 0x00, 0xF9, 0xCF,
    0x30, 0xCF, 0x00, 0xF5, 0xFF, 0xFF, 0xFF, 0xFF, 0x7F, 0x40, 0xFF, 0x5F, 0x00, 0xFF, 0x02, 0xFB,
    0xFF, 0xFF, 0xFF, 0xFF, 0x2F, 0xD0, 0xFF, 0x2F, 0x00, 0xFC, 0x07, 0xAD, 0x51, 0xFF, 0xFF, 0xFF,
    0x06, 0xF2, 0xFF, 0x2F, 0x00, 0xF7, 0x0E, 0x03, 0xB0, 0xBF, 0xC9, 0x4B, 0x00, 0xF6, 0xFF, 0x5F,
    0x00, 0xF1, 0x8F, 0x00, 0xFA, 0x4F, 0x00, 0x00, 0x00, 0xF8, 0xFF, 0xDF, 0x00, 0xA0, 0xFF, 0xB5,
    0xFF, 0x0E, 0x00, 0x20, 0x00, 0xF9, 0xFF, 0xFF, 0x3B, 0x40, 0xFF, 0xFF, 0xFF, 0x08, 0x00, 0xF7,
    0x06, 0xF8, 0xFF, 0xFF, 0xFF, 0xFF, 0xFF, 0xFF, 0xFF, 0x01, 0x00, 0xFD, 0x1F, 0xF5, 0xFF, 0xFF,
    0xFF, 0xFF, 0xFF, 0xFF, 0xCF, 0x03, 0x91, 0xFF, 0x4F, 0xF0, 0xFF, 0xFF, 0xFF, 0xFF, 0xFF, 0xFF,
    0xFF, 0xFF, 0xFF, 0xFF, 0x5F, 0x80, 0xFF, 0xFF, 0xFF, 0xFF, 0xFF, 0xFF, 0xFF, 0xFF, 0xFF, 0xFF,
    0x2F, 0x00, 0xFC, 0xFF, 0xFF, 0xFF, 0xFF, 0xFF, 0xFF, 0xFF, 0xFF, 0xFF, 0x0C, 0x00, 0xB1, 0xFF,
    0xFF, 0xFF, 0xFF, 0x16, 0xFA, 0xFF, 0xFF, 0xFF, 0x03, 0x00, 0x00, 0xB4, 0xFD, 0xCE, 0x17, 0x00,
    0x30, 0xEA, 0xEF, 0x3B, 0x00, 0x00, 0x73, 0x03, 0x40, 0xFF, 0x0C, 0xE0, 0xFF, 0x0B, 0xF5, 0xFF,
    0x07, 0xFA, 0xFF, 0x01, 0xFD, 0x7F, 0x00, 0xFF, 0x0D, 0x00, 0xFF, 0x03, 0x00, 0x5C, 0x00, 0x00,
    0x00, 0x00, 0x00, 0x00, 0x00, 0x04, 0x00, 0x00, 0x00, 0x00, 0x90, 0x1D, 0x00, 0x00, 0x00, 0x20,
    0xCD, 0x00, 0x00, 0x00, 0x00, 0xE2, 0x1D, 0x00, 0x00, 0x00, 0x10, 0xFE, 0x02, 0x00, 0x00, 0x00,
    0xC0, 0x6F, 0x00, 0x00, 0x00, 0x00, 0xF9, 0x0C, 0x00, 0x00, 0x00, 0x30, 0xFF, 0x04, 0x00, 0x00,
    0x00, 0xD0, 0xCF, 0x00, 0x00, 0x00, 0x00, 0xF5, 0x4F, 0x00, 0x00, 0x00, 0x00, 0xFD, 0x0D, 0x00,
    0x00, 0x00, 0x30, 0xFF, 0x08, 0x00, 0x00, 0x00, 0x90, 0xFF, 0x02, 0x00, 0x00, 0x00, 0xE0, 0xDF,
    0x00, 0x00, 0x00, 0x00, 0xF2, 0x9F, 0x00, 0x00, 0x00, 0x00, 0xF6, 0x5F, 0x00, 0x00, 0x00, 0x00,
    0xF8, 0x2F, 0x00, 0x00, 0x00, 0x00, 0xFA, 0x0F, 0x00, 0x00, 0x00, 0x00, 0xFC, 0x0E, 0x00, 0x00,
    0x00, 0x00, 0xFC, 0x0D, 0x00, 0x00, 0x00, 0x00, 0xFB, 0x0C, 0x00, 0x00, 0x00, 0x00, 0xFA, 0x0C,
    0x00, 0x00, 0x00, 0x00, 0xF6, 0x0D, 0x00, 0x00, 0x00, 0x00, 0xF2, 0x0E, 0x00, 0x00, 0x00, 0x00,
    0xC0, 0x1F, 0x00, 0x00, 0x00, 0x00, 0x40, 0x4F, 0x00, 0x00, 0x00, 0x00, 0x00, 0x9A, 0x00, 0x00,
    0x00, 0x00, 0x00, 0x70, 0x00, 0x00, 0x00, 0x00, 0x00, 0x00, 0x00, 0x10, 0x02, 0x00, 0x00, 0x00,
    0x00, 0x30, 0x0D, 0x00, 0x00, 0x00, 0x00, 0x00, 0x9E, 0x00, 0x00, 0x00, 0x00, 0x00, 0xFA, 0x01,
    0x00, 0x00, 0x00, 0x00, 0xF8, 0x08, 0x00, 0x00, 0x00, 0x00, 0xF6, 0x0C, 0x00, 0x00, 0x00, 0x00,
    0xF5, 0x0F, 0x00, 0x00, 0x00, 0x00, 0xF4, 0x2F, 0x00, 0x00, 0x00, 0x00, 0xF5, 0x3F, 0x00, 0x00,
    0x00, 0x00, 0xF6, 0x3F, 0x00, 0x00, 0x00, 0x00, 0xF8, 0x2F, 0x00, 0x00, 0x00, 0x00, 0xFA, 0x1F,
    0x00, 0x00, 0x00, 0x00, 0xFD, 0x0E, 0x00, 0x00, 0x00, 0x00, 0xFF, 0x0B, 0x00, 0x00, 0x00, 0x40,
    0xFF, 0x07, 0x00, 0x00, 0x00, 0x90, 0xFF, 0x02, 0x00, 0x00, 0x00, 0xE0, 0xCF, 0x00, 0x00, 0x00,
    0x00, 0xF4, 0x6F, 0x00, 0x00, 0x00, 0x00, 0xFA, 0x0E, 0x00, 0x00, 0x00, 0x20, 0xFF, 0x07, 0x00,
    0x00, 0x00, 0xA0, 0xDF, 0x00, 0x00, 0x00, 0x00, 0xF2, 0x4F, 0x00, 0x00, 0x00, 0x00, 0xFC, 0x08,
    0x00, 0x00, 0x00, 0x70, 0xBF, 0x00, 0x00, 0x00, 0x00, 0xF3, 0x0C, 0x00, 0x00, 0x00, 0x20, 0xBE,
    0x00, 0x00, 0x00, 0x00, 0xE3, 0x08, 0x00, 0x00, 0x00, 0x00, 0x38, 0x00, 0x00, 0x00, 0x00, 0x00,
    0x00, 0x00, 0x20, 0x05, 0x00, 0x00, 0x00, 0x00, 0xB0, 0x1F, 0x00, 0x00, 0x00, 0x00, 0xE0, 0x1F,
    0x00, 0x00, 0xC0, 0x3C, 0xF0, 0x0E, 0x00, 0x00, 0x90, 0xFF, 0xE3, 0x29, 0xFA, 0x08, 0x00, 0xD5,
    0xEE, 0xFA, 0xFF, 0x05, 0x00, 0x73, 0xFE, 0x8F, 0x04, 0x00, 0xD3, 0xFF, 0xFB, 0xED, 0x07, 0x00,
    0xF6, 0x3B, 0xF8, 0xE2, 0xBF, 0x00, 0x00, 0x00, 0xFC, 0x21, 0xEB, 0x00, 0x00, 0x00, 0xFF, 0x00,
    0x00, 0x00, 0x00, 0x00, 0xAB, 0x00, 0x00, 0x00, 0x00, 0x00, 0x00, 0x30, 0x03, 0x00, 0x00, 0x00,
    0x00, 0x00, 0xF2, 0x0A, 0x00, 0x00, 0x00, 0x00, 0x00, 0xFB, 0x0A, 0x00, 0x00, 0x00, 0x00, 0x30,
    0xFF, 0x09, 0x00, 0x00, 0x00, 0x00, 0xA0, 0xFF, 0x07, 0x00, 0x00, 0x50, 0xCA, 0xFC, 0xFF, 0xCE,
    0x8B, 0x01, 0xF4, 0xFF, 0xFF, 0xFF, 0xFF, 0xFF, 0x06, 0xF9, 0xFF, 0xFF, 0xFF, 0xFF, 0xFF, 0x01,
    0xC3, 0xFF, 0xFF, 0xFF, 0xEF, 0x2A, 0x00, 0x00, 0xB0, 0xFF, 0x2F, 0x00, 0x00, 0x00, 0x00, 0xF1,
    0xFF, 0x0D, 0x00, 0x00, 0x00, 0x00, 0xF5, 0xFF, 0x08, 0x00, 0x00, 0x00, 0x00, 0xF8, 0xFF, 0x02,
    0x00, 0x00, 0x00, 0x00, 0xD3, 0x8E, 0x00, 0x00, 0x00, 0x00, 0x00, 0xA1, 0xDE, 0x04, 0x00, 0xFA,
    0xFF, 0x1F, 0x00, 0xFF, 0xFF, 0x7F, 0x00, 0xFC, 0xFF, 0x8F, 0x00, 0xC2, 0xDF, 0x7F, 0x00, 0x00,
    0xA0, 0x5F, 0x00, 0x10, 0xF8, 0x0F, 0xF4, 0xFF, 0xFF, 0x07, 0xF7, 0xFF, 0xAF, 0x00, 0xB1, 0xDF,
    0x06, 0x00, 0x40, 0xB9, 0xCC, 0xDD, 0xCD, 0x8B, 0x02, 0xF5, 0xFF, 0xFF, 0xFF, 0xFF, 0xFF, 0x0B,
    0xFA, 0xFF, 0xFF, 0xFF, 0xFF, 0xFF, 0x06, 0xB3, 0xED, 0xFF, 0xFF, 0xDE, 0x5B, 0x00, 0x90, 0xDE,
    0x05, 0xF9, 0xFF, 0x2F, 0xFE, 0xFF, 0x8F, 0xFE, 0xFF, 0x8F, 0xF8, 0xFF, 0x2F, 0x90, 0xDE, 0x05,
    0x00, 0x00, 0x00, 0x00, 0x00, 0x00, 0x00, 0x36, 0x00, 0x00, 0x00, 0x00, 0x00, 0x00, 0x10, 0x0D,
    0x00, 0x00, 0x00, 0x00, 0x00, 0x00, 0x90, 0x07, 0x00, 0x00, 0x00, 0x00, 0x00, 0x00, 0xE3, 0x00,
    0x00, 0x00, 0x00, 0x00, 0x00, 0x00, 0x7C, 0x00, 0x00, 0x00, 0x00, 0x00, 0x00, 0x50, 0x1F, 0x00,
    0x00, 0x00, 0x00, 0x00, 0x00, 0xE0, 0x08, 0x00, 0x00, 0x00, 0x00, 0x00, 0x00, 0xF7, 0x01, 0x00,
    0x00, 0x00, 0x00, 0x00, 0x10, 0x9F, 0x00, 0x00, 0x00, 0x00, 0x00, 0x00, 0xA0, 0x2F, 0x00, 0x00,
    0x00, 0x00, 0x00, 0x00, 0xF3, 0x0A, 0x00, 0x00, 0x00, 0x00, 0x00, 0x00, 0xFB, 0x02, 0x00, 0x00,
    0x00, 0x00, 0x00, 0x40, 0xAF, 0x00, 0x00, 0x00, 0x00, 0x00, 0x00, 0xD0, 0x3F, 0x00, 0x00, 0x00,
    0x00, 0x00, 0x00, 0xF6, 0x0B, 0x00, 0x00, 0x00, 0x00, 0x00, 0x00, 0xFE, 0x04, 0x00, 0x00, 0x00,
    0x00, 0x00, 0x80, 0xCF, 0x00, 0x00, 0x00, 0x00, 0x00, 0x00, 0xF1, 0x4F, 0x00, 0x00, 0x00, 0x00,
    0x00, 0x00, 0xF9, 0x0C, 0x00, 0x00, 0x00, 0x00, 0x00, 0x20, 0xFF, 0x05, 0x00, 0x00, 0x00, 0x00,
    0x00, 0xA0, 0xDF, 0x00, 0x00, 0x00, 0x00, 0x00, 0x00, 0xF2, 0x5F, 0x00, 0x00, 0x00, 0x00, 0x00,
    0x00, 0xFA, 0x0D, 0x00, 0x00, 0x00, 0x00, 0x00, 0x20, 0xFF, 0x04, 0x00, 0x00, 0x00, 0x00, 0x00,
    0x90, 0xCF, 0x00, 0x00, 0x00, 0x00, 0x00, 0x00, 0xF0, 0x3F, 0x00, 0x00, 0x00, 0x00, 0x00, 0x00,
    0xF5, 0x09, 0x00, 0x00, 0x00, 0x00, 0x00, 0x00, 0xC6, 0x00, 0x00, 0x00, 0x00, 0x00, 0x00, 0x00,
    0x00, 0x00, 0x00, 0x00, 0x60, 0xEB, 0xEF, 0x19, 0x00, 0x00, 0x00, 0x00, 0x40, 0xFE, 0xFF, 0xFF,
    0xEF, 0x02, 0x00, 0x00, 0x00, 0xF7, 0xFF, 0xFF, 0xFF, 0xFF, 0x0C, 0x00, 0x00, 0x60, 0xFF, 0xFF,
    0xFF, 0xFF, 0xFF, 0x3F, 0x00, 0x00, 0xF3, 0xFF, 0xFF, 0xFF, 0xFF, 0xFF, 0x9F, 0x00, 0x00, 0xFE,
    0xFF, 0xFF, 0xFF, 0xFF, 0xFF, 0xCF, 0x00, 0x80, 0xFF, 0xFF, 0xFF, 0xFF, 0xFF, 0xFF, 0xEF, 0x00,
    0xF1, 0xFF, 0xFF, 0x3B, 0x40, 0xFE, 0xFF, 0xFF, 0x00, 0xF8, 0xFF, 0xAF, 0x00, 0x00, 0xF6, 0xFF,
    0xFF, 0x00, 0xFE, 0xFF, 0x0E, 0x00, 0x00, 0xF1, 0xFF, 0xEF, 0x40, 0xFF, 0xFF, 0x07, 0x00, 0x00,
    0xF0, 0xFF, 0xCF, 0x90, 0xFF, 0xFF, 0x01, 0x00, 0x00, 0xF1, 0xFF, 0xAF, 0xC0, 0xFF, 0xEF, 0x00,
    0x00, 0x00, 0xF4, 0xFF, 0x6F, 0xF0, 0xFF, 0xDF, 0x00, 0x00, 0x00, 0xF9, 0xFF, 0x2F, 0xF2, 0xFF,
    0xFF, 0x00, 0x00, 0x20, 0xFF, 0xFF, 0x0D, 0xF4, 0xFF, 0xFF, 0x04, 0x00, 0xC0, 0xFF, 0xFF, 0x07,
    0xF4, 0xFF, 0xFF, 0x3D, 0x40, 0xFD, 0xFF, 0xFF, 0x01, 0xF4, 0xFF, 0xFF, 0xFF, 0xFF, 0xFF, 0xFF,
    0x9F, 0x00, 0xF3, 0xFF, 0xFF, 0xFF, 0xFF, 0xFF, 0xFF, 0x1F, 0x00, 0xF1, 0xFF, 0xFF, 0xFF, 0xFF,
    0xFF, 0xFF, 0x07, 0x00, 0xD0, 0xFF, 0xFF, 0xFF, 0xFF, 0xFF, 0xCF, 0x00, 0x00, 0x70, 0xFF, 0xFF,
    0xFF, 0xFF, 0xFF, 0x1E, 0x00, 0x00, 0x00, 0xFE, 0xFF, 0xFF, 0xFF, 0xEF, 0x02, 0x00, 0x00, 0x00,
    0xF3, 0xFF, 0xFF, 0xFF, 0x1B, 0x00, 0x00, 0x00, 0x00, 0x20, 0xE9, 0xEF, 0x5A, 0x00, 0x00, 0x00,
    0x00, 0x00, 0x00, 0x00, 0x00, 0x60, 0xFD, 0x04, 0x00, 0x00, 0x00, 0x10, 0xFB, 0xFF, 0x07, 0x00,
    0x00, 0x00, 0xD2, 0xFF, 0xFF, 0x02, 0x00, 0x00, 0x10, 0xFE, 0xFF, 0xBF, 0x00, 0x00, 0x00, 0xD1,
    0xFF, 0xFF, 0x4F, 0x00, 0x00, 0x00, 0xFB, 0xFF, 0xFF, 0x0D, 0x00, 0x00, 0x50, 0xFF, 0xFF, 0xFF,
    0x06, 0x00, 0x00, 0x90, 0xFF, 0xFF, 0xFF, 0x00, 0x00, 0x00, 0x00, 0xE1, 0xFF, 0xAF, 0x00, 0x00,
    0x00, 0x00, 0xF0, 0xFF, 0x4F, 0x00, 0x00, 0x00, 0x00, 0xF5, 0xFF, 0x0E, 0x00, 0x00, 0x00, 0x00,
    0xFC, 0xFF, 0x0A, 0x00, 0x00, 0x00, 0x30, 0xFF, 0xFF, 0x05, 0x00, 0x00, 0x00, 0xA0, 0xFF, 0xFF,
    0x00, 0x00, 0x00, 0x00, 0xF2, 0xFF, 0xBF, 0x00, 0x00, 0x00, 0x00, 0xFA, 0xFF, 0x7F, 0x00, 0x00,
    0x00, 0x20, 0xFF, 0xFF, 0x3F, 0x00, 0x00, 0x00, 0xA0, 0xFF, 0xFF, 0x0F, 0x00, 0x00, 0x00, 0xF1,
    0xFF, 0xFF, 0x0C, 0x00, 0x00, 0x00, 0xF7, 0xFF, 0xFF, 0x08, 0x00, 0x00, 0x00, 0xFB, 0xFF, 0xFF,
    0x05, 0x00, 0x00, 0x00, 0xFE, 0xFF, 0xFF, 0x01, 0x00, 0x00, 0x00, 0xFF, 0xFF, 0xDF, 0x00, 0x00,
    0x00, 0x00, 0xFC, 0xFF, 0x7F, 0x00, 0x00, 0x00, 0x00, 0xB2, 0xEF, 0x09, 0x00, 0x00, 0x00, 0x00,
    0x00, 0x00, 0x00, 0x00, 0x10, 0xD8, 0xFF, 0x9D, 0x02, 0x00, 0x00, 0x00, 0x00, 0x00, 0xF6, 0xFF,
    0xFF, 0xFF, 0x6F, 0x00, 0x00, 0x00, 0x00, 0x60, 0xFF, 0xFF, 0xFF, 0xFF, 0xFF, 0x04, 0x00, 0x00,
    0x00, 0xF3, 0xFF, 0xFF, 0xFF, 0xFF, 0xFF, 0x0C, 0x00, 0x00, 0x00, 0xFC, 0xFF, 0xFF, 0xFF, 0xFF,
    0xFF, 0x0F, 0x00, 0x00, 0x20, 0xFF, 0xFF, 0xFF, 0xFF, 0xFF, 0xFF, 0x2F, 0x00, 0x00, 0x70, 0xFF,
    0x5E, 0x20, 0xFC, 0xFF, 0xFF, 0x1F, 0x00, 0x00, 0x90, 0xFF, 0x03, 0x00, 0xF4, 0xFF, 0xFF, 0x0E,
    0x00, 0x00, 0x50, 0x9F, 0x00, 0x00, 0xF3, 0xFF, 0xFF, 0x09, 0x00, 0x00, 0x00, 0x01, 0x00, 0x00,
    0xF6, 0xFF, 0xFF, 0x02, 0x00, 0x00, 0x00, 0x00, 0x00, 0x10, 0xFE, 0xFF, 0x6F, 0x00, 0x00, 0x00,
    0x00, 0x00, 0x00, 0xC0, 0xFF, 0xFF, 0x08, 0x00, 0x00, 0x00, 0x00, 0x00, 0x10, 0xFC, 0xFF, 0x7F,
    0x00, 0x00, 0x00, 0x00, 0x00, 0x00, 0xE3, 0xFF, 0xEF, 0x05, 0x00, 0x00, 0x00, 0x00, 0x00, 0x80,
    0xFF, 0xFF, 0x1A, 0x00, 0x00, 0x00, 0x00, 0x00, 0x40, 0xFD, 0xFF, 0x3D, 0x00, 0x00, 0x00, 0x00,
    0x00, 0x10, 0xFA, 0xFF, 0x6E, 0x00, 0x00, 0x10, 0x08, 0x00, 0x00, 0xE3, 0xFF, 0xAF, 0x92, 0xFE,
    0x8D, 0xC4, 0x0F, 0x00, 0x30, 0xFF, 0xFF, 0x5F, 0xFD, 0xFF, 0xFF, 0xFF, 0x0A, 0x00, 0xD0, 0xFF,
    0xFF, 0xFF, 0xFF, 0xFF, 0xFF, 0xFF, 0x05, 0x00, 0xF5, 0xFF, 0xFF, 0xFF, 0xFF, 0xFF, 0xFF, 0xEF,
    0x00, 0x00, 0xFB, 0xFF, 0xFF, 0xFF, 0xFF, 0xFF, 0xFF, 0x7F, 0x00, 0x00, 0xFD, 0xCF, 0xE8, 0xFF,
    0xFF, 0xFF, 0xFF, 0x0D, 0x00, 0x00, 0xFE, 0x4F, 0x00, 0xF9, 0xFF, 0xFF, 0xEF, 0x02, 0x00, 0x00,
    0xF6, 0x0C, 0x00, 0x20, 0xE9, 0xEF, 0x19, 0x00, 0x00, 0x00, 0x00, 0x00, 0x00, 0x00, 0x50, 0xEB,
    0xEF, 0x6B, 0x00, 0x00, 0x00, 0x00, 0x00, 0x20, 0xFC, 0xFF, 0xFF, 0xFF, 0x1C, 0x00, 0x00, 0x00,
    0x00, 0xE2, 0xFF, 0xFF, 0xFF, 0xFF, 0xBF, 0x00, 0x00, 0x00, 0x00, 0xFD, 0xFF, 0xFF, 0xFF, 0xFF,
    0xFF, 0x03, 0x00, 0x00, 0x80, 0xFF, 0xFF, 0xFF, 0xFF, 0xFF, 0xFF, 0x07, 0x00, 0x00, 0xE0, 0xFF,
    0xFF, 0xFF, 0xFF, 0xFF, 0xFF, 0x08, 0x00, 0x00, 0xF1, 0xFF, 0x2A, 0x40, 0xFF, 0xFF, 0xFF, 0x06,
    0x00, 0x00, 0xF2, 0xBF, 0x00, 0x00, 0xF8, 0xFF, 0xFF, 0x02, 0x00, 0x00, 0xF1, 0x3F, 0x00, 0x00,
    0xF7, 0xFF, 0xAF, 0x00, 0x00, 0x00, 0x40, 0x04, 0x00, 0x00, 0xFD, 0xFF, 0x0C, 0x00, 0x00, 0x00,
    0x00, 0x00, 0x10, 0xC5, 0xFF, 0x8F, 0x00, 0x00, 0x00, 0x00, 0x00, 0x50, 0xFF, 0xFF, 0x6D, 0x01,
    0x00, 0x00, 0x00, 0x00, 0x00, 0xB0, 0xFF, 0xFF, 0x1A, 0x00, 0x00, 0x00, 0x00, 0x00, 0x00, 0x40,
    0xFC, 0xFF, 0xFF, 0x06, 0x00, 0x00, 0x00, 0x70, 0x3A, 0x00, 0x00, 0xF9, 0xFF, 0x3F, 0x00, 0x00,
    0x00, 0xFC, 0x5F, 0x00, 0x00, 0xF1, 0xFF, 0xAF, 0x00, 0x00, 0x80, 0xFF, 0x5F, 0x00, 0x00, 0xF5,
    0xFF, 0xDF, 0x00, 0x00, 0xF0, 0xFF, 0xDF, 0x04, 0x61, 0xFF, 0xFF, 0xEF, 0x00, 0x00, 0xF2, 0xFF,
    0xFF, 0xFF, 0xFF, 0xFF, 0xFF, 0xDF, 0x00, 0x00, 0xF3, 0xFF, 0xFF, 0xFF, 0xFF, 0xFF, 0xFF, 0xAF,
    0x00, 0x00, 0xF1, 0xFF, 0xFF, 0xFF, 0xFF, 0xFF, 0xFF, 0x4F, 0x00, 0x00, 0xC0, 0xFF, 0xFF, 0xFF,
    0xFF, 0xFF, 0xFF, 0x0B, 0x00, 0x00, 0x30, 0xFF, 0xFF, 0xFF, 0xFF, 0xFF, 0xDF, 0x01, 0x00, 0x00,
    0x00, 0xE5, 0xFF, 0xFF, 0xFF, 0xFF, 0x1A, 0x00, 0x00, 0x00, 0x00, 0x10, 0xC7, 0xFE, 0xCE, 0x28,
    0x00, 0x00, 0x00, 0x00, 0x00, 0x00, 0x10, 0xE9, 0xEF, 0x09, 0x00, 0x00, 0x00, 0x00, 0x00, 0x00,
    0xE1, 0xFF, 0xFF, 0xCF, 0x00, 0x00, 0x00, 0x00, 0x00, 0x00, 0xFA, 0xFF, 0xFF, 0xFF, 0x05, 0x00,
    0x81, 0x02, 0x00, 0x00, 0xFF, 0xFF, 0xFF, 0xFF, 0x0A, 0x10, 0xFD, 0x04, 0x00, 0x00, 0xFF, 0xFF,
    0xFF, 0xFF, 0x0A, 0xA0, 0xEF, 0x00, 0x00, 0x00, 0xFB, 0xFF, 0xFF, 0xFF, 0x08, 0xF4, 0x8F, 0x00,
    0x00, 0x00, 0x41, 0xF3, 0xFF, 0xFF, 0x03, 0xFD, 0x1F, 0x00, 0x00, 0x00, 0x00, 0xF1, 0xFF, 0xBF,
    0x50, 0xFF, 0x0B, 0x00, 0x00, 0x00, 0x00, 0xF5, 0xFF, 0x1E, 0xD0, 0xFF, 0x04, 0x00, 0x00, 0x00,
    0x00, 0xFD, 0xFF, 0x04, 0xF5, 0xEF, 0x00, 0x00, 0x00, 0x00, 0x80, 0xFF, 0x4F, 0x00, 0xFD, 0x8F,
    0x00, 0x00, 0x00, 0x00, 0xF4, 0xFF, 0x04, 0x50, 0xFF, 0x2F, 0x00, 0x00, 0x00, 0x30, 0xFF, 0x2D,
    0x00, 0xC0, 0xFF, 0x0D, 0x00, 0x00, 0x00, 0xE2, 0xDF, 0x01, 0x00, 0xF4, 0xFF, 0x5B, 0xF9, 0x02,
    0x10, 0xFD, 0xFF, 0xFF, 0xFF, 0xFF, 0xFF, 0xFF, 0xFF, 0x04, 0xC0, 0xFF, 0xFF, 0xFF, 0xFF, 0xFF,
    0xFF, 0xFF, 0xFF, 0x01, 0xF4, 0xFF, 0xFF, 0xFF, 0xFF, 0xFF, 0xFF, 0xFF, 0xCF, 0x00, 0xF3, 0xFF,
    0xDF, 0xFE, 0xFF, 0xFF, 0xFF, 0xFF, 0x4F, 0x00, 0x90, 0x9F, 0x01, 0x10, 0xF9, 0xFF, 0xFF, 0xFF,
    0x06, 0x00, 0x00, 0x00, 0x00, 0x00, 0xFC, 0xFF, 0x8F, 0x14, 0x00, 0x00, 0x00, 0x00, 0x00, 0x20,
    0xFF, 0xFF, 0x0F, 0x00, 0x00, 0x00, 0x00, 0x00, 0x00, 0x70, 0xFF, 0xFF, 0x0B, 0x00, 0x00, 0x00,
    0x00, 0x00, 0x00, 0xA0, 0xFF, 0xFF, 0x05, 0x00, 0x00, 0x00, 0x00, 0x00, 0x00, 0xB0, 0xFF, 0xDF,
    0x00, 0x00, 0x00, 0x00, 0x00, 0x00, 0x00, 0x40, 0xFE, 0x2C, 0x00, 0x00, 0x00, 0x00, 0x00, 0x00,
    0x00, 0x00, 0x00, 0x00, 0x00, 0x00, 0x00, 0x51, 0x02, 0x00, 0x00, 0x00, 0x10, 0xEA, 0xFF, 0xFF,
    0xFF, 0xFF, 0xFF, 0x02, 0x00, 0x00, 0x00, 0x90, 0xFF, 0xFF, 0xFF, 0xFF, 0xFF, 0xDF, 0x00, 0x00,
    0x00, 0x00, 0xE0, 0xFF, 0xFF, 0xFF, 0xFF, 0xFF, 0x7F, 0x00, 0x00, 0x00, 0x00, 0xF5, 0xFF, 0xFF,
    0xFF, 0xFF, 0xFF, 0x1F, 0x00, 0x00, 0x00, 0x00, 0xFA, 0xFF, 0xFF, 0xFF, 0xFF, 0xFF, 0x09, 0x00,
    0x00, 0x00, 0x10, 0xFF, 0xFF, 0xFF, 0xFF, 0xFF, 0xDF, 0x01, 0x00, 0x00, 0x00, 0x60, 0xFF, 0x3E,
    0x30, 0xD8, 0xEF, 0x19, 0x00, 0x00, 0x00, 0x00, 0xC0, 0xFF, 0x06, 0x00, 0x00, 0x00, 0x00, 0x00,
    0x00, 0x00, 0x00, 0xF1, 0xFF, 0x00, 0x00, 0x00, 0x00, 0x00, 0x00, 0x00, 0x00, 0x00, 0xF7, 0xDF,
    0xEA, 0xEF, 0x4B, 0x00, 0x00, 0x00, 0x00, 0x00, 0x00, 0xFD, 0xFF, 0xFF, 0xFF, 0xFF, 0x08, 0x00,
    0x00, 0x00, 0x00, 0x20, 0xFF, 0xFF, 0xFE, 0xFF, 0xFF, 0x5F, 0x00, 0x00, 0x00, 0x00, 0x10, 0xFD,
    0x06, 0x00, 0xF9, 0xFF, 0xDF, 0x00, 0x00, 0x00, 0x00, 0x00, 0x00, 0x00, 0x00, 0xF0, 0xFF, 0xFF,
    0x03, 0x00, 0x00, 0x00, 0xC3, 0x6F, 0x00, 0x00, 0xD0, 0xFF, 0xFF, 0x06, 0x00, 0x00, 0x20, 0xFE,
    0x6F, 0x00, 0x00, 0xF0, 0xFF, 0xFF, 0x07, 0x00, 0x00, 0xA0, 0xFF, 0x6F, 0x00, 0x00, 0xF7, 0xFF,
    0xFF, 0x06, 0x00, 0x00, 0xF0, 0xFF, 0xEF, 0x04, 0x71, 0xFF, 0xFF, 0xFF, 0x04, 0x00, 0x00, 0xF2,
    0xFF, 0xFF, 0xFF, 0xFF, 0xFF, 0xFF, 0xFF, 0x00, 0x00, 0x00, 0xF3, 0xFF, 0xFF, 0xFF, 0xFF, 0xFF,
    0xFF, 0xAF, 0x00, 0x00, 0x00, 0xF1, 0xFF, 0xFF, 0xFF, 0xFF, 0xFF, 0xFF, 0x2F, 0x00, 0x00, 0x00,
    0xB0, 0xFF, 0xFF, 0xFF, 0xFF, 0xFF, 0xFF, 0x07, 0x00, 0x00, 0x00, 0x20, 0xFF, 0xFF, 0xFF, 0xFF,
    0xFF, 0x9F, 0x00, 0x00, 0x00, 0x00, 0x00, 0xE4, 0xFF, 0xFF, 0xFF, 0xFF, 0x07, 0x00, 0x00, 0x00,
    0x00, 0x00, 0x10, 0xC7, 0xFE, 0xCF, 0x28, 0x00, 0x00, 0x00, 0x00, 0x00, 0x00, 0x00, 0x00, 0x00,
    0x50, 0xEB, 0xEF, 0x2A, 0x00, 0x00, 0x00, 0x00, 0x30, 0xFD, 0xFF, 0xFF, 0xFF, 0x05, 0x00, 0x00,
    0x00, 0xF5, 0xFF, 0xFF, 0xFF, 0xFF, 0x2F, 0x00, 0x00, 0x40, 0xFF, 0xFF, 0xFF, 0xFF, 0xFF, 0x8F,
    0x00, 0x00, 0xF1, 0xFF, 0xFF, 0xFF, 0xFF, 0xFF, 0xCF, 0x00, 0x00, 0xFC, 0xFF, 0xFF, 0xFF, 0xFF,
    0xFF, 0xDF, 0x00, 0x50, 0xFF, 0xFF, 0xFF, 0xFF, 0xFF, 0xFF, 0xBF, 0x00, 0xD0, 0xFF, 0xFF, 0x8E,
    0x13, 0x30, 0xFA, 0x6F, 0x00, 0xF5, 0xFF, 0xCF, 0x01, 0x00, 0x00, 0xA0, 0x0E, 0x00, 0xFB, 0xFF,
    0x2E, 0xB6, 0xCD, 0x39, 0x00, 0x00, 0x10, 0xFF, 0xFF, 0xED, 0xFF, 0xFF, 0xFF, 0x06, 0x00, 0x60,
    0xFF, 0xFF, 0xFF, 0xFF, 0xFF, 0xFF, 0x3F, 0x00, 0xA0, 0xFF, 0xFF, 0x5E, 0x11, 0xF9, 0xFF, 0xAF,
    0x00, 0xD0, 0xFF, 0xFF, 0x05, 0x00, 0xE0, 0xFF, 0xEF, 0x00, 0xF0, 0xFF, 0xFF, 0x02, 0x00, 0xD0,
    0xFF, 0xFF, 0x00, 0xF1, 0xFF, 0xFF, 0x05, 0x00, 0xF2, 0xFF, 0xFF, 0x00, 0xF2, 0xFF, 0xFF, 0x4E,
    0x30, 0xFD, 0xFF, 0xEF, 0x00, 0xF2, 0xFF, 0xFF, 0xFF, 0xFF, 0xFF, 0xFF, 0xAF, 0x00, 0xF1, 0xFF,
    0xFF, 0xFF, 0xFF, 0xFF, 0xFF, 0x6F, 0x00, 0xF0, 0xFF, 0xFF, 0xFF, 0xFF, 0xFF, 0xFF, 0x0E, 0x00,
    0xB0, 0xFF, 0xFF, 0xFF, 0xFF, 0xFF, 0xFF, 0x06, 0x00, 0x50, 0xFF, 0xFF, 0xFF, 0xFF, 0xFF, 0xCF,
    0x00, 0x00, 0x00, 0xFC, 0xFF, 0xFF, 0xFF, 0xFF, 0x1C, 0x00, 0x00, 0x00, 0xD1, 0xFF, 0xFF, 0xFF,
    0xBF, 0x00, 0x00, 0x00, 0x00, 0x00, 0xC6, 0xFE, 0xAE, 0x04, 0x00, 0x00, 0x00, 0x00, 0x00, 0x60,
    0xFD, 0xEF, 0xAD, 0x57, 0x02, 0xE5, 0x07, 0x00, 0x00, 0xF6, 0xFF, 0xFF, 0xFF, 0xFF, 0xFF, 0xFF,
    0x0A, 0x00, 0x00, 0xFD, 0xFF, 0xFF, 0xFF, 0xFF, 0xFF, 0xFF, 0x07, 0x00, 0x40, 0xFF, 0xFF, 0xFF,
    0xFF, 0xFF, 0xFF, 0xFF, 0x01, 0x00, 0xA0, 0xFF, 0xFF, 0xFF, 0xFF, 0xFF, 0xFF, 0x6F, 0x00, 0x00,
    0xF0, 0xFF, 0xFF, 0xFF, 0xFF, 0xFF, 0xFF, 0x09, 0x00, 0x00, 0xF6, 0xFF, 0xFF, 0xFF, 0xBF, 0xFF,
    0xBF, 0x00, 0x00, 0x00, 0xF8, 0x17, 0x30, 0x66, 0x62, 0xFF, 0x0C, 0x00, 0x00, 0x00, 0x00, 0x00,
    0x00, 0x00, 0xFA, 0xDF, 0x01, 0x00, 0x00, 0x00, 0x00, 0x00, 0x00, 0xC2, 0xFF, 0x1D, 0x00, 0x00,
    0x00, 0x00, 0x00, 0x00, 0x40, 0xFE, 0xDF, 0x01, 0x00, 0x00, 0x00, 0x00, 0x00, 0x00, 0xF6, 0xFF,
    0x2E, 0x00, 0x00, 0x00, 0x00, 0x00, 0x00, 0x70, 0xFF, 0xFF, 0x02, 0x00, 0x00, 0x00, 0x00, 0x00,
    0x00, 0xF7, 0xFF, 0x5F, 0x00, 0x00, 0x00, 0x00, 0x00, 0x00, 0x50, 0xFF, 0xFF, 0x0C, 0x00, 0x00,
    0x00, 0x00, 0x00, 0x00, 0xF2, 0xFF, 0xFF, 0x06, 0x00, 0x00, 0x00, 0x00, 0x00, 0x00, 0xFD, 0xFF,
    0xFF, 0x15, 0x01, 0x00, 0x00, 0x00, 0x00, 0x60, 0xFF, 0xFF, 0xFF, 0xEE, 0x08, 0x00, 0x00, 0x00,
    0x00, 0xD0, 0xFF, 0xFF, 0xFF, 0xFF, 0x07, 0x00, 0x00, 0x00, 0x00, 0xF3, 0xFF, 0xFF, 0xFF, 0xFF,
    0x04, 0x00, 0x00, 0x00, 0x00, 0xF5, 0xFF, 0xFF, 0xFF, 0xFF, 0x00, 0x00, 0x00, 0x00, 0x00, 0xF5,
    0xFF, 0xFF, 0xFF, 0x9F, 0x00, 0x00, 0x00, 0x00, 0x00, 0xF2, 0xFF, 0xFF, 0xFF, 0x2E, 0x00, 0x00,
    0x00, 0x00, 0x00, 0xA0, 0xFF, 0xFF, 0xFF, 0x04, 0x00, 0x00, 0x00, 0x00, 0x00, 0x00, 0xD7, 0xEF,
    0x3B, 0x00, 0x00, 0x00, 0x00, 0x00, 0x00, 0x00, 0x00, 0x00, 0x00, 0xA3, 0xFD, 0xEF, 0x3A, 0x00,
    0x00, 0x00, 0x00, 0x80, 0xFF, 0xFF, 0xFF, 0xFF, 0x07, 0x00, 0x00, 0x00, 0xF6, 0xFF, 0xFF, 0xFF,
    0xFF, 0x3F, 0x00, 0x00, 0x00, 0xFE, 0xFF, 0xFF, 0xFF, 0xFF, 0xAF, 0x00, 0x00, 0x30, 0xFF, 0xFF,
    0xFF, 0xFF, 0xFF, 0xDF, 0x00, 0x00, 0x40, 0xFF, 0xEF, 0x03, 0xE4, 0xFF, 0xDF, 0x00, 0x00, 0x30,
    0xFF, 0x7F, 0x00, 0x80, 0xFF, 0xAF, 0x00, 0x00, 0x10, 0xFF, 0x7F, 0x00, 0x80, 0xFF, 0x4F, 0x00,
    0x00, 0x00, 0xF9, 0xDF, 0x01, 0xE2, 0xFF, 0x0A, 0x00, 0x00, 0x20, 0xFA, 0xFF, 0xDF, 0xFF, 0xBF,
    0x00, 0x00, 0x00, 0xF9, 0xFF, 0xFF, 0xFF, 0xFF, 0x06, 0x00, 0x00, 0xD1, 0xFF, 0xFF, 0xFF, 0xFF,
    0xBF, 0x00, 0x00, 0x00, 0xFC, 0xFF, 0x4D, 0x20, 0xFB, 0xFF, 0x05, 0x00, 0x70, 0xFF, 0xFF, 0x03,
    0x00, 0xF1, 0xFF, 0x0D, 0x00, 0xF0, 0xFF, 0xFF, 0x00, 0x00, 0xE0, 0xFF, 0x2F, 0x00, 0xF5, 0xFF,
    0xFF, 0x02, 0x00, 0xF2, 0xFF, 0x5F, 0x00, 0xF9, 0xFF, 0xFF, 0x2C, 0x30, 0xFD, 0xFF, 0x7F, 0x00,
    0xFB, 0xFF, 0xFF, 0xFF, 0xFF, 0xFF, 0xFF, 0x6F, 0x00, 0xFB, 0xFF, 0xFF, 0xFF, 0xFF, 0xFF, 0xFF,
    0x4F, 0x00, 0xFA, 0xFF, 0xFF, 0xFF, 0xFF, 0xFF, 0xFF, 0x1F, 0x00, 0xF7, 0xFF, 0xFF, 0xFF, 0xFF,
    0xFF, 0xFF, 0x0A, 0x00, 0xF1, 0xFF, 0xFF, 0xFF, 0xFF, 0xFF, 0xEF, 0x01, 0x00, 0x60, 0xFF, 0xFF,
    0xFF, 0xFF, 0xFF, 0x4F, 0x00, 0x00, 0x00, 0xF6, 0xFF, 0xFF, 0xFF, 0xEF, 0x03, 0x00, 0x00, 0x00,
    0x10, 0xC8, 0xFF, 0xBE, 0x06, 0x00, 0x00, 0x00, 0x00, 0x00, 0x00, 0x20, 0xD8, 0xFF, 0x9D, 0x02,
    0x00, 0x00, 0x00, 0x00, 0xF7, 0xFF, 0xFF, 0xFF, 0x5F, 0x00, 0x00, 0x00, 0x90, 0xFF, 0xFF, 0xFF,
    0xFF, 0xFF, 0x02, 0x00, 0x00, 0xF8, 0xFF, 0xFF, 0xFF, 0xFF, 0xFF, 0x0B, 0x00, 0x20, 0xFF, 0xFF,
    0xFF, 0xFF, 0xFF, 0xFF, 0x1F, 0x00, 0xB0, 0xFF, 0xFF, 0xFF, 0xFF, 0xFF, 0xFF, 0x5F, 0x00, 0xF1,
    0xFF, 0xFF, 0xFF, 0xFF, 0xFF, 0xFF, 0x8F, 0x00, 0xF6, 0xFF, 0xFF, 0x16, 0x50, 0xFF, 0xFF, 0x9F,
    0x00, 0xF9, 0xFF, 0x6F, 0x00, 0x00, 0xFA, 0xFF, 0x8F, 0x00, 0xFA, 0xFF, 0x4F, 0x00, 0x00, 0xFC,
    0xFF, 0x8F, 0x00, 0xF9, 0xFF, 0xBF, 0x01, 0x80, 0xFF, 0xFF, 0x6F, 0x00, 0xF5, 0xFF, 0xFF, 0xDF,
    0xFF, 0xFF, 0xFF, 0x3F, 0x00, 0xE0, 0xFF, 0xFF, 0xFF, 0xFF, 0xFF, 0xFF, 0x0F, 0x00, 0x40, 0xFF,
    0xFF, 0xFF, 0xFF, 0xFF, 0xFF, 0x0C, 0x20, 0x01, 0xA3, 0xFE, 0xCE, 0x46, 0xFF, 0xFF, 0x07, 0xE0,
    0x0B, 0x00, 0x00, 0x00, 0xD0, 0xFF, 0xFF, 0x02, 0xF6, 0x4F, 0x00, 0x00, 0x00, 0xFB, 0xFF, 0xBF,
    0x00, 0xFB, 0xFF, 0x17, 0x20, 0xE6, 0xFF, 0xFF, 0x4F, 0x00, 0xFD, 0xFF, 0xFF, 0xFF, 0xFF, 0xFF,
    0xFF, 0x0B, 0x00, 0xFC, 0xFF, 0xFF, 0xFF, 0xFF, 0xFF, 0xFF, 0x02, 0x00, 0xFA, 0xFF, 0xFF, 0xFF,
    0xFF, 0xFF, 0x7F, 0x00, 0x00, 0xF5, 0xFF, 0xFF, 0xFF, 0xFF, 0xFF, 0x0A, 0x00, 0x00, 0xD0, 0xFF,
    0xFF, 0xFF, 0xFF, 0xAF, 0x00, 0x00, 0x00, 0x20, 0xFD, 0xFF, 0xFF, 0xFF, 0x07, 0x00, 0x00, 0x00,
    0x00, 0x71, 0xFD, 0xCF, 0x18, 0x00, 0x00, 0x00, 0x00, 0x00, 0x00, 0xD4, 0x9E, 0x00, 0x00, 0x20,
    0xFF, 0xFF, 0x09, 0x00, 0x80, 0xFF, 0xFF, 0x0E, 0x00, 0x80, 0xFF, 0xFF, 0x0E, 0x00, 0x20, 0xFF,
    0xFF, 0x09, 0x00, 0x00, 0xD4, 0x9E, 0x00, 0x00, 0x00, 0x00, 0x00, 0x00, 0x00, 0x00, 0x00, 0x00,
    0x00, 0x00, 0x00, 0x00, 0x00, 0x00, 0x00, 0x00, 0x00, 0x00, 0x00, 0x00, 0x00, 0x00, 0x00, 0x00,
    0x90, 0xDE, 0x05, 0x00, 0x00, 0xF9, 0xFF, 0x2F, 0x00, 0x00, 0xFE, 0xFF, 0x8F, 0x00, 0x00, 0xFE,
    0xFF, 0x8F, 0x00, 0x00, 0xF8, 0xFF, 0x2F, 0x00, 0x00, 0x90, 0xDE, 0x05, 0x00, 0x00, 0x00, 0x00,
    0x00, 0xD4, 0x9E, 0x00, 0x00, 0x00, 0x20, 0xFF, 0xFF, 0x09, 0x00, 0x00, 0x80, 0xFF, 0xFF, 0x0E,
    0x00, 0x00, 0x80, 0xFF, 0xFF, 0x0E, 0x00, 0x00, 0x20, 0xFF, 0xFF, 0x09, 0x00, 0x00, 0x00, 0xD4,
    0x9E, 0x00, 0x00, 0x00, 0x00, 0x00, 0x00, 0x00, 0x00, 0x00, 0x00, 0x00, 0x00, 0x00, 0x00, 0x00,
    0x00, 0x00, 0x00, 0x00, 0x00, 0x00, 0x00, 0x00, 0x00, 0x00, 0x00, 0x00, 0x00, 0x00, 0x00, 0x00,
    0x00, 0x00, 0x00, 0x00, 0x00, 0x00, 0x00, 0xA1, 0xDE, 0x04, 0x00, 0x00, 0x00, 0xFA, 0xFF, 0x1F,
    0x00, 0x00, 0x00, 0xFF, 0xFF, 0x7F, 0x00, 0x00, 0x00, 0xFC, 0xFF, 0x8F, 0x00, 0x00, 0x00, 0xC2,
    0xDF, 0x7F, 0x00, 0x00, 0x00, 0x00, 0xA0, 0x5F, 0x00, 0x00, 0x00, 0x10, 0xF8, 0x0F, 0x00, 0x00,
    0xF4, 0xFF, 0xFF, 0x07, 0x00, 0x00, 0xF7, 0xFF, 0xAF, 0x00, 0x00, 0x00, 0xB1, 0xDF, 0x06, 0x00,
    0x00, 0x00, 0x00, 0x00, 0x00, 0x00, 0x00, 0x30, 0xC8, 0x4F, 0x00, 0x00, 0x00, 0x00, 0x82, 0xFE,
    0xFF, 0x7F, 0x00, 0x00, 0x00, 0xC6, 0xFF, 0xFF, 0xFF, 0x1D, 0x00, 0x10, 0xE8, 0xFF, 0xFF, 0xFF,
    0x8F, 0x00, 0x00, 0xF8, 0xFF, 0xFF, 0xFF, 0x8E, 0x01, 0x00, 0xD2, 0xFF, 0xFF, 0xFF, 0x6D, 0x00,
    0x00, 0x00, 0xF9, 0xFF, 0xFF, 0x4E, 0x00, 0x00, 0x00, 0x00, 0xD2, 0xFF, 0xFF, 0xDF, 0x06, 0x00,
    0x00, 0x00, 0x00, 0xF9, 0xFF, 0xFF, 0xEF, 0x07, 0x00, 0x00, 0x00, 0x20, 0xFA, 0xFF, 0xFF, 0xEF,
    0x04, 0x00, 0x00, 0x00, 0x20, 0xFA, 0xFF, 0xFF, 0x1F, 0x00, 0x00, 0x00, 0x00, 0x10, 0xE8, 0xFF,
    0x1E, 0x00, 0x00, 0x00, 0x00, 0x00, 0x00, 0x63, 0x02, 0x00, 0x00, 0x00, 0xA6, 0xCB, 0xDD, 0xCD,
    0xAB, 0x04, 0x00, 0xB0, 0xFF, 0xFF, 0xFF, 0xFF, 0xFF, 0x0F, 0x00, 0xF0, 0xFF, 0xFF, 0xFF, 0xFF,
    0xFF, 0x0A, 0x00, 0x60, 0xEC, 0xFF, 0xFF, 0xEF, 0x7C, 0x00, 0x00, 0x00, 0x00, 0x00, 0x00, 0x00,
    0x00, 0x00, 0x00, 0x00, 0x00, 0x00, 0x00, 0x00, 0x00, 0x00, 0x00, 0x00, 0x00, 0x00, 0x00, 0x00,
    0x00, 0x00, 0x40, 0xB9, 0xCC, 0xDD, 0xCC, 0x7A, 0x00, 0x00, 0xF4, 0xFF, 0xFF, 0xFF, 0xFF, 0xFF,
    0x06, 0x00, 0xF9, 0xFF, 0xFF, 0xFF, 0xFF, 0xFF, 0x02, 0x00, 0xA2, 0xED, 0xFF, 0xFF, 0xDE, 0x29,
    0x00, 0x00, 0x00, 0xB0, 0xBF, 0x05, 0x00, 0x00, 0x00, 0x00, 0x00, 0xF4, 0xFF, 0xEF, 0x18, 0x00,
    0x00, 0x00, 0x00, 0xD0, 0xFF, 0xFF, 0xFF, 0x19, 0x00, 0x00, 0x00, 0x00, 0xF8, 0xFF, 0xFF, 0xFF,
    0x18, 0x00, 0x00, 0x00, 0x10, 0xF8, 0xFF, 0xFF, 0xEF, 0x05, 0x00, 0x00, 0x00, 0x10, 0xE7, 0xFF,
    0xFF, 0x4F, 0x00, 0x00, 0x00, 0x50, 0xFC, 0xFF, 0xFF, 0x4F, 0x00, 0x00, 0x71, 0xFE, 0xFF, 0xFF,
    0xEF, 0x04, 0x00, 0x81, 0xFF, 0xFF, 0xFF, 0xEF, 0x07, 0x00, 0x60, 0xFF, 0xFF, 0xFF, 0xDF, 0x06,
    0x00, 0x00, 0xF5, 0xFF, 0xFF, 0x9E, 0x03, 0x00, 0x00, 0x00, 0xF9, 0xFF, 0x5A, 0x00, 0x00, 0x00,
    0x00, 0x00, 0x72, 0x03, 0x00, 0x00, 0x00, 0x00, 0x00, 0x00, 0x00, 0x00, 0x50, 0xEB, 0xEF, 0x5B,
    0x00, 0x00, 0x00, 0x20, 0xFC, 0xFF, 0xFF, 0xFF, 0x0B, 0x00, 0x00, 0xE1, 0xFF, 0xFF, 0xFF, 0xFF,
    0xAF, 0x00, 0x00, 0xFC, 0xFF, 0xFF, 0xFF, 0xFF, 0xFF, 0x01, 0x50, 0xFF, 0xFF, 0xFF, 0xFF, 0xFF,
    0xFF, 0x05, 0xC0, 0xFF, 0xFF, 0xFF, 0xFF, 0xFF, 0xFF, 0x07, 0xF1, 0xFF, 0x3B, 0x30, 0xFD, 0xFF,
    0xFF, 0x05, 0xF4, 0xBF, 0x00, 0x00, 0xF4, 0xFF, 0xFF, 0x02, 0xF2, 0x3F, 0x00, 0x00, 0xF3, 0xFF,
    0xBF, 0x00, 0x60, 0x05, 0x00, 0x00, 0xF9, 0xFF, 0x1E, 0x00, 0x00, 0x00, 0x00, 0x80, 0xFF, 0xDF,
    0x02, 0x00, 0x00, 0x00, 0x10, 0xFB, 0xFF, 0x07, 0x00, 0x00, 0x00, 0x00, 0xE2, 0xFF, 0x2B, 0x00,
    0x00, 0x00, 0x00, 0x10, 0xFE, 0x5F, 0x00, 0x00, 0x00, 0x00, 0x00, 0x90, 0xFF, 0x04, 0x00, 0x00,
    0x00, 0x00, 0x00, 0xD0, 0xBF, 0x00, 0x00, 0x00, 0x00, 0x00, 0x00, 0xA0, 0x5F, 0x00, 0x00, 0x00,
    0x00, 0x00, 0x00, 0x00, 0x00, 0x00, 0x00, 0x00, 0x00, 0x00, 0x00, 0x00, 0x00, 0x00, 0x00, 0x00,
    0x00, 0x00, 0x20, 0xFC, 0x2B, 0x00, 0x00, 0x00, 0x00, 0x00, 0xD0, 0xFF, 0xDF, 0x00, 0x00, 0x00,
    0x00, 0x00, 0xF3, 0xFF, 0xFF, 0x02, 0x00, 0x00, 0x00, 0x00, 0xF3, 0xFF, 0xFF, 0x02, 0x00, 0x00,
    0x00, 0x00, 0xD0, 0xFF, 0xCF, 0x00, 0x00, 0x00, 0x00, 0x00, 0x20, 0xFC, 0x1B, 0x00, 0x00, 0x00,
    0x00, 0x00, 0x00, 0x00, 0x00, 0x00, 0x61, 0xEB, 0xFF, 0xAD, 0x04, 0x00, 0x00, 0x00, 0x00, 0x00,
    0x00, 0x80, 0xFF, 0xFF, 0xFF, 0xFF, 0xCF, 0x02, 0x00, 0x00, 0x00, 0x00, 0x20, 0xFD, 0xDF, 0x69,
    0x76, 0xEA, 0xFF, 0x5F, 0x00, 0x00, 0x00, 0x00, 0xE3, 0xCF, 0x04, 0x00, 0x00, 0x00, 0xD5, 0xFF,
    0x03, 0x00, 0x00, 0x20, 0xFE, 0x08, 0x00, 0x00, 0x00, 0x00, 0x00, 0xFA, 0x0E, 0x00, 0x00, 0xC0,
    0x7F, 0x00, 0x50, 0xCA, 0x5B, 0x91, 0x1B, 0xB0, 0x6F, 0x00, 0x00, 0xF7, 0x09, 0x00, 0xFA, 0xFF,
    0xFF, 0xFF, 0x2F, 0x10, 0xCF, 0x00, 0x00, 0xEF, 0x00, 0x90, 0xFF, 0xFF, 0xFF, 0xFF, 0x0E, 0x00,
    0xFC, 0x00, 0x60, 0x6F, 0x00, 0xF4, 0xFF, 0xFF, 0xFF, 0xFF, 0x07, 0x00, 0xFA, 0x00, 0xC0, 0x0F,
    0x00, 0xFC, 0xCF, 0x12, 0xFD, 0xFF, 0x00, 0x00, 0xFC, 0x00, 0xF0, 0x0A, 0x20, 0xFF, 0x3F, 0x00,
    0xF9, 0xAF, 0x00, 0x00, 0xEE, 0x00, 0xF3, 0x07, 0x60, 0xFF, 0x0F, 0x00, 0xFE, 0x9F, 0x00, 0x70,
    0xAF, 0x00, 0xF4, 0x05, 0xA0, 0xFF, 0x9F, 0xC5, 0xFF, 0xDF, 0x12, 0xF6, 0x5F, 0x00, 0xF5, 0x05,
    0xB0, 0xFF, 0xFF, 0xFF, 0xFF, 0xFF, 0xFF, 0xFF, 0x0D, 0x00, 0xF4, 0x07, 0xC0, 0xFF, 0xFF, 0xDF,
    0xFE, 0xFF, 0xFF, 0xFF, 0x03, 0x00, 0xF2, 0x0A, 0xA0, 0xFF, 0xFF, 0x5F, 0xFE, 0xFF, 0xFF, 0x7F,
    0x00, 0x00, 0xE0, 0x0F, 0x50, 0xFF, 0xFF, 0x08, 0xFB, 0xFF, 0xFF, 0x06, 0x00, 0x00, 0x90, 0x8F,
    0x00, 0xF9, 0x7E, 0x00, 0xC2, 0xDF, 0x29, 0x00, 0x00, 0x00, 0x20, 0xFF, 0x04, 0x00, 0x00, 0x00,
    0x00, 0x00, 0x10, 0xAC, 0x00, 0x00, 0x00, 0xF9, 0x5F, 0x00, 0x00, 0x00, 0x00, 0x00, 0xD2, 0x7F,
    0x00, 0x00, 0x00, 0xC0, 0xFF, 0x19, 0x00, 0x00, 0x00, 0x81, 0xFF, 0x08, 0x00, 0x00, 0x00, 0x10,
    0xFC, 0xFF, 0x8B, 0x66, 0xB8, 0xFF, 0x7F, 0x00, 0x00, 0x00, 0x00, 0x00, 0x80, 0xFF, 0xFF, 0xFF,
    0xFF, 0xBF, 0x02, 0x00, 0x00, 0x00, 0x00, 0x00, 0x00, 0x82, 0xEC, 0xFF, 0x8C, 0x03, 0x00, 0x00,
    0x00, 0x00, 0x00, 0x00, 0x00, 0x00, 0x00, 0x00, 0x00, 0x00, 0x00, 0x00, 0x00, 0x00, 0x00, 0xB6,
    0xFE, 0x4C, 0x00, 0x00, 0x00, 0x00, 0x00, 0x00, 0x00, 0x00, 0x00, 0x00, 0x00, 0x00, 0x00, 0xE6,
    0xFF, 0xFF, 0xFF, 0x03, 0x00, 0x00, 0x00, 0x00, 0x00, 0x82, 0xCB, 0x3A, 0x00, 0x00, 0x00, 0xB1,
    0xFF, 0xFF, 0xFF, 0xFF, 0x09, 0x00, 0x00, 0x00, 0x00, 0x50, 0xFF, 0xFF, 0xFF, 0x05, 0x00, 0x10,
    0xFD, 0xFF, 0xFF, 0xFF, 0xFF, 0x0B, 0x00, 0x00, 0x00, 0x00, 0xF3, 0xFF, 0xFF, 0xFF, 0x0D, 0x00,
    0xD1, 0xFF, 0xFF, 0xFF, 0xFF, 0xFF, 0x09, 0x00, 0x00, 0x00, 0x00, 0xFA, 0xFF, 0xFF, 0xFF, 0x0E,
    0x00, 0xFC, 0xFF, 0xFF, 0xFF, 0xFF, 0xFF, 0x04, 0x00, 0x00, 0x00, 0x00, 0xFE, 0xFF, 0xFF, 0x18,
    0x00, 0x80, 0xFF, 0xFF, 0xFF, 0xFF, 0xFF, 0xBF, 0x00, 0x00, 0x00, 0x00, 0x00, 0xFF, 0xFF, 0xCF,
    0x00, 0x00, 0xF4, 0xFF, 0x7E, 0xFF, 0xFF, 0x24, 0x05, 0x00, 0x00, 0x00, 0x00, 0x00, 0xFF, 0xFF,
    0x8F, 0x00, 0x00, 0xFE, 0xDF, 0x21, 0xFF, 0x8F, 0x00, 0x00, 0x00, 0x00, 0x00, 0x00, 0x00, 0xFB,
    0xFF, 0x8F, 0x00, 0x80, 0xFF, 0x3F, 0x70, 0xFF, 0x1F, 0x00, 0x00, 0x00, 0x00, 0x00, 0x00, 0x00,
    0xF6, 0xFF, 0xAF, 0x00, 0xF2, 0xFF, 0x07, 0xE0, 0xFF, 0x0B, 0x00, 0x00, 0x00, 0x00, 0x00, 0x00,
    0x00, 0xD0, 0xFF, 0xFF, 0x01, 0xFB, 0xCF, 0x00, 0xF5, 0xFF, 0x06, 0x00, 0x00, 0x00, 0x00, 0x00,
    0x00, 0x00, 0x20, 0xFF, 0xFF, 0x5B, 0xFF, 0x3F, 0x00, 0xFB, 0xFF, 0x02, 0x00, 0x00, 0x00, 0x00,
    0x00, 0x00, 0x00, 0x00, 0xE3, 0xFF, 0xFF, 0xFF, 0x09, 0x10, 0xFF, 0xFF, 0x00, 0x00, 0x00, 0x00,
    0x00, 0x00, 0x00, 0x00, 0x00, 0x10, 0xFB, 0xFF, 0xFF, 0x49, 0x83, 0xFF, 0xDF, 0x00, 0x00, 0x00,
    0x00, 0x00, 0x60, 0x07, 0x00, 0x00, 0x00, 0xC0, 0xFF, 0xFF, 0xFF, 0xFF, 0xFF, 0xEF, 0x00, 0x00,
    0x36, 0x00, 0x30, 0xFE, 0x2F, 0x00, 0x00, 0x10, 0xFB, 0xFF, 0xAD, 0xED, 0xFF, 0xFF, 0xFF, 0x05,
    0x91, 0xBF, 0x00, 0xF1, 0xFF, 0xDF, 0x15, 0x20, 0xE7, 0xFF, 0xFF, 0x05, 0x00, 0xF2, 0xFF, 0xFF,
    0xFF, 0xFF, 0x4F, 0x00, 0xF8, 0xFF, 0xFF, 0xFF, 0xFF, 0xFF, 0xFF, 0xCF, 0x00, 0x00, 0xF4, 0xFF,
    0xFF, 0xFF, 0xFF, 0x0C, 0x00, 0xFD, 0xFF, 0xFF, 0xFF, 0xFF, 0xFF, 0xFF, 0x2F, 0x00, 0x00, 0xF5,
    0xFF, 0xFF, 0xFF, 0xFF, 0x04, 0x00, 0xFF, 0xFF, 0xFF, 0xFF, 0xFF, 0xFF, 0xFF, 0x07, 0x00, 0x00,
    0xF4, 0xFF, 0xFF, 0xFF, 0xBF, 0x00, 0x00, 0xFE, 0xFF, 0xFF, 0xFF, 0xFF, 0xFF, 0xAF, 0x00, 0x00,
    0x00, 0xF3, 0xFF, 0xFF, 0xFF, 0x2F, 0x00, 0x00, 0xFA, 0xFF, 0xFF, 0xFF, 0xFF, 0xFF, 0x0C, 0x00,
    0x00, 0x00, 0xE0, 0xFF, 0xFF, 0xFF, 0x05, 0x00, 0x00, 0xF2, 0xFF, 0xFF, 0xFF, 0xFF, 0xCF, 0x00,
    0x00, 0x00, 0x00, 0x90, 0xFF, 0xFF, 0x6F, 0x00, 0x00, 0x00, 0x40, 0xFE, 0xFF, 0xFF, 0xFF, 0x09,
    0x00, 0x00, 0x00, 0x00, 0x00, 0xFA, 0xBF, 0x03, 0x00, 0x00, 0x00, 0x00, 0x71, 0xEC, 0xEF, 0x29,
    0x00, 0x00, 0x00, 0x00, 0x00, 0x00, 0x00, 0x00, 0x00, 0x00, 0x00, 0x00, 0x00, 0x00, 0x00, 0x00,
    0x00, 0x00, 0x30, 0xA7, 0xEC, 0xFF, 0xEF, 0xAC, 0x16, 0x00, 0x00, 0x00, 0x00, 0x00, 0x00, 0x00,
    0x00, 0x70, 0xFD, 0xFF, 0xFF, 0xFF, 0xFF, 0xFF, 0xFF, 0x2A, 0x00, 0x00, 0x00, 0x00, 0x00, 0x00,
    0x60, 0xFE, 0xFF, 0xFF, 0xFF, 0xFF, 0xFF, 0xFF, 0xFF, 0xFF, 0x05, 0x00, 0x00, 0x00, 0x00, 0x00,
    0xFA, 0xFF, 0xFF, 0xFF, 0xFF, 0xFF, 0xFF, 0xFF, 0xFF, 0xFF, 0x3F, 0x00, 0x00, 0x00, 0x00, 0xB0,
    0xFF, 0xFF, 0xFF, 0xFF, 0xFF, 0xFF, 0xFF, 0xFF, 0xFF, 0xFF, 0xBF, 0x00, 0x00, 0x00, 0x00, 0xF8,
    0xFF, 0xFF, 0xFF, 0x7C, 0x13, 0x00, 0x31, 0xF8, 0xFF, 0xFF, 0xFF, 0x00, 0x00, 0x00, 0x30, 0xFF,
    0xFF, 0xFF, 0x4E, 0x00, 0x20, 0x99, 0x03, 0x30, 0xFF, 0xFF, 0xFF, 0x00, 0x00, 0x00, 0xA0, 0xFF,
    0xFF, 0xFF, 0x05, 0x00, 0xD0, 0xFF, 0x09, 0x00, 0xFF, 0xFF, 0xEF, 0x00, 0x00, 0x00, 0xE0, 0xFF,
    0xFF, 0xFF, 0x01, 0x00, 0xF5, 0xFF, 0x05, 0x30, 0xFF, 0xFF, 0x8F, 0x00, 0x00, 0x00, 0xF1, 0xFF,
    0xFF, 0xFF, 0x06, 0x00, 0xFB, 0xFF, 0x06, 0xE5, 0xFF, 0xFF, 0x0D, 0x00, 0x00, 0x00, 0xF2, 0xFF,
    0xFF, 0xFF, 0x6F, 0x20, 0xFF, 0xFF, 0xFF, 0xFF, 0xFF, 0xCF, 0x01, 0x00, 0x00, 0x00, 0xF1, 0xFF,
    0xFF, 0xFF, 0x5F, 0x70, 0xFF, 0xFF, 0xFF, 0xFF, 0xAF, 0x04, 0x00, 0x00, 0x00, 0x00, 0xC0, 0xFF,
    0xFF, 0xFF, 0x0D, 0xE0, 0xFF, 0xAF, 0xD8, 0xFF, 0xBF, 0x00, 0x00, 0x00, 0x00, 0x00, 0x20, 0xFE,
    0xFF, 0xEF, 0x02, 0xF5, 0xFF, 0x07, 0x00, 0xFE, 0xFF, 0x05, 0x00, 0x00, 0x00, 0x00, 0x01, 0x81,
    0xBB, 0x17, 0x00, 0xFE, 0xFF, 0x00, 0x00, 0xFB, 0xFF, 0x0C, 0x00, 0x00, 0x00, 0xD5, 0x4F, 0x00,
    0x00, 0x00, 0xA0, 0xFF, 0xEF, 0x00, 0x00, 0xFD, 0xFF, 0x0F, 0x00, 0x00, 0x50, 0xFF, 0xAF, 0x00,
    0x00, 0x00, 0xFA, 0xFF, 0xFF, 0x01, 0x20, 0xFF, 0xFF, 0x0F, 0x00, 0x00, 0xE0, 0xFF, 0xFF, 0x3A,
    0x10, 0xD6, 0xFF, 0xFF, 0xFF, 0x1A, 0xC2, 0xFF, 0xFF, 0x0F, 0x00, 0x00, 0xF5, 0xFF, 0xFF, 0xFF,
    0xFF, 0xFF, 0xFF, 0xFF, 0xFF, 0xFF, 0xFF, 0xFF, 0xFF, 0x0D, 0x00, 0x00, 0xF9, 0xFF, 0xFF, 0xFF,
    0xFF, 0xFF, 0xFF, 0xFF, 0xFF, 0xFF, 0xFF, 0xFF, 0xFF, 0x09, 0x00, 0x00, 0xFA, 0xFF, 0xFF, 0xFF,
    0xFF, 0xFF, 0xFF, 0xFE, 0xFF, 0xFF, 0xFF, 0xFF, 0xFF, 0x03, 0x00, 0x00, 0xF8, 0xFF, 0xFF, 0xFF,
    0xFF, 0xFF, 0xDF, 0xF4, 0xFF, 0xFF, 0xFF, 0xFF, 0x9F, 0x00, 0x00, 0x00, 0xF3, 0xFF, 0xFF, 0xFF,
    0xFF, 0xFF, 0x1E, 0xD0, 0xFF, 0xFF, 0xFF, 0xFF, 0x0C, 0x00, 0x00, 0x00, 0xB0, 0xFF, 0xFF, 0xFF,
    0xFF, 0xDF, 0x02, 0x40, 0xFF, 0xFF, 0xFF, 0xBF, 0x00, 0x00, 0x00, 0x00, 0x10, 0xFC, 0xFF, 0xFF,
    0xFF, 0x1A, 0x00, 0x00, 0xA2, 0xFE, 0xBE, 0x04, 0x00, 0x00, 0x00, 0x00, 0x00, 0x60, 0xEC, 0xDF,
    0x39, 0x00, 0x00, 0x00, 0x00, 0x00, 0x00, 0x00, 0x00, 0x00, 0x00, 0x00, 0x00, 0x00, 0x00, 0x00,
    0x40, 0xD9, 0xFF, 0xBE, 0x07, 0x00, 0x00, 0x00, 0x00, 0x50, 0xFD, 0xFF, 0xFF, 0xFF, 0xEF, 0x02,
    0x00, 0x00, 0x00, 0xFA, 0xFF, 0xFF, 0xFF, 0xFF, 0xFF, 0x0D, 0x00, 0x00, 0xC1, 0xFF, 0xFF, 0xFF,
    0xFF, 0xFF, 0xFF, 0x4F, 0x00, 0x00, 0xFC, 0xFF, 0xFF, 0xFF, 0xFF, 0xFF, 0xFF, 0x6F, 0x00, 0xA0,
    0xFF, 0xFF, 0xFF, 0xFF, 0xFF, 0xFF, 0xFF, 0x5F, 0x00, 0xF5, 0xFF, 0xFF, 0x7E, 0x02, 0xE3, 0xFF,
    0xFF, 0x3F, 0x00, 0xFD, 0xFF, 0xEF, 0x02, 0x00, 0xB0, 0xFF, 0xFF, 0x0C, 0x60, 0xFF, 0xFF, 0x3F,
    0x00, 0x00, 0xD0, 0xFF, 0xFF, 0x04, 0xD0, 0xFF, 0xFF, 0x0A, 0x00, 0x00, 0xF3, 0xFF, 0x7F, 0x00,
    0xF2, 0xFF, 0xFF, 0x05, 0x00, 0x00, 0xFA, 0xEF, 0x05, 0x00, 0xF7, 0xFF, 0xFF, 0x02, 0x00, 0x00,
    0x73, 0x05, 0x00, 0x00, 0xFA, 0xFF, 0xFF, 0x02, 0x00, 0x00, 0x00, 0x00, 0x00, 0x00, 0xFC, 0xFF,
    0xFF, 0x06, 0x00, 0x00, 0x00, 0x00, 0x00, 0x00, 0xFD, 0xFF, 0xFF, 0x0D, 0x00, 0x00, 0x00, 0x00,
    0x00, 0x02, 0xFE, 0xFF, 0xFF, 0xBF, 0x01, 0x00, 0x00, 0x00, 0x40, 0xBF, 0xFD, 0xFF, 0xFF, 0xFF,
    0x8E, 0x13, 0x00, 0x52, 0xFA, 0x7F, 0xFC, 0xFF, 0xFF, 0xFF, 0xFF, 0xFF, 0xFF, 0xFF, 0xFF, 0x0E,
    0xF9, 0xFF, 0xFF, 0xFF, 0xFF, 0xFF, 0xFF, 0xFF, 0xFF, 0x06, 0xF5, 0xFF, 0xFF, 0xFF, 0xFF, 0xFF,
    0xFF, 0xFF, 0xBF, 0x00, 0xE0, 0xFF, 0xFF, 0xFF, 0xFF, 0xFF, 0xFF, 0xFF, 0x1E, 0x00, 0x70, 0xFF,
    0xFF, 0xFF, 0xFF, 0xFF, 0xFF, 0xFF, 0x03, 0x00, 0x00, 0xFA, 0xFF, 0xFF, 0xFF, 0xFF, 0xFF, 0x3E,
    0x00, 0x00, 0x00, 0x80, 0xFF, 0xFF, 0xFF, 0xFF, 0xAF, 0x01, 0x00, 0x00, 0x00, 0x00, 0x82, 0xEC,
    0xEF, 0x8C, 0x02, 0x00, 0x00, 0x00, 0x00, 0x00, 0x00, 0x00, 0x00, 0x00, 0x62, 0xDA, 0xFE, 0xEF,
    0x9C, 0x05, 0x00, 0x00, 0x00, 0x00, 0x00, 0x00, 0x00, 0x00, 0xB3, 0xFF, 0xFF, 0xFF, 0xFF, 0xFF,
    0xFF, 0x08, 0x00, 0x00, 0x00, 0x00, 0x00, 0x00, 0xA0, 0xFF, 0xFF, 0xFF, 0xFF, 0xFF, 0xFF, 0xFF,
    0xCF, 0x01, 0x00, 0x00, 0x00, 0x00, 0x10, 0xFD, 0xFF, 0xFF, 0xFF, 0xFF, 0xFF, 0xFF, 0xFF, 0xFF,
    0x0D, 0x00, 0x00, 0x00, 0x00, 0xD0, 0xFF, 0xFF, 0xFF, 0xFF, 0xFF, 0xFF, 0xFF, 0xFF, 0xFF, 0x9F,
    0x00, 0x00, 0x00, 0x00, 0xFA, 0xFF, 0xFF, 0xFF, 0x6D, 0x02, 0x10, 0x83, 0xFF, 0xFF, 0xFF, 0x01,
    0x00, 0x00, 0x30, 0xFF, 0xFF, 0xFF, 0x8F, 0x00, 0x00, 0x65, 0x00, 0xE2, 0xFF, 0xFF, 0x08, 0x00,
    0x00, 0xA0, 0xFF, 0xFF, 0xFF, 0x0A, 0x00, 0xC0, 0xFF, 0x08, 0x60, 0xFF, 0xFF, 0x0C, 0x00, 0x00,
    0xE0, 0xFF, 0xFF, 0xFF, 0x03, 0x00, 0xF4, 0xFF, 0x06, 0x00, 0xFF, 0xFF, 0x0F, 0x00, 0x00, 0xF1,
    0xFF, 0xFF, 0xFF, 0x01, 0x00, 0xFA, 0xFF, 0x01, 0x00, 0xFD, 0xFF, 0x1F, 0x00, 0x00, 0xF2, 0xFF,
    0xFF, 0xFF, 0x04, 0x10, 0xFF, 0xBF, 0x00, 0x00, 0xFD, 0xFF, 0x2F, 0x00, 0x00, 0xF1, 0xFF, 0xFF,
    0xFF, 0x6F, 0x70, 0xFF, 0x4F, 0x00, 0x00, 0xFE, 0xFF, 0x1F, 0x00, 0x00, 0xE0, 0xFF, 0xFF, 0xFF,
    0x4F, 0xD0, 0xFF, 0x0D, 0x00, 0x10, 0xFF, 0xFF, 0x0F, 0x00, 0x00, 0x70, 0xFF, 0xFF, 0xFF, 0x09,
    0xF5, 0xFF, 0x07, 0x00, 0x60, 0xFF, 0xFF, 0x0E, 0x00, 0x00, 0x00, 0xF9, 0xFF, 0x8F, 0x00, 0xFD,
    0xFF, 0x01, 0x00, 0xC0, 0xFF, 0xFF, 0x0B, 0x00, 0x60, 0x6A, 0x20, 0x66, 0x01, 0x90, 0xFF, 0xCF,
    0x00, 0x00, 0xF4, 0xFF, 0xFF, 0x06, 0x00, 0xFB, 0xDF, 0x00, 0x00, 0x00, 0xF9, 0xFF, 0xAF, 0x00,
    0x10, 0xFE, 0xFF, 0xFF, 0x01, 0x70, 0xFF, 0xFF, 0x3B, 0x10, 0xD5, 0xFF, 0xFF, 0xEF, 0x02, 0xE5,
    0xFF, 0xFF, 0xBF, 0x00, 0xE0, 0xFF, 0xFF, 0xFF, 0xFF, 0xFF, 0xFF, 0xFF, 0xFF, 0xFF, 0xFF, 0xFF,
    0xFF, 0x4F, 0x00, 0xF3, 0xFF, 0xFF, 0xFF, 0xFF, 0xFF, 0xFF, 0xFF, 0xFF, 0xFF, 0xFF, 0xFF, 0xFF,
    0x0B, 0x00, 0xF4, 0xFF, 0xFF, 0xFF, 0xFF, 0xFF, 0xFF, 0xFE, 0xFF, 0xFF, 0xFF, 0xFF, 0xFF, 0x02,
    0x00, 0xF3, 0xFF, 0xFF, 0xFF, 0xFF, 0xFF, 0xEF, 0xF5, 0xFF, 0xFF, 0xFF, 0xFF, 0x6F, 0x00, 0x00,
    0xF0, 0xFF, 0xFF, 0xFF, 0xFF, 0xFF, 0x4F, 0xE0, 0xFF, 0xFF, 0xFF, 0xFF, 0x07, 0x00, 0x00, 0x80,
    0xFF, 0xFF, 0xFF, 0xFF, 0xFF, 0x05, 0x40, 0xFF, 0xFF, 0xFF, 0x5F, 0x00, 0x00, 0x00, 0x00, 0xFA,
    0xFF, 0xFF, 0xFF, 0x3D, 0x00, 0x00, 0xB3, 0xFF, 0x8D, 0x01, 0x00, 0x00, 0x00, 0x00, 0x50, 0xEB,
    0xEF, 0x6B, 0x00, 0x00, 0x00, 0x00, 0x00, 0x00, 0x00, 0x00, 0x00, 0x00, 0x00, 0x00, 0x00, 0x00,
    0x94, 0xEC, 0xFF, 0x8D, 0x01, 0x00, 0x00, 0x00, 0x00, 0xB2, 0xFF, 0xFF, 0xFF, 0xFF, 0x2E, 0x00,
    0x00, 0x00, 0x20, 0xFE, 0xFF, 0xFF, 0xFF, 0xFF, 0xDF, 0x00, 0x00, 0x00, 0xC0, 0xFF, 0xFF, 0xFF,
    0xFF, 0xFF, 0xFF, 0x03, 0x00, 0x00, 0xF3, 0xFF, 0xFF, 0xFF, 0xFF, 0xFF, 0xFF, 0x07, 0x00, 0x00,
    0xF7, 0xFF, 0xFF, 0xFF, 0xFF, 0xFF, 0xFF, 0x07, 0x00, 0x00, 0xF8, 0xFF, 0xFF, 0x16, 0x20, 0xFA,
    0xFF, 0x04, 0x00, 0x00, 0xF6, 0xFF, 0x6F, 0x00, 0x00, 0xF0, 0xCF, 0x00, 0x00, 0x00, 0xF1, 0xFF,
    0x3F, 0x00, 0x00, 0x70, 0x19, 0x00, 0x00, 0x00, 0x50, 0xFF, 0xAF, 0x00, 0x00, 0x02, 0x00, 0x00,
    0x00, 0x00, 0x00, 0xF8, 0xFF, 0xDE, 0xFF, 0x4F, 0x00, 0x00, 0x00, 0x40, 0xFB, 0xFF, 0xFF, 0xFF,
    0xFF, 0x5F, 0x00, 0x00, 0x00, 0xF7, 0xFF, 0xFF, 0xFF, 0xFF, 0xFF, 0x1E, 0x00, 0x00, 0x50, 0xFF,
    0xFF, 0xDF, 0x83, 0xFD, 0xAE, 0x03, 0x00, 0x00, 0xE0, 0xFF, 0xFF, 0x4F, 0x00, 0x00, 0x00, 0x00,
    0x00, 0x00, 0xF4, 0xFF, 0xFF, 0x1F, 0x00, 0x00, 0x00, 0x00, 0x30, 0x4D, 0xF7, 0xFF, 0xFF, 0x6F,
    0x00, 0x00, 0x00, 0x00, 0xE3, 0x4F, 0xF9, 0xFF, 0xFF, 0xFF, 0x4A, 0x01, 0x20, 0xA5, 0xFF, 0x0B,
    0xF8, 0xFF, 0xFF, 0xFF, 0xFF, 0xFF, 0xFF, 0xFF, 0xFF, 0x02, 0xF6, 0xFF, 0xFF, 0xFF, 0xFF, 0xFF,
    0xFF, 0xFF, 0x6F, 0x00, 0xF2, 0xFF, 0xFF, 0xFF, 0xFF, 0xFF, 0xFF, 0xFF, 0x09, 0x00, 0xC0, 0xFF,
    0xFF, 0xFF, 0xFF, 0xFF, 0xFF, 0xAF, 0x00, 0x00, 0x20, 0xFE, 0xFF, 0xFF, 0xFF, 0xFF, 0xFF, 0x08,
    0x00, 0x00, 0x00, 0xD3, 0xFF, 0xFF, 0xFF, 0xFF, 0x3C, 0x00, 0x00, 0x00, 0x00, 0x00, 0xB6, 0xFE,
    0xCE, 0x39, 0x00, 0x00, 0x00, 0x00, 0x00, 0x00, 0x00, 0x00, 0x00, 0x61, 0xC9, 0xFE, 0xFF, 0xFF,
    0xFF, 0xFF, 0xFF, 0xFF, 0x3E, 0x00, 0x00, 0x00, 0x00, 0xC5, 0xFF, 0xFF, 0xFF, 0xFF, 0xFF, 0xFF,
    0xFF, 0xFF, 0xFF, 0x5F, 0x00, 0x00, 0x00, 0xD3, 0xFF, 0xFF, 0xFF, 0xFF, 0xFF, 0xFF, 0xFF, 0xFF,
    0xFF, 0xFF, 0x2F, 0x00, 0x00, 0x50, 0xFF, 0xFF, 0xFF, 0xFF, 0xFF, 0xFF, 0xFF, 0xFF, 0xFF, 0xFF,
    0xFF, 0x0B, 0x00, 0x00, 0xF4, 0xFF, 0xFF, 0xFF, 0xFF, 0xFF, 0xFF, 0xFF, 0xFF, 0xFF, 0xFF, 0xCF,
    0x01, 0x00, 0x00, 0xFD, 0xFF, 0xFF, 0xFF, 0x49, 0x02, 0x00, 0x41, 0x96, 0xCB, 0xAC, 0x05, 0x00,
    0x00, 0x50, 0xFF, 0xFF, 0xFF, 0x1E, 0x00, 0x00, 0x30, 0xFE, 0x09, 0x00, 0x00, 0x00, 0x00, 0x00,
    0x90, 0xFF, 0xFF, 0xFF, 0x09, 0x00, 0x00, 0xD0, 0xFF, 0x0E, 0x00, 0x00, 0x00, 0x00, 0x00, 0xA0,
    0xFF, 0xFF, 0xFF, 0x1D, 0x00, 0x00, 0xF4, 0xFF, 0x09, 0x00, 0x00, 0x00, 0x00, 0x00, 0x90, 0xFF,
    0xFF, 0xFF, 0xEF, 0x00, 0x00, 0xFA, 0xFF, 0x04, 0x00, 0x00, 0x00, 0x00, 0x00, 0x50, 0xFF, 0xFF,
    0xFF, 0xBF, 0x00, 0x00, 0xFF, 0xEF, 0x00, 0x00, 0x00, 0x00, 0x00, 0x00, 0x00, 0xFC, 0xFF, 0xFF,
    0x2F, 0x00, 0x50, 0xFF, 0x9F, 0x00, 0x00, 0x00, 0x00, 0x00, 0x00, 0x00, 0xA1, 0xFF, 0xBF, 0x02,
    0xC4, 0xED, 0xFF, 0xEF, 0xDD, 0xAD, 0x00, 0x00, 0x00, 0x00, 0x00, 0x00, 0x10, 0x00, 0x00, 0xFE,
    0xFF, 0xFF, 0xFF, 0xFF, 0xFF, 0x04, 0x00, 0x00, 0x00, 0x00, 0x00, 0x00, 0x00, 0x00, 0xFC, 0xFF,
    0xFF, 0xFF, 0xFF, 0xDF, 0x00, 0x00, 0x00, 0x00, 0x00, 0x00, 0x00, 0x00, 0x00, 0x40, 0xFF, 0xFF,
    0xED, 0xFF, 0x2A, 0x00, 0x00, 0x00, 0x00, 0x70, 0x2A, 0x00, 0x00, 0x00, 0x90, 0xFF, 0xDF, 0x00,
    0x00, 0x00, 0x00, 0x00, 0x00, 0x10, 0xFD, 0x6F, 0x00, 0x00, 0x00, 0xF5, 0xFF, 0x7F, 0x00, 0x00,
    0x00, 0x00, 0x00, 0x00, 0xB0, 0xFF, 0xBF, 0x00, 0x00, 0x40, 0xFF, 0xFF, 0x1F, 0x00, 0x00, 0x00,
    0x00, 0x00, 0x00, 0xF2, 0xFF, 0xFF, 0x2A, 0x20, 0xF9, 0xFF, 0xFF, 0x0A, 0x00, 0x00, 0x00, 0x00,
    0x00, 0x00, 0xF7, 0xFF, 0xFF, 0xFF, 0xFF, 0xFF, 0xFF, 0xFF, 0x03, 0x00, 0x00, 0x00, 0x00, 0x00,
    0x00, 0xF9, 0xFF, 0xFF, 0xFF, 0xFF, 0xFF, 0xFF, 0xBF, 0x00, 0x00, 0x00, 0x00, 0x00, 0x00, 0x00,
    0xF9, 0xFF, 0xFF, 0xFF, 0xFF, 0xFF, 0xFF, 0x2F, 0x00, 0x00, 0x00, 0x00, 0x00, 0x00, 0x00, 0xF7,
    0xFF, 0xFF, 0xFF, 0xFF, 0xFF, 0xFF, 0x07, 0x00, 0x00, 0x00, 0x00, 0x00, 0x00, 0x00, 0xF2, 0xFF,
    0xFF, 0xFF, 0xFF, 0xFF, 0xAF, 0x00, 0x00, 0x00, 0x00, 0x00, 0x00, 0x00, 0x00, 0x90, 0xFF, 0xFF,
    0xFF, 0xFF, 0xFF, 0x0B, 0x00, 0x00, 0x00, 0x00, 0x00, 0x00, 0x00, 0x00, 0x00, 0xFA, 0xFF, 0xFF,
    0xFF, 0x8F, 0x00, 0x00, 0x00, 0x00, 0x00, 0x00, 0x00, 0x00, 0x00, 0x00, 0x40, 0xDA, 0xFF, 0x8C,
    0x01, 0x00, 0x00, 0x00, 0x00, 0x00, 0x00, 0x00, 0x00, 0x00, 0x00, 0x00, 0x00, 0x00, 0x00, 0x00,
    0x00, 0x00, 0x20, 0xB7, 0xFE, 0xDF, 0x29, 0x00, 0x00, 0x00, 0x71, 0xEC, 0xEF, 0x6B, 0x00, 0x30,
    0xFB, 0xFF, 0xFF, 0xFF, 0xFF, 0x06, 0x00, 0x70, 0xFF, 0xFF, 0xFF, 0xFF, 0x3D, 0xF6, 0xFF, 0xFF,
    0xFF, 0xFF, 0xFF, 0x3F, 0x00, 0xF9, 0xFF, 0xFF, 0xFF, 0xFF, 0xFF, 0xFF, 0xFF, 0xFF, 0xFF, 0xFF,
    0xFF, 0xAF, 0x60, 0xFF, 0xFF, 0xFF, 0xFF, 0xFF, 0xFF, 0xFF, 0xFF, 0xFF, 0xFF, 0xFF, 0xFF, 0xDF,
    0xD0, 0xFF, 0xFF, 0xFF, 0xFF, 0xFF, 0xFF, 0xFF, 0xFF, 0x4C, 0x01, 0xF4, 0xFF, 0xCF, 0xF3, 0xFF,
    0xFF, 0xFF, 0x2B, 0x50, 0xFF, 0xFF, 0xEF, 0x00, 0x00, 0xF0, 0xFF, 0x8F, 0xF6, 0xFF, 0xFF, 0xFF,
    0x01, 0x70, 0xFF, 0xFF, 0xFF, 0x04, 0x30, 0xFB, 0xFF, 0x1E, 0xF7, 0xFF, 0xFF, 0xFF, 0x00, 0xC0,
    0xFF, 0xFF, 0xFF, 0xFF, 0xFF, 0xFF, 0xEF, 0x02, 0xF6, 0xFF, 0xFF, 0xFF, 0x06, 0xF0, 0xFF, 0xFF,
    0xAA, 0xFE, 0xFF, 0xCF, 0x07, 0x00, 0xF3, 0xFF, 0xFF, 0xFF, 0x8F, 0xF3, 0xFF, 0xFF, 0x04, 0x00,
    0x12, 0x00, 0x00, 0x00, 0xC0, 0xFF, 0xFF, 0xFF, 0x5F, 0xF5, 0xFF, 0xFF, 0x05, 0x00, 0x00, 0x20,
    0x01, 0x00, 0x30, 0xFF, 0xFF, 0xFF, 0x0A, 0xF6, 0xFF, 0xFF, 0x0B, 0x00, 0x00, 0xF5, 0x0E, 0x00,
    0x00, 0xA2, 0xED, 0x5C, 0x00, 0xF6, 0xFF, 0xFF, 0xAF, 0x24, 0xA4, 0xFF, 0x0E, 0x00, 0x00, 0x00,
    0x00, 0x00, 0x00, 0xF5, 0xFF, 0xFF, 0xFF, 0xFF, 0xFF, 0xFF, 0x0A, 0x00, 0x00, 0x00, 0x00, 0x00,
    0x00, 0xF3, 0xFF, 0xFF, 0xFF, 0xFF, 0xFF, 0xFF, 0x06, 0x00, 0x00, 0x00, 0x00, 0x00, 0x00, 0xF0,
    0xFF, 0xFF, 0xFF, 0xFF, 0xFF, 0xFF, 0x01, 0x00, 0x00, 0x00, 0x00, 0xC3, 0x0E, 0x90, 0xFF, 0xFF,
    0xFF, 0xFF, 0xFF, 0xCF, 0x00, 0x00, 0x00, 0x00, 0x20, 0xFF, 0x3F, 0x10, 0xFE, 0xFF, 0xFF, 0xC9,
    0xFF, 0x6F, 0x00, 0x00, 0x00, 0x00, 0xB0, 0xFF, 0x9F, 0x00, 0xC2, 0xFF, 0x9F, 0xF5, 0xFF, 0x1F,
    0x00, 0x00, 0x00, 0x00, 0xF0, 0xFF, 0xFF, 0x05, 0x00, 0x21, 0x30, 0xFE, 0xFF, 0x0C, 0x00, 0x00,
    0x00, 0x00, 0xF1, 0xFF, 0xFF, 0xAF, 0x03, 0x30, 0xF9, 0xFF, 0xFF, 0x05, 0x00, 0x00, 0x00, 0x00,
    0xF0, 0xFF, 0xFF, 0xFF, 0xFF, 0xFF, 0xFF, 0xFF, 0xDF, 0x00, 0x00, 0x00, 0x00, 0x00, 0xD0, 0xFF,
    0xFF, 0xFF, 0xFF, 0xFF, 0xFF, 0xFF, 0x4F, 0x00, 0x00, 0x00, 0x00, 0x00, 0x70, 0xFF, 0xFF, 0xFF,
    0xFF, 0xFF, 0xFF, 0xFF, 0x07, 0x00, 0x00, 0x00, 0x00, 0x00, 0x00, 0xFC, 0xFF, 0xFF, 0xFF, 0xFF,
    0xFF, 0x6F, 0x00, 0x00, 0x00, 0x00, 0x00, 0x00, 0x00, 0xA1, 0xFF, 0xFF, 0xFF, 0xFF, 0xCF, 0x03,
    0x00, 0x00, 0x00, 0x00, 0x00, 0x00, 0x00, 0x00, 0x93, 0xED, 0xEF, 0x8C, 0x03, 0x00, 0x00, 0x00,
    0x00, 0x00, 0x00, 0x00, 0x00, 0x00, 0x00, 0x00, 0x84, 0xEC, 0xFF, 0xBE, 0x04, 0x00, 0x00, 0x00,
    0xB2, 0xEF, 0x09, 0x00, 0x00, 0x00, 0x00, 0x00, 0xD6, 0xFF, 0xFF, 0xFF, 0xFF, 0x6F, 0x00, 0x00,
    0x30, 0xFF, 0xFF, 0x6F, 0x00, 0x00, 0x00, 0x00, 0xC2, 0xFF, 0xFF, 0xFF, 0xFF, 0xFF, 0xEF, 0x00,
    0x00, 0xE1, 0xFF, 0xFF, 0xBF, 0x00, 0x00, 0x00, 0x30, 0xFE, 0xFF, 0xFF, 0xFF, 0xFF, 0xFF, 0xFF,
    0x00, 0x00, 0xF9, 0xFF, 0xFF, 0xCF, 0x00, 0x00, 0x00, 0xE1, 0xFF, 0xFF, 0xFF, 0xFF, 0xFF, 0xFF,
    0xDF, 0x00, 0x20, 0xFF, 0xFF, 0xFF, 0xAF, 0x00, 0x00, 0x00, 0xFB, 0xFF, 0xFF, 0xFF, 0x27, 0x40,
    0xFF, 0x9F, 0x00, 0x90, 0xFF, 0xFF, 0xFF, 0x6F, 0x00, 0x00, 0x40, 0xFF, 0xFF, 0xFF, 0x3F, 0x00,
    0x80, 0xFF, 0x3F, 0x00, 0xF1, 0xEF, 0x51, 0xFF, 0x1F, 0x00, 0x00, 0xB0, 0xFF, 0xFF, 0xFF, 0x08,
    0x00, 0xE0, 0xFF, 0x0E, 0x00, 0xF6, 0x8F, 0x60, 0xFF, 0x09, 0x00, 0x00, 0xF0, 0xFF, 0xFF, 0xFF,
    0x03, 0x00, 0xF5, 0xFF, 0x08, 0x00, 0xFC, 0x2F, 0xD0, 0xEF, 0x01, 0x00, 0x00, 0xF2, 0xFF, 0xFF,
    0xFF, 0x01, 0x00, 0xFC, 0xFF, 0x03, 0x20, 0xFF, 0x0E, 0xFA, 0x4F, 0x00, 0x00, 0x00, 0xF2, 0xFF,
    0xFF, 0xFF, 0x04, 0x20, 0xFF, 0xDF, 0x00, 0x80, 0xFF, 0xCF, 0xFF, 0x05, 0x00, 0x00, 0x00, 0xF1,
    0xFF, 0xFF, 0xFF, 0x4F, 0x90, 0xFF, 0xDF, 0x23, 0xF5, 0xFF, 0xFF, 0x4E, 0x00, 0x00, 0x00, 0x00,
    0xD0, 0xFF, 0xFF, 0xFF, 0x5F, 0xF0, 0xFF, 0xFF, 0xFF, 0xFF, 0xFF, 0x8F, 0x01, 0x00, 0x00, 0x00,
    0x00, 0x60, 0xFF, 0xFF, 0xFF, 0x0D, 0xF6, 0xFF, 0xFF, 0xFF, 0xFF, 0xFF, 0x03, 0x00, 0x00, 0x00,
    0x00, 0x00, 0x00, 0xF9, 0xFF, 0xBF, 0x11, 0xFE, 0xFF, 0x04, 0x50, 0xFF, 0xEF, 0x00, 0x00, 0x00,
    0x00, 0x00, 0x50, 0x18, 0x20, 0x56, 0x02, 0xB0, 0xFF, 0xAF, 0x00, 0x50, 0xFF, 0xFF, 0x00, 0x00,
    0x30, 0x07, 0x10, 0xFD, 0x7F, 0x00, 0x00, 0x00, 0xFA, 0xFF, 0x3F, 0x00, 0x90, 0xFF, 0xFF, 0x09,
    0x00, 0xE4, 0x1F, 0xB0, 0xFF, 0xFF, 0x27, 0x10, 0xE6, 0xFF, 0xFF, 0x0B, 0x00, 0xC0, 0xFF, 0xFF,
    0xDF, 0xDB, 0xFF, 0x0A, 0xF4, 0xFF, 0xFF, 0xFF, 0xFF, 0xFF, 0xFF, 0xFF, 0x03, 0x00, 0xF0, 0xFF,
    0xFF, 0xFF, 0xFF, 0xFF, 0x02, 0xF8, 0xFF, 0xFF, 0xFF, 0xFF, 0xFF, 0xFF, 0xAF, 0x00, 0x00, 0xF1,
    0xFF, 0xFF, 0xFF, 0xFF, 0x9F, 0x00, 0xFA, 0xFF, 0xFF, 0xFF, 0xFF, 0xFF, 0xFF, 0x1F, 0x00, 0x00,
    0xF2, 0xFF, 0xFF, 0xFF, 0xFF, 0x1E, 0x00, 0xF9, 0xFF, 0xFF, 0xFF, 0xFF, 0xFF, 0xFF, 0x05, 0x00,
    0x00, 0xF2, 0xFF, 0xFF, 0xFF, 0xFF, 0x05, 0x00, 0xF4, 0xFF, 0xFF, 0xFF, 0xFF, 0xFF, 0x8F, 0x00,
    0x00, 0x00, 0xF0, 0xFF, 0xFF, 0xFF, 0x8F, 0x00, 0x00, 0xC0, 0xFF, 0xFF, 0xFF, 0xFF, 0xFF, 0x07,
    0x00, 0x00, 0x00, 0x80, 0xFF, 0xFF, 0xFF, 0x07, 0x00, 0x00, 0x20, 0xFD, 0xFF, 0xFF, 0xFF, 0x4D,
    0x00, 0x00, 0x00, 0x00, 0x00, 0xD6, 0xEF, 0x3A, 0x00, 0x00, 0x00, 0x00, 0x70, 0xEC, 0xEF, 0x5A,
    0x00, 0x00, 0x00, 0x00, 0x00, 0x00, 0x00, 0x00, 0x00, 0x00, 0x00, 0x00, 0x00, 0x00, 0x00, 0x30,
    0xB8, 0xFD, 0xFF, 0x9D, 0x01, 0x00, 0x00, 0x50, 0xFD, 0xFF, 0xFF, 0xFF, 0xFF, 0x0D, 0x00, 0x10,
    0xFC, 0xFF, 0xFF, 0xFF, 0xFF, 0xFF, 0x4F, 0x00, 0xE2, 0xFF, 0xFF, 0xFF, 0xFF, 0xFF, 0xFF, 0x4F,
    0x00, 0xFD, 0xFF, 0xFF, 0xFF, 0xFF, 0xFF, 0xFF, 0x2F, 0x80, 0xFF, 0xFF, 0xFF, 0x6D, 0x01, 0xE1,
    0xFF, 0x0E, 0xF0, 0xFF, 0xFF, 0xFF, 0x01, 0x00, 0xF5, 0xFF, 0x0A, 0xF4, 0xFF, 0xFF, 0xCF, 0x00,
    0x00, 0xFB, 0xFF, 0x06, 0xF7, 0xFF, 0xFF, 0xFF, 0x02, 0x20, 0xFF, 0xFF, 0x02, 0xF8, 0xFF, 0xFF,
    0xFF, 0x1F, 0xA0, 0xFF, 0xDF, 0x00, 0xF5, 0xFF, 0xFF, 0xFF, 0x0E, 0xF1, 0xFF, 0x9F, 0x00, 0xE0,
    0xFF, 0xFF, 0xFF, 0x07, 0xF9, 0xFF, 0x4F, 0x00, 0x30, 0xFE, 0xFF, 0x7F, 0x20, 0xFF, 0xFF, 0x0F,
    0x00, 0x00, 0x50, 0x67, 0x01, 0xC0, 0xFF, 0xFF, 0x0B, 0x00, 0x00, 0x00, 0x00, 0x00, 0xF7, 0xFF,
    0xFF, 0x06, 0x00, 0x00, 0x00, 0x00, 0x40, 0xFF, 0xFF, 0xFF, 0x02, 0x00, 0x00, 0x00, 0x00, 0xE2,
    0xFF, 0xFF, 0xDF, 0x00, 0x00, 0x00, 0x00, 0x20, 0xFE, 0xFF, 0xFF, 0x8F, 0x00, 0x00, 0x00, 0x00,
    0xE2, 0xFF, 0xFF, 0xFF, 0x3F, 0x00, 0x00, 0x00, 0x00, 0xFD, 0xFF, 0xFF, 0xFF, 0x0D, 0x00, 0x00,
    0x00, 0x80, 0xFF, 0xFF, 0xFF, 0xFF, 0x07, 0x00, 0x00, 0x00, 0xB0, 0xFF, 0xFF, 0xFF, 0xFF, 0x01,
    0x00, 0x00, 0x00, 0xB0, 0xFF, 0xFF, 0xFF, 0x7F, 0x00, 0x00, 0x00, 0x00, 0x40, 0xFF, 0xFF, 0xFF,
    0x09, 0x00, 0x00, 0x00, 0x00, 0x00, 0xC4, 0xFF, 0x5C, 0x00, 0x00, 0x00, 0x00, 0x00, 0x00, 0x00,
    0x00, 0x00, 0x00, 0x84, 0xEB, 0xFF, 0xBE, 0x05, 0x00, 0x00, 0x00, 0x00, 0x00, 0xD6, 0xFF, 0xFF,
    0xFF, 0xFF, 0x7F, 0x00, 0x00, 0x00, 0x00, 0xC1, 0xFF, 0xFF, 0xFF, 0xFF, 0xFF, 0xEF, 0x00, 0x00,
    0x00, 0x20, 0xFE, 0xFF, 0xFF, 0xFF, 0xFF, 0xFF, 0xFF, 0x00, 0x00, 0x00, 0xE1, 0xFF, 0xFF, 0xFF,
    0xFF, 0xFF, 0xFF, 0xDF, 0x00, 0x00, 0x00, 0xFB, 0xFF, 0xFF, 0xDF, 0x15, 0x40, 0xFF, 0x8F, 0x00,
    0x00, 0x40, 0xFF, 0xFF, 0xFF, 0x0D, 0x00, 0x90, 0xFF, 0x3F, 0x00, 0x00, 0xA0, 0xFF, 0xFF, 0xFF,
    0x04, 0x00, 0xF0, 0xFF, 0x0D, 0x00, 0x00, 0xE0, 0xFF, 0xFF, 0xFF, 0x01, 0x00, 0xF6, 0xFF, 0x08,
    0x00, 0x00, 0xF1, 0xFF, 0xFF, 0xFF, 0x02, 0x00, 0xFD, 0xFF, 0x02, 0x00, 0x00, 0xF2, 0xFF, 0xFF,
    0xFF, 0x2C, 0x30, 0xFF, 0xDF, 0x00, 0x00, 0x00, 0xF1, 0xFF, 0xFF, 0xFF, 0x6F, 0x90, 0xFF, 0x7F,
    0x00, 0x00, 0x00, 0xD0, 0xFF, 0xFF, 0xFF, 0x1F, 0xF0, 0xFF, 0x2F, 0x00, 0x00, 0x00, 0x40, 0xFF,
    0xFF, 0xFF, 0x06, 0xF6, 0xFF, 0x0C, 0x00, 0x00, 0x10, 0x02, 0xB4, 0xEF, 0x3B, 0x10, 0xFE, 0xFF,
    0x07, 0x00, 0x00, 0xF9, 0x0F, 0x00, 0x00, 0x00, 0xB0, 0xFF, 0xFF, 0x01, 0x00, 0x90, 0xFF, 0x5F,
    0x00, 0x00, 0x10, 0xFB, 0xFF, 0xBF, 0x00, 0x00, 0xF2, 0xFF, 0xFF, 0x28, 0x10, 0xE6, 0xFF, 0xFF,
    0x5F, 0x00, 0x00, 0xF7, 0xFF, 0xFF, 0xFF, 0xFF, 0xFF, 0xFF, 0xFF, 0x0E, 0x00, 0x00, 0xFA, 0xFF,
    0xFF, 0xFF, 0xFF, 0xFF, 0xFF, 0xFF, 0x07, 0x00, 0x00, 0xF9, 0xFF, 0xFF, 0xFF, 0xFF, 0xFF, 0xFF,
    0xEF, 0x00, 0x00, 0x00, 0xF7, 0xFF, 0xFF, 0xFF, 0xFF, 0xFF, 0xFF, 0x4F, 0x00, 0x00, 0x00, 0xF2,
    0xFF, 0xFF, 0xFF, 0xFF, 0xFF, 0xFF, 0x09, 0x00, 0x00, 0x00, 0x80, 0xFF, 0xFF, 0xFF, 0xFF, 0xFF,
    0xAF, 0x00, 0x00, 0x00, 0x00, 0x00, 0xF8, 0xFF, 0xFF, 0xFF, 0xFF, 0x07, 0x00, 0x00, 0x00, 0x00,
    0x00, 0x30, 0xD9, 0xFF, 0xBE, 0x17, 0x00, 0x00, 0x00, 0x00, 0x00, 0x00, 0x00, 0x00, 0x00, 0x00,
    0x00, 0x94, 0xEC, 0xFF, 0xAE, 0x04, 0x00, 0x00, 0x30, 0xEB, 0xAF, 0x01, 0x00, 0x00, 0x00, 0x00,
    0x00, 0xE6, 0xFF, 0xFF, 0xFF, 0xFF, 0x6F, 0x00, 0x00, 0xF5, 0xFF, 0xFF, 0x0B, 0x00, 0x00, 0x00,
    0x00, 0xC1, 0xFF, 0xFF, 0xFF, 0xFF, 0xFF, 0xDF, 0x00, 0x20, 0xFF, 0xFF, 0xFF, 0x2F, 0x00, 0x00,
    0x00, 0x20, 0xFE, 0xFF, 0xFF, 0xFF, 0xFF, 0xFF, 0xFF, 0x00, 0xA0, 0xFF, 0xFF, 0xFF, 0x4F, 0x00,
    0x00, 0x00, 0xD0, 0xFF, 0xFF, 0xFF, 0xFF, 0xFF, 0xFF, 0xDF, 0x00, 0xF2, 0xFF, 0xFF, 0xFF, 0x4F,
    0x00, 0x00, 0x00, 0xF9, 0xFF, 0xFF, 0xFF, 0x27, 0x50, 0xFF, 0x9F, 0x00, 0xF9, 0xFF, 0xFF, 0xFF,
    0x1F, 0x00, 0x00, 0x20, 0xFF, 0xFF, 0xFF, 0x3F, 0x00, 0x80, 0xFF, 0x4F, 0x10, 0xFF, 0xFF, 0xFF,
    0xFF, 0x0B, 0x00, 0x00, 0x90, 0xFF, 0xFF, 0xFF, 0x08, 0x00, 0xE0, 0xFF, 0x0E, 0x70, 0xFF, 0xFF,
    0xFF, 0xFF, 0x02, 0x00, 0x00, 0xD0, 0xFF, 0xFF, 0xFF, 0x03, 0x00, 0xF5, 0xFF, 0x09, 0xE0, 0xFF,
    0x5F, 0x50, 0x28, 0x00, 0x00, 0x00, 0xF1, 0xFF, 0xFF, 0xFF, 0x01, 0x00, 0xFC, 0xFF, 0x04, 0xF8,
    0xFF, 0x05, 0x00, 0x00, 0x00, 0x00, 0x00, 0xF2, 0xFF, 0xFF, 0xFF, 0x05, 0x20, 0xFF, 0xFF, 0x54,
    0xFF, 0x9F, 0x00, 0x00, 0x00, 0x00, 0x00, 0x00, 0xF2, 0xFF, 0xFF, 0xFF, 0x5F, 0x90, 0xFF, 0xFF,
    0xFF, 0xFF, 0x0D, 0x00, 0x00, 0x00, 0x00, 0x00, 0x00, 0xF0, 0xFF, 0xFF, 0xFF, 0x5F, 0xE0, 0xFF,
    0xFF, 0xFF, 0xCF, 0x01, 0x00, 0x00, 0x00, 0x00, 0x00, 0x00, 0x90, 0xFF, 0xFF, 0xFF, 0x0D, 0xF6,
    0xFF, 0xFF, 0xFF, 0x7F, 0x00, 0x00, 0x00, 0x00, 0x00, 0x00, 0x00, 0x00, 0xFC, 0xFF, 0xCF, 0x11,
    0xFE, 0xFF, 0xFF, 0xFF, 0xFF, 0x03, 0x00, 0x00, 0x00, 0x00, 0x00, 0xD6, 0x0E, 0x40, 0x77, 0x04,
    0xB0, 0xFF, 0xFF, 0x54, 0xFF, 0xFF, 0x0A, 0x00, 0x00, 0x16, 0x00, 0x70, 0xFF, 0x4F, 0x00, 0x00,
    0x10, 0xFB, 0xFF, 0xDF, 0x30, 0xFF, 0xFF, 0x0F, 0x00, 0x60, 0x9F, 0x00, 0xF1, 0xFF, 0xFF, 0x27,
    0x10, 0xE6, 0xFF, 0xFF, 0x6F, 0x40, 0xFF, 0xFF, 0x9F, 0x11, 0xF7, 0x3F, 0x00, 0xF7, 0xFF, 0xFF,
    0xFF, 0xFF, 0xFF, 0xFF, 0xFF, 0x1F, 0x40, 0xFF, 0xFF, 0xFF, 0xFF, 0xFF, 0x0B, 0x00, 0xF9, 0xFF,
    0xFF, 0xFF, 0xFF, 0xFF, 0xFF, 0xFF, 0x08, 0x40, 0xFF, 0xFF, 0xFF, 0xFF, 0xFF, 0x03, 0x00, 0xFA,
    0xFF, 0xFF, 0xFF, 0xFF, 0xFF, 0xFF, 0xEF, 0x01, 0x30, 0xFF, 0xFF, 0xFF, 0xFF, 0x9F, 0x00, 0x00,
    0xF7, 0xFF, 0xFF, 0xFF, 0xFF, 0xFF, 0xFF, 0x5F, 0x00, 0x20, 0xFF, 0xFF, 0xFF, 0xFF, 0x0C, 0x00,
    0x00, 0xF2, 0xFF, 0xFF, 0xFF, 0xFF, 0xFF, 0xFF, 0x0A, 0x00, 0x00, 0xFE, 0xFF, 0xFF, 0xEF, 0x02,
    0x00, 0x00, 0x90, 0xFF, 0xFF, 0xFF, 0xFF, 0xFF, 0xBF, 0x00, 0x00, 0x00, 0xF8, 0xFF, 0xFF, 0x2D,
    0x00, 0x00, 0x00, 0x00, 0xF9, 0xFF, 0xFF, 0xFF, 0xFF, 0x07, 0x00, 0x00, 0x00, 0x90, 0xFE, 0x7D,
    0x00, 0x00, 0x00, 0x00, 0x00, 0x30, 0xD9, 0xFF, 0xBE, 0x17, 0x00, 0x00, 0x00, 0x00, 0x00, 0x00,
    0x00, 0x00, 0x00, 0x00, 0x00, 0x00, 0x00, 0x00, 0x00, 0xB4, 0xFE, 0x7D, 0x00, 0x00, 0x30, 0xEA,
    0xEF, 0x3B, 0x00, 0x00, 0x00, 0x00, 0x90, 0xFF, 0xFF, 0xFF, 0x09, 0x00, 0xF9, 0xFF, 0xFF, 0xFF,
    0x05, 0x00, 0x00, 0x00, 0xF7, 0xFF, 0xFF, 0xFF, 0x0F, 0x90, 0xFF, 0xFF, 0xFF, 0xFF, 0x0E, 0x00,
    0x00, 0x00, 0xFE, 0xFF, 0xFF, 0xFF, 0x0F, 0xF6, 0xFF, 0xFF, 0xFF, 0xFF, 0x4F, 0x00, 0x00, 0x40,
    0xFF, 0xFF, 0xFF, 0x4D, 0x11, 0xFF, 0xFF, 0xFF, 0xFF, 0xFF, 0x5F, 0x00, 0x00, 0x60, 0xFF, 0xFF,
    0xFF, 0x02, 0xA0, 0xFF, 0xFF, 0xFF, 0xFF, 0xFF, 0x5F, 0x00, 0x00, 0x60, 0xFF, 0xFF, 0xCF, 0x00,
    0xF2, 0xFF, 0xBF, 0x41, 0xFF, 0xFF, 0x2F, 0x00, 0x00, 0x40, 0xFF, 0xFF, 0xBF, 0x00, 0xFA, 0xFF,
    0x0D, 0x10, 0xFF, 0xFF, 0x0D, 0x00, 0x00, 0x10, 0xFF, 0xFF, 0xFF, 0x20, 0xFF, 0xFF, 0x03, 0x70,
    0xFF, 0xFF, 0x06, 0x00, 0x00, 0x00, 0xF9, 0xFF, 0xFF, 0x99, 0xFF, 0xAF, 0x00, 0xF4, 0xFF, 0xCF,
    0x00, 0x00, 0x00, 0x00, 0xD1, 0xFF, 0xFF, 0xFF, 0xFF, 0x3F, 0x93, 0xFF, 0xFF, 0x2E, 0x00, 0x00,
    0x00, 0x00, 0x10, 0xFD, 0xFF, 0xFF, 0xFF, 0xFF, 0xFF, 0xFF, 0xCF, 0x02, 0x00, 0x00, 0x00, 0x00,
    0x00, 0x80, 0xFF, 0xFF, 0xFF, 0xFF, 0xFF, 0xEF, 0x07, 0x00, 0x00, 0x00, 0x00, 0x00, 0x11, 0x00,
    0x80, 0xFF, 0xFF, 0xEF, 0x9C, 0x05, 0x00, 0x00, 0x00, 0x00, 0x40, 0xFB, 0xFF, 0xCF, 0xC6, 0xFF,
    0x7F, 0x00, 0x00, 0x00, 0x00, 0x00, 0x00, 0x00, 0xF9, 0xFF, 0xFF, 0xFF, 0xFF, 0xFF, 0x0F, 0x00,
    0x00, 0x00, 0x00, 0x20, 0x2C, 0x70, 0xFF, 0xFF, 0x2F, 0xC2, 0xFF, 0xFF, 0x0A, 0x00, 0x00, 0x00,
    0x00, 0xD0, 0x4F, 0xE0, 0xFF, 0xFF, 0x1F, 0xC2, 0xFF, 0xFF, 0x7F, 0x00, 0x00, 0x00, 0x20, 0xFC,
    0x0C, 0xF4, 0xFF, 0xFF, 0xFF, 0xFF, 0xFF, 0xFF, 0xFF, 0x5D, 0x01, 0x41, 0xFA, 0xFF, 0x03, 0xF6,
    0xFF, 0xFF, 0xFF, 0xFF, 0xFF, 0xFF, 0xFF, 0xFF, 0xFF, 0xFF, 0xFF, 0xAF, 0x00, 0xF4, 0xFF, 0xFF,
    0xFF, 0xFF, 0xFF, 0xFF, 0xFF, 0xFF, 0xFF, 0xFF, 0xFF, 0x2F, 0x00, 0xF1, 0xFF, 0xFF, 0xFF, 0xFF,
    0xFF, 0xF6, 0xFF, 0xFF, 0xFF, 0xFF, 0xFF, 0x07, 0x00, 0x90, 0xFF, 0xFF, 0xFF, 0xFF, 0x5F, 0x40,
    0xFF, 0xFF, 0xFF, 0xFF, 0xBF, 0x00, 0x00, 0x00, 0xFC, 0xFF, 0xFF, 0xFF, 0x04, 0x00, 0xD2, 0xFF,
    0xFF, 0xFF, 0x0B, 0x00, 0x00, 0x00, 0x60, 0xFC, 0xCF, 0x18, 0x00, 0x00, 0x00, 0xC6, 0xFF, 0x6D,
    0x00, 0x00, 0x00, 0x00, 0x00, 0x00, 0x00, 0x00, 0x50, 0xC9, 0xFE, 0xDF, 0x6A, 0x00, 0x00, 0x00,
    0x00, 0x00, 0x00, 0xA3, 0xFE, 0x6D, 0x00, 0x00, 0x00, 0x00, 0x00, 0x60, 0xFE, 0xFF, 0xFF, 0xFF,
    0xFF, 0x5E, 0x00, 0x00, 0x00, 0x00, 0x90, 0xFF, 0xFF, 0xFF, 0x06, 0x00, 0x00, 0x00, 0x10, 0xFC,
    0xFF, 0xFF, 0xFF, 0xFF, 0xFF, 0xFF, 0x08, 0x00, 0x00, 0x10, 0xFC, 0xFF, 0xFF, 0xFF, 0x0C, 0x00,
    0x00, 0x00, 0xD1, 0xFF, 0xFF, 0xFF, 0xFF, 0xFF, 0xFF, 0xFF, 0x6F, 0x00, 0x00, 0xD1, 0xFF, 0xFF,
    0xFF, 0xFF, 0x0E, 0x00, 0x00, 0x00, 0xFB, 0xFF, 0xFF, 0xFF, 0xFF, 0xFF, 0xFF, 0xFF, 0xEF, 0x01,
    0x00, 0xFD, 0xFF, 0xFF, 0xFF, 0xFF, 0x0C, 0x00, 0x00, 0x50, 0xFF, 0xFF, 0xFF, 0x4D, 0x30, 0xFD,
    0xFF, 0xFF, 0xFF, 0x07, 0xA0, 0xFF, 0xFF, 0xFF, 0xFF, 0xFF, 0x06, 0x00, 0x00, 0xC0, 0xFF, 0xFF,
    0xFF, 0x02, 0x00, 0xF4, 0xFF, 0xFF, 0xFF, 0x0D, 0xF5, 0xFF, 0xFF, 0xFF, 0xFF, 0xCF, 0x00, 0x00,
    0x00, 0xF1, 0xFF, 0xFF, 0xBF, 0x00, 0x00, 0xF1, 0xFF, 0xFF, 0xFF, 0x1F, 0xFE, 0xFF, 0xFF, 0xFF,
    0x16, 0x05, 0x00, 0x00, 0x00, 0xF3, 0xFF, 0xFF, 0x9F, 0x00, 0x00, 0xF1, 0xFF, 0xFF, 0xFF, 0xCF,
    0xFF, 0xFF, 0xFF, 0xCF, 0x00, 0x00, 0x00, 0x00, 0x00, 0xF3, 0xFF, 0xFF, 0xDF, 0x00, 0x00, 0xF4,
    0xFF, 0xFF, 0xFF, 0xFF, 0xFF, 0xFF, 0xFF, 0x6F, 0x00, 0x00, 0x00, 0x00, 0x00, 0xF2, 0xFF, 0xFF,
    0xFF, 0x3D, 0x00, 0xF8, 0x6F, 0xF5, 0xFF, 0xFF, 0xDF, 0x92, 0xFF, 0x1F, 0x00, 0x00, 0x00, 0x00,
    0x00, 0xD0, 0xFF, 0xFF, 0xFF, 0x4F, 0x00, 0xFE, 0x0F, 0xF2, 0xFF, 0xFF, 0x4F, 0xA0, 0xFF, 0x0E,
    0x00, 0x00, 0x00, 0x00, 0x00, 0x50, 0xFF, 0xFF, 0xFF, 0x0D, 0x50, 0xFF, 0x0C, 0xF2, 0xFF, 0xFF,
    0x0D, 0xF0, 0xFF, 0x0B, 0x00, 0x00, 0x00, 0x00, 0x00, 0x00, 0xF6, 0xFF, 0xCF, 0x02, 0xE0, 0xFF,
    0x08, 0xF4, 0xFF, 0xFF, 0x07, 0xF5, 0xFF, 0x08, 0x00, 0x00, 0x00, 0x00, 0x00, 0x01, 0x00, 0x54,
    0x02, 0x00, 0xF9, 0xFF, 0x04, 0xF8, 0xFF, 0xFF, 0x02, 0xFA, 0xFF, 0x07, 0x00, 0x00, 0x00, 0x00,
    0xD3, 0x8F, 0x00, 0x00, 0x00, 0x60, 0xFF, 0xEF, 0x00, 0xFC, 0xFF, 0xDF, 0x00, 0xFF, 0xFF, 0x09,
    0x00, 0xC1, 0x04, 0x30, 0xFF, 0xDF, 0x00, 0x00, 0x00, 0xF6, 0xFF, 0x9F, 0x00, 0xFF, 0xFF, 0x8F,
    0x50, 0xFF, 0xFF, 0x4F, 0x30, 0xFD, 0x08, 0xC0, 0xFF, 0xFF, 0x3B, 0x10, 0xB4, 0xFF, 0xFF, 0x3F,
    0x40, 0xFF, 0xFF, 0x4F, 0x80, 0xFF, 0xFF, 0xFF, 0xFF, 0xFF, 0x01, 0xF2, 0xFF, 0xFF, 0xFF, 0xFF,
    0xFF, 0xFF, 0xFF, 0x0B, 0x90, 0xFF, 0xFF, 0x0F, 0xB0, 0xFF, 0xFF, 0xFF, 0xFF, 0x9F, 0x00, 0xF6,
    0xFF, 0xFF, 0xFF, 0xFF, 0xFF, 0xFF, 0xFF, 0x03, 0xD0, 0xFF, 0xFF, 0x0C, 0xD0, 0xFF, 0xFF, 0xFF,
    0xFF, 0x2F, 0x00, 0xF7, 0xFF, 0xFF, 0xFF, 0xFF, 0xFF, 0xFF, 0x9F, 0x00, 0xF0, 0xFF, 0xFF, 0x07,
    0xD0, 0xFF, 0xFF, 0xFF, 0xFF, 0x09, 0x00, 0xF5, 0xFF, 0xFF, 0xFF, 0xFF, 0xFF, 0xFF, 0x0D, 0x00,
    0xF0, 0xFF, 0xFF, 0x02, 0xB0, 0xFF, 0xFF, 0xFF, 0xEF, 0x01, 0x00, 0xF1, 0xFF, 0xFF, 0xFF, 0xFF,
    0xFF, 0xEF, 0x02, 0x00, 0xA0, 0xFF, 0x8F, 0x00, 0x70, 0xFF, 0xFF, 0xFF, 0x4F, 0x00, 0x00, 0x80,
    0xFF, 0xFF, 0xFF, 0xFF, 0xFF, 0x1D, 0x00, 0x00, 0x00, 0x53, 0x02, 0x00, 0x10, 0xFE, 0xFF, 0xFF,
    0x04, 0x00, 0x00, 0x00, 0xFA, 0xFF, 0xFF, 0xFF, 0x8F, 0x00, 0x00, 0x00, 0x00, 0x00, 0x00, 0x00,
    0x00, 0xB2, 0xFF, 0x2A, 0x00, 0x00, 0x00, 0x00, 0x50, 0xEB, 0xEF, 0x7B, 0x01, 0x00, 0x00, 0x00,
    0x00, 0x00, 0x00, 0x00, 0x00, 0x00, 0x00, 0x00, 0x00, 0x00, 0x00, 0x00, 0x00, 0x00, 0x00, 0x00,
    0x72, 0xEB, 0xFF, 0xBE, 0x05, 0x00, 0x00, 0x00, 0x00, 0x00, 0x60, 0xEB, 0xEF, 0x5B, 0x00, 0x00,
    0x00, 0x00, 0x00, 0xA1, 0xFF, 0xFF, 0xFF, 0xFF, 0xDF, 0x02, 0x00, 0x00, 0x00, 0x40, 0xFE, 0xFF,
    0xFF, 0xFF, 0x08, 0x00, 0x00, 0x00, 0x30, 0xFE, 0xFF, 0xFF, 0xFF, 0xFF, 0xFF, 0x2E, 0x00, 0x00,
    0x00, 0xF5, 0xFF, 0xFF, 0xFF, 0xFF, 0x1F, 0x00, 0x00, 0x00, 0xF2, 0xFF, 0xFF, 0xFF, 0xFF, 0xFF,
    0xFF, 0xCF, 0x00, 0x00, 0x30, 0xFF, 0xFF, 0xFF, 0xFF, 0xFF, 0x3F, 0x00, 0x00, 0x00, 0xFC, 0xFF,
    0xFF, 0xFF, 0xFF, 0xFF, 0xFF, 0xFF, 0x05, 0x00, 0xD0, 0xFF, 0xFF, 0xFF, 0xFF, 0xFF, 0x0F, 0x00,
    0x00, 0x40, 0xFF, 0xFF, 0xFF, 0x3D, 0x40, 0xFF, 0xFF, 0xFF, 0x0A, 0x00, 0xF7, 0xFF, 0xFF, 0xFF,
    0xFF, 0xFF, 0x08, 0x00, 0x00, 0x90, 0xFF, 0xFF, 0xFF, 0x03, 0x00, 0xF8, 0xFF, 0xFF, 0x0F, 0x00,
    0xFE, 0xFF, 0xDF, 0x05, 0x93, 0x48, 0x00, 0x00, 0x00, 0xB0, 0xFF, 0xFF, 0xFF, 0x01, 0x00, 0xF4,
    0xFF, 0xFF, 0x2F, 0x30, 0xFF, 0xFF, 0x1D, 0x00, 0x00, 0x00, 0x00, 0x00, 0x00, 0xC0, 0xFF, 0xFF,
    0xFF, 0x05, 0x00, 0xF5, 0xFF, 0xFF, 0x5F, 0x90, 0xFF, 0xFF, 0x02, 0x00, 0x00, 0x00, 0x00, 0x00,
    0x00, 0xA0, 0xFF, 0xFF, 0xFF, 0x7F, 0x00, 0xF7, 0xFF, 0xFF, 0x7F, 0xD0, 0xFF, 0x8F, 0x00, 0x00,
    0x00, 0x00, 0x00, 0x00, 0x00, 0x60, 0xFF, 0xFF, 0xFF, 0xCF, 0x00, 0xFB, 0xCF, 0xFF, 0x8F, 0xF0,
    0xFF, 0x1F, 0x00, 0x00, 0x00, 0x00, 0x00, 0x00, 0x00, 0x00, 0xFD, 0xFF, 0xFF, 0x6F, 0x10, 0xFF,
    0x4B, 0xFF, 0x8F, 0xF3, 0xFF, 0x0A, 0x00, 0x00, 0x00, 0x00, 0x00, 0x00, 0x00, 0x00, 0xC2, 0xFF,
    0xFF, 0x07, 0x90, 0xFF, 0x57, 0xFF, 0xAF, 0xF7, 0xFF, 0x03, 0x00, 0x00, 0x00, 0x00, 0x00, 0x00,
    0x00, 0x00, 0x00, 0x63, 0x15, 0x00, 0xF2, 0xFF, 0x63, 0xFF, 0xFF, 0xFF, 0xEF, 0x00, 0x00, 0x00,
    0x00, 0x00, 0x00, 0x00, 0x00, 0x00, 0x00, 0x00, 0x00, 0x00, 0xFB, 0xFF, 0x70, 0xFF, 0xFF, 0xFF,
    0x8F, 0x00, 0x00, 0x00, 0x00, 0x00, 0x00, 0x00, 0xC4, 0x4F, 0x00, 0x00, 0x00, 0x90, 0xFF, 0xAF,
    0x80, 0xFF, 0xFF, 0xFF, 0x4F, 0x00, 0x00, 0x00, 0x00, 0x00, 0x00, 0x40, 0xFF, 0x9F, 0x00, 0x00,
    0x00, 0xF9, 0xFF, 0x4F, 0x90, 0xFF, 0xFF, 0xFF, 0x0F, 0x00, 0x00, 0x00, 0x00, 0x00, 0x00, 0xE0,
    0xFF, 0xFF, 0x29, 0x10, 0xD5, 0xFF, 0xFF, 0x0E, 0x90, 0xFF, 0xFF, 0xFF, 0x0B, 0x00, 0x00, 0x00,
    0x00, 0x00, 0x00, 0xF5, 0xFF, 0xFF, 0xFF, 0xFF, 0xFF, 0xFF, 0xFF, 0x07, 0xA0, 0xFF, 0xFF, 0xFF,
    0x07, 0x00, 0x00, 0x00, 0x00, 0x00, 0x00, 0xF9, 0xFF, 0xFF, 0xFF, 0xFF, 0xFF, 0xFF, 0xEF, 0x00,
    0xA0, 0xFF, 0xFF, 0xFF, 0x04, 0x00, 0x00, 0x00, 0x00, 0x00, 0x00, 0xFA, 0xFF, 0xFF, 0xFF, 0xFF,
    0xFF, 0xFF, 0x5F, 0x00, 0x90, 0xFF, 0xFF, 0xFF, 0x01, 0x00, 0x00, 0x00, 0x00, 0x00, 0x00, 0xF8,
    0xFF, 0xFF, 0xFF, 0xFF, 0xFF, 0xFF, 0x0A, 0x00, 0x70, 0xFF, 0xFF, 0xDF, 0x00, 0x00, 0x00, 0x00,
    0x00, 0x00, 0x00, 0xF3, 0xFF, 0xFF, 0xFF, 0xFF, 0xFF, 0xCF, 0x00, 0x00, 0x40, 0xFF, 0xFF, 0x8F,
    0x00, 0x00, 0x00, 0x00, 0x00, 0x00, 0x00, 0xB0, 0xFF, 0xFF, 0xFF, 0xFF, 0xFF, 0x0A, 0x00, 0x00,
    0x00, 0xFD, 0xFF, 0x1F, 0x00, 0x00, 0x00, 0x00, 0x00, 0x00, 0x00, 0x10, 0xFC, 0xFF, 0xFF, 0xFF,
    0x6E, 0x00, 0x00, 0x00, 0x00, 0xC2, 0xCF, 0x03, 0x00, 0x00, 0x00, 0x00, 0x00, 0x00, 0x00, 0x00,
    0x60, 0xEC, 0xDF, 0x5B, 0x00, 0x00, 0x00, 0x00, 0x00, 0x00, 0x00, 0x00, 0x00, 0x00, 0x00, 0x00,
    0x00, 0x00, 0x00, 0x00, 0x00, 0x00, 0x00, 0x10, 0xD9, 0xFF, 0x7C, 0x00, 0x00, 0x00, 0x00, 0x00,
    0x00, 0xF3, 0xFF, 0xFF, 0xFF, 0x0C, 0x00, 0x00, 0x00, 0x00, 0x20, 0xFF, 0xFF, 0xFF, 0xFF, 0x9F,
    0x00, 0x00, 0x00, 0x00, 0xB0, 0xFF, 0xFF, 0xFF, 0xFF, 0xFF, 0x01, 0x00, 0x00, 0xE7, 0xFE, 0xFF,
    0xFF, 0xFF, 0xFF, 0xFF, 0x05, 0x00, 0x70, 0xFF, 0xFF, 0xFF, 0x05, 0xD3, 0xFF, 0xFF, 0x08, 0x00,
    0xF2, 0xFF, 0xFF, 0xDF, 0x00, 0x30, 0xFF, 0xFF, 0x09, 0x00, 0xFA, 0xFF, 0xFF, 0xFF, 0x03, 0x00,
    0xFD, 0xFF, 0x09, 0x10, 0xFF, 0xFF, 0xFD, 0xFF, 0xEF, 0x01, 0xFC, 0xFF, 0x08, 0x70, 0xFF, 0xFF,
    0xF3, 0xFF, 0xFF, 0x04, 0xFC, 0xFF, 0x06, 0xC0, 0xFF, 0xDF, 0x70, 0xFF, 0xFF, 0x01, 0xFD, 0xFF,
    0x04, 0xF0, 0xFF, 0xAF, 0x00, 0xC6, 0x3B, 0x10, 0xFF, 0xFF, 0x00, 0xF4, 0xFF, 0x9F, 0x00, 0x00,
    0x00, 0x60, 0xFF, 0xCF, 0x00, 0xF7, 0xFF, 0x9F, 0x00, 0x00, 0x00, 0xD0, 0xFF, 0x7F, 0x00, 0xF9,
    0xFF, 0xBF, 0x00, 0x00, 0x00, 0xF7, 0xFF, 0x2F, 0x00, 0xFA, 0xFF, 0xFF, 0x01, 0x00, 0x50, 0xFF,
    0xFF, 0x0C, 0x00, 0xFA, 0xFF, 0xFF, 0x2B, 0x20, 0xF9, 0xFF, 0xFF, 0x05, 0x00, 0xF9, 0xFF, 0xFF,
    0xFF, 0xFF, 0xFF, 0xFF, 0xDF, 0x00, 0x00, 0xF8, 0xFF, 0xFF, 0xFF, 0xFF, 0xFF, 0xFF, 0x5F, 0x00,
    0x00, 0xF4, 0xFF, 0xFF, 0xFF, 0xFF, 0xFF, 0xFF, 0x0B, 0x00, 0x00, 0xF0, 0xFF, 0xFF, 0xFF, 0xFF,
    0xFF, 0xEF, 0x01, 0x00, 0x00, 0x90, 0xFF, 0xFF, 0xFF, 0xFF, 0xFF, 0x3F, 0x00, 0x00, 0x00, 0x10,
    0xFE, 0xFF, 0xFF, 0xFF, 0xFF, 0x04, 0x00, 0x00, 0x00, 0x00, 0xD2, 0xFF, 0xFF, 0xFF, 0x3D, 0x00,
    0x00, 0x00, 0x00, 0x00, 0x00, 0xC7, 0xEF, 0x6C, 0x00, 0x00, 0x00, 0x00, 0x00, 0x00, 0x00, 0x00,
    0x00, 0x00, 0x10, 0x96, 0xEC, 0xFF, 0xEF, 0xAC, 0x16, 0x00, 0x00, 0x00, 0x00, 0x00, 0x00, 0x00,
    0x40, 0xFB, 0xFF, 0xFF, 0xFF, 0xFF, 0xFF, 0xFF, 0x2B, 0x00, 0x00, 0x00, 0x00, 0x00, 0x20, 0xFC,
    0xFF, 0xFF, 0xFF, 0xFF, 0xFF, 0xFF, 0xFF, 0xFF, 0x05, 0x00, 0x00, 0x00, 0x00, 0xF5, 0xFF, 0xFF,
    0xFF, 0xFF, 0xFF, 0xFF, 0xFF, 0xFF, 0xFF, 0x4F, 0x00, 0x00, 0x00, 0x50, 0xFF, 0xFF, 0xFF, 0xFF,
    0xFF, 0xFF, 0xFF, 0xFF, 0xFF, 0xFF, 0xDF, 0x00, 0x00, 0x00, 0xF2, 0xFF, 0xFF, 0xFF, 0xAF, 0x25,
    0x00, 0x10, 0xA4, 0xFF, 0xFF, 0xFF, 0x05, 0x00, 0x00, 0xFC, 0xFF, 0xFF, 0xCF, 0x01, 0x00, 0xE6,
    0x3E, 0x00, 0xF4, 0xFF, 0xFF, 0x09, 0x00, 0x30, 0xFF, 0xFF, 0xFF, 0x0E, 0x00, 0x20, 0xFF, 0x6F,
    0x00, 0xA0, 0xFF, 0xFF, 0x0C, 0x00, 0x70, 0xFF, 0xFF, 0xFF, 0x0A, 0x00, 0x80, 0xFF, 0x2F, 0x00,
    0x70, 0xFF, 0xFF, 0x0D, 0x00, 0xA0, 0xFF, 0xFF, 0xFF, 0x0B, 0x00, 0xE0, 0xFF, 0x0D, 0x00, 0x80,
    0xFF, 0xFF, 0x0D, 0x00, 0xA0, 0xFF, 0xFF, 0xFF, 0xAF, 0x00, 0xF3, 0xFF, 0x07, 0x00, 0xC0, 0xFF,
    0xFF, 0x0B, 0x00, 0x90, 0xFF, 0xFF, 0xFF, 0xEF, 0x00, 0xF9, 0xFF, 0x04, 0x00, 0xF5, 0xFF, 0xFF,
    0x07, 0x00, 0x40, 0xFF, 0xFF, 0xFF, 0x9F, 0x00, 0xFE, 0xFF, 0x06, 0x81, 0xFF, 0xFF, 0xFF, 0x02,
    0x00, 0x00, 0xFB, 0xFF, 0xFF, 0x0D, 0x50, 0xFF, 0xFF, 0xFF, 0xFF, 0xFF, 0xFF, 0xAF, 0x00, 0x00,
    0x00, 0x90, 0xFF, 0x9F, 0x01, 0xC0, 0xFF, 0xFF, 0xFF, 0xFF, 0xFF, 0xFF, 0x1E, 0x00, 0x00, 0x20,
    0x05, 0x10, 0x00, 0x00, 0xF4, 0xFF, 0xFF, 0xFF, 0xFF, 0xFF, 0xEF, 0x03, 0x00, 0x00, 0xF8, 0x5F,
    0x00, 0x00, 0x10, 0xFE, 0xFF, 0xFF, 0xFF, 0xFF, 0xFF, 0x2D, 0x00, 0x00, 0x70, 0xFF, 0xAF, 0x00,
    0x00, 0xC1, 0xFF, 0xCF, 0x51, 0xFC, 0xEF, 0x5A, 0x00, 0x00, 0x00, 0xF1, 0xFF, 0xFF, 0x18, 0x50,
    0xFE, 0xFF, 0x4F, 0x00, 0x00, 0x00, 0x00, 0x00, 0x00, 0x00, 0xF6, 0xFF, 0xFF, 0xFF, 0xFF, 0xFF,
    0xFF, 0x0D, 0x00, 0x00, 0x00, 0x00, 0x00, 0x00, 0x00, 0xF9, 0xFF, 0xFF, 0xFF, 0xFF, 0xFF, 0xFF,
    0x05, 0x00, 0x00, 0x00, 0x00, 0x00, 0x00, 0x00, 0xFA, 0xFF, 0xFF, 0xFF, 0xFF, 0xFF, 0xCF, 0x00,
    0x00, 0x00, 0x00, 0x00, 0x00, 0x00, 0x00, 0xF8, 0xFF, 0xFF, 0xFF, 0xFF, 0xFF, 0x2F, 0x00, 0x00,
    0x00, 0x00, 0x00, 0x00, 0x00, 0x00, 0xF4, 0xFF, 0xFF, 0xFF, 0xFF, 0xFF, 0x05, 0x00, 0x00, 0x00,
    0x00, 0x00, 0x00, 0x00, 0x00, 0xD0, 0xFF, 0xFF, 0xFF, 0xFF, 0x6F, 0x00, 0x00, 0x00, 0x00, 0x00,
    0x00, 0x00, 0x00, 0x00, 0x20, 0xFE, 0xFF, 0xFF, 0xEF, 0x04, 0x00, 0x00, 0x00, 0x00, 0x00, 0x00,
    0x00, 0x00, 0x00, 0x00, 0x91, 0xFD, 0xCE, 0x07, 0x00, 0x00, 0x00, 0x00, 0x00, 0x00, 0x00, 0x00,
    0x00, 0x00, 0x00, 0x00, 0x00, 0x10, 0xC7, 0xFE, 0xCE, 0x17, 0x00, 0x00, 0x00, 0x00, 0x00, 0x00,
    0xF7, 0xFF, 0xFF, 0xFF, 0xFF, 0x04, 0x00, 0x00, 0x00, 0x00, 0xA0, 0xFF, 0xFF, 0xFF, 0xFF, 0xFF,
    0x3F, 0x00, 0x00, 0x00, 0x00, 0xF8, 0xFF, 0xFF, 0xFF, 0xFF, 0xFF, 0xCF, 0x00, 0x00, 0x00, 0x40,
    0xFF, 0xFF, 0xFF, 0xFF, 0xFF, 0xFF, 0xFF, 0x02, 0x00, 0x00, 0xC0, 0xFF, 0xFF, 0xFF, 0xFF, 0xFF,
    0xFF, 0xFF, 0x06, 0x00, 0x00, 0xF3, 0xFF, 0xFF, 0x27, 0x30, 0xFC, 0xFF, 0xFF, 0x08, 0x00, 0x00,
    0xF8, 0xFF, 0x2E, 0x00, 0x00, 0xE0, 0xFF, 0xFF, 0x09, 0x00, 0x00, 0xFC, 0xFF, 0x04, 0x00, 0x00,
    0x80, 0xFF, 0xFF, 0x09, 0x00, 0x00, 0xFF, 0xBF, 0x00, 0x00, 0x00, 0x60, 0xFF, 0xFF, 0x08, 0x00,
    0x00, 0xFF, 0x5F, 0x00, 0x00, 0x00, 0x70, 0xFF, 0xFF, 0x05, 0x00, 0x00, 0xFF, 0xDF, 0xFF, 0x7D,
    0x00, 0x90, 0xFF, 0xFF, 0x02, 0x00, 0x00, 0xFE, 0xFF, 0xFF, 0xFF, 0x09, 0xD0, 0xFF, 0xEF, 0x00,
    0x00, 0x00, 0xFD, 0xFF, 0xFF, 0xFF, 0x3F, 0xF4, 0xFF, 0xAF, 0x00, 0x00, 0x80, 0xFF, 0xBF, 0x11,
    0xF9, 0xAF, 0xFC, 0xFF, 0x5F, 0x00, 0x00, 0xE0, 0xFF, 0x6F, 0x00, 0xE0, 0xFF, 0xFF, 0xFF, 0x0E,
    0x00, 0x00, 0xF3, 0xFF, 0xDF, 0x04, 0xB1, 0xFF, 0xFF, 0xFF, 0x08, 0x00, 0x00, 0xF5, 0xFF, 0xFF,
    0xFF, 0xFF, 0xFF, 0xFF, 0xFF, 0x01, 0x00, 0x00, 0xF5, 0xFF, 0xFF, 0xFF, 0xFF, 0xFF, 0xFF, 0x7F,
    0x00, 0x00, 0x00, 0xF4, 0xFF, 0xFF, 0xFF, 0xFF, 0xFF, 0xFF, 0x0D, 0x00, 0x00, 0x00, 0xF1, 0xFF,
    0xFF, 0xFF, 0xFF, 0xFF, 0xFF, 0x03, 0x00, 0x00, 0x00, 0xB0, 0xFF, 0xFF, 0xFF, 0xFF, 0xFF, 0x5F,
    0x00, 0x00, 0x00, 0x00, 0x20, 0xFF, 0xFF, 0xFF, 0xFF, 0xFF, 0x5F, 0x00, 0x00, 0x00, 0x00, 0x00,
    0xE4, 0xFF, 0xFF, 0xFF, 0xFF, 0xAF, 0x00, 0x00, 0x00, 0x00, 0x00, 0x10, 0xD8, 0xEF, 0x6C, 0xFE,
    0xFF, 0x02, 0x00, 0x00, 0x00, 0x00, 0x00, 0x00, 0x00, 0x00, 0xFB, 0xFF, 0x0C, 0x00, 0x00, 0x00,
    0x00, 0x00, 0x00, 0x00, 0x00, 0xF8, 0xFF, 0xCF, 0x14, 0x30, 0x1B, 0x00, 0x00, 0x00, 0x00, 0x00,
    0xF5, 0xFF, 0xFF, 0xFF, 0xFF, 0x0D, 0x00, 0x00, 0x00, 0x00, 0x00, 0xF0, 0xFF, 0xFF, 0xFF, 0xFF,
    0x07, 0x00, 0x00, 0x00, 0x00, 0x00, 0x90, 0xFF, 0xFF, 0xFF, 0xDF, 0x00, 0x00, 0x00, 0x00, 0x00,
    0x00, 0x10, 0xFE, 0xFF, 0xFF, 0x2D, 0x00, 0x00, 0x00, 0x00, 0x00, 0x00, 0x00, 0x91, 0xFE, 0x8D,
    0x01, 0x00, 0x00, 0x00, 0x00, 0x00, 0x00, 0x00, 0x51, 0xC9, 0xFE, 0xFF, 0xDE, 0x7A, 0x02, 0x00,
    0x00, 0x00, 0x00, 0x00, 0x00, 0x00, 0x00, 0xA3, 0xFF, 0xFF, 0xFF, 0xFF, 0xFF, 0xFF, 0xBF, 0x03,
    0x00, 0x00, 0x00, 0x00, 0x00, 0x00, 0xA1, 0xFF, 0xFF, 0xFF, 0xFF, 0xFF, 0xFF, 0xFF, 0xFF, 0x5F,
    0x00, 0x00, 0x00, 0x00, 0x00, 0x40, 0xFE, 0xFF, 0xFF, 0xFF, 0xFF, 0xFF, 0xFF, 0xFF, 0xFF, 0xFF,
    0x03, 0x00, 0x00, 0x00, 0x00, 0xF5, 0xFF, 0xFF, 0xFF, 0xFF, 0xFF, 0xFF, 0xFF, 0xFF, 0xFF, 0xFF,
    0x0C, 0x00, 0x00, 0x00, 0x30, 0xFF, 0xFF, 0xFF, 0xFF, 0x49, 0x01, 0x10, 0x83, 0xFE, 0xFF, 0xFF,
    0x1F, 0x00, 0x00, 0x00, 0xD0, 0xFF, 0xFF, 0xFF, 0x1B, 0x00, 0xD3, 0x7F, 0x00, 0xD1, 0xFF, 0xFF,
    0x4F, 0x00, 0x00, 0x00, 0xF5, 0xFF, 0xFF, 0xCF, 0x00, 0x00, 0xFD, 0xCF, 0x00, 0x40, 0xFF, 0xFF,
    0x4F, 0x00, 0x00, 0x00, 0xFB, 0xFF, 0xFF, 0x5F, 0x00, 0x40, 0xFF, 0x8F, 0x00, 0x20, 0xFF, 0xFF,
    0x3F, 0x00, 0x00, 0x00, 0xFF, 0xFF, 0xFF, 0x4F, 0x00, 0xA0, 0xFF, 0x3F, 0x00, 0x30, 0xFF, 0xFF,
    0x0F, 0x00, 0x00, 0x00, 0xFF, 0xFF, 0xFF, 0xDF, 0x03, 0xF1, 0xFF, 0x0F, 0x00, 0x90, 0xFF, 0xFF,
    0x0B, 0x00, 0x00, 0x00, 0xFE, 0xFF, 0xFF, 0xFF, 0x09, 0xF6, 0xFF, 0x0B, 0x00, 0xF5, 0xFF, 0xFF,
    0x03, 0x00, 0x00, 0x00, 0xFA, 0xFF, 0xFF, 0xFF, 0x05, 0xFD, 0xFF, 0x6E, 0xB6, 0xFF, 0xFF, 0x7F,
    0x00, 0x00, 0x00, 0x00, 0xF2, 0xFF, 0xFF, 0xBF, 0x50, 0xFF, 0xFF, 0xFF, 0xFF, 0xFF, 0xDF, 0x05,
    0x00, 0x00, 0x00, 0x00, 0x40, 0xFE, 0xFF, 0x08, 0xD0, 0xFF, 0xFF, 0xFF, 0xFF, 0x6F, 0x03, 0x00,
    0x00, 0x00, 0x00, 0x00, 0x23, 0x20, 0x03, 0x00, 0xF9, 0xFF, 0xFF, 0xFF, 0xFF, 0x6F, 0x00, 0x00,
    0x00, 0x03, 0x00, 0xE4, 0xBF, 0x00, 0x00, 0x70, 0xFF, 0xFF, 0x1D, 0xF8, 0xFF, 0xFF, 0x04, 0x00,
    0xA0, 0x3F, 0x30, 0xFF, 0xFF, 0x28, 0x20, 0xFA, 0xFF, 0xFF, 0x06, 0xF1, 0xFF, 0xFF, 0x3E, 0x20,
    0xFA, 0x0E, 0xC0, 0xFF, 0xFF, 0xFF, 0xFF, 0xFF, 0xFF, 0xEF, 0x00, 0xE0, 0xFF, 0xFF, 0xFF, 0xFF,
    0xFF, 0x06, 0xF2, 0xFF, 0xFF, 0xFF, 0xFF, 0xFF, 0xFF, 0x5F, 0x00, 0xD0, 0xFF, 0xFF, 0xFF, 0xFF,
    0xDF, 0x00, 0xF4, 0xFF, 0xFF, 0xFF, 0xFF, 0xFF, 0xFF, 0x0B, 0x00, 0xB0, 0xFF, 0xFF, 0xFF, 0xFF,
    0x3F, 0x00, 0xF4, 0xFF, 0xFF, 0xFF, 0xFF, 0xFF, 0xEF, 0x01, 0x00, 0x90, 0xFF, 0xFF, 0xFF, 0xFF,
    0x06, 0x00, 0xF1, 0xFF, 0xFF, 0xFF, 0xFF, 0xFF, 0x3F, 0x00, 0x00, 0x50, 0xFF, 0xFF, 0xFF, 0x9F,
    0x00, 0x00, 0xA0, 0xFF, 0xFF, 0xFF, 0xFF, 0xEF, 0x03, 0x00, 0x00, 0x00, 0xFD, 0xFF, 0xFF, 0x08,
    0x00, 0x00, 0x10, 0xFD, 0xFF, 0xFF, 0xFF, 0x1B, 0x00, 0x00, 0x00, 0x00, 0xB2, 0xEF, 0x3A, 0x00,
    0x00, 0x00, 0x00, 0x80, 0xFD, 0xDF, 0x49, 0x00, 0x00, 0x00, 0x00, 0x00, 0x00, 0x00, 0x00, 0x00,
    0x00, 0x00, 0x00, 0x00, 0x00, 0x00, 0x00, 0x30, 0xD9, 0xFF, 0x8D, 0x01, 0x00, 0x00, 0x00, 0x00,
    0x00, 0x00, 0xF7, 0xFF, 0xFF, 0xFF, 0x2E, 0x00, 0x00, 0x00, 0x00, 0x00, 0x60, 0xFF, 0xFF, 0xFF,
    0xFF, 0xCF, 0x00, 0x00, 0x00, 0x00, 0x00, 0xE0, 0xFF, 0xFF, 0xFF, 0xFF, 0xFF, 0x02, 0x00, 0x00,
    0x00, 0x00, 0xF4, 0xFF, 0xFF, 0xFF, 0xFF, 0xFF, 0x04, 0x00, 0x00, 0x00, 0x00, 0xF7, 0xFF, 0x9F,
    0x21, 0xFE, 0xFF, 0x03, 0x00, 0x00, 0x00, 0x00, 0xF7, 0xFF, 0x0F, 0x00, 0xFA, 0xEF, 0x00, 0x00,
    0x00, 0x00, 0x00, 0xF5, 0xFF, 0x0D, 0x00, 0xFB, 0x7F, 0x00, 0x00, 0x00, 0x00, 0x00, 0xF1, 0xFF,
    0x0F, 0x00, 0xFF, 0x0A, 0x00, 0x00, 0x00, 0x00, 0x00, 0xA0, 0xFF, 0x5F, 0x00, 0x56, 0x00, 0x00,
    0x00, 0x00, 0x00, 0x00, 0x20, 0xFF, 0xDF, 0x00, 0x00, 0x00, 0x00, 0x00, 0x00, 0x83, 0x29, 0x00,
    0xFA, 0xFF, 0x06, 0x00, 0x00, 0x00, 0x00, 0x90, 0xFF, 0x6F, 0x00, 0xF1, 0xFF, 0x0E, 0x00, 0x00,
    0x00, 0x00, 0xF9, 0xFF, 0x0C, 0x00, 0x90, 0xFF, 0x8F, 0x00, 0x00, 0x00, 0x30, 0xFF, 0xFF, 0x06,
    0x00, 0x30, 0xFF, 0xFF, 0x01, 0x00, 0x00, 0x90, 0xFF, 0xFF, 0x06, 0x00, 0x30, 0xFF, 0xFF, 0x07,
    0x00, 0x00, 0xE0, 0xFF, 0xFF, 0x0B, 0x00, 0x70, 0xFF, 0xFF, 0x0C, 0x00, 0x00, 0xF0, 0xFF, 0xFF,
    0x8F, 0x11, 0xF6, 0xFF, 0xFF, 0x0E, 0x00, 0x00, 0xF1, 0xFF, 0xFF, 0xFF, 0xFF, 0xFF, 0xFF, 0xFF,
    0x0F, 0x00, 0x00, 0xF1, 0xFF, 0xFF, 0xFF, 0xFF, 0xFF, 0xFF, 0xFF, 0x0D, 0x00, 0x00, 0xF0, 0xFF,
    0xFF, 0xFF, 0xFF, 0xFF, 0xFF, 0xFF, 0x0A, 0x00, 0x00, 0xC0, 0xFF, 0xFF, 0xFF, 0xFF, 0xFF, 0xFF,
    0xFF, 0x06, 0x00, 0x00, 0x60, 0xFF, 0xFF, 0xFF, 0xFF, 0xFF, 0xFF, 0xEF, 0x00, 0x00, 0x00, 0x00,
    0xFE, 0xFF, 0xFF, 0xFF, 0xFF, 0xFF, 0x4F, 0x00, 0x00, 0x00, 0x00, 0xF3, 0xFF, 0xFF, 0xFF, 0xFF,
    0xFF, 0x07, 0x00, 0x00, 0x00, 0x00, 0x30, 0xFE, 0xFF, 0xFF, 0xFF, 0x5F, 0x00, 0x00, 0x00, 0x00,
    0x00, 0x00, 0x60, 0xEB, 0xFF, 0x7C, 0x01, 0x00, 0x00, 0x00, 0x00, 0x00, 0x00, 0x00, 0x00, 0x00,
    0x20, 0xA6, 0xEC, 0xFF, 0xCE, 0x49, 0x00, 0x00, 0x52, 0xFB, 0x0B, 0x00, 0x00, 0x00, 0x00, 0x40,
    0xFB, 0xFF, 0xFF, 0xFF, 0xFF, 0xFF, 0xFF, 0xFF, 0xFF, 0xFF, 0x0F, 0x00, 0x00, 0x00, 0x10, 0xFB,
    0xFF, 0xFF, 0xFF, 0xFF, 0xFF, 0xFF, 0xFF, 0xFF, 0xFF, 0xFF, 0x0E, 0x00, 0x00, 0x00, 0xE3, 0xFF,
    0xFF, 0xFF, 0xFF, 0xFF, 0xFF, 0xFF, 0xFF, 0xFF, 0xFF, 0xFF, 0x0A, 0x00, 0x00, 0x20, 0xFF, 0xFF,
    0xFF, 0xFF, 0xFF, 0xFF, 0xFF, 0xFF, 0xFF, 0xFF, 0xFF, 0xFF, 0x03, 0x00, 0x00, 0xD0, 0xFF, 0xFF,
    0xFF, 0xCF, 0x26, 0x00, 0x41, 0xE9, 0xFF, 0xFF, 0xFF, 0x6F, 0x00, 0x00, 0x00, 0xF6, 0xFF, 0xFF,
    0xFF, 0x06, 0x00, 0x00, 0x00, 0x00, 0xB5, 0xFE, 0xAE, 0x03, 0x00, 0x00, 0x00, 0xFD, 0xFF, 0xFF,
    0x7F, 0x00, 0x00, 0x00, 0x00, 0x00, 0x00, 0x00, 0x00, 0x00, 0x00, 0x00, 0x20, 0xFF, 0xFF, 0xFF,
    0x0F, 0x00, 0x00, 0x90, 0xFF, 0x05, 0x00, 0x00, 0x00, 0x00, 0x00, 0x00, 0x40, 0xFF, 0xFF, 0xFF,
    0x0F, 0x00, 0x00, 0xF3, 0xFF, 0x07, 0x00, 0x00, 0x00, 0x00, 0x00, 0x00, 0x50, 0xFF, 0xFF, 0xFF,
    0x7F, 0x00, 0x00, 0xFA, 0xFF, 0x02, 0x00, 0x00, 0x00, 0x00, 0x00, 0x00, 0x40, 0xFF, 0xFF, 0xFF,
    0xFF, 0x03, 0x00, 0xFF, 0xDF, 0x00, 0x00, 0x00, 0x00, 0x00, 0x00, 0x00, 0x00, 0xFF, 0xFF, 0xFF,
    0xFF, 0x01, 0x60, 0xFF, 0x8F, 0x00, 0x00, 0x00, 0x00, 0x00, 0x00, 0x00, 0x00, 0xF7, 0xFF, 0xFF,
    0x7F, 0x00, 0xC0, 0xFF, 0x2F, 0x00, 0x00, 0x00, 0x00, 0x00, 0x00, 0x00, 0x00, 0x90, 0xFF, 0xEF,
    0x06, 0x00, 0xF2, 0xFF, 0x0D, 0x00, 0x00, 0x00, 0x00, 0x00, 0x00, 0x00, 0x00, 0x00, 0x41, 0x03,
    0x00, 0x00, 0xF9, 0xFF, 0x07, 0x00, 0x00, 0x00, 0x00, 0x00, 0x00, 0x00, 0x00, 0x00, 0x00, 0x00,
    0x00, 0x30, 0xFF, 0xFF, 0x01, 0x00, 0x00, 0x00, 0x00, 0x00, 0x00, 0x00, 0xA2, 0x3D, 0x00, 0x00,
    0x00, 0xD1, 0xFF, 0xBF, 0x00, 0x00, 0x00, 0x00, 0x00, 0x00, 0x00, 0x30, 0xFF, 0x8F, 0x00, 0x00,
    0x20, 0xFD, 0xFF, 0x5F, 0x00, 0x00, 0x00, 0x00, 0x00, 0x00, 0x00, 0xD0, 0xFF, 0xFF, 0x28, 0x20,
    0xF8, 0xFF, 0xFF, 0x0E, 0x00, 0x00, 0x00, 0x00, 0x00, 0x00, 0x00, 0xF5, 0xFF, 0xFF, 0xFF, 0xFF,
    0xFF, 0xFF, 0xFF, 0x07, 0x00, 0x00, 0x00, 0x00, 0x00, 0x00, 0x00, 0xF9, 0xFF, 0xFF, 0xFF, 0xFF,
    0xFF, 0xFF, 0xEF, 0x00, 0x00, 0x00, 0x00, 0x00, 0x00, 0x00, 0x00, 0xFA, 0xFF, 0xFF, 0xFF, 0xFF,
    0xFF, 0xFF, 0x5F, 0x00, 0x00, 0x00, 0x00, 0x00, 0x00, 0x00, 0x00, 0xF8, 0xFF, 0xFF, 0xFF, 0xFF,
    0xFF, 0xFF, 0x0A, 0x00, 0x00, 0x00, 0x00, 0x00, 0x00, 0x00, 0x00, 0xF4, 0xFF, 0xFF, 0xFF, 0xFF,
    0xFF, 0xDF, 0x00, 0x00, 0x00, 0x00, 0x00, 0x00, 0x00, 0x00, 0x00, 0xB0, 0xFF, 0xFF, 0xFF, 0xFF,
    0xFF, 0x1D, 0x00, 0x00, 0x00, 0x00, 0x00, 0x00, 0x00, 0x00, 0x00, 0x10, 0xFB, 0xFF, 0xFF, 0xFF,
    0x9F, 0x00, 0x00, 0x00, 0x00, 0x00, 0x00, 0x00, 0x00, 0x00, 0x00, 0x00, 0x50, 0xEB, 0xFF, 0x8D,
    0x02, 0x00, 0x00, 0x00, 0x00, 0x00, 0x00, 0x00, 0x00, 0x00, 0x00, 0x00, 0x00, 0x00, 0x00, 0x40,
    0xA7, 0xED, 0xFF, 0xDF, 0x39, 0x00, 0x00, 0x00, 0x00, 0x00, 0x00, 0x00, 0x00, 0x92, 0xFE, 0xFF,
    0xFF, 0xFF, 0xFF, 0xFF, 0x06, 0x00, 0x50, 0xEE, 0x02, 0x00, 0x00, 0xA1, 0xFF, 0xFF, 0xFF, 0xFF,
    0xFF, 0xFF, 0xFF, 0x0C, 0x00, 0xF4, 0xFF, 0x04, 0x00, 0x30, 0xFE, 0xFF, 0xFF, 0xFF, 0xFF, 0xDE,
    0xFE, 0xFF, 0x0B, 0x00, 0xFE, 0xFF, 0x01, 0x00, 0xF4, 0xFF, 0xFF, 0xFF, 0x7C, 0x03, 0x50, 0xFE,
    0xAF, 0x01, 0x60, 0xFF, 0x9F, 0x00, 0x10, 0xFF, 0xFF, 0xFF, 0x4E, 0x00, 0x00, 0xF6, 0xFF, 0x08,
    0x00, 0xE0, 0xFF, 0x2F, 0x00, 0xA0, 0xFF, 0xFF, 0xFF, 0x03, 0x00, 0x50, 0xFF, 0xAF, 0x00, 0x00,
    0xF4, 0xFF, 0x0A, 0x00, 0xF1, 0xFF, 0xFF, 0xCF, 0x00, 0x00, 0xF2, 0xFF, 0x1E, 0x00, 0x00, 0xFB,
    0xFF, 0x03, 0x00, 0xF6, 0xFF, 0xFF, 0xCF, 0x00, 0x00, 0xFB, 0xFF, 0x05, 0x00, 0x10, 0xFF, 0xCF,
    0x00, 0x00, 0xF8, 0xFF, 0xFF, 0xFF, 0x04, 0x50, 0xFF, 0xDF, 0x00, 0x00, 0x60, 0xFF, 0x5F, 0x00,
    0x00, 0xF8, 0xFF, 0xFF, 0xFF, 0x0F, 0xE0, 0xFF, 0x5F, 0x00, 0x00, 0xC0, 0xFF, 0x0E, 0x00, 0x00,
    0xF5, 0xFF, 0xFF, 0xFF, 0x0D, 0xF6, 0xFF, 0x0F, 0x00, 0x00, 0xF2, 0xFF, 0x09, 0x00, 0x00, 0xD0,
    0xFF, 0xFF, 0xFF, 0x05, 0xFD, 0xFF, 0x0B, 0x00, 0x00, 0xF9, 0xFF, 0x03, 0x00, 0x00, 0x20, 0xFC,
    0xFF, 0x5E, 0x40, 0xFF, 0xFF, 0x08, 0x00, 0x10, 0xFF, 0xEF, 0x00, 0x00, 0x00, 0x00, 0x30, 0x34,
    0x00, 0x90, 0xFF, 0xFF, 0x07, 0x00, 0xA0, 0xFF, 0xAF, 0x00, 0x00, 0x00, 0x00, 0x00, 0x00, 0x00,
    0xE0, 0xFF, 0xFF, 0x07, 0x00, 0xF5, 0xFF, 0x8F, 0x00, 0x20, 0x09, 0x00, 0x00, 0x00, 0x00, 0xF2,
    0xFF, 0xFF, 0x2D, 0x71, 0xFF, 0xFF, 0xAF, 0x00, 0xD2, 0x3F, 0x00, 0x00, 0x00, 0x00, 0xF5, 0xFF,
    0xFF, 0xFF, 0xFF, 0xFF, 0xFF, 0xFF, 0xBB, 0xFF, 0x0B, 0x00, 0x00, 0x00, 0x00, 0xF6, 0xFF, 0xFF,
    0xFF, 0xFF, 0xFF, 0xFF, 0xFF, 0xFF, 0xFF, 0x03, 0x00, 0x00, 0x00, 0x00, 0xF7, 0xFF, 0xFF, 0xFF,
    0xFF, 0xFF, 0xFF, 0xFF, 0xFF, 0xCF, 0x00, 0x00, 0x00, 0x00, 0x00, 0xF6, 0xFF, 0xFF, 0xFF, 0xFF,
    0xFD, 0xFF, 0xFF, 0xFF, 0x3F, 0x00, 0x00, 0x00, 0x00, 0x00, 0xF3, 0xFF, 0xFF, 0xFF, 0x9F, 0xFB,
    0xFF, 0xFF, 0xFF, 0x09, 0x00, 0x00, 0x00, 0x00, 0x00, 0xD0, 0xFF, 0xFF, 0xFF, 0x0D, 0xF9, 0xFF,
    0xFF, 0xDF, 0x00, 0x00, 0x00, 0x00, 0x00, 0x00, 0x40, 0xFF, 0xFF, 0xDF, 0x01, 0xF4, 0xFF, 0xFF,
    0x1C, 0x00, 0x00, 0x00, 0x00, 0x00, 0x00, 0x00, 0xC4, 0xEF, 0x08, 0x00, 0x60, 0xFD, 0x8D, 0x00,
    0x00, 0x00, 0x00, 0x00, 0x00, 0x00, 0x00, 0x00, 0x00, 0x00, 0x00, 0x00, 0x00, 0x00, 0x30, 0xEA,
    0xEF, 0x19, 0x00, 0x00, 0x00, 0x00, 0x50, 0xC9, 0xFE, 0xEF, 0x2A, 0x00, 0x00, 0x00, 0x00, 0xF6,
    0xFF, 0xFF, 0xEF, 0x01, 0x00, 0x00, 0x91, 0xFF, 0xFF, 0xFF, 0xFF, 0xEF, 0x00, 0x00, 0x00, 0x40,
    0xFF, 0xFF, 0xFF, 0xFF, 0x09, 0x00, 0x50, 0xFF, 0xFF, 0xFF, 0xFF, 0xFF, 0xFF, 0x04, 0x00, 0x00,
    0xF1, 0xFF, 0xFF, 0xFF, 0xFF, 0x0D, 0x00, 0xF8, 0xFF, 0xFF, 0xFF, 0xFF, 0xFF, 0xFF, 0x05, 0x00,
    0x00, 0xFA, 0xFF, 0xFF, 0xFF, 0xFF, 0x0D, 0x60, 0xFF, 0xFF, 0xFF, 0xFF, 0xFF, 0xFF, 0xFF, 0x04,
    0x00, 0x30, 0xFF, 0xFF, 0xFF, 0xFF, 0xFF, 0x08, 0xF1, 0xFF, 0xFF, 0xFF, 0x5C, 0x01, 0xF7, 0xFF,
    0x01, 0x00, 0xB0, 0xFF, 0xFF, 0xFF, 0xFF, 0xCF, 0x00, 0xF8, 0xFF, 0xFF, 0xCF, 0x00, 0x00, 0xFC,
    0xEF, 0x00, 0x00, 0xF2, 0xFF, 0x3D, 0x50, 0xA9, 0x06, 0x00, 0xFC, 0xFF, 0xFF, 0x5F, 0x00, 0x40,
    0xFF, 0xAF, 0x00, 0x00, 0xF8, 0xEF, 0x01, 0x00, 0x00, 0x00, 0x00, 0xFE, 0xFF, 0xFF, 0x6F, 0x00,
    0xC0, 0xFF, 0x7F, 0x00, 0x00, 0xFE, 0x5F, 0x00, 0x00, 0x00, 0x00, 0x00, 0xFE, 0xFF, 0xFF, 0xFF,
    0x05, 0xF3, 0xFF, 0x4F, 0x00, 0x50, 0xFF, 0x0C, 0x00, 0x00, 0x00, 0x00, 0x00, 0xFC, 0xFF, 0xFF,
    0xFF, 0x0A, 0xFA, 0xFF, 0x1F, 0x00, 0xB0, 0xFF, 0x04, 0x00, 0x00, 0x00, 0x00, 0x00, 0xF6, 0xFF,
    0xFF, 0xFF, 0x03, 0xFF, 0xFF, 0x0E, 0x00, 0xF2, 0xDF, 0x00, 0x00, 0x00, 0x00, 0x00, 0x00, 0xB0,
    0xFF, 0xFF, 0x6F, 0x60, 0xFF, 0xFF, 0x0C, 0x00, 0xF8, 0x7F, 0x00, 0x00, 0x00, 0x00, 0x00, 0x00,
    0x00, 0xA5, 0x8B, 0x02, 0xB0, 0xFF, 0xFF, 0x09, 0x00, 0xFE, 0x1F, 0x00, 0x00, 0x00, 0x00, 0x00,
    0x00, 0x00, 0x00, 0x00, 0x00, 0xF0, 0xFF, 0xFF, 0x08, 0x60, 0xFF, 0x0A, 0x00, 0x00, 0x00, 0x00,
    0x00, 0x00, 0x00, 0x00, 0x00, 0x00, 0xF3, 0xFF, 0xFF, 0x08, 0xE0, 0xFF, 0x03, 0x00, 0x00, 0x00,
    0x00, 0x00, 0x00, 0x00, 0x00, 0x00, 0x00, 0xF6, 0xFF, 0xFF, 0x1B, 0xFA, 0xDF, 0x00, 0x00, 0x00,
    0x00, 0x00, 0x00, 0x00, 0x00, 0x00, 0x00, 0x00, 0xF8, 0xFF, 0xFF, 0xFF, 0xFF, 0x6F, 0x00, 0x00,
    0x00, 0x00, 0x00, 0x00, 0x00, 0x00, 0x00, 0x00, 0x00, 0xF9, 0xFF, 0xFF, 0xFF, 0xFF, 0x0E, 0x00,
    0x00, 0x00, 0x00, 0x00, 0x00, 0x00, 0x00, 0x00, 0x00, 0x00, 0xF9, 0xFF, 0xFF, 0xFF, 0xFF, 0x08,
    0x00, 0x00, 0x00, 0x00, 0x00, 0x00, 0x00, 0x00, 0x00, 0x00, 0x00, 0xF8, 0xFF, 0xFF, 0xFF, 0xEF,
    0x01, 0x00, 0x00, 0x00, 0x00, 0x00, 0x00, 0x00, 0x00, 0x00, 0x00, 0x00, 0xF5, 0xFF, 0xFF, 0xFF,
    0x7F, 0x00, 0x00, 0x00, 0x00, 0x00, 0x00, 0x00, 0x00, 0x00, 0x00, 0x00, 0x00, 0xE0, 0xFF, 0xFF,
    0xFF, 0x0B, 0x00, 0x00, 0x00, 0x00, 0x00, 0x00, 0x00, 0x00, 0x00, 0x00, 0x00, 0x00, 0x40, 0xFF,
    0xFF, 0xDF, 0x01, 0x00, 0x00, 0x00, 0x00, 0x00, 0x00, 0x00, 0x00, 0x00, 0x00, 0x00, 0x00, 0x00,
    0xB3, 0xEF, 0x19, 0x00, 0x00, 0x00, 0x00, 0x00, 0x00, 0x00, 0x00, 0x00, 0x00, 0x00, 0x00, 0x00,
    0x00, 0x00, 0x00, 0x00, 0x00, 0x00, 0x00, 0x00, 0x00, 0x00, 0x00, 0x00, 0x00, 0xA4, 0xFE, 0xAE,
    0x03, 0x00, 0x00, 0x00, 0x00, 0x50, 0xC9, 0xFE, 0xEF, 0x4B, 0x00, 0x00, 0x00, 0x00, 0x00, 0x00,
    0x00, 0x00, 0xB1, 0xFF, 0xFF, 0xFF, 0x3F, 0x00, 0x00, 0x00, 0x81, 0xFF, 0xFF, 0xFF, 0xFF, 0xFF,
    0x05, 0x00, 0x10, 0xFB, 0x6D, 0x00, 0x00, 0x10, 0xFD, 0xFF, 0xFF, 0xFF, 0xDF, 0x00, 0x00, 0x50,
    0xFE, 0xFF, 0xFF, 0xFF, 0xFF, 0xFF, 0x0B, 0x00, 0xB0, 0xFF, 0xFF, 0x04, 0x00, 0xC0, 0xFF, 0xFF,
    0xFF, 0xFF, 0xFF, 0x01, 0x00, 0xF7, 0xFF, 0xFF, 0xFF, 0xFF, 0xFF, 0xFF, 0x0C, 0x00, 0xF2, 0xFF,
    0xFF, 0x07, 0x00, 0xF8, 0xFF, 0xFF, 0xFF, 0xFF, 0xFF, 0x00, 0x50, 0xFF, 0xFF, 0xFF, 0xFF, 0xFF,
    0xFF, 0xFF, 0x0A, 0x00, 0xF7, 0xFF, 0xFF, 0x05, 0x20, 0xFF, 0xFF, 0xFF, 0xFF, 0xFF, 0xCF, 0x00,
    0xE1, 0xFF, 0xFF, 0xFF, 0x5D, 0x01, 0xF7, 0xFF, 0x07, 0x00, 0xFB, 0xFF, 0xFF, 0x01, 0xA0, 0xFF,
    0xFF, 0xFF, 0xFF, 0xFF, 0x2E, 0x00, 0xF7, 0xFF, 0xFF, 0xCF, 0x00, 0x00, 0xFC, 0xFF, 0x03, 0x00,
    0xFF, 0xFF, 0x8F, 0x00, 0xF1, 0xFF, 0xBF, 0x02, 0x94, 0x7A, 0x01, 0x00, 0xFC, 0xFF, 0xFF, 0x5F,
    0x00, 0x40, 0xFF, 0xFF, 0x00, 0x40, 0xFF, 0xFF, 0x1F, 0x00, 0xF8, 0xFF, 0x0D, 0x00, 0x00, 0x00,
    0x00, 0x00, 0xFE, 0xFF, 0xFF, 0x6F, 0x00, 0xC0, 0xFF, 0xCF, 0x00, 0x80, 0xFF, 0xFF, 0x08, 0x00,
    0xFE, 0xFF, 0x04, 0x00, 0x00, 0x00, 0x00, 0x00, 0xFF, 0xFF, 0xFF, 0xEF, 0x04, 0xF3, 0xFF, 0x8F,
    0x00, 0xC0, 0xFF, 0xFF, 0x02, 0x40, 0xFF, 0xEF, 0x00, 0x00, 0x00, 0x00, 0x00, 0x00, 0xFC, 0xFF,
    0xFF, 0xFF, 0x0A, 0xFA, 0xFF, 0x5F, 0x00, 0xF1, 0xFF, 0xDF, 0x00, 0x90, 0xFF, 0x8F, 0x00, 0x00,
    0x00, 0x00, 0x00, 0x00, 0xF7, 0xFF, 0xFF, 0xFF, 0x05, 0xFF, 0xFF, 0x1F, 0x00, 0xF5, 0xFF, 0x9F,
    0x00, 0xE0, 0xFF, 0x4F, 0x00, 0x00, 0x00, 0x00, 0x00, 0x00, 0xD0, 0xFF, 0xFF, 0xAF, 0x60, 0xFF,
    0xFF, 0x0E, 0x00, 0xFA, 0xFF, 0x7F, 0x00, 0xF3, 0xFF, 0x0F, 0x00, 0x00, 0x00, 0x00, 0x00, 0x00,
    0x10, 0xE9, 0xCF, 0x06, 0xB0, 0xFF, 0xFF, 0x0B, 0x00, 0xFF, 0xFF, 0x5F, 0x00, 0xF8, 0xFF, 0x0C,
    0x00, 0x00, 0x00, 0x00, 0x00, 0x00, 0x00, 0x00, 0x00, 0x00, 0xF0, 0xFF, 0xFF, 0x09, 0x60, 0xFF,
    0xFF, 0x4F, 0x00, 0xFE, 0xFF, 0x09, 0x00, 0x00, 0x00, 0x00, 0x00, 0x00, 0x00, 0x00, 0x00, 0x00,
    0xF3, 0xFF, 0xFF, 0x08, 0xD0, 0xFF, 0xFF, 0x6F, 0x40, 0xFF, 0xFF, 0x05, 0x00, 0x00, 0x00, 0x00,
    0x00, 0x00, 0x00, 0x00, 0x00, 0x00, 0xF6, 0xFF, 0xFF, 0x0B, 0xF9, 0xFF, 0xFF, 0xAF, 0xD1, 0xFF,
    0xFF, 0x02, 0x00, 0x00, 0x00, 0x00, 0x00, 0x00, 0x00, 0x00, 0x00, 0x00, 0xF8, 0xFF, 0xFF, 0xFF,
    0xFF, 0x4F, 0xFE, 0xFF, 0xFF, 0xFF, 0xEF, 0x00, 0x00, 0x00, 0x00, 0x00, 0x00, 0x00, 0x00, 0x00,
    0x00, 0x00, 0xF9, 0xFF, 0xFF, 0xFF, 0xFF, 0x0A, 0xFE, 0xFF, 0xFF, 0xFF, 0xAF, 0x00, 0x00, 0x00,
    0x00, 0x00, 0x00, 0x00, 0x00, 0x00, 0x00, 0x00, 0xF9, 0xFF, 0xFF, 0xFF, 0xFF, 0x04, 0xFF, 0xFF,
    0xFF, 0xFF, 0x5F, 0x00, 0x00, 0x00, 0x00, 0x00, 0x00, 0x00, 0x00, 0x00, 0x00, 0x00, 0xF8, 0xFF,
    0xFF, 0xFF, 0xDF, 0x00, 0xFF, 0xFF, 0xFF, 0xFF, 0x0E, 0x00, 0x00, 0x00, 0x00, 0x00, 0x00, 0x00,
    0x00, 0x00, 0x00, 0x00, 0xF5, 0xFF, 0xFF, 0xFF, 0x5F, 0x00, 0xFE, 0xFF, 0xFF, 0xFF, 0x08, 0x00,
    0x00, 0x00, 0x00, 0x00, 0x00, 0x00, 0x00, 0x00, 0x00, 0x00, 0xF1, 0xFF, 0xFF, 0xFF, 0x0B, 0x00,
    0xFB, 0xFF, 0xFF, 0xEF, 0x01, 0x00, 0x00, 0x00, 0x00, 0x00, 0x00, 0x00, 0x00, 0x00, 0x00, 0x00,
    0x70, 0xFF, 0xFF, 0xBF, 0x00, 0x00, 0xF3, 0xFF, 0xFF, 0x3F, 0x00, 0x00, 0x00, 0x00, 0x00, 0x00,
    0x00, 0x00, 0x00, 0x00, 0x00, 0x00, 0x00, 0xE7, 0xCF, 0x05, 0x00, 0x00, 0x40, 0xFC, 0xAE, 0x02,
    0x00, 0x00, 0x00, 0x00, 0x00, 0x00, 0x00, 0x00, 0x00, 0x00, 0x00, 0x00, 0x00, 0x60, 0xFC, 0xDF,
    0x19, 0x00, 0x00, 0x00, 0xD7, 0xEF, 0x08, 0x00, 0x00, 0x00, 0x00, 0x00, 0x00, 0xFC, 0xFF, 0xFF,
    0xBF, 0x00, 0x00, 0xD1, 0xFF, 0xFF, 0x7F, 0x00, 0x00, 0x00, 0x00, 0x00, 0xC0, 0xFF, 0xFF, 0xFF,
    0xFF, 0x03, 0x00, 0xFD, 0xFF, 0xFF, 0xEF, 0x00, 0x00, 0x00, 0x00, 0x00, 0xF8, 0xFF, 0xFF, 0xFF,
    0xFF, 0x07, 0x90, 0xFF, 0xFF, 0xFF, 0xFF, 0x01, 0x00, 0x00, 0x00, 0x10, 0xFF, 0xFF, 0xFF, 0xFF,
    0xFF, 0x09, 0xF2, 0xFF, 0xFF, 0xFF, 0xFF, 0x00, 0x00, 0x00, 0x00, 0x60, 0xFF, 0xFF, 0xFF, 0xFF,
    0xFF, 0x09, 0xFA, 0xFF, 0xFF, 0xFF, 0xDF, 0x00, 0x00, 0x00, 0x00, 0xB0, 0xFF, 0xFF, 0xFF, 0xFF,
    0xFF, 0x28, 0xFF, 0xFF, 0xFF, 0xFF, 0x7F, 0x00, 0x00, 0x00, 0x00, 0xD0, 0xFF, 0xFF, 0x16, 0xF3,
    0xFF, 0xA9, 0xFF, 0xEE, 0xFF, 0xFF, 0x1E, 0x00, 0x00, 0x00, 0x00, 0xE0, 0xFF, 0x9F, 0x00, 0x90,
    0xFF, 0xFF, 0x9F, 0x00, 0xFD, 0xFF, 0x04, 0x00, 0x00, 0x00, 0x00, 0xC0, 0xFF, 0x4F, 0x00, 0x70,
    0xFF, 0xFF, 0x0E, 0x00, 0xF5, 0x3C, 0x00, 0x00, 0x00, 0x00, 0x00, 0x80, 0xFF, 0x4F, 0x00, 0x80,
    0xFF, 0xFF, 0x08, 0x00, 0x00, 0x00, 0x00, 0x00, 0x00, 0x00, 0x00, 0x10, 0xFE, 0x6F, 0x00, 0xC0,
    0xFF, 0xFF, 0x05, 0x00, 0x00, 0x00, 0x00, 0x00, 0x00, 0x00, 0x00, 0x00, 0x71, 0x06, 0x00, 0xF1,
    0xFF, 0xFF, 0x03, 0x00, 0x00, 0x00, 0x00, 0x00, 0x00, 0x00, 0x00, 0x00, 0x00, 0x00, 0x00, 0xF8,
    0xFF, 0xFF, 0x04, 0x00, 0x00, 0x00, 0x00, 0x00, 0x00, 0x00, 0x01, 0x00, 0x00, 0x00, 0x10, 0xFE,
    0xFF, 0xFF, 0x08, 0x00, 0x00, 0x00, 0x00, 0x00, 0x00, 0xD3, 0xAF, 0x00, 0x00, 0x00, 0xB0, 0xFF,
    0xFF, 0xFF, 0x1E, 0x00, 0x00, 0x20, 0x1A, 0x00, 0x30, 0xFF, 0xEF, 0x01, 0x00, 0x00, 0xF8, 0xFF,
    0xF6, 0xFF, 0xEF, 0x15, 0x10, 0xE6, 0x3F, 0x00, 0xC0, 0xFF, 0xFF, 0x4C, 0x00, 0xB4, 0xFF, 0x9F,
    0xE0, 0xFF, 0xFF, 0xFF, 0xFF, 0xFF, 0x0C, 0x00, 0xF3, 0xFF, 0xFF, 0xFF, 0xFF, 0xFF, 0xFF, 0x2F,
    0xE0, 0xFF, 0xFF, 0xFF, 0xFF, 0xFF, 0x04, 0x00, 0xF8, 0xFF, 0xFF, 0xFF, 0xFF, 0xFF, 0xFF, 0x0C,
    0xF0, 0xFF, 0xFF, 0xFF, 0xFF, 0xBF, 0x00, 0x00, 0xFA, 0xFF, 0xFF, 0xFF, 0xFF, 0xFF, 0xFF, 0x06,
    0xF0, 0xFF, 0xFF, 0xFF, 0xFF, 0x2F, 0x00, 0x00, 0xF9, 0xFF, 0xFF, 0xFF, 0xFF, 0xFF, 0xEF, 0x00,
    0xD0, 0xFF, 0xFF, 0xFF, 0xFF, 0x06, 0x00, 0x00, 0xF7, 0xFF, 0xFF, 0xFF, 0xFF, 0xFF, 0x6F, 0x00,
    0xB0, 0xFF, 0xFF, 0xFF, 0x8F, 0x00, 0x00, 0x00, 0xF2, 0xFF, 0xFF, 0xFF, 0xFF, 0xFF, 0x0B, 0x00,
    0x50, 0xFF, 0xFF, 0xFF, 0x07, 0x00, 0x00, 0x00, 0xA0, 0xFF, 0xFF, 0xFF, 0xFF, 0xCF, 0x01, 0x00,
    0x00, 0xE7, 0xEF, 0x3A, 0x00, 0x00, 0x00, 0x00, 0x10, 0xFC, 0xFF, 0xFF, 0xFF, 0x0A, 0x00, 0x00,
    0x00, 0x00, 0x00, 0x00, 0x00, 0x00, 0x00, 0x00, 0x00, 0x70, 0xFD, 0xDF, 0x39, 0x00, 0x00, 0x00,
    0x00, 0x00, 0x00, 0x00, 0x00, 0x00, 0x00, 0x00, 0x00, 0x00, 0x00, 0x00, 0x30, 0xA7, 0xEC, 0xFF,
    0xDF, 0x3A, 0x00, 0x00, 0x00, 0x00, 0x00, 0x00, 0x00, 0x00, 0x92, 0xFE, 0xFF, 0xFF, 0xFF, 0xFF,
    0xFF, 0x06, 0x00, 0xA1, 0xCF, 0x02, 0x00, 0x00, 0x91, 0xFF, 0xFF, 0xFF, 0xFF, 0xFF, 0xFF, 0xFF,
    0x0E, 0x00, 0xFC, 0xFF, 0x0A, 0x00, 0x30, 0xFE, 0xFF, 0xFF, 0xFF, 0xFF, 0xDE, 0xFE, 0xFF, 0x0D,
    0x60, 0xFF, 0xFF, 0x0C, 0x00, 0xF3, 0xFF, 0xFF, 0xFF, 0x7C, 0x03, 0x50, 0xFE, 0xCF, 0x03, 0xD0,
    0xFF, 0xFF, 0x09, 0x10, 0xFE, 0xFF, 0xFF, 0x4E, 0x00, 0x00, 0xF7, 0xFF, 0x0A, 0x00, 0xF3, 0xFF,
    0xFF, 0x03, 0xA0, 0xFF, 0xFF, 0xFF, 0x04, 0x00, 0x60, 0xFF, 0xBF, 0x00, 0x00, 0xF8, 0xFF, 0xBF,
    0x00, 0xF1, 0xFF, 0xFF, 0xDF, 0x00, 0x00, 0xF2, 0xFF, 0x1E, 0x00, 0x00, 0xFD, 0xFF, 0x3F, 0x00,
    0xF5, 0xFF, 0xFF, 0xDF, 0x00, 0x00, 0xFC, 0xFF, 0x06, 0x00, 0x30, 0xFF, 0xFF, 0x0A, 0x00, 0xF7,
    0xFF, 0xFF, 0xFF, 0x05, 0x60, 0xFF, 0xEF, 0x00, 0x00, 0x80, 0xFF, 0xFF, 0x02, 0x00, 0xF7, 0xFF,
    0xFF, 0xFF, 0x1F, 0xE0, 0xFF, 0x8F, 0x00, 0x00, 0xE0, 0xFF, 0xCF, 0x00, 0x00, 0xF3, 0xFF, 0xFF,
    0xFF, 0x0E, 0xF6, 0xFF, 0x4F, 0x00, 0x00, 0xF5, 0xFF, 0x6F, 0x00, 0x00, 0xC0, 0xFF, 0xFF, 0xFF,
    0x05, 0xFC, 0xFF, 0x2F, 0x00, 0x00, 0xFD, 0xFF, 0x1F, 0x00, 0x00, 0x10, 0xFB, 0xFF, 0x5D, 0x10,
    0xFF, 0xFF, 0x2F, 0x00, 0x70, 0xFF, 0xFF, 0x0C, 0x00, 0x00, 0x00, 0x10, 0x23, 0x00, 0x50, 0xFF,
    0xFF, 0xAF, 0x10, 0xF8, 0xFF, 0xFF, 0x08, 0x00, 0x00, 0x00, 0x00, 0x00, 0x00, 0x70, 0xFF, 0xFF,
    0xFF, 0xFF, 0xFF, 0xFF, 0xFF, 0x04, 0x00, 0x00, 0x00, 0x00, 0x00, 0x00, 0x80, 0xFF, 0xFF, 0xFF,
    0xFF, 0xFF, 0xF4, 0xFF, 0x01, 0x00, 0x00, 0x00, 0x00, 0x00, 0x00, 0x70, 0xFF, 0xFF, 0xFF, 0xFF,
    0xEF, 0xF1, 0xEF, 0x00, 0x00, 0x00, 0x00, 0x00, 0x10, 0x55, 0x30, 0xFF, 0xFF, 0xFF, 0xFF, 0x6F,
    0xF5, 0xBF, 0x00, 0x00, 0x00, 0x00, 0x00, 0xF8, 0xFF, 0x03, 0xFD, 0xFF, 0xFF, 0xFF, 0x0C, 0xFA,
    0x7F, 0x00, 0x00, 0x00, 0x00, 0x80, 0xFF, 0xFF, 0x05, 0xF4, 0xFF, 0xFF, 0xBF, 0x30, 0xFF, 0x4F,
    0x00, 0x00, 0x00, 0x00, 0xF2, 0xFF, 0xFF, 0x0B, 0x30, 0xFB, 0xCF, 0x06, 0xD1, 0xFF, 0x0F, 0x00,
    0x00, 0x00, 0x00, 0xF8, 0xFF, 0xFF, 0x7F, 0x00, 0x00, 0x00, 0x10, 0xFC, 0xFF, 0x0B, 0x00, 0x00,
    0x00, 0x00, 0xFC, 0xFF, 0xFF, 0xFF, 0x4B, 0x01, 0x31, 0xF8, 0xFF, 0xFF, 0x05, 0x00, 0x00, 0x00,
    0x00, 0xFE, 0xFF, 0xFF, 0xFF, 0xFF, 0xFF, 0xFF, 0xFF, 0xFF, 0xEF, 0x00, 0x00, 0x00, 0x00, 0x00,
    0xFC, 0xFF, 0xFF, 0xFF, 0xFF, 0xFF, 0xFF, 0xFF, 0xFF, 0x6F, 0x00, 0x00, 0x00, 0x00, 0x00, 0xFA,
    0xFF, 0xFF, 0xFF, 0xFF, 0xFF, 0xFF, 0xFF, 0xFF, 0x0D, 0x00, 0x00, 0x00, 0x00, 0x00, 0xF4, 0xFF,
    0xFF, 0xFF, 0xFF, 0xFF, 0xFF, 0xFF, 0xFF, 0x02, 0x00, 0x00, 0x00, 0x00, 0x00, 0xC0, 0xFF, 0xFF,
    0xFF, 0xFF, 0xFF, 0xFF, 0xFF, 0x5F, 0x00, 0x00, 0x00, 0x00, 0x00, 0x00, 0x10, 0xFE, 0xFF, 0xFF,
    0xFF, 0xFF, 0xFF, 0xFF, 0x04, 0x00, 0x00, 0x00, 0x00, 0x00, 0x00, 0x00, 0xB1, 0xFF, 0xFF, 0xFF,
    0xFF, 0xFF, 0x1A, 0x00, 0x00, 0x00, 0x00, 0x00, 0x00, 0x00, 0x00, 0x00, 0x94, 0xFD, 0xEF, 0xBD,
    0x26, 0x00, 0x00, 0x00, 0x00, 0x00, 0x00, 0x00, 0x00, 0x00, 0x00, 0x50, 0xDB, 0xFF, 0xCD, 0x69,
    0x13, 0x00, 0xE5, 0x0B, 0x00, 0x00, 0x20, 0xFD, 0xFF, 0xFF, 0xFF, 0xFF, 0xFF, 0xFF, 0xFF, 0x4F,
    0x00, 0x00, 0xE2, 0xFF, 0xFF, 0xFF, 0xFF, 0xFF, 0xFF, 0xFF, 0xFF, 0x6F, 0x00, 0x00, 0xFC, 0xFF,
    0xFF, 0xFF, 0xFF, 0xFF, 0xFF, 0xFF, 0xFF, 0x7F, 0x00, 0x40, 0xFF, 0xFF, 0xFF, 0xFF, 0xFF, 0xFF,
    0xFF, 0xFF, 0xFF, 0x6F, 0x00, 0x80, 0xFF, 0xFF, 0xFF, 0xFF, 0xFF, 0xFF, 0xFF, 0xFF, 0xFF, 0x3F,
    0x00, 0xA0, 0xFF, 0xFF, 0xFF, 0xFF, 0xFF, 0xFF, 0x8F, 0xF6, 0xFF, 0x0F, 0x00, 0x80, 0xFF, 0x9F,
    0x10, 0x63, 0xC9, 0xCD, 0x05, 0xF9, 0xFF, 0x08, 0x00, 0x20, 0xFF, 0x7F, 0x00, 0x00, 0x00, 0x00,
    0x70, 0xFF, 0xDF, 0x00, 0x00, 0x00, 0xF7, 0xBF, 0x00, 0x00, 0x00, 0x94, 0xFE, 0xFF, 0x1D, 0x00,
    0x00, 0x00, 0x10, 0x03, 0x00, 0x61, 0xFB, 0xFF, 0xFF, 0xBF, 0x01, 0x00, 0x00, 0x00, 0x00, 0x10,
    0xC6, 0xFF, 0xFF, 0xFF, 0xDF, 0x04, 0x00, 0x00, 0x00, 0x00, 0x10, 0xF9, 0xFF, 0xFF, 0xFF, 0xAF,
    0x04, 0x00, 0x00, 0x00, 0x00, 0x00, 0xE5, 0xFF, 0xFF, 0xEF, 0x5A, 0x00, 0x00, 0x00, 0x00, 0x00,
    0x00, 0x60, 0xFF, 0xFF, 0x9F, 0x04, 0x00, 0x00, 0x00, 0x00, 0x00, 0x00, 0x00, 0xF5, 0xFF, 0xAF,
    0x61, 0xBA, 0x8A, 0x03, 0x00, 0x00, 0x30, 0x2B, 0x00, 0xFE, 0xFF, 0x1F, 0xFC, 0xFF, 0xFF, 0xEF,
    0x69, 0x65, 0xF9, 0x4F, 0x60, 0xFF, 0xFF, 0xFF, 0xFF, 0xFF, 0xFF, 0xFF, 0xFF, 0xFF, 0xFF, 0x0C,
    0xB0, 0xFF, 0xFF, 0xFF, 0xFF, 0xFF, 0xFF, 0xFF, 0xFF, 0xFF, 0xFF, 0x04, 0xF0, 0xFF, 0xFF, 0xFF,
    0xFF, 0xFF, 0xFF, 0xFF, 0xFF, 0xFF, 0xBF, 0x00, 0xF0, 0xFF, 0xFF, 0x21, 0xFD, 0xFF, 0xFF, 0xFF,
    0xFF, 0xFF, 0x2F, 0x00, 0xF1, 0xFF, 0xFF, 0x00, 0xF3, 0xFF, 0xFF, 0xFF, 0xFF, 0xFF, 0x07, 0x00,
    0xF0, 0xFF, 0xFF, 0x07, 0x70, 0xFF, 0xFF, 0xFF, 0xFF, 0xAF, 0x00, 0x00, 0x90, 0xFF, 0xFF, 0x05,
    0x00, 0xFA, 0xFF, 0xFF, 0xFF, 0x09, 0x00, 0x00, 0x00, 0xE9, 0x9E, 0x00, 0x00, 0x40, 0xEB, 0xEF,
    0x4B, 0x00, 0x00, 0x00, 0x00, 0x00, 0x00, 0x00, 0x50, 0xDD, 0xDD, 0x6D, 0x00, 0x00, 0x00, 0x00,
    0xB0, 0xFF, 0xFF, 0x2F, 0x00, 0x00, 0x00, 0x00, 0xF1, 0x5F, 0x00, 0x00, 0x00, 0x00, 0x00, 0x00,
    0xF6, 0x0F, 0x00, 0x00, 0x00, 0x00, 0x00, 0x00, 0xFB, 0x0B, 0x00, 0x00, 0x00, 0x00, 0x00, 0x00,
    0xFF, 0x06, 0x00, 0x00, 0x00, 0x00, 0x00, 0x50, 0xFF, 0x01, 0x00, 0x00, 0x00, 0x00, 0x00, 0xA0,
    0xCF, 0x00, 0x00, 0x00, 0x00, 0x00, 0x00, 0xF0, 0x7F, 0x00, 0x00, 0x00, 0x00, 0x00, 0x00, 0xF4,
    0x2F, 0x00, 0x00, 0x00, 0x00, 0x00, 0x00, 0xF9, 0x0D, 0x00, 0x00, 0x00, 0x00, 0x00, 0x00, 0xFE,
    0x08, 0x00, 0x00, 0x00, 0x00, 0x00, 0x40, 0xFF, 0x03, 0x00, 0x00, 0x00, 0x00, 0x00, 0x90, 0xEF,
    0x00, 0x00, 0x00, 0x00, 0x00, 0x00, 0xE0, 0x9F, 0x00, 0x00, 0x00, 0x00, 0x00, 0x00, 0xF3, 0x4F,
    0x00, 0x00, 0x00, 0x00, 0x00, 0x00, 0xF8, 0x0E, 0x00, 0x00, 0x00, 0x00, 0x00, 0x00, 0xFD, 0x09,
    0x00, 0x00, 0x00, 0x00, 0x00, 0x30, 0xFF, 0x04, 0x00, 0x00, 0x00, 0x00, 0x00, 0x80, 0xFF, 0x00,
    0x00, 0x00, 0x00, 0x00, 0x00, 0xD0, 0xAF, 0x00, 0x00, 0x00, 0x00, 0x00, 0x00, 0xF2, 0x5F, 0x00,
    0x00, 0x00, 0x00, 0x00, 0x00, 0xF7, 0x1F, 0x00, 0x00, 0x00, 0x00, 0x00, 0x00, 0xFC, 0x0B, 0x00,
    0x00, 0x00, 0x00, 0x00, 0x10, 0xFF, 0x06, 0x00, 0x00, 0x00, 0x00, 0x00, 0x60, 0xFF, 0x01, 0x00,
    0x00, 0x00, 0x00, 0x00, 0xC0, 0xFF, 0xDD, 0x1D, 0x00, 0x00, 0x00, 0x00, 0xF1, 0xFF, 0xFF, 0x0C,
    0x00, 0x00, 0x00, 0x00, 0x09, 0x00, 0x00, 0x00, 0x3A, 0x00, 0x00, 0x00, 0x77, 0x00, 0x00, 0x00,
    0xB5, 0x00, 0x00, 0x00, 0xF2, 0x00, 0x00, 0x00, 0xF0, 0x03, 0x00, 0x00, 0xD0, 0x07, 0x00, 0x00,
    0xA0, 0x0B, 0x00, 0x00, 0x80, 0x0E, 0x00, 0x00, 0x50, 0x2F, 0x00, 0x00, 0x20, 0x6F, 0x00, 0x00,
    0x00, 0xAF, 0x00, 0x00, 0x00, 0xED, 0x00, 0x00, 0x00, 0xFA, 0x02, 0x00, 0x00, 0xF8, 0x06, 0x00,
    0x00, 0xF5, 0x0A, 0x00, 0x00, 0xF2, 0x0E, 0x00, 0x00, 0xF0, 0x2F, 0x00, 0x00, 0xC0, 0x5F, 0x00,
    0x00, 0x90, 0x9F, 0x00, 0x00, 0x60, 0xDF, 0x00, 0x00, 0x30, 0xFF, 0x00, 0x00, 0x00, 0xFF, 0x04,
    0x00, 0x00, 0xFC, 0x07, 0x00, 0x00, 0xF8, 0x0A, 0x00, 0x00, 0xF4, 0x0C, 0x00, 0x00, 0xE0, 0x0E,
    0x00, 0x00, 0x60, 0x0B, 0x00, 0x00, 0x00, 0x00, 0x90, 0xDD, 0xDD, 0x2D, 0x00, 0x00, 0x00, 0x00,
    0xF1, 0xFF, 0xFF, 0x0D, 0x00, 0x00, 0x00, 0x00, 0x00, 0x00, 0xFF, 0x08, 0x00, 0x00, 0x00, 0x00,
    0x00, 0x40, 0xFF, 0x03, 0x00, 0x00, 0x00, 0x00, 0x00, 0x90, 0xEF, 0x00, 0x00, 0x00, 0x00, 0x00,
    0x00, 0xE0, 0x9F, 0x00, 0x00, 0x00, 0x00, 0x00, 0x00, 0xF3, 0x4F, 0x00, 0x00, 0x00, 0x00, 0x00,
    0x00, 0xF9, 0x0E, 0x00, 0x00, 0x00, 0x00, 0x00, 0x00, 0xFE, 0x09, 0x00, 0x00, 0x00, 0x00, 0x00,
    0x30, 0xFF, 0x04, 0x00, 0x00, 0x00, 0x00, 0x00, 0x80, 0xFF, 0x00, 0x00, 0x00, 0x00, 0x00, 0x00,
    0xD0, 0xAF, 0x00, 0x00, 0x00, 0x00, 0x00, 0x00, 0xF2, 0x5F, 0x00, 0x00, 0x00, 0x00, 0x00, 0x00,
    0xF7, 0x0F, 0x00, 0x00, 0x00, 0x00, 0x00, 0x00, 0xFC, 0x0B, 0x00, 0x00, 0x00, 0x00, 0x00, 0x10,
    0xFF, 0x05, 0x00, 0x00, 0x00, 0x00, 0x00, 0x60, 0xFF, 0x01, 0x00, 0x00, 0x00, 0x00, 0x00, 0xB0,
    0xBF, 0x00, 0x00, 0x00, 0x00, 0x00, 0x00, 0xF0, 0x6F, 0x00, 0x00, 0x00, 0x00, 0x00, 0x00, 0xF5,
    0x1F, 0x00, 0x00, 0x00, 0x00, 0x00, 0x00, 0xFA, 0x0C, 0x00, 0x00, 0x00, 0x00, 0x00, 0x00, 0xFF,
    0x07, 0x00, 0x00, 0x00, 0x00, 0x00, 0x40, 0xFF, 0x01, 0x00, 0x00, 0x00, 0x00, 0x00, 0x90, 0xCF,
    0x00, 0x00, 0x00, 0x00, 0x00, 0x00, 0xE0, 0x7F, 0x00, 0x00, 0x00, 0x00, 0x00, 0x00, 0xF3, 0x2F,
    0x00, 0x00, 0x00, 0x00, 0xD0, 0xDD, 0xFE, 0x0D, 0x00, 0x00, 0x00, 0x00, 0xF6, 0xFF, 0xFF, 0x08,
    0x00, 0x00, 0x00, 0x00, 0x00, 0x00, 0x00, 0x62, 0x00, 0x00, 0x00, 0x00, 0x20, 0xFE, 0x09, 0x00,
    0x00, 0x00, 0xD0, 0xFF, 0x2F, 0x00, 0x00, 0x00, 0xF8, 0xFF, 0x9F, 0x00, 0x00, 0x20, 0xFF, 0xFF,
    0xEF, 0x00, 0x00, 0xC0, 0xFF, 0xFF, 0xFF, 0x04, 0x00, 0xF5, 0xEF, 0xFA, 0xFF, 0x08, 0x00, 0xFD,
    0x7F, 0xF3, 0xFF, 0x0C, 0x60, 0xFF, 0x0D, 0xE0, 0xFF, 0x0F, 0xE0, 0xFF, 0x04, 0x80, 0xFF, 0x3F,
    0xF6, 0xBF, 0x00, 0x20, 0xFF, 0x5F, 0xFC, 0x1E, 0x00, 0x00, 0xFB, 0x7F, 0xE9, 0x03, 0x00, 0x00,
    0xD2, 0x3D, 0x50, 0xCA, 0xDD, 0xED, 0xEE, 0xEE, 0xDE, 0x08, 0xF4, 0xFF, 0xFF, 0xFF, 0xFF, 0xFF,
    0xFF, 0x0D, 0xA2, 0xED, 0xFF, 0xFF, 0xFF, 0xEF, 0x8C, 0x01, 0x20, 0xDD, 0x04, 0x00, 0x00, 0xD0,
    0xFF, 0x8F, 0x00, 0x00, 0xE2, 0xFF, 0xFF, 0x1B, 0x00, 0x00, 0xC5, 0xFF, 0xDF, 0x00, 0x00, 0x00,
    0x72, 0xFC, 0x02, 0x00, 0x00, 0x20, 0xD9, 0xFF, 0x3B, 0x81, 0xDE, 0x00, 0x00, 0x00, 0x00, 0xF7,
    0xFF, 0xFF, 0xFF, 0xFF, 0xFF, 0x01, 0x00, 0x00, 0x70, 0xFF, 0xFF, 0xFF, 0xFF, 0xFF, 0xEF, 0x00,
    0x00, 0x00, 0xF4, 0xFF, 0xFF, 0xFF, 0xFF, 0xFF, 0x7F, 0x00, 0x00, 0x00, 0xFE, 0xFF, 0xFF, 0xFF,
    0xFF, 0xFF, 0x1F, 0x00, 0x00, 0x60, 0xFF, 0xFF, 0x19, 0xB1, 0xFF, 0xFF, 0x09, 0x00, 0x00, 0xD0,
    0xFF, 0xBF, 0x00, 0x40, 0xFF, 0xFF, 0x03, 0x00, 0x00, 0xF2, 0xFF, 0x5F, 0x00, 0x50, 0xFF, 0xFF,
    0x00, 0x10, 0x18, 0xF7, 0xFF, 0x4F, 0x00, 0xC0, 0xFF, 0xFF, 0x00, 0xB0, 0x5F, 0xFA, 0xFF, 0xBF,
    0x21, 0xFA, 0xFF, 0xFF, 0x9C, 0xFE, 0x0E, 0xFC, 0xFF, 0xFF, 0xFF, 0xFF, 0xFF, 0xFF, 0xFF, 0xFF,
    0x06, 0xFD, 0xFF, 0xFF, 0xFF, 0xFF, 0xFF, 0xFF, 0xFF, 0xEF, 0x00, 0xFD, 0xFF, 0xFF, 0xFF, 0xCE,
    0xFF, 0xFF, 0xFF, 0x6F, 0x00, 0xFB, 0xFF, 0xFF, 0xFF, 0xB6, 0xFF, 0xFF, 0xFF, 0x0D, 0x00, 0xF7,
    0xFF, 0xFF, 0xBF, 0x90, 0xFF, 0xFF, 0xFF, 0x03, 0x00, 0xF1, 0xFF, 0xFF, 0x0C, 0x30, 0xFF, 0xFF,
    0x5F, 0x00, 0x00, 0x30, 0xFD, 0x7D, 0x00, 0x00, 0xE6, 0xBF, 0x03, 0x00, 0x00, 0x00, 0x00, 0x00,
    0xC2, 0x7F, 0x00, 0x00, 0x00, 0x00, 0x00, 0x00, 0x00, 0xFD, 0xAF, 0x00, 0x00, 0x00, 0x00, 0x00,
    0x00, 0x80, 0xFF, 0x5F, 0x00, 0x00, 0x00, 0x00, 0x00, 0x00, 0xF1, 0xFF, 0x0D, 0x00, 0x00, 0x00,
    0x00, 0x00, 0x00, 0xF7, 0xFF, 0x06, 0x00, 0x00, 0x00, 0x00, 0x00, 0x00, 0xFE, 0xEF, 0x00, 0x00,
    0x00, 0x00, 0x00, 0x00, 0x40, 0xFF, 0x8F, 0x00, 0x00, 0x00, 0x00, 0x00, 0x00, 0xA0, 0xFF, 0x2F,
    0xC4, 0xEF, 0x08, 0x00, 0x00, 0x00, 0xF0, 0xFF, 0xEF, 0xFF, 0xFF, 0x9F, 0x00, 0x00, 0x00, 0xF5,
    0xFF, 0xFF, 0xFF, 0xFF, 0xFF, 0x00, 0x00, 0x00, 0xFB, 0xFF, 0xFF, 0xFF, 0xFF, 0xFF, 0x03, 0x00,
    0x10, 0xFF, 0xFF, 0xFF, 0xFF, 0xFF, 0xFF, 0x04, 0x00, 0x60, 0xFF, 0xFF, 0x18, 0xB1, 0xFF, 0xFF,
    0x04, 0x00, 0xC0, 0xFF, 0xBF, 0x00, 0x40, 0xFF, 0xFF, 0x03, 0x00, 0xF1, 0xFF, 0x5F, 0x00, 0x50,
    0xFF, 0xFF, 0x01, 0x16, 0xF6, 0xFF, 0x4F, 0x00, 0xC0, 0xFF, 0xDF, 0xA0, 0x6F, 0xFA, 0xFF, 0xAF,
    0x11, 0xFA, 0xFF, 0xEF, 0xFE, 0x0E, 0xFC, 0xFF, 0xFF, 0xFF, 0xFF, 0xFF, 0xFF, 0xFF, 0x04, 0xFC,
    0xFF, 0xFF, 0xFF, 0xFF, 0xFF, 0xFF, 0x5F, 0x00, 0xFB, 0xFF, 0xFF, 0xFF, 0xFF, 0xFF, 0xBE, 0x03,
    0x00, 0xF6, 0xFF, 0xFF, 0xFF, 0xFF, 0x4F, 0x00, 0x00, 0x00, 0xE0, 0xFF, 0xFF, 0xFF, 0xFF, 0x07,
    0x00, 0x00, 0x00, 0x30, 0xFE, 0xFF, 0xFF, 0x6F, 0x00, 0x00, 0x00, 0x00, 0x00, 0x91, 0xFE, 0x9E,
    0x02, 0x00, 0x00, 0x00, 0x00, 0x00, 0x00, 0x40, 0xEA, 0xEF, 0x3B, 0x00, 0x00, 0x00, 0x00, 0x00,
    0xFB, 0xFF, 0xFF, 0xFF, 0x04, 0x00, 0x00, 0x00, 0xC0, 0xFF, 0xFF, 0xFF, 0xFF, 0x0D, 0x00, 0x00,
    0x00, 0xFA, 0xFF, 0xDF, 0xFF, 0xFF, 0x1F, 0x00, 0x00, 0x40, 0xFF, 0xEF, 0x02, 0xF6, 0xFF, 0x2F,
    0x00, 0x00, 0xD0, 0xFF, 0x6F, 0x00, 0xF4, 0xFF, 0x0E, 0x00, 0x00, 0xF3, 0xFF, 0x2F, 0x00, 0xFA,
    0xFF, 0x08, 0x00, 0x00, 0xF8, 0xFF, 0x1F, 0x00, 0xFB, 0x8F, 0x00, 0xB3, 0x01, 0xFB, 0xFF, 0x3F,
    0x00, 0x10, 0x00, 0x10, 0xFE, 0x02, 0xFD, 0xFF, 0xBF, 0x00, 0x00, 0x00, 0xE3, 0x9F, 0x00, 0xFE,
    0xFF, 0xFF, 0x3B, 0x11, 0xA4, 0xFF, 0x1E, 0x00, 0xFD, 0xFF, 0xFF, 0xFF, 0xFF, 0xFF, 0xFF, 0x05,
    0x00, 0xFA, 0xFF, 0xFF, 0xFF, 0xFF, 0xFF, 0x9F, 0x00, 0x00, 0xF5, 0xFF, 0xFF, 0xFF, 0xFF, 0xFF,
    0x0B, 0x00, 0x00, 0xC0, 0xFF, 0xFF, 0xFF, 0xFF, 0xBF, 0x00, 0x00, 0x00, 0x20, 0xFE, 0xFF, 0xFF,
    0xFF, 0x07, 0x00, 0x00, 0x00, 0x00, 0x81, 0xFD, 0xCF, 0x18, 0x00, 0x00, 0x00, 0x00, 0x00, 0x00,
    0x00, 0x00, 0x00, 0x00, 0x00, 0x10, 0xFA, 0x07, 0x00, 0x00, 0x00, 0x00, 0x00, 0x00, 0x00, 0xC0,
    0xFF, 0x0B, 0x00, 0x00, 0x00, 0x00, 0x00, 0x00, 0x00, 0xF6, 0xFF, 0x08, 0x00, 0x00, 0x00, 0x00,
    0x00, 0x00, 0x00, 0xFD, 0xFF, 0x02, 0x00, 0x00, 0x00, 0x00, 0x00, 0x00, 0x30, 0xFF, 0xCF, 0x00,
    0x00, 0x00, 0x00, 0x00, 0x00, 0x00, 0x80, 0xFF, 0x6F, 0x00, 0x00, 0x00, 0x00, 0x00, 0x00, 0x00,
    0xD0, 0xFF, 0x0F, 0x00, 0x00, 0x00, 0x20, 0xD9, 0xEF, 0x07, 0xF3, 0xFF, 0x09, 0x00, 0x00, 0x00,
    0xF7, 0xFF, 0xFF, 0x7F, 0xF8, 0xFF, 0x03, 0x00, 0x00, 0x60, 0xFF, 0xFF, 0xFF, 0xFF, 0xFF, 0xDF,
    0x00, 0x00, 0x00, 0xF3, 0xFF, 0xFF, 0xFF, 0xFF, 0xFF, 0x6F, 0x00, 0x00, 0x00, 0xFD, 0xFF, 0xFF,
    0xFF, 0xFF, 0xFF, 0x1F, 0x00, 0x00, 0x50, 0xFF, 0xFF, 0x18, 0xB1, 0xFF, 0xFF, 0x0A, 0x00, 0x00,
    0xD0, 0xFF, 0xBF, 0x00, 0x40, 0xFF, 0xFF, 0x03, 0x00, 0x00, 0xF2, 0xFF, 0x5F, 0x00, 0x50, 0xFF,
    0xFF, 0x00, 0x10, 0x18, 0xF6, 0xFF, 0x4F, 0x00, 0xC0, 0xFF, 0xFF, 0x00, 0xB0, 0x5F, 0xFA, 0xFF,
    0xBF, 0x21, 0xFA, 0xFF, 0xFF, 0x9C, 0xFE, 0x0E, 0xFC, 0xFF, 0xFF, 0xFF, 0xFF, 0xFF, 0xFF, 0xFF,
    0xFF, 0x06, 0xFD, 0xFF, 0xFF, 0xFF, 0xFF, 0xFF, 0xFF, 0xFF, 0xEF, 0x00, 0xFD, 0xFF, 0xFF, 0xFF,
    0xCE, 0xFF, 0xFF, 0xFF, 0x6F, 0x00, 0xFB, 0xFF, 0xFF, 0xFF, 0xA6, 0xFF, 0xFF, 0xFF, 0x0D, 0x00,
    0xF7, 0xFF, 0xFF, 0xBF, 0x80, 0xFF, 0xFF, 0xFF, 0x03, 0x00, 0xE1, 0xFF, 0xFF, 0x0C, 0x20, 0xFF,
    0xFF, 0x5F, 0x00, 0x00, 0x30, 0xFB, 0x8E, 0x00, 0x00, 0xE5, 0xBF, 0x03, 0x00, 0x00, 0x00, 0x00,
    0x10, 0xC7, 0xFF, 0x8D, 0x00, 0x00, 0x00, 0x00, 0x00, 0xE5, 0xFF, 0xFF, 0xFF, 0x0B, 0x00, 0x00,
    0x00, 0x50, 0xFF, 0xFF, 0xFF, 0xFF, 0x5F, 0x00, 0x00, 0x00, 0xF3, 0xFF, 0xEF, 0xFE, 0xFF, 0x9F,
    0x00, 0x00, 0x00, 0xFD, 0xFF, 0x07, 0xB0, 0xFF, 0xAF, 0x00, 0x00, 0x60, 0xFF, 0xFF, 0x00, 0x80,
    0xFF, 0x8F, 0x00, 0x00, 0xD0, 0xFF, 0xFF, 0x04, 0xF4, 0xFF, 0x3F, 0x00, 0x00, 0xF1, 0xFF, 0xFF,
    0xFF, 0xFF, 0xFF, 0x0A, 0x70, 0x02, 0xF5, 0xFF, 0xFF, 0xFF, 0xFF, 0xBF, 0x00, 0xF9, 0x08, 0xF7,
    0xFF, 0x7F, 0xC9, 0xAC, 0x05, 0xA1, 0xFF, 0x01, 0xF7, 0xFF, 0xBF, 0x14, 0x10, 0x94, 0xFF, 0x7F,
    0x00, 0xF6, 0xFF, 0xFF, 0xFF, 0xFF, 0xFF, 0xFF, 0x0C, 0x00, 0xF3, 0xFF, 0xFF, 0xFF, 0xFF, 0xFF,
    0xEF, 0x02, 0x00, 0xE0, 0xFF, 0xFF, 0xFF, 0xFF, 0xFF, 0x3F, 0x00, 0x00, 0x60, 0xFF, 0xFF, 0xFF,
    0xFF, 0xFF, 0x03, 0x00, 0x00, 0x00, 0xFA, 0xFF, 0xFF, 0xFF, 0x2C, 0x00, 0x00, 0x00, 0x00, 0x50,
    0xEB, 0xEF, 0x4A, 0x00, 0x00, 0x00, 0x00, 0x00, 0x00, 0x00, 0x00, 0x00, 0xD8, 0xEF, 0x08, 0x00,
    0x00, 0x00, 0x00, 0xE3, 0xFF, 0xFF, 0x8F, 0x00, 0x00, 0x00, 0x20, 0xFF, 0xFF, 0xFF, 0xDF, 0x00,
    0x00, 0x00, 0xD0, 0xFF, 0xFF, 0xFF, 0xDF, 0x00, 0x00, 0x00, 0xF9, 0xFF, 0xFF, 0xFF, 0x9F, 0x00,
    0x00, 0x20, 0xFF, 0xDF, 0x13, 0xFD, 0x2F, 0x00, 0x00, 0xA0, 0xFF, 0x2F, 0x00, 0xF9, 0x06, 0x00,
    0x00, 0xF2, 0xFF, 0x08, 0x00, 0x00, 0x00, 0x00, 0x00, 0xF9, 0xFF, 0x02, 0x00, 0x00, 0x00, 0xA0,
    0xFF, 0xFF, 0xFF, 0xFF, 0xDF, 0x00, 0x00, 0xF0, 0xFF, 0xFF, 0xFF, 0xFF, 0xDF, 0x00, 0x00, 0x80,
    0xFD, 0xFF, 0xCF, 0xEC, 0x6F, 0x00, 0x00, 0x00, 0xE0, 0xFF, 0x0F, 0x00, 0x00, 0x00, 0x00, 0x00,
    0xF4, 0xFF, 0x0D, 0x00, 0x00, 0x00, 0x00, 0x00, 0xF9, 0xFF, 0x0B, 0x00, 0x00, 0x00, 0x00, 0x00,
    0xFD, 0xFF, 0x08, 0x00, 0x00, 0x00, 0x00, 0x20, 0xFF, 0xFF, 0x06, 0x00, 0x00, 0x00, 0x00, 0x60,
    0xFF, 0xFF, 0x04, 0x00, 0x00, 0x00, 0x00, 0xA0, 0xFF, 0xFF, 0x02, 0x00, 0x00, 0x00, 0x00, 0xE0,
    0xFF, 0xFF, 0x00, 0x00, 0x00, 0x00, 0x00, 0xF1, 0xFF, 0xFF, 0x00, 0x00, 0x00, 0x00, 0x00, 0xF4,
    0xFF, 0xDF, 0x00, 0x00, 0x00, 0x00, 0x00, 0xF6, 0xFF, 0xBF, 0x00, 0x00, 0x00, 0x00, 0x00, 0xF7,
    0xFF, 0x8F, 0x00, 0x00, 0x00, 0x00, 0x00, 0xF5, 0xFF, 0x3F, 0x00, 0x00, 0x00, 0x00, 0x00, 0xB0,
    0xDF, 0x05, 0x00, 0x00, 0x00, 0x00, 0x00, 0x00, 0x00, 0x00, 0x00, 0x92, 0xFD, 0xBF, 0x13, 0xE8,
    0x0D, 0x00, 0x00, 0x00, 0x00, 0x00, 0x60, 0xFF, 0xFF, 0xFF, 0xFF, 0xFF, 0x1F, 0x00, 0x00, 0x00,
    0x00, 0x00, 0xF6, 0xFF, 0xFF, 0xFF, 0xFF, 0xFF, 0x0D, 0x00, 0x00, 0x00, 0x00, 0x30, 0xFF, 0xFF,
    0xFF, 0xFF, 0xFF, 0xFF, 0x06, 0x00, 0x00, 0x00, 0x00, 0xD0, 0xFF, 0xFF, 0xFF, 0xFF, 0xFF, 0xEF,
    0x00, 0x00, 0x00, 0x00, 0x00, 0xF5, 0xFF, 0x8F, 0x11, 0xFC, 0xFF, 0x8F, 0x00, 0x00, 0x00, 0x00,
    0x00, 0xFC, 0xFF, 0x0B, 0x00, 0xF4, 0xFF, 0x2F, 0x00, 0x00, 0x00, 0x00, 0x10, 0xFF, 0xFF, 0x05,
    0x00, 0xF5, 0xFF, 0x0C, 0x00, 0x52, 0x00, 0x00, 0x50, 0xFF, 0xFF, 0x03, 0x00, 0xFB, 0xFF, 0x07,
    0x00, 0xFD, 0x01, 0x00, 0x90, 0xFF, 0xFF, 0x09, 0x80, 0xFF, 0xFF, 0x05, 0xB0, 0xAF, 0x00, 0x00,
    0xB0, 0xFF, 0xFF, 0xFF, 0xFF, 0xFF, 0xFF, 0x4A, 0xFB, 0x3F, 0x00, 0x00, 0xD0, 0xFF, 0xFF, 0xFF,
    0xFF, 0xFF, 0xFF, 0xFF, 0xFF, 0x0B, 0x00, 0x00, 0xE0, 0xFF, 0xFF, 0xFF, 0xDF, 0xFE, 0xFF, 0xFF,
    0xFF, 0x04, 0x00, 0x00, 0xC0, 0xFF, 0xFF, 0xFF, 0x3F, 0xFC, 0xFF, 0xFF, 0xBF, 0x00, 0x00, 0x00,
    0x80, 0xFF, 0xFF, 0xFF, 0x0A, 0xFF, 0xFF, 0xFF, 0x2F, 0x00, 0x00, 0x00, 0x10, 0xFE, 0xFF, 0xDF,
    0x60, 0xFF, 0xFF, 0xFF, 0x05, 0x00, 0x00, 0x30, 0x0B, 0xB2, 0xEF, 0x09, 0xE1, 0xFF, 0xFC, 0x4C,
    0x00, 0x00, 0x00, 0xE0, 0x3F, 0x00, 0x00, 0x20, 0xFD, 0xEF, 0x00, 0x00, 0x00, 0x00, 0x00, 0xF6,
    0xEF, 0x16, 0x20, 0xF8, 0xFF, 0x8F, 0x00, 0x00, 0x00, 0x00, 0x00, 0xF9, 0xFF, 0xFF, 0xFF, 0xFF,
    0xFF, 0x2F, 0x00, 0x00, 0x00, 0x00, 0x00, 0xFA, 0xFF, 0xFF, 0xFF, 0xFF, 0xFF, 0x0B, 0x00, 0x00,
    0x00, 0x00, 0x00, 0xF9, 0xFF, 0xFF, 0xFF, 0xFF, 0xFF, 0x03, 0x00, 0x00, 0x00, 0x00, 0x00, 0xF6,
    0xFF, 0xFF, 0xFF, 0xFF, 0x9F, 0x00, 0x00, 0x00, 0x00, 0x00, 0x00, 0xE1, 0xFF, 0xFF, 0xFF, 0xFF,
    0x0D, 0x00, 0x00, 0x00, 0x00, 0x00, 0x00, 0x40, 0xFF, 0xFF, 0xFF, 0xCF, 0x01, 0x00, 0x00, 0x00,
    0x00, 0x00, 0x00, 0x00, 0x92, 0xFD, 0xCE, 0x06, 0x00, 0x00, 0x00, 0x00, 0x00, 0x00, 0x00, 0x00,
    0x00, 0x00, 0x10, 0xFC, 0x07, 0x00, 0x00, 0x00, 0x00, 0x00, 0x00, 0x00, 0x00, 0xD0, 0xFF, 0x0A,
    0x00, 0x00, 0x00, 0x00, 0x00, 0x00, 0x00, 0x00, 0xF8, 0xFF, 0x06, 0x00, 0x00, 0x00, 0x00, 0x00,
    0x00, 0x00, 0x10, 0xFF, 0xEF, 0x00, 0x00, 0x00, 0x00, 0x00, 0x00, 0x00, 0x00, 0x70, 0xFF, 0x7F,
    0x00, 0x00, 0x00, 0x00, 0x00, 0x00, 0x00, 0x00, 0xD0, 0xFF, 0x0E, 0x00, 0x00, 0x00, 0x00, 0x00,
    0x00, 0x00, 0x00, 0xF4, 0xFF, 0x07, 0x00, 0x00, 0x00, 0x00, 0x00, 0x00, 0x00, 0x00, 0xFA, 0xFF,
    0x00, 0xC6, 0xDF, 0x06, 0x00, 0x00, 0x00, 0x00, 0x00, 0xFF, 0xBF, 0xB1, 0xFF, 0xFF, 0x4F, 0x00,
    0x00, 0x00, 0x00, 0x50, 0xFF, 0xEF, 0xFD, 0xFF, 0xFF, 0x9F, 0x00, 0x00, 0x00, 0x00, 0xB0, 0xFF,
    0xFF, 0xFF, 0xFF, 0xFF, 0xAF, 0x00, 0x00, 0x00, 0x00, 0xF1, 0xFF, 0xFF, 0xFF, 0xFF, 0xFF, 0x7F,
    0x00, 0x00, 0x00, 0x00, 0xF6, 0xFF, 0xFF, 0xFF, 0xFF, 0xFF, 0x2F, 0x00, 0x00, 0x00, 0x00, 0xFB,
    0xFF, 0xEF, 0x05, 0xF8, 0xFF, 0x0D, 0x00, 0x00, 0x00, 0x10, 0xFF, 0xFF, 0x3F, 0x00, 0xF4, 0xFF,
    0x0A, 0x00, 0x64, 0x00, 0x60, 0xFF, 0xFF, 0x0A, 0x00, 0xF8, 0xFF, 0x0C, 0x30, 0xEF, 0x00, 0xB0,
    0xFF, 0xFF, 0x04, 0x00, 0xFD, 0xFF, 0xBF, 0xFA, 0x7F, 0x00, 0xF0, 0xFF, 0xFF, 0x00, 0x30, 0xFF,
    0xFF, 0xFF, 0xFF, 0x0E, 0x00, 0xF2, 0xFF, 0xEF, 0x00, 0x80, 0xFF, 0xFF, 0xFF, 0xFF, 0x07, 0x00,
    0xF4, 0xFF, 0xEF, 0x00, 0xA0, 0xFF, 0xFF, 0xFF, 0xEF, 0x00, 0x00, 0xF4, 0xFF, 0xEF, 0x00, 0xC0,
    0xFF, 0xFF, 0xFF, 0x4F, 0x00, 0x00, 0xF3, 0xFF, 0xCF, 0x00, 0xA0, 0xFF, 0xFF, 0xFF, 0x08, 0x00,
    0x00, 0xE0, 0xFF, 0x8F, 0x00, 0x50, 0xFF, 0xFF, 0x9F, 0x00, 0x00, 0x00, 0x40, 0xFD, 0x0A, 0x00,
    0x00, 0xE7, 0xCF, 0x05, 0x00, 0x00, 0x00, 0x00, 0x00, 0x10, 0xEA, 0xBF, 0x02, 0x00, 0x00, 0xC0,
    0xFF, 0xFF, 0x0C, 0x00, 0x00, 0xF1, 0xFF, 0xFF, 0x0F, 0x00, 0x00, 0xF3, 0xFF, 0xFF, 0x0E, 0x00,
    0x00, 0xF0, 0xFF, 0xFF, 0x08, 0x00, 0x00, 0x40, 0xFC, 0x8E, 0x00, 0x00, 0x00, 0x00, 0x00, 0x00,
    0x00, 0x00, 0x00, 0xA0, 0x6F, 0x00, 0x00, 0x00, 0x00, 0xFA, 0xAF, 0x00, 0x00, 0x00, 0x30, 0xFF,
    0x9F, 0x00, 0x00, 0x00, 0xB0, 0xFF, 0x5F, 0x00, 0x00, 0x00, 0xF2, 0xFF, 0x0F, 0x00, 0x00, 0x00,
    0xF8, 0xFF, 0x0A, 0x00, 0x00, 0x00, 0xFD, 0xFF, 0x06, 0x00, 0x00, 0x20, 0xFF, 0xFF, 0x03, 0x00,
    0x28, 0x60, 0xFF, 0xFF, 0x06, 0xA0, 0x7F, 0xA0, 0xFF, 0xFF, 0xAF, 0xFD, 0x0F, 0xD0, 0xFF, 0xFF,
    0xFF, 0xFF, 0x08, 0xF0, 0xFF, 0xFF, 0xFF, 0xFF, 0x01, 0xF0, 0xFF, 0xFF, 0xFF, 0x7F, 0x00, 0xF0,
    0xFF, 0xFF, 0xFF, 0x0D, 0x00, 0xD0, 0xFF, 0xFF, 0xFF, 0x03, 0x00, 0x70, 0xFF, 0xFF, 0x4F, 0x00,
    0x00, 0x00, 0xF9, 0xBF, 0x02, 0x00, 0x00, 0x00, 0x00, 0x00, 0x00, 0x00, 0x00, 0x00, 0x10, 0xEA,
    0xBF, 0x02, 0x00, 0x00, 0x00, 0x00, 0x00, 0x00, 0x00, 0xC0, 0xFF, 0xFF, 0x0C, 0x00, 0x00, 0x00,
    0x00, 0x00, 0x00, 0x00, 0xF1, 0xFF, 0xFF, 0x0F, 0x00, 0x00, 0x00, 0x00, 0x00, 0x00, 0x00, 0xF3,
    0xFF, 0xFF, 0x0E, 0x00, 0x00, 0x00, 0x00, 0x00, 0x00, 0x00, 0xF0, 0xFF, 0xFF, 0x08, 0x00, 0x00,
    0x00, 0x00, 0x00, 0x00, 0x00, 0x40, 0xFC, 0x8E, 0x00, 0x00, 0x00, 0x00, 0x00, 0x00, 0x00, 0x00,
    0x00, 0x00, 0x00, 0x00, 0x00, 0x00, 0x00, 0x00, 0x00, 0x00, 0x00, 0x80, 0xDF, 0x01, 0x00, 0x00,
    0x00, 0x00, 0x00, 0x00, 0x00, 0x00, 0xF8, 0xFF, 0x04, 0x00, 0x00, 0x00, 0x00, 0x00, 0x00, 0x00,
    0x20, 0xFF, 0xFF, 0x01, 0x00, 0x00, 0x00, 0x00, 0x00, 0x00, 0x00, 0xA0, 0xFF, 0xDF, 0x00, 0x00,
    0x00, 0x00, 0x00, 0x00, 0x00, 0x00, 0xF1, 0xFF, 0x7F, 0x00, 0x00, 0x00, 0x00, 0x00, 0x00, 0x00,
    0x00, 0xF7, 0xFF, 0x1F, 0x00, 0x00, 0x00, 0x00, 0x00, 0x00, 0x00, 0x00, 0xFD, 0xFF, 0x0B, 0x00,
    0x00, 0x00, 0x00, 0x00, 0x00, 0x00, 0x20, 0xFF, 0xFF, 0x05, 0x00, 0x36, 0x00, 0x00, 0x00, 0x00,
    0x00, 0x70, 0xFF, 0xFF, 0x01, 0x50, 0xBF, 0x00, 0x00, 0x00, 0x00, 0x00, 0xC0, 0xFF, 0xFF, 0x00,
    0xF2, 0x4F, 0x00, 0x00, 0x00, 0x00, 0x00, 0xF1, 0xFF, 0xFF, 0x79, 0xFF, 0x0D, 0x00, 0x00, 0x00,
    0x00, 0x00, 0xF6, 0xFF, 0xFF, 0xFF, 0xFF, 0x05, 0x00, 0x00, 0x00, 0x00, 0x00, 0xFB, 0xFF, 0xFF,
    0xFF, 0xDF, 0x00, 0x00, 0x00, 0x00, 0x00, 0x10, 0xFF, 0xFF, 0xFF, 0xFF, 0x5F, 0x00, 0x00, 0x00,
    0x00, 0x00, 0x60, 0xFF, 0xFF, 0xFF, 0xFF, 0x0B, 0x00, 0x00, 0x00, 0x00, 0x00, 0xC0, 0xFF, 0xFF,
    0xFF, 0xDF, 0x01, 0x00, 0x00, 0x01, 0x00, 0x00, 0xF3, 0xFF, 0xDF, 0xEC, 0x19, 0x00, 0x00, 0xB0,
    0x08, 0x00, 0x00, 0xFC, 0xFF, 0x7F, 0x00, 0x00, 0x00, 0x00, 0xF4, 0x6F, 0x01, 0xB3, 0xFF, 0xFF,
    0x2F, 0x00, 0x00, 0x00, 0x00, 0xF9, 0xFF, 0xFF, 0xFF, 0xFF, 0xFF, 0x0C, 0x00, 0x00, 0x00, 0x00,
    0xFB, 0xFF, 0xFF, 0xFF, 0xFF, 0xFF, 0x05, 0x00, 0x00, 0x00, 0x00, 0xFC, 0xFF, 0xFF, 0xFF, 0xFF,
    0xDF, 0x00, 0x00, 0x00, 0x00, 0x00, 0xFA, 0xFF, 0xFF, 0xFF, 0xFF, 0x4F, 0x00, 0x00, 0x00, 0x00,
    0x00, 0xF4, 0xFF, 0xFF, 0xFF, 0xFF, 0x09, 0x00, 0x00, 0x00, 0x00, 0x00, 0x80, 0xFF, 0xFF, 0xFF,
    0xAF, 0x00, 0x00, 0x00, 0x00, 0x00, 0x00, 0x00, 0xB4, 0xFE, 0xBE, 0x04, 0x00, 0x00, 0x00, 0x00,
    0x00, 0x00, 0x00, 0x00, 0x00, 0x10, 0xFC, 0x07, 0x00, 0x00, 0x00, 0x00, 0x00, 0x00, 0x00, 0x00,
    0xD0, 0xFF, 0x0A, 0x00, 0x00, 0x00, 0x00, 0x00, 0x00, 0x00, 0x00, 0xF8, 0xFF, 0x06, 0x00, 0x00,
    0x00, 0x00, 0x00, 0x00, 0x00, 0x10, 0xFF, 0xEF, 0x00, 0x00, 0x00, 0x00, 0x00, 0x00, 0x00, 0x00,
    0x70, 0xFF, 0x6F, 0x00, 0x00, 0x00, 0x00, 0x00, 0x00, 0x00, 0x00, 0xD0, 0xFF, 0x0E, 0x00, 0x00,
    0x00, 0x00, 0x00, 0x00, 0x00, 0x00, 0xF4, 0xFF, 0x07, 0x00, 0x00, 0x00, 0x00, 0x00, 0x00, 0x00,
    0x00, 0xFA, 0xFF, 0x01, 0x40, 0xFC, 0x8E, 0x00, 0x00, 0x00, 0x00, 0x00, 0xFF, 0x9F, 0x00, 0xF7,
    0xFF, 0xFF, 0x07, 0x00, 0x00, 0x00, 0x50, 0xFF, 0x3F, 0x40, 0xFF, 0xFF, 0xFF, 0x0B, 0x00, 0x00,
    0x00, 0xB0, 0xFF, 0x0E, 0xD0, 0xFF, 0xFF, 0xFF, 0x0A, 0x00, 0x00, 0x00, 0xF1, 0xFF, 0x0B, 0xF7,
    0xFF, 0xFF, 0xFF, 0x04, 0x00, 0x00, 0x00, 0xF6, 0xFF, 0xEF, 0xFF, 0xFF, 0xFF, 0x4B, 0x00, 0x00,
    0x00, 0x00, 0xFB, 0xFF, 0xFF, 0xFF, 0x6F, 0x00, 0x00, 0x00, 0x00, 0x00, 0x10, 0xFF, 0xFF, 0xFF,
    0xFF, 0x1F, 0x00, 0x00, 0x00, 0xB8, 0x00, 0x60, 0xFF, 0xFF, 0xFF, 0xFF, 0xBF, 0x03, 0x10, 0xB4,
    0xEF, 0x00, 0xB0, 0xFF, 0xFF, 0x54, 0xFF, 0xFF, 0xFF, 0xFF, 0xFF, 0x6F, 0x00, 0xF0, 0xFF, 0xEF,
    0x00, 0xFF, 0xFF, 0xFF, 0xFF, 0xFF, 0x0D, 0x00, 0xF2, 0xFF, 0xEF, 0x00, 0xFD, 0xFF, 0xFF, 0xFF,
    0xFF, 0x05, 0x00, 0xF4, 0xFF, 0xEF, 0x00, 0xFA, 0xFF, 0xFF, 0xFF, 0xCF, 0x00, 0x00, 0xF4, 0xFF,
    0xEF, 0x00, 0xF6, 0xFF, 0xFF, 0xFF, 0x2F, 0x00, 0x00, 0xF3, 0xFF, 0xCF, 0x00, 0xF1, 0xFF, 0xFF,
    0xFF, 0x06, 0x00, 0x00, 0xE0, 0xFF, 0x7F, 0x00, 0xA0, 0xFF, 0xFF, 0x7F, 0x00, 0x00, 0x00, 0x40,
    0xFD, 0x0A, 0x00, 0x00, 0xFA, 0xBE, 0x04, 0x00, 0x00, 0x00, 0x00, 0x00, 0x00, 0x10, 0xFC, 0x07,
    0x00, 0x00, 0x00, 0xD0, 0xFF, 0x0B, 0x00, 0x00, 0x00, 0xF8, 0xFF, 0x07, 0x00, 0x00, 0x10, 0xFF,
    0xFF, 0x01, 0x00, 0x00, 0x70, 0xFF, 0x8F, 0x00, 0x00, 0x00, 0xD0, 0xFF, 0x1F, 0x00, 0x00, 0x00,
    0xF4, 0xFF, 0x09, 0x00, 0x00, 0x00, 0xFA, 0xFF, 0x02, 0x00, 0x00, 0x00, 0xFF, 0xCF, 0x00, 0x00,
    0x00, 0x50, 0xFF, 0x5F, 0x00, 0x00, 0x00, 0xB0, 0xFF, 0x0F, 0x00, 0x00, 0x00, 0xF1, 0xFF, 0x0A,
    0x00, 0x00, 0x00, 0xF6, 0xFF, 0x05, 0x00, 0x00, 0x00, 0xFB, 0xFF, 0x01, 0x00, 0x00, 0x10, 0xFF,
    0xFF, 0x00, 0x00, 0x25, 0x60, 0xFF, 0xFF, 0x00, 0x60, 0xAF, 0xB0, 0xFF, 0xFF, 0x7B, 0xFB, 0x3F,
    0xF0, 0xFF, 0xFF, 0xFF, 0xFF, 0x0B, 0xF2, 0xFF, 0xFF, 0xFF, 0xFF, 0x03, 0xF4, 0xFF, 0xFF, 0xFF,
    0xAF, 0x00, 0xF4, 0xFF, 0xFF, 0xFF, 0x1E, 0x00, 0xF3, 0xFF, 0xFF, 0xFF, 0x04, 0x00, 0xD0, 0xFF,
    0xFF, 0x5F, 0x00, 0x00, 0x20, 0xFB, 0xAE, 0x02, 0x00, 0x00, 0x00, 0x00, 0xD2, 0x09, 0x00, 0xC6,
    0xEF, 0x06, 0x00, 0xC6, 0xEF, 0x1A, 0x00, 0x00, 0x00, 0x00, 0x00, 0xFC, 0x0E, 0xB1, 0xFF, 0xFF,
    0x4F, 0xC1, 0xFF, 0xFF, 0xDF, 0x00, 0x00, 0x00, 0x00, 0x40, 0xFF, 0x9F, 0xFD, 0xFF, 0xFF, 0xDF,
    0xFD, 0xFF, 0xFF, 0xFF, 0x03, 0x00, 0x00, 0x00, 0xB0, 0xFF, 0xFF, 0xFF, 0xFF, 0xFF, 0xFF, 0xFF,
    0xFF, 0xFF, 0xFF, 0x03, 0x00, 0x00, 0x00, 0xF1, 0xFF, 0xFF, 0xFF, 0xFF, 0xFF, 0xFF, 0xFF, 0xFF,
    0xFF, 0xFF, 0x01, 0x00, 0x00, 0x00, 0xF7, 0xFF, 0xFF, 0xFF, 0xFF, 0xFF, 0xFF, 0xFF, 0xFF, 0xFF,
    0xCF, 0x00, 0x00, 0x00, 0x00, 0xFD, 0xFF, 0xEF, 0x05, 0xF8, 0xFF, 0xFF, 0x2B, 0xD1, 0xFF, 0x6F,
    0x00, 0x00, 0x00, 0x20, 0xFF, 0xFF, 0x3F, 0x00, 0xF4, 0xFF, 0xCF, 0x00, 0xA0, 0xFF, 0x4F, 0x00,
    0x70, 0x03, 0x70, 0xFF, 0xFF, 0x0A, 0x00, 0xF7, 0xFF, 0x2F, 0x00, 0xE0, 0xFF, 0x6F, 0x00, 0xF7,
    0x09, 0xB0, 0xFF, 0xFF, 0x04, 0x00, 0xFC, 0xFF, 0x0C, 0x00, 0xF3, 0xFF, 0xFF, 0xB9, 0xFF, 0x03,
    0xF0, 0xFF, 0xFF, 0x00, 0x10, 0xFF, 0xFF, 0x09, 0x00, 0xF8, 0xFF, 0xFF, 0xFF, 0xAF, 0x00, 0xF1,
    0xFF, 0xEF, 0x00, 0x70, 0xFF, 0xFF, 0x08, 0x00, 0xFC, 0xFF, 0xFF, 0xFF, 0x2F, 0x00, 0xF3, 0xFF,
    0xEF, 0x00, 0xB0, 0xFF, 0xFF, 0x09, 0x00, 0xFE, 0xFF, 0xFF, 0xFF, 0x09, 0x00, 0xF4, 0xFF, 0xEF,
    0x00, 0xD0, 0xFF, 0xFF, 0x0B, 0x00, 0xFF, 0xFF, 0xFF, 0xEF, 0x01, 0x00, 0xF4, 0xFF, 0xCF, 0x00,
    0xD0, 0xFF, 0xFF, 0x0A, 0x00, 0xFE, 0xFF, 0xFF, 0x4F, 0x00, 0x00, 0xF2, 0xFF, 0x7F, 0x00, 0xA0,
    0xFF, 0xFF, 0x05, 0x00, 0xF9, 0xFF, 0xFF, 0x05, 0x00, 0x00, 0x60, 0xFE, 0x0A, 0x00, 0x10, 0xFB,
    0x8E, 0x00, 0x00, 0xA0, 0xEE, 0x2A, 0x00, 0x00, 0x00, 0x00, 0x00, 0xD2, 0x09, 0x00, 0xD7, 0xDF,
    0x05, 0x00, 0x00, 0x00, 0x00, 0x00, 0xFC, 0x0D, 0xC1, 0xFF, 0xFF, 0x3F, 0x00, 0x00, 0x00, 0x00,
    0x50, 0xFF, 0x8F, 0xFE, 0xFF, 0xFF, 0x8F, 0x00, 0x00, 0x00, 0x00, 0xC0, 0xFF, 0xFF, 0xFF, 0xFF,
    0xFF, 0x9F, 0x00, 0x00, 0x00, 0x00, 0xF3, 0xFF, 0xFF, 0xFF, 0xFF, 0xFF, 0x6F, 0x00, 0x00, 0x00,
    0x00, 0xF8, 0xFF, 0xFF, 0xFF, 0xFF, 0xFF, 0x1F, 0x00, 0x00, 0x00, 0x00, 0xFD, 0xFF, 0xEF, 0x04,
    0xF9, 0xFF, 0x0C, 0x00, 0x00, 0x00, 0x20, 0xFF, 0xFF, 0x3F, 0x00, 0xF5, 0xFF, 0x09, 0x00, 0x64,
    0x00, 0x70, 0xFF, 0xFF, 0x09, 0x00, 0xF8, 0xFF, 0x0B, 0x30, 0xEF, 0x00, 0xA0, 0xFF, 0xFF, 0x03,
    0x00, 0xFD, 0xFF, 0xBF, 0xFA, 0x7F, 0x00, 0xE0, 0xFF, 0xFF, 0x00, 0x20, 0xFF, 0xFF, 0xFF, 0xFF,
    0x0E, 0x00, 0xF1, 0xFF, 0xDF, 0x00, 0x60, 0xFF, 0xFF, 0xFF, 0xFF, 0x07, 0x00, 0xF3, 0xFF, 0xDF,
    0x00, 0x90, 0xFF, 0xFF, 0xFF, 0xEF, 0x00, 0x00, 0xF4, 0xFF, 0xCF, 0x00, 0xA0, 0xFF, 0xFF, 0xFF,
    0x4F, 0x00, 0x00, 0xF4, 0xFF, 0xBF, 0x00, 0x90, 0xFF, 0xFF, 0xFF, 0x08, 0x00, 0x00, 0xF2, 0xFF,
    0x6F, 0x00, 0x40, 0xFF, 0xFF, 0x9F, 0x00, 0x00, 0x00, 0x60, 0xEE, 0x09, 0x00, 0x00, 0xE7, 0xCF,
    0x05, 0x00, 0x00, 0x00, 0x00, 0x00, 0x00, 0xB5, 0xFE, 0x8D, 0x01, 0x00, 0x00, 0x00, 0x00, 0x00,
    0xC2, 0xFF, 0xFF, 0xFF, 0x1D, 0x00, 0x00, 0x00, 0x00, 0x20, 0xFE, 0xFF, 0xFF, 0xFF, 0x9F, 0x00,
    0x00, 0x00, 0x00, 0xD1, 0xFF, 0xFF, 0xFF, 0xFF, 0xFF, 0x00, 0x00, 0x00, 0x00, 0xFA, 0xFF, 0xFF,
    0xFF, 0xFF, 0xFF, 0x02, 0x00, 0x00, 0x30, 0xFF, 0xFF, 0x3C, 0x70, 0xFF, 0xFF, 0x03, 0x00, 0x00,
    0xC0, 0xFF, 0xFF, 0x01, 0x00, 0xFF, 0xFF, 0x02, 0x00, 0x00, 0xF2, 0xFF, 0xAF, 0x00, 0x00, 0xFF,
    0xFF, 0x01, 0x84, 0x00, 0xF6, 0xFF, 0x9F, 0x00, 0x70, 0xFF, 0xEF, 0x50, 0xFF, 0x01, 0xFA, 0xFF,
    0xEF, 0x02, 0xF6, 0xFF, 0xFF, 0xFE, 0x8F, 0x00, 0xFC, 0xFF, 0xFF, 0xFF, 0xFF, 0xFF, 0xFF, 0xFF,
    0x0C, 0x00, 0xFC, 0xFF, 0xFF, 0xFF, 0xFF, 0xFF, 0xFF, 0xEF, 0x01, 0x00, 0xFB, 0xFF, 0xFF, 0xFF,
    0xFF, 0xFF, 0xDF, 0x18, 0x00, 0x00, 0xF7, 0xFF, 0xFF, 0xFF, 0xFF, 0x7F, 0x00, 0x00, 0x00, 0x00,
    0xF1, 0xFF, 0xFF, 0xFF, 0xFF, 0x09, 0x00, 0x00, 0x00, 0x00, 0x40, 0xFF, 0xFF, 0xFF, 0x7F, 0x00,
    0x00, 0x00, 0x00, 0x00, 0x00, 0xA3, 0xFE, 0x9E, 0x02, 0x00, 0x00, 0x00, 0x00, 0x00, 0x00, 0x00,
    0x00, 0x40, 0xEE, 0x02, 0xD7, 0xEF, 0x19, 0x00, 0x00, 0x00, 0x00, 0x00, 0x00, 0xE0, 0xFF, 0xCA,
    0xFF, 0xFF, 0xDF, 0x00, 0x00, 0x00, 0x00, 0x00, 0x00, 0xF6, 0xFF, 0xFF, 0xFF, 0xFF, 0xFF, 0x07,
    0x00, 0x00, 0x00, 0x00, 0x00, 0xFC, 0xFF, 0xFF, 0xFF, 0xFF, 0xFF, 0x0D, 0x00, 0x00, 0x00, 0x00,
    0x20, 0xFF, 0xFF, 0xFF, 0xFE, 0xFF, 0xFF, 0x0F, 0x00, 0x00, 0x00, 0x00, 0x70, 0xFF, 0xFF, 0x0A,
    0x50, 0xFF, 0xFF, 0x0F, 0x00, 0x00, 0x00, 0x00, 0xD0, 0xFF, 0xEF, 0x00, 0x00, 0xFF, 0xFF, 0x0E,
    0x00, 0x00, 0x00, 0x00, 0xF2, 0xFF, 0xAF, 0x00, 0x00, 0xFF, 0xFF, 0x0B, 0x91, 0x03, 0x00, 0x00,
    0xF8, 0xFF, 0x9F, 0x00, 0x70, 0xFF, 0xFF, 0x28, 0xFC, 0x06, 0x00, 0x00, 0xFD, 0xFF, 0xEF, 0x03,
    0xF6, 0xFF, 0xFF, 0xFE, 0xDF, 0x00, 0x00, 0x30, 0xFF, 0xFF, 0xFF, 0xFF, 0xFF, 0xFF, 0xFF, 0xFF,
    0x3F, 0x00, 0x00, 0x80, 0xFF, 0xFF, 0xFF, 0xFF, 0xFF, 0xFF, 0xFF, 0xFF, 0x05, 0x00, 0x00, 0xE0,
    0xFF, 0xAF, 0xFF, 0xFF, 0xFF, 0xFF, 0xEF, 0x3B, 0x00, 0x00, 0x00, 0xF5, 0xFF, 0x5A, 0xFF, 0xFF,
    0xFF, 0xFF, 0x02, 0x00, 0x00, 0x00, 0x00, 0xFB, 0xFF, 0x47, 0xFF, 0xFF, 0xFF, 0x5F, 0x00, 0x00,
    0x00, 0x00, 0x10, 0xFF, 0xFF, 0x14, 0xFF, 0xFF, 0xFF, 0x04, 0x00, 0x00, 0x00, 0x00, 0x70, 0xFF,
    0xFF, 0x01, 0xC3, 0xEF, 0x19, 0x00, 0x00, 0x00, 0x00, 0x00, 0xD0, 0xFF, 0xEF, 0x00, 0x00, 0x00,
    0x00, 0x00, 0x00, 0x00, 0x00, 0x00, 0xF2, 0xFF, 0xAF, 0x00, 0x00, 0x00, 0x00, 0x00, 0x00, 0x00,
    0x00, 0x00, 0xF7, 0xFF, 0x6F, 0x00, 0x00, 0x00, 0x00, 0x00, 0x00, 0x00, 0x00, 0x00, 0xFB, 0xFF,
    0x2F, 0x00, 0x00, 0x00, 0x00, 0x00, 0x00, 0x00, 0x00, 0x00, 0xFC, 0xFF, 0x0C, 0x00, 0x00, 0x00,
    0x00, 0x00, 0x00, 0x00, 0x00, 0x00, 0xFA, 0xFF, 0x04, 0x00, 0x00, 0x00, 0x00, 0x00, 0x00, 0x00,
    0x00, 0x00, 0xC2, 0x8F, 0x00, 0x00, 0x00, 0x00, 0x00, 0x00, 0x00, 0x00, 0x00, 0x00, 0x00, 0x00,
    0x20, 0xD9, 0xEF, 0x1A, 0x60, 0xDE, 0x00, 0x00, 0x00, 0xF7, 0xFF, 0xFF, 0xEF, 0xFD, 0xFF, 0x01,
    0x00, 0x60, 0xFF, 0xFF, 0xFF, 0xFF, 0xFF, 0xDF, 0x00, 0x00, 0xF3, 0xFF, 0xFF, 0xFF, 0xFF, 0xFF,
    0x6F, 0x00, 0x00, 0xFD, 0xFF, 0xFF, 0xFF, 0xFF, 0xFF, 0x0E, 0x00, 0x50, 0xFF, 0xFF, 0x18, 0xB1,
    0xFF, 0xFF, 0x08, 0x00, 0xD0, 0xFF, 0xBF, 0x00, 0x40, 0xFF, 0xFF, 0x02, 0x00, 0xF2, 0xFF, 0x5F,
    0x00, 0x50, 0xFF, 0xBF, 0x00, 0x00, 0xF6, 0xFF, 0x4F, 0x00, 0xC0, 0xFF, 0x6F, 0x00, 0x00, 0xFA,
    0xFF, 0xAF, 0x11, 0xFA, 0xFF, 0x1F, 0x00, 0x00, 0xFC, 0xFF, 0xFF, 0xFF, 0xFF, 0xFF, 0x0C, 0x00,
    0x00, 0xFD, 0xFF, 0xFF, 0xFF, 0xFF, 0xFF, 0x08, 0x00, 0x00, 0xFE, 0xFF, 0xFF, 0xFF, 0xFB, 0xFF,
    0x04, 0x00, 0x00, 0xFC, 0xFF, 0xFF, 0xFF, 0xF3, 0xFF, 0x00, 0x00, 0x00, 0xF7, 0xFF, 0xFF, 0x9F,
    0xF6, 0xCF, 0x00, 0x00, 0x00, 0xD0, 0xFF, 0xFF, 0x1C, 0xFE, 0x9F, 0x00, 0x00, 0x00, 0x10, 0xFA,
    0x9E, 0x80, 0xFF, 0x5F, 0x00, 0x00, 0x00, 0x00, 0x00, 0x00, 0xF2, 0xFF, 0x1F, 0x00, 0x00, 0x00,
    0x00, 0x00, 0x00, 0xFA, 0xFF, 0x0D, 0x00, 0x00, 0x00, 0x00, 0x00, 0x00, 0xFF, 0xFF, 0x0A, 0x00,
    0x00, 0x00, 0x00, 0x00, 0x40, 0xFF, 0xFF, 0x06, 0x00, 0x00, 0x00, 0x00, 0x00, 0x60, 0xFF, 0xFF,
    0x02, 0x00, 0x00, 0x00, 0x00, 0x00, 0x40, 0xFF, 0xBF, 0x00, 0x00, 0x00, 0x00, 0x00, 0x00, 0x00,
    0xF9, 0x1B, 0x00, 0x00, 0x00, 0x00, 0x00, 0xA1, 0xEF, 0x6B, 0x00, 0x00, 0x00, 0x00, 0x00, 0xFC,
    0xFF, 0xFF, 0x4E, 0x00, 0x00, 0x00, 0x20, 0xFF, 0xFF, 0xFF, 0xFF, 0x04, 0x00, 0x00, 0x40, 0xFF,
    0xFF, 0xFF, 0xFF, 0x0D, 0x00, 0x00, 0x00, 0xFC, 0xFF, 0xFF, 0xFF, 0x0E, 0x00, 0x00, 0x00, 0xF5,
    0xFC, 0xFF, 0xFF, 0x0B, 0x00, 0x00, 0x00, 0xFB, 0x31, 0xFF, 0xFF, 0x06, 0x00, 0x00, 0x20, 0x9F,
    0x00, 0xFC, 0xFF, 0x00, 0x00, 0x00, 0x90, 0x2F, 0x00, 0xFF, 0xBF, 0x00, 0x00, 0x00, 0xF2, 0x0B,
    0x50, 0xFF, 0x9F, 0x00, 0x10, 0x2A, 0xB1, 0x03, 0xC0, 0xFF, 0xDF, 0x00, 0xB0, 0x5F, 0x00, 0x00,
    0xF2, 0xFF, 0xFF, 0xBE, 0xFE, 0x0E, 0x00, 0x00, 0xF8, 0xFF, 0xFF, 0xFF, 0xFF, 0x06, 0x00, 0x00,
    0xFD, 0xFF, 0xFF, 0xFF, 0xEF, 0x00, 0x00, 0x00, 0xFF, 0xFF, 0xFF, 0xFF, 0x5F, 0x00, 0x00, 0x00,
    0xFF, 0xFF, 0xFF, 0xFF, 0x0B, 0x00, 0x00, 0x00, 0xFE, 0xFF, 0xFF, 0xEF, 0x01, 0x00, 0x00, 0x00,
    0xF7, 0xFF, 0xFF, 0x2E, 0x00, 0x00, 0x00, 0x00, 0x70, 0xFE, 0x9E, 0x01, 0x00, 0x00, 0x00, 0x00,
    0x00, 0x30, 0xFC, 0x6D, 0x00, 0x00, 0x00, 0x00, 0x00, 0x00, 0xF4, 0xFF, 0xFF, 0x04, 0x00, 0x00,
    0x00, 0x00, 0x20, 0xFF, 0xFF, 0xFF, 0x07, 0x00, 0x00, 0x00, 0x00, 0xD0, 0xFF, 0xFF, 0x6F, 0x00,
    0x00, 0x00, 0x00, 0x00, 0xF8, 0xFF, 0xFF, 0x04, 0x00, 0x00, 0x00, 0x00, 0x30, 0xFF, 0xFB, 0xFF,
    0x04, 0x00, 0x00, 0x00, 0x00, 0xD0, 0x7F, 0xF1, 0xFF, 0x0B, 0x00, 0x00, 0x00, 0x00, 0xF7, 0x0C,
    0xB0, 0xFF, 0x3F, 0x00, 0x00, 0x00, 0x20, 0xFF, 0x02, 0x90, 0xFF, 0xAF, 0x00, 0x61, 0x00, 0x90,
    0x6F, 0x00, 0xC0, 0xFF, 0xFF, 0x00, 0xFD, 0x02, 0xF0, 0xBF, 0x11, 0xF7, 0xFF, 0xFF, 0xDA, 0xCF,
    0x00, 0xF1, 0xFF, 0xFF, 0xFF, 0xFF, 0xFF, 0xFF, 0x4F, 0x00, 0xF3, 0xFF, 0xFF, 0xFF, 0xFF, 0xFF,
    0xFF, 0x0B, 0x00, 0xF2, 0xFF, 0xFF, 0xFF, 0xFF, 0xFF, 0xEF, 0x02, 0x00, 0xE0, 0xFF, 0xFF, 0xFF,
    0xFF, 0xFF, 0x4F, 0x00, 0x00, 0x70, 0xFF, 0xFF, 0xFF, 0xFF, 0xFF, 0x05, 0x00, 0x00, 0x00, 0xFB,
    0xFF, 0xFF, 0xFF, 0x3D, 0x00, 0x00, 0x00, 0x00, 0x60, 0xFC, 0xEF, 0x6B, 0x00, 0x00, 0x00, 0x00,
    0x00, 0x00, 0x00, 0xC1, 0x3F, 0x00, 0x00, 0x00, 0x00, 0x00, 0xFB, 0x6F, 0x00, 0x00, 0x00, 0x00,
    0x30, 0xFF, 0x2F, 0x00, 0x00, 0x00, 0x00, 0xC0, 0xFF, 0x0C, 0x00, 0x00, 0x00, 0x30, 0xFB, 0xFF,
    0x08, 0x00, 0x00, 0x00, 0xFF, 0xFF, 0xFF, 0xFF, 0x0F, 0x00, 0x00, 0xFF, 0xFF, 0xFF, 0xFF, 0x0F,
    0x00, 0x00, 0xE5, 0xFF, 0xFF, 0xFF, 0x08, 0x00, 0x00, 0xA0, 0xFF, 0x2B, 0x00, 0x00, 0x00, 0x00,
    0xF0, 0xFF, 0x02, 0x00, 0x00, 0x00, 0x00, 0xF5, 0xDF, 0x00, 0x00, 0x00, 0x00, 0x00, 0xFB, 0xAF,
    0x00, 0x00, 0x00, 0x00, 0x10, 0xFF, 0xBF, 0x00, 0x00, 0x80, 0x04, 0x60, 0xFF, 0xFF, 0x04, 0x00,
    0xF9, 0x0A, 0xB0, 0xFF, 0xFF, 0xDF, 0xFB, 0xFF, 0x03, 0xF0, 0xFF, 0xFF, 0xFF, 0xFF, 0xBF, 0x00,
    0xF2, 0xFF, 0xFF, 0xFF, 0xFF, 0x3F, 0x00, 0xF3, 0xFF, 0xFF, 0xFF, 0xFF, 0x09, 0x00, 0xF2, 0xFF,
    0xFF, 0xFF, 0xDF, 0x00, 0x00, 0xF0, 0xFF, 0xFF, 0xFF, 0x3E, 0x00, 0x00, 0x80, 0xFF, 0xFF, 0xEF,
    0x02, 0x00, 0x00, 0x00, 0xE8, 0xDF, 0x18, 0x00, 0x00, 0x00, 0x00, 0x00, 0xF8, 0x07, 0x00, 0x00,
    0xE6, 0x0A, 0x00, 0x00, 0x00, 0x80, 0xFF, 0x0B, 0x00, 0x40, 0xFF, 0x0E, 0x00, 0x00, 0x00, 0xF2,
    0xFF, 0x09, 0x00, 0xD0, 0xFF, 0x0B, 0x00, 0x00, 0x00, 0xFA, 0xFF, 0x04, 0x00, 0xF6, 0xFF, 0x07,
    0x00, 0x00, 0x10, 0xFF, 0xFF, 0x00, 0x00, 0xFC, 0xFF, 0x02, 0x00, 0x00, 0x70, 0xFF, 0xAF, 0x00,
    0x20, 0xFF, 0xCF, 0x00, 0x00, 0x00, 0xD0, 0xFF, 0x5F, 0x00, 0x80, 0xFF, 0x8F, 0x00, 0x00, 0x00,
    0xF2, 0xFF, 0x4F, 0x00, 0xE0, 0xFF, 0x7F, 0x00, 0xA0, 0x0A, 0xF6, 0xFF, 0x8F, 0x20, 0xFB, 0xFF,
    0xDF, 0x12, 0xF9, 0x0C, 0xFA, 0xFF, 0xFF, 0xFF, 0xFF, 0xFF, 0xFF, 0xFF, 0xFF, 0x05, 0xFC, 0xFF,
    0xFF, 0xFF, 0xFF, 0xFF, 0xFF, 0xFF, 0xDF, 0x00, 0xFD, 0xFF, 0xFF, 0xFF, 0xFF, 0xFF, 0xFF, 0xFF,
    0x5F, 0x00, 0xFF, 0xFF, 0xFF, 0xEF, 0xFC, 0xFF, 0xFF, 0xFF, 0x0C, 0x00, 0xFF, 0xFF, 0xFF, 0x6F,
    0xFB, 0xFF, 0xFF, 0xFF, 0x03, 0x00, 0xFC, 0xFF, 0xFF, 0x0B, 0xF9, 0xFF, 0xFF, 0x7F, 0x00, 0x00,
    0xF7, 0xFF, 0xEF, 0x01, 0xF4, 0xFF, 0xFF, 0x08, 0x00, 0x00, 0x80, 0xFE, 0x1A, 0x00, 0x70, 0xFE,
    0x4C, 0x00, 0x00, 0x00, 0x00, 0x10, 0xEC, 0x00, 0x00, 0xE7, 0x5E, 0x00, 0x00, 0x00, 0xC0, 0xFF,
    0x02, 0x50, 0xFF, 0xEF, 0x00, 0x00, 0x00, 0xF6, 0xFF, 0x00, 0xC0, 0xFF, 0xFF, 0x00, 0x00, 0x00,
    0xFD, 0xCF, 0x00, 0xF1, 0xFF, 0xDF, 0x00, 0x00, 0x40, 0xFF, 0x7F, 0x00, 0xF2, 0xFF, 0x9F, 0x00,
    0x00, 0xA0, 0xFF, 0x2F, 0x00, 0xF3, 0xFF, 0x4F, 0x00, 0x00, 0xE0, 0xFF, 0x0E, 0x00, 0xF3, 0xFF,
    0x0E, 0x00, 0x00, 0xF3, 0xFF, 0x0C, 0x00, 0xF1, 0xFF, 0x07, 0x40, 0x09, 0xF7, 0xFF, 0x0C, 0x00,
    0xF0, 0xFF, 0x00, 0xF5, 0x1F, 0xF9, 0xFF, 0x6F, 0x20, 0xFB, 0xFF, 0xEE, 0xFF, 0x07, 0xFA, 0xFF,
    0xFF, 0xFF, 0xFF, 0xFF, 0xFF, 0xCF, 0x00, 0xFA, 0xFF, 0xFF, 0xFF, 0xFF, 0xFF, 0xFF, 0x1D, 0x00,
    0xF8, 0xFF, 0xFF, 0xFF, 0xDF, 0xFD, 0x8D, 0x01, 0x00, 0xF6, 0xFF, 0xFF, 0xFF, 0x1E, 0x00, 0x00,
    0x00, 0x00, 0xF1, 0xFF, 0xFF, 0xFF, 0x04, 0x00, 0x00, 0x00, 0x00, 0x90, 0xFF, 0xFF, 0x4F, 0x00,
    0x00, 0x00, 0x00, 0x00, 0x00, 0xE9, 0xAF, 0x02, 0x00, 0x00, 0x00, 0x00, 0x00, 0x00, 0x10, 0xEC,
    0x00, 0x00, 0xB2, 0xDF, 0x03, 0x00, 0xC2, 0xBF, 0x00, 0x00, 0x00, 0xC0, 0xFF, 0x02, 0x00, 0xFC,
    0xFF, 0x0C, 0x00, 0xFD, 0xFF, 0x03, 0x00, 0x00, 0xF6, 0xFF, 0x00, 0x20, 0xFF, 0xFF, 0x0D, 0x40,
    0xFF, 0xFF, 0x04, 0x00, 0x00, 0xFD, 0xCF, 0x00, 0x60, 0xFF, 0xFF, 0x0A, 0x90, 0xFF, 0xFF, 0x02,
    0x00, 0x40, 0xFF, 0x7F, 0x00, 0x70, 0xFF, 0xFF, 0x03, 0xA0, 0xFF, 0xEF, 0x00, 0x00, 0xA0, 0xFF,
    0x2F, 0x00, 0x80, 0xFF, 0xCF, 0x00, 0xB0, 0xFF, 0xAF, 0x00, 0x00, 0xE0, 0xFF, 0x0E, 0x00, 0x90,
    0xFF, 0x6F, 0x00, 0xB0, 0xFF, 0x4F, 0x00, 0x00, 0xF3, 0xFF, 0x0C, 0x00, 0xD0, 0xFF, 0x2F, 0x00,
    0x90, 0xFF, 0x0D, 0x80, 0x05, 0xF7, 0xFF, 0x0C, 0x00, 0xF4, 0xFF, 0x2F, 0x00, 0x90, 0xFF, 0x06,
    0xF9, 0x0B, 0xF9, 0xFF, 0x5F, 0x40, 0xFE, 0xFF, 0xAF, 0x11, 0xF8, 0xFF, 0xFD, 0xFF, 0x02, 0xFA,
    0xFF, 0xFF, 0xFF, 0xFF, 0xFF, 0xFF, 0xFF, 0xFF, 0xFF, 0xFF, 0x7F, 0x00, 0xFA, 0xFF, 0xFF, 0xFF,
    0xDF, 0xFF, 0xFF, 0xFF, 0xFF, 0xFF, 0xFF, 0x09, 0x00, 0xF8, 0xFF, 0xFF, 0xFF, 0x6F, 0xFF, 0xFF,
    0xFF, 0xFF, 0xFE, 0x6C, 0x00, 0x00, 0xF6, 0xFF, 0xFF, 0xFF, 0x0D, 0xFF, 0xFF, 0xFF, 0x6F, 0x00,
    0x00, 0x00, 0x00, 0xF1, 0xFF, 0xFF, 0xFF, 0x03, 0xFD, 0xFF, 0xFF, 0x09, 0x00, 0x00, 0x00, 0x00,
    0x90, 0xFF, 0xFF, 0x5F, 0x00, 0xF8, 0xFF, 0xAF, 0x00, 0x00, 0x00, 0x00, 0x00, 0x00, 0xE9, 0xBF,
    0x02, 0x00, 0xA0, 0xDF, 0x05, 0x00, 0x00, 0x00, 0x00, 0x00, 0x00, 0x00, 0xD4, 0xAF, 0x00, 0x00,
    0xE9, 0x9F, 0x00, 0x00, 0x00, 0x20, 0xFF, 0xFF, 0x08, 0xD0, 0xFF, 0xFF, 0x05, 0x00, 0x00, 0xB0,
    0xFF, 0xFF, 0x0E, 0xFA, 0xFF, 0xFF, 0x08, 0x00, 0x00, 0xF3, 0xFF, 0xFF, 0x6F, 0xFF, 0xFF, 0xFF,
    0x07, 0x00, 0x00, 0xFA, 0xFF, 0xFF, 0xEF, 0xFF, 0xFF, 0xFF, 0x03, 0x00, 0x10, 0xFF, 0x06, 0xF7,
    0xFF, 0xFF, 0x14, 0xAB, 0x00, 0x00, 0x80, 0x7F, 0x00, 0xF0, 0xFF, 0x8F, 0x00, 0x00, 0x00, 0x00,
    0xF0, 0x0D, 0x00, 0xF1, 0xFF, 0x5F, 0x00, 0x00, 0x10, 0x1A, 0x20, 0x03, 0x00, 0xF6, 0xFF, 0x9F,
    0x00, 0x00, 0xC0, 0x4F, 0x00, 0x00, 0x40, 0xFE, 0xFF, 0xFF, 0x18, 0x30, 0xFC, 0x0C, 0x00, 0xD5,
    0xFF, 0xFF, 0xFF, 0xFF, 0xFF, 0xFF, 0xFF, 0x03, 0x50, 0xFF, 0xFF, 0xFF, 0xFF, 0xFF, 0xFF, 0xFF,
    0x8F, 0x00, 0xE0, 0xFF, 0xFF, 0xDF, 0xFF, 0xFF, 0xFF, 0xFF, 0x0C, 0x00, 0xF3, 0xFF, 0xFF, 0x4F,
    0xFF, 0xFF, 0xFF, 0xEF, 0x02, 0x00, 0xF5, 0xFF, 0xFF, 0x0A, 0xFD, 0xFF, 0xFF, 0x3E, 0x00, 0x00,
    0xF2, 0xFF, 0xDF, 0x00, 0xF7, 0xFF, 0xEF, 0x03, 0x00, 0x00, 0x70, 0xEE, 0x19, 0x00, 0xA0, 0xEF,
    0x19, 0x00, 0x00, 0x00, 0x00, 0x00, 0x00, 0x80, 0x7F, 0x00, 0x00, 0x50, 0xDE, 0x01, 0x00, 0x00,
    0x00, 0x00, 0x00, 0xF8, 0xBF, 0x00, 0x00, 0xF3, 0xFF, 0x05, 0x00, 0x00, 0x00, 0x00, 0x20, 0xFF,
    0x9F, 0x00, 0x00, 0xFD, 0xFF, 0x03, 0x00, 0x00, 0x00, 0x00, 0xA0, 0xFF, 0x5F, 0x00, 0x40, 0xFF,
    0xEF, 0x00, 0x00, 0x00, 0x00, 0x00, 0xF1, 0xFF, 0x1F, 0x00, 0xA0, 0xFF, 0x9F, 0x00, 0x00, 0x00,
    0x00, 0x00, 0xF7, 0xFF, 0x0C, 0x00, 0xF1, 0xFF, 0x3F, 0x00, 0x00, 0x00, 0x00, 0x00, 0xFC, 0xFF,
    0x07, 0x00, 0xF5, 0xFF, 0x0D, 0x00, 0x00, 0x00, 0x00, 0x10, 0xFF, 0xFF, 0x04, 0x00, 0xFB, 0xFF,
    0x07, 0x00, 0x23, 0x00, 0x00, 0x60, 0xFF, 0xFF, 0x04, 0x40, 0xFF, 0xFF, 0x03, 0x20, 0xCF, 0x00,
    0x00, 0x90, 0xFF, 0xFF, 0x7D, 0xF9, 0xFF, 0xFF, 0x01, 0xD1, 0x7F, 0x00, 0x00, 0xC0, 0xFF, 0xFF,
    0xFF, 0xFF, 0xFF, 0xFF, 0x46, 0xFD, 0x0E, 0x00, 0x00, 0xD0, 0xFF, 0xFF, 0xFF, 0xFF, 0xFF, 0xFF,
    0xFF, 0xFF, 0x07, 0x00, 0x00, 0xE0, 0xFF, 0xFF, 0xFF, 0xDF, 0xFF, 0xFF, 0xFF, 0xEF, 0x01, 0x00,
    0x00, 0xE0, 0xFF, 0xFF, 0xFF, 0x1E, 0xFF, 0xFF, 0xFF, 0x7F, 0x00, 0x00, 0x00, 0xC0, 0xFF, 0xFF,
    0xFF, 0x45, 0xFF, 0xFF, 0xFF, 0x0D, 0x00, 0x00, 0x00, 0x50, 0xFF, 0xFF, 0x9F, 0xB0, 0xFF, 0xFF,
    0xEF, 0x02, 0x00, 0x00, 0x40, 0x0B, 0xD6, 0xCF, 0x06, 0xF5, 0xFF, 0xED, 0x2A, 0x00, 0x00, 0x00,
    0xE0, 0x3F, 0x00, 0x00, 0x40, 0xFF, 0xAF, 0x00, 0x00, 0x00, 0x00, 0x00, 0xF6, 0xEF, 0x15, 0x30,
    0xF9, 0xFF, 0x5F, 0x00, 0x00, 0x00, 0x00, 0x00, 0xF9, 0xFF, 0xFF, 0xFF, 0xFF, 0xFF, 0x0E, 0x00,
    0x00, 0x00, 0x00, 0x00, 0xFA, 0xFF, 0xFF, 0xFF, 0xFF, 0xFF, 0x08, 0x00, 0x00, 0x00, 0x00, 0x00,
    0xF9, 0xFF, 0xFF, 0xFF, 0xFF, 0xFF, 0x01, 0x00, 0x00, 0x00, 0x00, 0x00, 0xF6, 0xFF, 0xFF, 0xFF,
    0xFF, 0x7F, 0x00, 0x00, 0x00, 0x00, 0x00, 0x00, 0xE1, 0xFF, 0xFF, 0xFF, 0xFF, 0x0C, 0x00, 0x00,
    0x00, 0x00, 0x00, 0x00, 0x40, 0xFF, 0xFF, 0xFF, 0xCF, 0x01, 0x00, 0x00, 0x00, 0x00, 0x00, 0x00,
    0x00, 0x92, 0xFD, 0xCE, 0x05, 0x00, 0x00, 0x00, 0x00, 0x00, 0x00, 0x00, 0x00, 0x50, 0x3F, 0x00,
    0x00, 0x00, 0x00, 0x43, 0x00, 0x00, 0xB0, 0xBF, 0x81, 0xFE, 0xFF, 0xFF, 0xAF, 0x00, 0x00, 0xF0,
    0xFF, 0xFF, 0xFF, 0xFF, 0xFF, 0x6F, 0x00, 0x00, 0xF3, 0xFF, 0xFF, 0xFF, 0xFF, 0xFF, 0x1F, 0x00,
    0x00, 0xF8, 0xFF, 0xFF, 0xFF, 0xFF, 0xFF, 0x07, 0x00, 0x00, 0xFD, 0xFF, 0xDF, 0xFF, 0xFF, 0xAF,
    0x00, 0x00, 0x30, 0xFF, 0x4C, 0x00, 0xF1, 0xFF, 0x0A, 0x00, 0x00, 0xB0, 0xBF, 0x00, 0x00, 0xF5,
    0x7F, 0x00, 0x00, 0x01, 0xE1, 0x0D, 0x00, 0x70, 0xDF, 0x03, 0x00, 0x40, 0x5F, 0x00, 0x01, 0x10,
    0xFB, 0x0B, 0x00, 0x00, 0xF4, 0x2F, 0x00, 0x00, 0xE4, 0xFF, 0x19, 0x10, 0xA4, 0xFF, 0x0B, 0x00,
    0x80, 0xFF, 0xFF, 0xFF, 0xFF, 0xFF, 0xFF, 0x02, 0x00, 0xF9, 0xFF, 0xFF, 0xFF, 0xFF, 0xFF, 0x9F,
    0x00, 0x70, 0xFF, 0xFF, 0xFF, 0xFF, 0xFF, 0xFF, 0x1E, 0x00, 0xF2, 0xFF, 0xFF, 0xFF, 0xFF, 0xFF,
    0xFF, 0x04, 0x00, 0xF8, 0xFF, 0xFF, 0xFF, 0xFF, 0xFF, 0x5F, 0x00, 0x00, 0xFA, 0x1A, 0xC2, 0xFF,
    0xFF, 0xFF, 0x05, 0x00, 0x00, 0xB8, 0x00, 0x00, 0xE9, 0xDF, 0x19, 0x00, 0x00, 0x00, 0x00, 0x00,
    0x00, 0x00, 0xC5, 0xFF, 0x0B, 0x00, 0x00, 0x00, 0xA0, 0xFF, 0xFF, 0x09, 0x00, 0x00, 0x00, 0xF6,
    0xCF, 0x34, 0x01, 0x00, 0x00, 0x00, 0xFC, 0x0D, 0x00, 0x00, 0x00, 0x00, 0x00, 0xFE, 0x09, 0x00,
    0x00, 0x00, 0x00, 0x00, 0xFF, 0x08, 0x00, 0x00, 0x00, 0x00, 0x00, 0xFD, 0x0A, 0x00, 0x00, 0x00,
    0x00, 0x00, 0xFC, 0x0B, 0x00, 0x00, 0x00, 0x00, 0x00, 0xFD, 0x09, 0x00, 0x00, 0x00, 0x00, 0x20,
    0xFF, 0x06, 0x00, 0x00, 0x00, 0x00, 0xC0, 0xEF, 0x00, 0x00, 0x00, 0x00, 0x40, 0xFD, 0x4F, 0x00,
    0x00, 0x00, 0x90, 0xFF, 0xEF, 0x04, 0x00, 0x00, 0x00, 0xE0, 0xFF, 0x1A, 0x00, 0x00, 0x00, 0x00,
    0xF3, 0xFF, 0x6F, 0x00, 0x00, 0x00, 0x00, 0x10, 0xF6, 0xFF, 0x00, 0x00, 0x00, 0x00, 0x00, 0x80,
    0xFF, 0x02, 0x00, 0x00, 0x00, 0x00, 0x60, 0xFF, 0x01, 0x00, 0x00, 0x00, 0x00, 0x80, 0xDF, 0x00,
    0x00, 0x00, 0x00, 0x00, 0xE0, 0x6F, 0x00, 0x00, 0x00, 0x00, 0x00, 0xF7, 0x0D, 0x00, 0x00, 0x00,
    0x00, 0x20, 0xFF, 0x03, 0x00, 0x00, 0x00, 0x00, 0xC0, 0xAF, 0x00, 0x00, 0x00, 0x00, 0x00, 0xF3,
    0x5F, 0x00, 0x00, 0x00, 0x00, 0x00, 0xF6, 0x4F, 0x00, 0x00, 0x00, 0x00, 0x00, 0xF5, 0xCF, 0x11,
    0x00, 0x00, 0x00, 0x00, 0xD0, 0xFF, 0xCF, 0x00, 0x00, 0x00, 0x00, 0x20, 0xEA, 0x7F, 0x00, 0x00,
    0x00, 0x00, 0x00, 0x00, 0x00, 0x00, 0x80, 0x2E, 0x00, 0x00, 0x00, 0x00, 0xF1, 0x3F, 0x00, 0x00,
    0x00, 0x00, 0xF5, 0x0E, 0x00, 0x00, 0x00, 0x00, 0xFA, 0x09, 0x00, 0x00, 0x00, 0x00, 0xFF, 0x04,
    0x00, 0x00, 0x00, 0x40, 0xFF, 0x00, 0x00, 0x00, 0x00, 0x90, 0xAF, 0x00, 0x00, 0x00, 0x00, 0xE0,
    0x5F, 0x00, 0x00, 0x00, 0x00, 0xF3, 0x1F, 0x00, 0x00, 0x00, 0x00, 0xF8, 0x0B, 0x00, 0x00, 0x00,
    0x00, 0xFD, 0x06, 0x00, 0x00, 0x00, 0x10, 0xFF, 0x02, 0x00, 0x00, 0x00, 0x60, 0xDF, 0x00, 0x00,
    0x00, 0x00, 0xB0, 0x8F, 0x00, 0x00, 0x00, 0x00, 0xF1, 0x3F, 0x00, 0x00, 0x00, 0x00, 0xF5, 0x0E,
    0x00, 0x00, 0x00, 0x00, 0xFA, 0x09, 0x00, 0x00, 0x00, 0x00, 0xFF, 0x04, 0x00, 0x00, 0x00, 0x40,
    0xFF, 0x00, 0x00, 0x00, 0x00, 0x90, 0xAF, 0x00, 0x00, 0x00, 0x00, 0xE0, 0x5F, 0x00, 0x00, 0x00,
    0x00, 0xF3, 0x1F, 0x00, 0x00, 0x00, 0x00, 0xF8, 0x0B, 0x00, 0x00, 0x00, 0x00, 0xFC, 0x06, 0x00,
    0x00, 0x00, 0x10, 0xFF, 0x02, 0x00, 0x00, 0x00, 0x60, 0xDF, 0x00, 0x00, 0x00, 0x00, 0xB0, 0x8F,
    0x00, 0x00, 0x00, 0x00, 0xF0, 0x3F, 0x00, 0x00, 0x00, 0x00, 0xF4, 0x0D, 0x00, 0x00, 0x00, 0x00,
    0x60, 0x01, 0x00, 0x00, 0x00, 0x00, 0x00, 0x00, 0x00, 0x40, 0xEF, 0x3B, 0x00, 0x00, 0x00, 0x00,
    0x90, 0xFF, 0xFF, 0x01, 0x00, 0x00, 0x00, 0x10, 0xA0, 0xFF, 0x07, 0x00, 0x00, 0x00, 0x00, 0x20,
    0xFF, 0x08, 0x00, 0x00, 0x00, 0x00, 0x20, 0xFF, 0x05, 0x00, 0x00, 0x00, 0x00, 0x80, 0xEF, 0x00,
    0x00, 0x00, 0x00, 0x00, 0xF1, 0x4F, 0x00, 0x00, 0x00, 0x00, 0x00, 0xFA, 0x09, 0x00, 0x00, 0x00,
    0x00, 0x30, 0xFF, 0x01, 0x00, 0x00, 0x00, 0x00, 0xB0, 0xBF, 0x00, 0x00, 0x00, 0x00, 0x00, 0xF0,
    0x9F, 0x00, 0x00, 0x00, 0x00, 0x00, 0xF0, 0xAF, 0x00, 0x00, 0x00, 0x00, 0x00, 0xD0, 0xFF, 0x17,
    0x00, 0x00, 0x00, 0x00, 0x40, 0xFF, 0xFF, 0x06, 0x00, 0x00, 0x00, 0x00, 0xF8, 0xFF, 0x01, 0x00,
    0x00, 0x00, 0xD2, 0xFF, 0xCF, 0x00, 0x00, 0x00, 0x20, 0xFE, 0x6E, 0x01, 0x00, 0x00, 0x00, 0xC0,
    0xEF, 0x01, 0x00, 0x00, 0x00, 0x00, 0xF3, 0x5F, 0x00, 0x00, 0x00, 0x00, 0x00, 0xF7, 0x0F, 0x00,
    0x00, 0x00, 0x00, 0x00, 0xF8, 0x0E, 0x00, 0x00, 0x00, 0x00, 0x00, 0xF7, 0x0F, 0x00, 0x00, 0x00,
    0x00, 0x00, 0xF6, 0x1F, 0x00, 0x00, 0x00, 0x00, 0x00, 0xF6, 0x1F, 0x00, 0x00, 0x00, 0x00, 0x00,
    0xFB, 0x0E, 0x00, 0x00, 0x00, 0x31, 0xA4, 0xFF, 0x08, 0x00, 0x00, 0x00, 0xF6, 0xFF, 0xCF, 0x00,
    0x00, 0x00, 0x00, 0xF9, 0xCF, 0x07, 0x00, 0x00, 0x00, 0x00, 0x00, 0x00, 0x54, 0x01, 0x00, 0x00,
    0x00, 0x00, 0x00, 0xE4, 0xFF, 0xCF, 0x05, 0x00, 0xF5, 0x02, 0x30, 0xFF, 0xFF, 0xFF, 0xEF, 0x89,
    0xFF, 0x00, 0xD0, 0xFF, 0xFF, 0xFF, 0xFF, 0xFF, 0x9F, 0x00, 0xF3, 0xFF, 0xFF, 0xFF, 0xFF, 0xFF,
    0x0D, 0x00, 0xF5, 0x17, 0x71, 0xFD, 0xFF, 0xBF, 0x01, 0x00, 0x10, 0x00, 0x00, 0x30, 0x66, 0x03,
    0x00, 0x00,
};
const GFXglyph Genty16Glyphs[] = {
    { 0, 0, 12, 0, 0, 0, 0 }, //  
    { 12, 25, 10, 1, 25, 150, 0 }, // !
    { 12, 9, 11, 3, 24, 54, 150 }, // "
    { 19, 25, 19, 2, 25, 250, 204 }, // #
    { 15, 28, 13, 1, 27, 224, 454 }, // $
    { 22, 25, 22, 1, 25, 275, 678 }, // %
    { 24, 25, 23, 0, 25, 300, 953 }, // &
    { 5, 9, 7, 4, 24, 27, 1253 }, // '
    { 12, 28, 9, 3, 24, 168, 1280 }, // (
    { 12, 28, 10, -3, 24, 168, 1448 }, // )
    { 11, 12, 12, 2, 24, 72, 1616 }, // *
    { 13, 14, 12, 1, 18, 98, 1688 }, // +
    { 8, 10, 8, -1, 5, 40, 1786 }, // ,
    { 13, 4, 13, 0, 13, 28, 1826 }, // -
    { 6, 6, 8, 1, 6, 18, 1854 }, // .
    { 16, 28, 9, -3, 24, 224, 1872 }, // /
    { 18, 25, 18, 1, 25, 225, 2096 }, // 0
    { 13, 25, 11, 1, 25, 175, 2321 }, // 1
    { 20, 25, 17, -1, 25, 250, 2496 }, // 2
    { 19, 25, 17, 0, 25, 250, 2746 }, // 3
    { 19, 25, 18, 1, 25, 250, 2996 }, // 4
    { 21, 26, 17, 0, 26, 286, 3246 }, // 5
    { 18, 25, 17, 1, 25, 225, 3532 }, // 6
    { 19, 25, 15, 1, 25, 250, 3757 }, // 7
    { 18, 25, 17, 1, 25, 225, 4007 }, // 8
    { 18, 25, 17, 1, 25, 225, 4232 }, // 9
    { 9, 17, 10, 1, 17, 85, 4457 }, // :
    { 11, 22, 10, -1, 17, 132, 4542 }, // ;
    { 16, 13, 15, 1, 17, 104, 4674 }, // <
    { 16, 11, 15, 1, 17, 88, 4778 }, // =
    { 16, 13, 15, 1, 17, 104, 4866 }, // >
    { 15, 25, 14, 2, 25, 200, 4970 }, // ?
    { 23, 24, 21, 0, 24, 288, 5170 }, // @
    { 33, 26, 28, -1, 25, 442, 5458 }, // A
    { 31, 26, 27, -2, 25, 416, 5900 }, // B
    { 20, 25, 19, 1, 25, 250, 6316 }, // C
    { 30, 26, 27, -2, 25, 390, 6566 }, // D
    { 20, 25, 17, 0, 25, 250, 6956 }, // E
    { 30, 28, 22, -2, 26, 420, 7206 }, // F
    { 28, 28, 18, -7, 25, 392, 7626 }, // G
    { 34, 26, 29, -2, 25, 442, 8018 }, // H
    { 18, 25, 14, -1, 25, 225, 8460 }, // I
    { 22, 26, 17, -2, 25, 286, 8685 }, // J
    { 34, 26, 27, -2, 25, 442, 8971 }, // K
    { 28, 25, 20, -5, 25, 350, 9413 }, // L
    { 39, 26, 34, -2, 25, 520, 9763 }, // M
    { 40, 26, 27, -2, 25, 520, 10283 }, // N
    { 19, 25, 18, 0, 25, 250, 10803 }, // O
    { 29, 27, 25, -2, 25, 405, 11053 }, // P
    { 22, 32, 18, 0, 25, 352, 11458 }, // Q
    { 32, 26, 27, -2, 25, 416, 11810 }, // R
    { 21, 27, 17, -1, 25, 297, 12226 }, // S
    { 32, 28, 17, -2, 27, 448, 12523 }, // T
    { 30, 25, 19, -8, 25, 375, 12971 }, // U
    { 33, 26, 16, -6, 26, 442, 13346 }, // V
    { 43, 26, 26, -6, 26, 572, 13788 }, // W
    { 31, 27, 25, -2, 25, 432, 14360 }, // X
    { 29, 32, 25, 0, 25, 480, 14792 }, // Y
    { 24, 25, 20, -1, 25, 300, 15272 }, // Z
    { 16, 28, 9, -1, 24, 224, 15572 }, // [
    { 7, 28, 9, 1, 24, 112, 15796 }, // <backslash>
    { 16, 28, 8, -3, 24, 224, 15908 }, // ]
    { 12, 13, 20, 3, 24, 78, 16132 }, // ^
    { 16, 3, 16, -1, 0, 24, 16210 }, // _
    { 9, 5, 11, 2, 24, 25, 16234 }, // `
    { 20, 17, 17, 0, 17, 170, 16259 }, // a
    { 18, 24, 15, 0, 24, 216, 16429 }, // b
    { 17, 17, 14, 0, 17, 153, 16645 }, // c
    { 20, 24, 17, 0, 24, 240, 16798 }, // d
    { 17, 17, 14, 0, 17, 153, 17038 }, // e
    { 16, 26, 9, -1, 26, 208, 17191 }, // f
    { 23, 26, 17, -3, 17, 312, 17399 }, // g
    { 21, 24, 17, -1, 24, 264, 17711 }, // h
    { 12, 24, 8, -1, 24, 144, 17975 }, // i
    { 22, 33, 8, -11, 24, 363, 18119 }, // j
    { 21, 24, 17, -1, 24, 264, 18482 }, // k
    { 12, 24, 8, -1, 24, 144, 18746 }, // l
    { 29, 17, 25, -1, 17, 255, 18890 }, // m
    { 21, 17, 17, -1, 17, 187, 19145 }, // n
    { 19, 17, 16, 0, 17, 170, 19332 }, // o
    { 23, 24, 16, -4, 17, 288, 19502 }, // p
    { 17, 24, 15, 0, 17, 216, 19790 }, // q
    { 16, 19, 13, 0, 19, 152, 20006 }, // r
    { 17, 18, 13, -1, 18, 162, 20158 }, // s
    { 13, 22, 9, -1, 22, 154, 20320 }, // t
    { 20, 17, 17, 0, 17, 170, 20474 }, // u
    { 18, 17, 15, 0, 17, 153, 20644 }, // v
    { 25, 17, 23, 0, 17, 221, 20797 }, // w
    { 20, 17, 17, 0, 17, 170, 21018 }, // x
    { 23, 26, 17, -3, 17, 312, 21188 }, // y
    { 18, 18, 15, 0, 18, 162, 21500 }, // z
    { 13, 28, 11, 2, 24, 196, 21662 }, // {
    { 12, 30, 9, 0, 25, 180, 21858 }, // |
    { 13, 28, 10, -2, 24, 196, 22038 }, // }
    { 15, 7, 16, 2, 15, 56, 22234 }, // ~
};
const UnicodeInterval Genty16Intervals[] = {
    { 0x20, 0x7E, 0x0 },
};
const GFXfont Genty16 = {
    (uint8_t*)Genty16Bitmaps,
    (GFXglyph*)Genty16Glyphs,
    (UnicodeInterval*)Genty16Intervals,
    1,
    0,
    48,
    31,
    -18,
};
