#pragma once
#include "epd_driver.h"

#pragma GCC diagnostic push
#pragma GCC diagnostic ignored "-Wnarrowing"
#pragma GCC diagnostic ignored "-Woverflow"
const uint8_t MeltSwashes14Bitmaps[19261] = {
    0x00, 0x00, 0x80, 0xFE, 0x6D, 0x00, 0x00, 0x00, 0xF8, 0xFF, 0xFF, 0x02, 0x00, 0x00, 0xFE, 0xFF,
    0xFF, 0x02, 0x00, 0x10, 0xFF, 0xFF, 0xEF, 0x00, 0x00, 0x30, 0xFF, 0xFF, 0x9F, 0x00, 0x00, 0x50,
    0xFF, 0xFF, 0x3F, 0x00, 0x00, 0x70, 0xFF, 0xFF, 0x0D, 0x00, 0x00, 0x90, 0xFF, 0xFF, 0x06, 0x00,
    0x00, 0xC0, 0xFF, 0xFF, 0x01, 0x00, 0x00, 0xF0, 0xFF, 0xCF, 0x00, 0x00, 0x00, 0xF4, 0xFF, 0x7F,
    0x00, 0x00, 0x00, 0xF8, 0xFF, 0x2F, 0x00, 0x00, 0x00, 0xFB, 0xFF, 0x0E, 0x00, 0x00, 0x00, 0xFC,
    0xFF, 0x08, 0x00, 0x00, 0x00, 0xF5, 0xBF, 0x00, 0x00, 0x00, 0x00, 0x00, 0x00, 0x00, 0x00, 0x00,
    0x00, 0x96, 0x07, 0x00, 0x00, 0x00, 0xB0, 0xFF, 0xCF, 0x00, 0x00, 0x00, 0xF4, 0xFF, 0xFF, 0x02,
    0x00, 0x00, 0xF7, 0xFF, 0xFF, 0x01, 0x00, 0x00, 0xF5, 0xFF, 0xAF, 0x00, 0x00, 0x00, 0x80, 0xEE,
    0x09, 0x00, 0x00, 0x00, 0x30, 0xFC, 0x7E, 0x10, 0xFB, 0x9F, 0x00, 0xD0, 0xFF, 0xFF, 0x90, 0xFF,
    0xFF, 0x04, 0xF0, 0xFF, 0xFF, 0xD0, 0xFF, 0xFF, 0x04, 0xF2, 0xFF, 0xDF, 0xF0, 0xFF, 0xFF, 0x01,
    0xF5, 0xFF, 0x7F, 0xF1, 0xFF, 0xBF, 0x00, 0xF9, 0xFF, 0x1F, 0xF5, 0xFF, 0x4F, 0x00, 0xFD, 0xFF,
    0x08, 0xF9, 0xFF, 0x0C, 0x00, 0xFE, 0xDF, 0x00, 0xFB, 0xFF, 0x02, 0x00, 0xE7, 0x1C, 0x00, 0xE4,
    0x4E, 0x00, 0x00, 0x00, 0x00, 0x00, 0x00, 0x80, 0xEF, 0x09, 0x00, 0xD4, 0xBF, 0x01, 0x00, 0x00,
    0x00, 0x00, 0xF4, 0xFF, 0x1F, 0x10, 0xFE, 0xFF, 0x06, 0x00, 0x00, 0x00, 0x00, 0xFA, 0xFF, 0x0C,
    0x70, 0xFF, 0xFF, 0x02, 0x00, 0x00, 0x00, 0x00, 0xFF, 0xFF, 0x04, 0xD0, 0xFF, 0xAF, 0x00, 0x00,
    0x00, 0x00, 0x50, 0xFF, 0xCF, 0x00, 0xF3, 0xFF, 0x2F, 0x00, 0x00, 0x00, 0x00, 0xB0, 0xFF, 0x5F,
    0x00, 0xFA, 0xFF, 0x0B, 0x00, 0x00, 0x80, 0xFF, 0xFE, 0xFF, 0xFF, 0xFF, 0xFF, 0xFF, 0xFF, 0x5F,
    0x00, 0xF2, 0xFF, 0xFF, 0xFF, 0xFF, 0xFF, 0xFF, 0xFF, 0xFF, 0xAF, 0x00, 0xF5, 0xFF, 0xFF, 0xFF,
    0xFF, 0xFF, 0xFF, 0xFF, 0xFF, 0x8F, 0x00, 0xD1, 0xFF, 0xFF, 0xFF, 0xFF, 0xFF, 0xFF, 0xFF, 0xFF,
    0x1C, 0x00, 0x00, 0x70, 0xFF, 0x5F, 0x00, 0xF5, 0xFF, 0x08, 0x00, 0x00, 0x00, 0x00, 0xD1, 0xFF,
    0x0C, 0x10, 0xFC, 0xFF, 0x01, 0x00, 0x00, 0xC1, 0xFF, 0xFF, 0xFF, 0xFF, 0xFF, 0xFF, 0xFF, 0xFF,
    0x5F, 0x00, 0xF7, 0xFF, 0xFF, 0xFF, 0xFF, 0xFF, 0xFF, 0xFF, 0xFF, 0x7F, 0x00, 0xF7, 0xFF, 0xFF,
    0xFF, 0xFF, 0xFF, 0xFF, 0xFF, 0xFF, 0x4F, 0x00, 0xE1, 0xFF, 0xFF, 0x4F, 0x00, 0xF9, 0xFF, 0xFF,
    0xFF, 0x09, 0x00, 0x00, 0xF1, 0xFF, 0x0E, 0x00, 0xFE, 0xFF, 0x07, 0x00, 0x00, 0x00, 0x00, 0xF7,
    0xFF, 0x08, 0x50, 0xFF, 0xFF, 0x01, 0x00, 0x00, 0x00, 0x10, 0xFE, 0xFF, 0x03, 0xC0, 0xFF, 0xCF,
    0x00, 0x00, 0x00, 0x00, 0x80, 0xFF, 0xEF, 0x00, 0xF2, 0xFF, 0x7F, 0x00, 0x00, 0x00, 0x00, 0xD0,
    0xFF, 0x8F, 0x00, 0xF5, 0xFF, 0x1F, 0x00, 0x00, 0x00, 0x00, 0x50, 0xFE, 0x0A, 0x00, 0xB1, 0xDF,
    0x05, 0x00, 0x00, 0x00, 0x00, 0x00, 0x00, 0x00, 0x30, 0xFD, 0x0C, 0x00, 0x00, 0x00, 0x00, 0xC0,
    0xFF, 0x3F, 0x00, 0x00, 0x00, 0x00, 0xF0, 0xFF, 0x0E, 0x00, 0x00, 0x00, 0x00, 0xF1, 0xFF, 0x08,
    0x00, 0x00, 0x00, 0xD7, 0xFF, 0xFF, 0x4C, 0x00, 0x00, 0xD1, 0xFF, 0xFF, 0xFF, 0xFF, 0x06, 0x00,
    0xFB, 0xFF, 0xFF, 0xFF, 0xFF, 0x0E, 0x00, 0xFF, 0xFF, 0xAF, 0xFB, 0xFF, 0x0F, 0x00, 0xFF, 0xFF,
    0x0E, 0x40, 0xFE, 0x0B, 0x00, 0xF9, 0xFF, 0xCF, 0x04, 0x31, 0x00, 0x00, 0x70, 0xFF, 0xFF, 0xCF,
    0x03, 0x00, 0x30, 0x16, 0x60, 0xFD, 0xFF, 0x4F, 0x00, 0xF3, 0xDF, 0x02, 0xD0, 0xFF, 0xCF, 0x00,
    0xF9, 0xFF, 0x6E, 0xF5, 0xFF, 0xFF, 0x00, 0xFB, 0xFF, 0xFF, 0xFF, 0xFF, 0xDF, 0x00, 0xF7, 0xFF,
    0xFF, 0xFF, 0xFF, 0x7F, 0x00, 0xC0, 0xFF, 0xFF, 0xFF, 0xFF, 0x0B, 0x00, 0x00, 0xE7, 0xFF, 0xFF,
    0x6C, 0x00, 0x00, 0x00, 0xE0, 0xFF, 0x0A, 0x00, 0x00, 0x00, 0x00, 0xF5, 0xFF, 0x08, 0x00, 0x00,
    0x00, 0x00, 0xFA, 0xFF, 0x05, 0x00, 0x00, 0x00, 0x00, 0xE5, 0xAF, 0x00, 0x00, 0x00, 0x00, 0x00,
    0x00, 0xA2, 0xFE, 0x4C, 0x00, 0x00, 0x00, 0xE7, 0x3D, 0x00, 0x60, 0xFF, 0xFF, 0xFF, 0x02, 0x00,
    0x70, 0xFF, 0xDF, 0x00, 0xF4, 0xFF, 0xFF, 0xFF, 0x08, 0x00, 0xF3, 0xFF, 0xAF, 0x00, 0xFD, 0xFF,
    0xFF, 0xFF, 0x0A, 0x10, 0xFE, 0xFF, 0x1E, 0x30, 0xFF, 0x3E, 0x90, 0xFF, 0x08, 0xB0, 0xFF, 0xEF,
    0x02, 0x70, 0xFF, 0x1B, 0xD2, 0xFF, 0x04, 0xF7, 0xFF, 0x2E, 0x00, 0x80, 0xFF, 0xFF, 0xFF, 0xEF,
    0x40, 0xFF, 0xEF, 0x02, 0x00, 0x60, 0xFF, 0xFF, 0xFF, 0x4F, 0xE1, 0xFF, 0x2E, 0x00, 0x00, 0x00,
    0xFE, 0xFF, 0xFF, 0x05, 0xFC, 0xFF, 0x03, 0x00, 0x00, 0x00, 0xC3, 0xEF, 0x2A, 0x90, 0xFF, 0x3F,
    0x00, 0x00, 0x00, 0x00, 0x00, 0x00, 0x00, 0xF6, 0xFF, 0x04, 0x00, 0x00, 0x00, 0x00, 0x00, 0x00,
    0x50, 0xFF, 0x6F, 0x60, 0xFD, 0x8E, 0x00, 0x00, 0x00, 0x00, 0xF3, 0xFF, 0x19, 0xFC, 0xFF, 0xFF,
    0x06, 0x00, 0x00, 0x30, 0xFF, 0xCF, 0xB0, 0xFF, 0xFF, 0xFF, 0x0D, 0x00, 0x00, 0xE2, 0xFF, 0x1E,
    0xF5, 0xFF, 0xFF, 0xFF, 0x0F, 0x00, 0x20, 0xFE, 0xFF, 0x05, 0xFB, 0x9F, 0x40, 0xFF, 0x0F, 0x00,
    0xD1, 0xFF, 0x9F, 0x00, 0xFF, 0x0F, 0x20, 0xFF, 0x0D, 0x10, 0xFD, 0xFF, 0x0D, 0x20, 0xFF, 0x3F,
    0xB1, 0xFF, 0x08, 0xD0, 0xFF, 0xFF, 0x02, 0x20, 0xFF, 0xFF, 0xFF, 0xFF, 0x01, 0xF8, 0xFF, 0x6F,
    0x00, 0x00, 0xFF, 0xFF, 0xFF, 0x7F, 0x00, 0xF9, 0xFF, 0x0A, 0x00, 0x00, 0xF8, 0xFF, 0xFF, 0x08,
    0x00, 0xB1, 0xAF, 0x00, 0x00, 0x00, 0x90, 0xFE, 0x5C, 0x00, 0x00, 0x00, 0x00, 0x00, 0x00, 0x71,
    0xEC, 0xDF, 0x29, 0x00, 0x00, 0x00, 0x00, 0x30, 0xFE, 0xFF, 0xFF, 0xFF, 0x03, 0x00, 0x00, 0x00,
    0xE1, 0xFF, 0xFF, 0xFF, 0xFF, 0x0C, 0x00, 0x00, 0x00, 0xF8, 0xFF, 0xFF, 0xFF, 0xFF, 0x0F, 0x00,
    0x00, 0x00, 0xFD, 0xFF, 0xFF, 0xFF, 0xFF, 0x0E, 0x00, 0x00, 0x00, 0xFF, 0xFF, 0x18, 0xF9, 0xFF,
    0x09, 0x00, 0x00, 0x00, 0xFF, 0xFF, 0x00, 0xF9, 0xEF, 0x01, 0x00, 0x00, 0x00, 0xFF, 0xFF, 0x97,
    0xFF, 0x3E, 0x00, 0x00, 0x00, 0x00, 0xFE, 0xFF, 0xFF, 0xBF, 0x01, 0x00, 0x00, 0x00, 0x80, 0xFF,
    0xFF, 0xAF, 0x03, 0x00, 0x00, 0x00, 0x50, 0xFE, 0xFF, 0xFF, 0x0B, 0x70, 0x9F, 0x00, 0x00, 0xF8,
    0xFF, 0xFC, 0xFF, 0x0F, 0xF1, 0xFF, 0x06, 0x70, 0xFF, 0x5F, 0xE0, 0xFF, 0x5F, 0xF9, 0xFF, 0x0A,
    0xF2, 0xFF, 0x0D, 0x80, 0xFF, 0xFF, 0xFF, 0xFF, 0x09, 0xF8, 0xFF, 0x0D, 0x10, 0xFF, 0xFF, 0xFF,
    0xFF, 0x04, 0xFC, 0xFF, 0x3F, 0x00, 0xFB, 0xFF, 0xFF, 0xAF, 0x00, 0xFD, 0xFF, 0xFF, 0xBB, 0xFF,
    0xFF, 0xFF, 0x1F, 0x00, 0xFB, 0xFF, 0xFF, 0xFF, 0xFF, 0xFF, 0xFF, 0x6F, 0x00, 0xF6, 0xFF, 0xFF,
    0xFF, 0xFF, 0xFF, 0xFF, 0xFF, 0x08, 0xD0, 0xFF, 0xFF, 0xFF, 0xFF, 0xFF, 0xFF, 0xFF, 0x0F, 0x20,
    0xFD, 0xFF, 0xFF, 0xFF, 0x49, 0xFE, 0xFF, 0x09, 0x00, 0x70, 0xEC, 0xDF, 0x18, 0x00, 0xB1, 0xAF,
    0x00, 0x30, 0xFC, 0x7E, 0x00, 0xD0, 0xFF, 0xFF, 0x00, 0xF0, 0xFF, 0xFF, 0x00, 0xF2, 0xFF, 0xDF,
    0x00, 0xF5, 0xFF, 0x7F, 0x00, 0xF9, 0xFF, 0x1F, 0x00, 0xFD, 0xFF, 0x08, 0x00, 0xFE, 0xDF, 0x00,
    0x00, 0xE7, 0x1C, 0x00, 0x00, 0x00, 0x00, 0x00, 0x30, 0xEB, 0x7F, 0x00, 0x00, 0x00, 0x00, 0xF8,
    0xFF, 0xFF, 0x03, 0x00, 0x00, 0x90, 0xFF, 0xFF, 0xFF, 0x05, 0x00, 0x00, 0xF6, 0xFF, 0xFF, 0xFF,
    0x01, 0x00, 0x20, 0xFF, 0xFF, 0xFF, 0x6F, 0x00, 0x00, 0xB0, 0xFF, 0xFF, 0xFF, 0x04, 0x00, 0x00,
    0xF3, 0xFF, 0xFF, 0x2E, 0x00, 0x00, 0x00, 0xFA, 0xFF, 0xFF, 0x04, 0x00, 0x00, 0x10, 0xFF, 0xFF,
    0x9F, 0x00, 0x00, 0x00, 0x60, 0xFF, 0xFF, 0x1F, 0x00, 0x00, 0x00, 0xB0, 0xFF, 0xFF, 0x09, 0x00,
    0x00, 0x00, 0xF0, 0xFF, 0xFF, 0x04, 0x00, 0x00, 0x00, 0xF3, 0xFF, 0xFF, 0x00, 0x00, 0x00, 0x00,
    0xF6, 0xFF, 0xCF, 0x00, 0x00, 0x00, 0x00, 0xF8, 0xFF, 0xAF, 0x00, 0x00, 0x00, 0x00, 0xFA, 0xFF,
    0x8F, 0x00, 0x00, 0x00, 0x00, 0xFB, 0xFF, 0x8F, 0x00, 0x00, 0x00, 0x00, 0xFC, 0xFF, 0x8F, 0x00,
    0x00, 0x00, 0x00, 0xFC, 0xFF, 0x9F, 0x00, 0x00, 0x00, 0x00, 0xFB, 0xFF, 0xBF, 0x00, 0x00, 0x00,
    0x00, 0xF9, 0xFF, 0xEF, 0x00, 0x00, 0x00, 0x00, 0xF7, 0xFF, 0xFF, 0x03, 0x00, 0x00, 0x00, 0xF4,
    0xFF, 0xFF, 0x09, 0x00, 0x00, 0x00, 0xE0, 0xFF, 0xFF, 0x0E, 0x00, 0x00, 0x00, 0xA0, 0xFF, 0xFF,
    0x6F, 0x00, 0x00, 0x00, 0x20, 0xFF, 0xFF, 0x8F, 0x00, 0x00, 0x00, 0x00, 0xF9, 0xFF, 0x5F, 0x00,
    0x00, 0x00, 0x00, 0x80, 0xEE, 0x07, 0x00, 0x00, 0x00, 0x00, 0x00, 0x00, 0xC3, 0xCF, 0x02, 0x00,
    0x00, 0x00, 0x00, 0xFE, 0xFF, 0x1E, 0x00, 0x00, 0x00, 0x20, 0xFF, 0xFF, 0x8F, 0x00, 0x00, 0x00,
    0x00, 0xFF, 0xFF, 0xFF, 0x00, 0x00, 0x00, 0x00, 0xF9, 0xFF, 0xFF, 0x05, 0x00, 0x00, 0x00, 0xF2,
    0xFF, 0xFF, 0x09, 0x00, 0x00, 0x00, 0xC0, 0xFF, 0xFF, 0x0D, 0x00, 0x00, 0x00, 0x80, 0xFF, 0xFF,
    0x0F, 0x00, 0x00, 0x00, 0x50, 0xFF, 0xFF, 0x1F, 0x00, 0x00, 0x00, 0x30, 0xFF, 0xFF, 0x2F, 0x00,
    0x00, 0x00, 0x20, 0xFF, 0xFF, 0x2F, 0x00, 0x00, 0x00, 0x10, 0xFF, 0xFF, 0x1F, 0x00, 0x00, 0x00,
    0x20, 0xFF, 0xFF, 0x0F, 0x00, 0x00, 0x00, 0x30, 0xFF, 0xFF, 0x0E, 0x00, 0x00, 0x00, 0x60, 0xFF,
    0xFF, 0x0C, 0x00, 0x00, 0x00, 0x90, 0xFF, 0xFF, 0x09, 0x00, 0x00, 0x00, 0xE0, 0xFF, 0xFF, 0x05,
    0x00, 0x00, 0x00, 0xF4, 0xFF, 0xFF, 0x01, 0x00, 0x00, 0x00, 0xFA, 0xFF, 0xCF, 0x00, 0x00, 0x00,
    0x30, 0xFF, 0xFF, 0x6F, 0x00, 0x00, 0x00, 0xD0, 0xFF, 0xFF, 0x1F, 0x00, 0x00, 0x00, 0xFA, 0xFF,
    0xFF, 0x09, 0x00, 0x00, 0xC1, 0xFF, 0xFF, 0xFF, 0x02, 0x00, 0x20, 0xFE, 0xFF, 0xFF, 0x7F, 0x00,
    0x00, 0xB0, 0xFF, 0xFF, 0xFF, 0x0C, 0x00, 0x00, 0xF0, 0xFF, 0xFF, 0xDF, 0x01, 0x00, 0x00, 0xD0,
    0xFF, 0xFF, 0x1C, 0x00, 0x00, 0x00, 0x30, 0xFD, 0x6C, 0x00, 0x00, 0x00, 0x00, 0x00, 0x00, 0xF6,
    0x0B, 0x00, 0x00, 0x60, 0x08, 0xFB, 0x0F, 0x00, 0x00, 0xF2, 0xAF, 0xF7, 0x6B, 0xAF, 0x00, 0xD0,
    0xFF, 0xF7, 0xF6, 0xFF, 0x00, 0x00, 0x84, 0xFF, 0xFF, 0x8F, 0x00, 0xD3, 0xFE, 0xFF, 0x3B, 0x00,
    0x00, 0xF9, 0x7F, 0xBA, 0xF9, 0x4F, 0x00, 0xF5, 0x08, 0xCE, 0xF2, 0x9F, 0x00, 0x00, 0x70, 0xFF,
    0x91, 0x3E, 0x00, 0x00, 0xA0, 0xFF, 0x02, 0x00, 0x00, 0x00, 0x40, 0xAE, 0x00, 0x00, 0x00, 0x00,
    0x00, 0x00, 0x20, 0xFD, 0x08, 0x00, 0x00, 0x00, 0x00, 0x00, 0xC0, 0xFF, 0x0F, 0x00, 0x00, 0x00,
    0x00, 0x00, 0xF1, 0xFF, 0x0F, 0x00, 0x00, 0x00, 0x00, 0x00, 0xF3, 0xFF, 0x0A, 0x00, 0x00, 0x00,
    0x00, 0x00, 0xF4, 0xFF, 0x03, 0x00, 0x00, 0x00, 0x00, 0x00, 0xF7, 0xFF, 0x02, 0x00, 0x00, 0x50,
    0xFE, 0xFF, 0xFF, 0xFF, 0xFF, 0xEF, 0x05, 0xF1, 0xFF, 0xFF, 0xFF, 0xFF, 0xFF, 0xFF, 0x0B, 0xF3,
    0xFF, 0xFF, 0xFF, 0xFF, 0xFF, 0xFF, 0x09, 0xB0, 0xFF, 0xFF, 0xFF, 0xFF, 0xFF, 0xBF, 0x01, 0x00,
    0x00, 0xB0, 0xFF, 0x0B, 0x00, 0x00, 0x00, 0x00, 0x00, 0xD0, 0xFF, 0x08, 0x00, 0x00, 0x00, 0x00,
    0x00, 0xF5, 0xFF, 0x07, 0x00, 0x00, 0x00, 0x00, 0x00, 0xFB, 0xFF, 0x05, 0x00, 0x00, 0x00, 0x00,
    0x00, 0xFC, 0xFF, 0x01, 0x00, 0x00, 0x00, 0x00, 0x00, 0xE5, 0x5E, 0x00, 0x00, 0x00, 0x00, 0x00,
    0xB2, 0xDF, 0x04, 0x00, 0xFD, 0xFF, 0x0E, 0x50, 0xFF, 0xFF, 0x2F, 0x70, 0xFF, 0xFF, 0x2F, 0x20,
    0xFF, 0xFF, 0x0F, 0x00, 0xD3, 0xFF, 0x0B, 0x00, 0x90, 0xFF, 0x05, 0x40, 0xFC, 0xCF, 0x00, 0xF7,
    0xFF, 0x1E, 0x00, 0xF7, 0xAE, 0x01, 0x00, 0x30, 0xED, 0x29, 0x20, 0xE8, 0x0C, 0xE0, 0xFF, 0xFF,
    0xFF, 0xFF, 0x4F, 0xF3, 0xFF, 0xFF, 0xFF, 0xFF, 0x4F, 0xF4, 0xFF, 0xFF, 0xFF, 0xFF, 0x0E, 0xD0,
    0xFF, 0xFF, 0xFF, 0xDF, 0x04, 0x00, 0x96, 0x07, 0x00, 0xB0, 0xFF, 0xCF, 0x00, 0xF5, 0xFF, 0xFF,
    0x01, 0xF8, 0xFF, 0xFF, 0x00, 0xF6, 0xFF, 0x9F, 0x00, 0x90, 0xEF, 0x09, 0x00, 0x00, 0x00, 0x00,
    0x00, 0x00, 0xD2, 0x8F, 0x00, 0x00, 0x00, 0x00, 0x00, 0x00, 0xFC, 0xFF, 0x02, 0x00, 0x00, 0x00,
    0x00, 0x30, 0xFF, 0xFF, 0x01, 0x00, 0x00, 0x00, 0x00, 0x90, 0xFF, 0xBF, 0x00, 0x00, 0x00, 0x00,
    0x00, 0xE0, 0xFF, 0x3F, 0x00, 0x00, 0x00, 0x00, 0x00, 0xF5, 0xFF, 0x0C, 0x00, 0x00, 0x00, 0x00,
    0x00, 0xFB, 0xFF, 0x04, 0x00, 0x00, 0x00, 0x00, 0x10, 0xFF, 0xCF, 0x00, 0x00, 0x00, 0x00, 0x00,
    0x70, 0xFF, 0x4F, 0x00, 0x00, 0x00, 0x00, 0x00, 0xD0, 0xFF, 0x0C, 0x00, 0x00, 0x00, 0x00, 0x00,
    0xF3, 0xFF, 0x05, 0x00, 0x00, 0x00, 0x00, 0x00, 0xFA, 0xDF, 0x00, 0x00, 0x00, 0x00, 0x00, 0x10,
    0xFF, 0x6F, 0x00, 0x00, 0x00, 0x00, 0x00, 0x80, 0xFF, 0x0E, 0x00, 0x00, 0x00, 0x00, 0x00, 0xE0,
    0xFF, 0x08, 0x00, 0x00, 0x00, 0x00, 0x00, 0xF7, 0xFF, 0x02, 0x00, 0x00, 0x00, 0x00, 0x00, 0xFE,
    0xBF, 0x00, 0x00, 0x00, 0x00, 0x00, 0x60, 0xFF, 0x5F, 0x00, 0x00, 0x00, 0x00, 0x00, 0xD0, 0xFF,
    0x0F, 0x00, 0x00, 0x00, 0x00, 0x00, 0xF5, 0xFF, 0x09, 0x00, 0x00, 0x00, 0x00, 0x00, 0xFD, 0xFF,
    0x03, 0x00, 0x00, 0x00, 0x00, 0x50, 0xFF, 0xDF, 0x00, 0x00, 0x00, 0x00, 0x00, 0xD0, 0xFF, 0x7F,
    0x00, 0x00, 0x00, 0x00, 0x00, 0xF2, 0xFF, 0x1F, 0x00, 0x00, 0x00, 0x00, 0x00, 0xF3, 0xFF, 0x0B,
    0x00, 0x00, 0x00, 0x00, 0x00, 0x80, 0xCE, 0x01, 0x00, 0x00, 0x00, 0x00, 0x00, 0x00, 0x00, 0x00,
    0x50, 0xEA, 0xEF, 0x7C, 0x00, 0x00, 0x00, 0x00, 0x20, 0xFC, 0xFF, 0xFF, 0xFF, 0x3E, 0x00, 0x00,
    0x00, 0xF4, 0xFF, 0xFF, 0xFF, 0xFF, 0xEF, 0x01, 0x00, 0x30, 0xFF, 0xFF, 0xFF, 0xFF, 0xFF, 0xFF,
    0x09, 0x00, 0xE1, 0xFF, 0xFF, 0xFF, 0xFF, 0xFF, 0xFF, 0x0F, 0x00, 0xFA, 0xFF, 0xFF, 0xAD, 0xFB,
    0xFF, 0xFF, 0x3F, 0x20, 0xFF, 0xFF, 0x5E, 0x00, 0x20, 0xFE, 0xFF, 0x5F, 0xA0, 0xFF, 0xFF, 0x03,
    0x00, 0x00, 0xF6, 0xFF, 0x7F, 0xF0, 0xFF, 0x8F, 0x00, 0x00, 0x00, 0xF2, 0xFF, 0x6F, 0xF4, 0xFF,
    0x1F, 0x00, 0x00, 0x00, 0xF2, 0xFF, 0x5F, 0xF8, 0xFF, 0x0D, 0x00, 0x00, 0x00, 0xF4, 0xFF, 0x3F,
    0xFB, 0xFF, 0x0C, 0x00, 0x00, 0x00, 0xF9, 0xFF, 0x0F, 0xFC, 0xFF, 0x0E, 0x00, 0x00, 0x20, 0xFF,
    0xFF, 0x0C, 0xFD, 0xFF, 0x4F, 0x00, 0x00, 0xD1, 0xFF, 0xFF, 0x07, 0xFD, 0xFF, 0xEF, 0x05, 0x51,
    0xFE, 0xFF, 0xFF, 0x01, 0xFB, 0xFF, 0xFF, 0xFF, 0xFF, 0xFF, 0xFF, 0x9F, 0x00, 0xF9, 0xFF, 0xFF,
    0xFF, 0xFF, 0xFF, 0xFF, 0x1E, 0x00, 0xF5, 0xFF, 0xFF, 0xFF, 0xFF, 0xFF, 0xFF, 0x05, 0x00, 0xE0,
    0xFF, 0xFF, 0xFF, 0xFF, 0xFF, 0x8F, 0x00, 0x00, 0x50, 0xFF, 0xFF, 0xFF, 0xFF, 0xFF, 0x08, 0x00,
    0x00, 0x00, 0xF7, 0xFF, 0xFF, 0xFF, 0x5E, 0x00, 0x00, 0x00, 0x00, 0x30, 0xDA, 0xEF, 0x6B, 0x00,
    0x00, 0x00, 0x00, 0x00, 0x00, 0x00, 0x90, 0xEE, 0x07, 0x00, 0x00, 0x00, 0xFB, 0xFF, 0x1F, 0x00,
    0x00, 0xB0, 0xFF, 0xFF, 0x1F, 0x00, 0x20, 0xFD, 0xFF, 0xFF, 0x0E, 0x00, 0xF4, 0xFF, 0xFF, 0xFF,
    0x08, 0x10, 0xFF, 0xFF, 0xFF, 0xFF, 0x02, 0x40, 0xFF, 0xFF, 0xFF, 0xCF, 0x00, 0x10, 0xFC, 0xFF,
    0xFF, 0x6F, 0x00, 0x00, 0x20, 0xFF, 0xFF, 0x1F, 0x00, 0x00, 0x10, 0xFF, 0xFF, 0x0B, 0x00, 0x00,
    0x40, 0xFF, 0xFF, 0x07, 0x00, 0x00, 0x90, 0xFF, 0xFF, 0x02, 0x00, 0x00, 0xE0, 0xFF, 0xFF, 0x00,
    0x00, 0x00, 0xF4, 0xFF, 0xCF, 0x00, 0x00, 0x00, 0xFA, 0xFF, 0x9F, 0x00, 0x00, 0x10, 0xFF, 0xFF,
    0x7F, 0x00, 0x00, 0x70, 0xFF, 0xFF, 0x5F, 0x00, 0x00, 0xD0, 0xFF, 0xFF, 0x3F, 0x00, 0x00, 0xF3,
    0xFF, 0xFF, 0x1F, 0x00, 0x00, 0xF6, 0xFF, 0xFF, 0x0F, 0x00, 0x00, 0xF6, 0xFF, 0xFF, 0x09, 0x00,
    0x00, 0x90, 0xFE, 0x7D, 0x00, 0x00, 0x00, 0x00, 0x00, 0x00, 0x00, 0xB6, 0xFD, 0xEF, 0x5A, 0x00,
    0x00, 0x00, 0x00, 0x00, 0xE5, 0xFF, 0xFF, 0xFF, 0xFF, 0x1D, 0x00, 0x00, 0x00, 0x70, 0xFF, 0xFF,
    0xFF, 0xFF, 0xFF, 0xCF, 0x00, 0x00, 0x00, 0xF3, 0xFF, 0xFF, 0xFF, 0xFF, 0xFF, 0xFF, 0x03, 0x00,
    0x00, 0xFA, 0xFF, 0xFF, 0xFF, 0xFF, 0xFF, 0xFF, 0x06, 0x00, 0x00, 0xFD, 0xFF, 0xFF, 0xAC, 0xFE,
    0xFF, 0xFF, 0x07, 0x00, 0x00, 0xFC, 0xFF, 0x6F, 0x00, 0xE0, 0xFF, 0xFF, 0x05, 0x00, 0x00, 0xF6,
    0xFF, 0x09, 0x00, 0xE0, 0xFF, 0xFF, 0x01, 0x00, 0x00, 0x40, 0x58, 0x00, 0x00, 0xF9, 0xFF, 0x9F,
    0x00, 0x00, 0x00, 0x00, 0x00, 0x00, 0xC4, 0xFF, 0xFF, 0x1D, 0x00, 0x00, 0x00, 0x00, 0x00, 0xD5,
    0xFF, 0xFF, 0xDF, 0x01, 0x00, 0x00, 0x00, 0x00, 0xD5, 0xFF, 0xFF, 0xEF, 0x07, 0x00, 0x00, 0x00,
    0x00, 0xC2, 0xFF, 0xFF, 0xDF, 0x06, 0x00, 0x00, 0x00, 0x00, 0x30, 0xFE, 0xFF, 0xBF, 0x04, 0x00,
    0x00, 0x00, 0x00, 0x00, 0xE2, 0xFF, 0xFF, 0x04, 0x00, 0x00, 0x00, 0x00, 0x00, 0x00, 0xFC, 0xFF,
    0x9F, 0x00, 0x40, 0xE9, 0xAF, 0x00, 0x00, 0x40, 0xFF, 0xFF, 0xFF, 0xBA, 0xFE, 0xFF, 0xFF, 0x02,
    0x00, 0xA0, 0xFF, 0xFF, 0xFF, 0xFF, 0xFF, 0xFF, 0xFF, 0x03, 0x00, 0xE0, 0xFF, 0xFF, 0xFF, 0xFF,
    0xFF, 0xFF, 0xFF, 0x00, 0x00, 0xF0, 0xFF, 0xFF, 0xFF, 0xFF, 0xFF, 0xFF, 0xCF, 0x00, 0x00, 0xE0,
    0xFF, 0xFF, 0xFF, 0xFF, 0xFF, 0xFF, 0x5F, 0x00, 0x00, 0x60, 0xFE, 0xFF, 0xFF, 0xFF, 0xFF, 0xDF,
    0x06, 0x00, 0x00, 0x00, 0x00, 0x00, 0x50, 0xD9, 0xFE, 0xCE, 0x18, 0x00, 0x00, 0x00, 0x40, 0xFD,
    0xFF, 0xFF, 0xFF, 0xFF, 0x05, 0x00, 0x00, 0xF5, 0xFF, 0xFF, 0xFF, 0xFF, 0xFF, 0x2F, 0x00, 0x10,
    0xFF, 0xFF, 0xFF, 0xFF, 0xFF, 0xFF, 0x9F, 0x00, 0x70, 0xFF, 0xFF, 0xFF, 0xFF, 0xFF, 0xFF, 0xCF,
    0x00, 0x80, 0xFF, 0xFF, 0xDF, 0xCA, 0xFF, 0xFF, 0xBF, 0x00, 0x50, 0xFF, 0xFF, 0x08, 0x00, 0xF9,
    0xFF, 0x7F, 0x00, 0x00, 0xE8, 0x7E, 0x00, 0x00, 0xFC, 0xFF, 0x1E, 0x00, 0x00, 0x00, 0x00, 0x20,
    0xD6, 0xFF, 0xFF, 0x04, 0x00, 0x00, 0x30, 0xFD, 0xFF, 0xFF, 0xFF, 0x3D, 0x00, 0x00, 0x00, 0xB0,
    0xFF, 0xFF, 0xFF, 0xDF, 0x01, 0x00, 0x00, 0x00, 0xB0, 0xFF, 0xFF, 0xFF, 0xFF, 0x0B, 0x00, 0x00,
    0x00, 0x00, 0x13, 0x30, 0xFD, 0xFF, 0x4F, 0x00, 0x60, 0xDD, 0x06, 0x00, 0x00, 0xF4, 0xFF, 0x8F,
    0x00, 0xF5, 0xFF, 0x3F, 0x00, 0x00, 0xF4, 0xFF, 0x9F, 0x00, 0xFC, 0xFF, 0xDF, 0x01, 0x00, 0xFC,
    0xFF, 0x7F, 0x00, 0xFF, 0xFF, 0xFF, 0xAE, 0xEA, 0xFF, 0xFF, 0x4F, 0x00, 0xFD, 0xFF, 0xFF, 0xFF,
    0xFF, 0xFF, 0xFF, 0x0D, 0x00, 0xF9, 0xFF, 0xFF, 0xFF, 0xFF, 0xFF, 0xFF, 0x03, 0x00, 0xE1, 0xFF,
    0xFF, 0xFF, 0xFF, 0xFF, 0x5F, 0x00, 0x00, 0x30, 0xFE, 0xFF, 0xFF, 0xFF, 0xDF, 0x02, 0x00, 0x00,
    0x00, 0x60, 0xEB, 0xFF, 0xAD, 0x04, 0x00, 0x00, 0x00, 0x00, 0x00, 0x00, 0x00, 0x00, 0x30, 0xC9,
    0xFE, 0xAE, 0x01, 0x00, 0x00, 0x00, 0x00, 0x20, 0xFB, 0xFF, 0xFF, 0xFF, 0x0B, 0x00, 0x00, 0x00,
    0x00, 0xF4, 0xFF, 0xFF, 0xFF, 0xFF, 0x0E, 0x00, 0x00, 0x00, 0x60, 0xFF, 0xFF, 0xFF, 0xFF, 0xFF,
    0x0B, 0x00, 0x00, 0x00, 0xF6, 0xFF, 0xFF, 0xFF, 0xFF, 0xFF, 0x02, 0x00, 0x00, 0x50, 0xFF, 0xFF,
    0xFF, 0xFF, 0xFF, 0x5F, 0x00, 0x00, 0x00, 0xF3, 0xFF, 0xEF, 0x42, 0xFF, 0xFF, 0x0C, 0x00, 0x00,
    0x20, 0xFE, 0xFF, 0x2E, 0x40, 0xFF, 0xFF, 0x07, 0x00, 0x00, 0xC0, 0xFF, 0xFF, 0x03, 0x80, 0xFF,
    0xFF, 0x03, 0x00, 0x00, 0xF9, 0xFF, 0x6F, 0x00, 0xD0, 0xFF, 0xFF, 0x00, 0x00, 0x40, 0xFF, 0xFF,
    0x0C, 0x00, 0xF3, 0xFF, 0xBF, 0x00, 0x00, 0xC0, 0xFF, 0xFF, 0x07, 0x00, 0xFB, 0xFF, 0xBF, 0x35,
    0x00, 0xF0, 0xFF, 0xFF, 0xAE, 0xD9, 0xFF, 0xFF, 0xFF, 0xCF, 0x00, 0xF0, 0xFF, 0xFF, 0xFF, 0xFF,
    0xFF, 0xFF, 0xFF, 0xAF, 0x00, 0xC0, 0xFF, 0xFF, 0xFF, 0xFF, 0xFF, 0xFF, 0xFF, 0x3F, 0x00, 0x30,
    0xFE, 0xFF, 0xFF, 0xFF, 0xFF, 0xFF, 0xAF, 0x03, 0x00, 0x00, 0x71, 0xBB, 0xAB, 0xFF, 0xFF, 0xFF,
    0x03, 0x00, 0x00, 0x00, 0x00, 0x00, 0x00, 0xFE, 0xFF, 0xCF, 0x00, 0x00, 0x00, 0x00, 0x00, 0x00,
    0x60, 0xFF, 0xFF, 0xBF, 0x00, 0x00, 0x00, 0x00, 0x00, 0x00, 0xB0, 0xFF, 0xFF, 0x9F, 0x00, 0x00,
    0x00, 0x00, 0x00, 0x00, 0xE0, 0xFF, 0xFF, 0x6F, 0x00, 0x00, 0x00, 0x00, 0x00, 0x00, 0xC0, 0xFF,
    0xFF, 0x1E, 0x00, 0x00, 0x00, 0x00, 0x00, 0x00, 0x30, 0xFC, 0xBE, 0x02, 0x00, 0x00, 0x00, 0x00,
    0x00, 0x60, 0xDE, 0x02, 0x52, 0xC9, 0xFE, 0x4E, 0x00, 0x00, 0xF0, 0xFF, 0xFF, 0xFF, 0xFF, 0xFF,
    0xDF, 0x00, 0x00, 0xF5, 0xFF, 0xFF, 0xFF, 0xFF, 0xFF, 0xDF, 0x00, 0x00, 0xF9, 0xFF, 0xFF, 0xFF,
    0xFF, 0xFF, 0xBF, 0x00, 0x00, 0xFE, 0xFF, 0xFF, 0xFF, 0xFF, 0xFF, 0x7F, 0x00, 0x30, 0xFF, 0xFF,
    0xFF, 0xFF, 0xFF, 0xFF, 0x1F, 0x00, 0x70, 0xFF, 0xFF, 0xAD, 0xCA, 0xFE, 0xCF, 0x03, 0x00, 0xC0,
    0xFF, 0xAF, 0x00, 0x00, 0x00, 0x00, 0x00, 0x00, 0xF0, 0xFF, 0x4F, 0x00, 0x00, 0x00, 0x00, 0x00,
    0x00, 0xF3, 0xFF, 0x9F, 0xC9, 0xAC, 0x05, 0x00, 0x00, 0x00, 0xF6, 0xFF, 0xFF, 0xFF, 0xFF, 0xCF,
    0x01, 0x00, 0x00, 0xF6, 0xFF, 0xFF, 0xFF, 0xFF, 0xFF, 0x0B, 0x00, 0x00, 0xF2, 0xFF, 0xDF, 0xBA,
    0xFF, 0xFF, 0x3F, 0x00, 0x00, 0x10, 0x77, 0x02, 0x00, 0xF6, 0xFF, 0x8F, 0x00, 0x20, 0xA9, 0x04,
    0x00, 0x00, 0xF1, 0xFF, 0xAF, 0x00, 0xF3, 0xFF, 0x4F, 0x00, 0x00, 0xF3, 0xFF, 0xBF, 0x00, 0xFA,
    0xFF, 0xEF, 0x01, 0x00, 0xFB, 0xFF, 0x9F, 0x00, 0xFD, 0xFF, 0xFF, 0xAF, 0xEA, 0xFF, 0xFF, 0x5F,
    0x00, 0xFC, 0xFF, 0xFF, 0xFF, 0xFF, 0xFF, 0xFF, 0x0D, 0x00, 0xF7, 0xFF, 0xFF, 0xFF, 0xFF, 0xFF,
    0xFF, 0x03, 0x00, 0xE1, 0xFF, 0xFF, 0xFF, 0xFF, 0xFF, 0x5F, 0x00, 0x00, 0x20, 0xFD, 0xFF, 0xFF,
    0xFF, 0xDF, 0x03, 0x00, 0x00, 0x00, 0x60, 0xEB, 0xFF, 0xAD, 0x05, 0x00, 0x00, 0x00, 0x00, 0x00,
    0x00, 0x00, 0xB6, 0xFE, 0xCE, 0x07, 0x00, 0x00, 0x00, 0x00, 0xE4, 0xFF, 0xFF, 0xFF, 0xEF, 0x02,
    0x00, 0x00, 0x70, 0xFF, 0xFF, 0xFF, 0xFF, 0xFF, 0x0D, 0x00, 0x00, 0xF7, 0xFF, 0xFF, 0xFF, 0xFF,
    0xFF, 0x3F, 0x00, 0x40, 0xFF, 0xFF, 0xFF, 0xFF, 0xFF, 0xFF, 0x3F, 0x00, 0xE1, 0xFF, 0xFF, 0xBE,
    0xEA, 0xFF, 0xFF, 0x0D, 0x00, 0xF8, 0xFF, 0x9F, 0x00, 0x00, 0xC5, 0xAD, 0x02, 0x10, 0xFF, 0xFF,
    0x0B, 0x00, 0x00, 0x00, 0x00, 0x00, 0x60, 0xFF, 0xFF, 0x57, 0xEB, 0xDF, 0x29, 0x00, 0x00, 0xC0,
    0xFF, 0xFF, 0xFF, 0xFF, 0xFF, 0xFF, 0x06, 0x00, 0xF0, 0xFF, 0xFF, 0xFF, 0xFF, 0xFF, 0xFF, 0x2F,
    0x00, 0xF4, 0xFF, 0xFF, 0xFF, 0xFF, 0xFF, 0xFF, 0x9F, 0x00, 0xF6, 0xFF, 0xFF, 0x3D, 0x30, 0xFD,
    0xFF, 0xCF, 0x00, 0xF7, 0xFF, 0xFF, 0x02, 0x00, 0xF5, 0xFF, 0xDF, 0x00, 0xF8, 0xFF, 0xEF, 0x00,
    0x00, 0xF5, 0xFF, 0xBF, 0x00, 0xF6, 0xFF, 0xFF, 0x03, 0x10, 0xFD, 0xFF, 0x9F, 0x00, 0xF4, 0xFF,
    0xFF, 0xBF, 0xEA, 0xFF, 0xFF, 0x3F, 0x00, 0xF0, 0xFF, 0xFF, 0xFF, 0xFF, 0xFF, 0xFF, 0x0C, 0x00,
    0x90, 0xFF, 0xFF, 0xFF, 0xFF, 0xFF, 0xFF, 0x02, 0x00, 0x10, 0xFE, 0xFF, 0xFF, 0xFF, 0xFF, 0x5F,
    0x00, 0x00, 0x00, 0xE2, 0xFF, 0xFF, 0xFF, 0xEF, 0x03, 0x00, 0x00, 0x00, 0x00, 0xC6, 0xFE, 0xBE,
    0x06, 0x00, 0x00, 0x00, 0x00, 0x60, 0xEC, 0xDF, 0x5A, 0x00, 0x00, 0xF8, 0x07, 0x00, 0xFC, 0xFF,
    0xFF, 0xFF, 0xBF, 0xB9, 0xFF, 0x0F, 0xA0, 0xFF, 0xFF, 0xFF, 0xFF, 0xFF, 0xFF, 0xFF, 0x1F, 0xF2,
    0xFF, 0xFF, 0xFF, 0xFF, 0xFF, 0xFF, 0xFF, 0x0E, 0xF7, 0xFF, 0xFF, 0xFF, 0xFF, 0xFF, 0xFF, 0xFF,
    0x08, 0xF9, 0xFF, 0xFF, 0xFF, 0xFF, 0xFF, 0xFF, 0xEF, 0x00, 0xF9, 0xFF, 0x17, 0x00, 0x00, 0xFA,
    0xFF, 0x4F, 0x00, 0xF3, 0x5F, 0x00, 0x00, 0x80, 0xFF, 0xFF, 0x06, 0x00, 0x10, 0x01, 0x00, 0x20,
    0xFD, 0xFF, 0x8F, 0x00, 0x00, 0x00, 0x00, 0x00, 0xF6, 0xFF, 0xFF, 0x09, 0x00, 0x00, 0x00, 0x00,
    0x90, 0xFF, 0xFF, 0xAF, 0x00, 0x00, 0x00, 0x00, 0x00, 0xFB, 0xFF, 0xFF, 0x0B, 0x00, 0x00, 0x00,
    0x00, 0xA0, 0xFF, 0xFF, 0xDF, 0x00, 0x00, 0x00, 0x00, 0x00, 0xF7, 0xFF, 0xFF, 0x2F, 0x00, 0x00,
    0x00, 0x00, 0x30, 0xFF, 0xFF, 0xFF, 0x08, 0x00, 0x00, 0x00, 0x00, 0xD0, 0xFF, 0xFF, 0xFF, 0x01,
    0x00, 0x00, 0x00, 0x00, 0xF4, 0xFF, 0xFF, 0xCF, 0x00, 0x00, 0x00, 0x00, 0x00, 0xF8, 0xFF, 0xFF,
    0x9F, 0x00, 0x00, 0x00, 0x00, 0x00, 0xFA, 0xFF, 0xFF, 0x7F, 0x00, 0x00, 0x00, 0x00, 0x00, 0xF8,
    0xFF, 0xFF, 0x3F, 0x00, 0x00, 0x00, 0x00, 0x00, 0xF4, 0xFF, 0xFF, 0x0A, 0x00, 0x00, 0x00, 0x00,
    0x00, 0x60, 0xFD, 0x7D, 0x00, 0x00, 0x00, 0x00, 0x00, 0x00, 0x00, 0x00, 0x00, 0x00, 0xB5, 0xFD,
    0xCE, 0x17, 0x00, 0x00, 0x00, 0x00, 0xE5, 0xFF, 0xFF, 0xFF, 0xEF, 0x02, 0x00, 0x00, 0x90, 0xFF,
    0xFF, 0xFF, 0xFF, 0xFF, 0x0D, 0x00, 0x00, 0xF7, 0xFF, 0xFF, 0xFF, 0xFF, 0xFF, 0x4F, 0x00, 0x10,
    0xFF, 0xFF, 0xFF, 0xFF, 0xFF, 0xFF, 0x8F, 0x00, 0x70, 0xFF, 0xFF, 0xDF, 0xCA, 0xFF, 0xFF, 0x8F,
    0x00, 0x90, 0xFF, 0xFF, 0x09, 0x00, 0xF9, 0xFF, 0x6F, 0x00, 0x90, 0xFF, 0xFF, 0x02, 0x00, 0xF7,
    0xFF, 0x1F, 0x00, 0x70, 0xFF, 0xFF, 0x09, 0x10, 0xFD, 0xFF, 0x06, 0x00, 0x10, 0xFF, 0xFF, 0xDF,
    0xEA, 0xFF, 0x8F, 0x00, 0x00, 0x00, 0xF9, 0xFF, 0xFF, 0xFF, 0xFF, 0x07, 0x00, 0x00, 0x70, 0xFF,
    0xFF, 0xFF, 0xFF, 0xFF, 0x0A, 0x00, 0x00, 0xFA, 0xFF, 0x7F, 0x85, 0xFF, 0xFF, 0x3F, 0x00, 0x70,
    0xFF, 0xFF, 0x03, 0x00, 0xF5, 0xFF, 0x7F, 0x00, 0xE0, 0xFF, 0xBF, 0x00, 0x00, 0xF3, 0xFF, 0x9F,
    0x00, 0xF5, 0xFF, 0xDF, 0x00, 0x10, 0xFC, 0xFF, 0x8F, 0x00, 0xF7, 0xFF, 0xFF, 0xAD, 0xFB, 0xFF,
    0xFF, 0x4F, 0x00, 0xF6, 0xFF, 0xFF, 0xFF, 0xFF, 0xFF, 0xFF, 0x0E, 0x00, 0xF3, 0xFF, 0xFF, 0xFF,
    0xFF, 0xFF, 0xFF, 0x04, 0x00, 0xC0, 0xFF, 0xFF, 0xFF, 0xFF, 0xFF, 0x5F, 0x00, 0x00, 0x10, 0xFD,
    0xFF, 0xFF, 0xFF, 0xDF, 0x03, 0x00, 0x00, 0x00, 0x60, 0xEB, 0xEF, 0x9C, 0x04, 0x00, 0x00, 0x00,
    0x00, 0x00, 0x00, 0x50, 0xDA, 0xFF, 0x9D, 0x02, 0x00, 0x00, 0x00, 0x20, 0xFC, 0xFF, 0xFF, 0xFF,
    0x5F, 0x00, 0x00, 0x00, 0xF3, 0xFF, 0xFF, 0xFF, 0xFF, 0xFF, 0x04, 0x00, 0x10, 0xFE, 0xFF, 0xFF,
    0xFF, 0xFF, 0xFF, 0x0D, 0x00, 0xA0, 0xFF, 0xFF, 0xFF, 0xFF, 0xFF, 0xFF, 0x4F, 0x00, 0xF2, 0xFF,
    0xFF, 0xBF, 0xEA, 0xFF, 0xFF, 0x8F, 0x00, 0xF6, 0xFF, 0xCF, 0x01, 0x00, 0xFE, 0xFF, 0xAF, 0x00,
    0xF9, 0xFF, 0x7F, 0x00, 0x00, 0xFD, 0xFF, 0xBF, 0x00, 0xF9, 0xFF, 0xDF, 0x03, 0x92, 0xFF, 0xFF,
    0xAF, 0x00, 0xF7, 0xFF, 0xFF, 0xFF, 0xFF, 0xFF, 0xFF, 0x9F, 0x00, 0xF2, 0xFF, 0xFF, 0xFF, 0xFF,
    0xFF, 0xFF, 0x6F, 0x00, 0x50, 0xFF, 0xFF, 0xFF, 0xFF, 0xFF, 0xFF, 0x3F, 0x00, 0x00, 0x92, 0xFD,
    0xCE, 0x66, 0xFF, 0xFF, 0x0E, 0x00, 0x00, 0x00, 0x00, 0x00, 0x70, 0xFF, 0xFF, 0x08, 0x00, 0x52,
    0x03, 0x00, 0x00, 0xE1, 0xFF, 0xFF, 0x02, 0x60, 0xFF, 0xBF, 0x01, 0x10, 0xFC, 0xFF, 0x9F, 0x00,
    0xF1, 0xFF, 0xFF, 0xAF, 0xFB, 0xFF, 0xFF, 0x1E, 0x00, 0xF3, 0xFF, 0xFF, 0xFF, 0xFF, 0xFF, 0xFF,
    0x05, 0x00, 0xF2, 0xFF, 0xFF, 0xFF, 0xFF, 0xFF, 0x7F, 0x00, 0x00, 0xC0, 0xFF, 0xFF, 0xFF, 0xFF,
    0xFF, 0x07, 0x00, 0x00, 0x20, 0xFE, 0xFF, 0xFF, 0xFF, 0x4E, 0x00, 0x00, 0x00, 0x00, 0x70, 0xEC,
    0xEF, 0x6B, 0x00, 0x00, 0x00, 0x00, 0x00, 0x00, 0xF9, 0x8E, 0x00, 0x00, 0x90, 0xFF, 0xFF, 0x05,
    0x00, 0xF0, 0xFF, 0xFF, 0x08, 0x00, 0xF1, 0xFF, 0xFF, 0x05, 0x00, 0xC0, 0xFF, 0xBF, 0x00, 0x00,
    0x00, 0x97, 0x06, 0x00, 0x00, 0x00, 0x00, 0x00, 0x00, 0x00, 0x00, 0x00, 0x00, 0x00, 0x00, 0x00,
    0x00, 0x00, 0x00, 0x00, 0x00, 0x00, 0x00, 0x00, 0x00, 0x97, 0x06, 0x00, 0x00, 0xD0, 0xFF, 0xAF,
    0x00, 0x00, 0xF7, 0xFF, 0xFF, 0x00, 0x00, 0xFA, 0xFF, 0xEF, 0x00, 0x00, 0xF8, 0xFF, 0x7F, 0x00,
    0x00, 0xA0, 0xEF, 0x07, 0x00, 0x00, 0x00, 0x00, 0x90, 0xEF, 0x08, 0x00, 0x00, 0xF9, 0xFF, 0x5F,
    0x00, 0x00, 0xFF, 0xFF, 0x8F, 0x00, 0x10, 0xFF, 0xFF, 0x5F, 0x00, 0x00, 0xFC, 0xFF, 0x0B, 0x00,
    0x00, 0x70, 0x69, 0x00, 0x00, 0x00, 0x00, 0x00, 0x00, 0x00, 0x00, 0x00, 0x00, 0x00, 0x00, 0x00,
    0x00, 0x00, 0x00, 0x00, 0x00, 0x00, 0x00, 0x00, 0x00, 0x00, 0x02, 0x00, 0x00, 0x00, 0xE4, 0xFF,
    0x06, 0x00, 0x10, 0xFF, 0xFF, 0x0F, 0x00, 0x60, 0xFF, 0xFF, 0x2F, 0x00, 0x60, 0xFF, 0xFF, 0x2F,
    0x00, 0x10, 0xFD, 0xFF, 0x0E, 0x00, 0x00, 0xA0, 0xFF, 0x09, 0x00, 0x00, 0xC2, 0xFF, 0x02, 0x00,
    0x91, 0xFF, 0x8F, 0x00, 0x00, 0xFA, 0xFF, 0x09, 0x00, 0x00, 0x92, 0x48, 0x00, 0x00, 0x00, 0x00,
    0x00, 0x00, 0x00, 0x30, 0xFC, 0x06, 0x00, 0x00, 0x00, 0x10, 0xF9, 0xFF, 0x1F, 0x00, 0x00, 0x10,
    0xF8, 0xFF, 0xFF, 0x3F, 0x00, 0x10, 0xF8, 0xFF, 0xFF, 0xFF, 0x0D, 0x10, 0xF9, 0xFF, 0xFF, 0xFF,
    0x8D, 0x01, 0xD0, 0xFF, 0xFF, 0xDF, 0x27, 0x00, 0x00, 0xF5, 0xFF, 0xFF, 0x0A, 0x00, 0x00, 0x00,
    0xF4, 0xFF, 0xFF, 0x6F, 0x00, 0x00, 0x00, 0x80, 0xFF, 0xFF, 0xFF, 0x6D, 0x00, 0x00, 0x00, 0xD3,
    0xFF, 0xFF, 0xFF, 0x0C, 0x00, 0x00, 0x00, 0xFA, 0xFF, 0xFF, 0x4F, 0x00, 0x00, 0x00, 0x60, 0xFF,
    0xFF, 0x2F, 0x00, 0x00, 0x00, 0x00, 0xD3, 0xFF, 0x09, 0x00, 0x00, 0x00, 0x00, 0x00, 0x56, 0x00,
    0x00, 0x00, 0xD4, 0xCF, 0x38, 0x01, 0x62, 0xEA, 0x4E, 0x00, 0xFE, 0xFF, 0xFF, 0xFF, 0xFF, 0xFF,
    0xCF, 0x10, 0xFF, 0xFF, 0xFF, 0xFF, 0xFF, 0xFF, 0xDF, 0x00, 0xF9, 0xFF, 0xFF, 0xFF, 0xFF, 0xFF,
    0x4D, 0x00, 0x00, 0x00, 0x00, 0x00, 0x00, 0x00, 0x00, 0x00, 0x00, 0x00, 0x00, 0x00, 0x00, 0x00,
    0x00, 0x00, 0x00, 0x00, 0x00, 0x00, 0x00, 0x00, 0x00, 0xB1, 0xFF, 0xFF, 0xFF, 0xFF, 0xFF, 0xCF,
    0x01, 0xF9, 0xFF, 0xFF, 0xFF, 0xFF, 0xFF, 0xFF, 0x04, 0xFB, 0xFF, 0xFF, 0xFF, 0xFF, 0xFF, 0xFF,
    0x00, 0xE4, 0xBF, 0x37, 0x10, 0x73, 0xEB, 0x5E, 0x00, 0x00, 0x90, 0xBF, 0x01, 0x00, 0x00, 0x00,
    0x00, 0xF7, 0xFF, 0x4E, 0x00, 0x00, 0x00, 0x00, 0xFC, 0xFF, 0xFF, 0x08, 0x00, 0x00, 0x00, 0xFA,
    0xFF, 0xFF, 0xBF, 0x01, 0x00, 0x00, 0xA1, 0xFF, 0xFF, 0xFF, 0x6F, 0x00, 0x00, 0x00, 0xA2, 0xFF,
    0xFF, 0xFF, 0x07, 0x00, 0x00, 0x00, 0xF4, 0xFF, 0xFF, 0x0D, 0x00, 0x00, 0x20, 0xFA, 0xFF, 0xFF,
    0x0A, 0x00, 0x83, 0xFD, 0xFF, 0xFF, 0xCF, 0x01, 0xD2, 0xFF, 0xFF, 0xFF, 0xCF, 0x04, 0x00, 0xFA,
    0xFF, 0xFF, 0xBF, 0x03, 0x00, 0x00, 0xFB, 0xFF, 0xCF, 0x03, 0x00, 0x00, 0x00, 0xF6, 0xEF, 0x06,
    0x00, 0x00, 0x00, 0x00, 0x40, 0x16, 0x00, 0x00, 0x00, 0x00, 0x00, 0x00, 0x00, 0x94, 0xED, 0xEF,
    0x8C, 0x01, 0x00, 0x00, 0xC3, 0xFF, 0xFF, 0xFF, 0xFF, 0x5F, 0x00, 0x40, 0xFF, 0xFF, 0xFF, 0xFF,
    0xFF, 0xFF, 0x02, 0xE1, 0xFF, 0xFF, 0xFF, 0xFF, 0xFF, 0xFF, 0x09, 0xF6, 0xFF, 0xFF, 0xFF, 0xFF,
    0xFF, 0xFF, 0x0C, 0xF8, 0xFF, 0xFF, 0xAD, 0xFD, 0xFF, 0xFF, 0x0C, 0xF6, 0xFF, 0x9F, 0x00, 0xE0,
    0xFF, 0xFF, 0x09, 0xC0, 0xFF, 0x0A, 0x00, 0xF2, 0xFF, 0xFF, 0x03, 0x00, 0x12, 0x00, 0x50, 0xFE,
    0xFF, 0x9F, 0x00, 0x00, 0x00, 0x60, 0xFD, 0xFF, 0xFF, 0x0A, 0x00, 0x00, 0x30, 0xFD, 0xFF, 0xFF,
    0x6E, 0x00, 0x00, 0x00, 0xF2, 0xFF, 0xFF, 0x6D, 0x00, 0x00, 0x00, 0x00, 0xF9, 0xFF, 0xAF, 0x00,
    0x00, 0x00, 0x00, 0x00, 0xFA, 0xFF, 0x2F, 0x00, 0x00, 0x00, 0x00, 0x00, 0xF4, 0xFF, 0x0C, 0x00,
    0x00, 0x00, 0x00, 0x00, 0x20, 0x56, 0x00, 0x00, 0x00, 0x00, 0x00, 0x00, 0x94, 0x28, 0x00, 0x00,
    0x00, 0x00, 0x00, 0x70, 0xFF, 0xEF, 0x01, 0x00, 0x00, 0x00, 0x00, 0xF1, 0xFF, 0xFF, 0x05, 0x00,
    0x00, 0x00, 0x00, 0xF4, 0xFF, 0xFF, 0x04, 0x00, 0x00, 0x00, 0x00, 0xF2, 0xFF, 0xDF, 0x00, 0x00,
    0x00, 0x00, 0x00, 0x60, 0xFE, 0x1B, 0x00, 0x00, 0x00, 0x00, 0x00, 0x00, 0x00, 0x00, 0x00, 0x00,
    0x94, 0xFD, 0xDF, 0x4A, 0x00, 0x00, 0x00, 0x00, 0x00, 0x00, 0xD4, 0xFF, 0xFF, 0xFF, 0xFF, 0x09,
    0x00, 0x00, 0x00, 0x00, 0x90, 0xFF, 0xFF, 0xFF, 0xFF, 0xFF, 0xBF, 0x00, 0x00, 0x00, 0x00, 0xFB,
    0xFF, 0xFF, 0xFF, 0xFF, 0xFF, 0xFF, 0x06, 0x00, 0x00, 0xA0, 0xFF, 0xEF, 0x38, 0x01, 0x51, 0xFC,
    0xFF, 0x0D, 0x00, 0x00, 0xF8, 0xFF, 0x08, 0x00, 0x00, 0x00, 0x90, 0xFF, 0x2F, 0x00, 0x30, 0xFF,
    0x4F, 0xA1, 0xEE, 0x04, 0xFB, 0x07, 0xFE, 0x5F, 0x00, 0xC0, 0xFF, 0x13, 0xFE, 0xFF, 0x9B, 0xFF,
    0x0B, 0xF9, 0x6F, 0x00, 0xF5, 0x6F, 0xC0, 0xFF, 0xFF, 0xFE, 0xFF, 0x07, 0xF7, 0x5F, 0x00, 0xFC,
    0x0C, 0xF6, 0xFF, 0xFF, 0xFF, 0xFF, 0x02, 0xF9, 0x3F, 0x30, 0xFF, 0x05, 0xFE, 0xAF, 0x31, 0xFF,
    0xDF, 0x00, 0xFC, 0x0F, 0x80, 0xFF, 0x40, 0xFF, 0x2F, 0x10, 0xFF, 0x8F, 0x20, 0xFF, 0x0B, 0xD0,
    0xBF, 0x80, 0xFF, 0xAF, 0xC6, 0xFF, 0x8F, 0xC1, 0xFF, 0x06, 0xF0, 0x9F, 0xA0, 0xFF, 0xFF, 0xFF,
    0xFF, 0xFF, 0xFF, 0xDF, 0x00, 0xF3, 0x8F, 0xB0, 0xFF, 0xFF, 0xEF, 0xFF, 0xFF, 0xFF, 0x5F, 0x00,
    0xF5, 0x8F, 0xA0, 0xFF, 0xFF, 0x8D, 0xFF, 0xFF, 0xFF, 0x09, 0x00, 0xF5, 0x9F, 0x50, 0xFF, 0xFF,
    0x43, 0xFF, 0xFF, 0xAF, 0x00, 0x00, 0xF5, 0xDF, 0x00, 0xF8, 0x4D, 0x00, 0xE7, 0xCF, 0x05, 0x00,
    0x00, 0xF3, 0xFF, 0x03, 0x00, 0x00, 0x00, 0x00, 0x00, 0x00, 0x00, 0x00, 0xF1, 0xFF, 0x1D, 0x00,
    0x00, 0x00, 0x70, 0x9D, 0x00, 0x00, 0x00, 0xC0, 0xFF, 0xEF, 0x27, 0x00, 0x83, 0xFE, 0xFF, 0x00,
    0x00, 0x00, 0x50, 0xFF, 0xFF, 0xFF, 0xFF, 0xFF, 0xFF, 0xAF, 0x00, 0x00, 0x00, 0x00, 0xFA, 0xFF,
    0xFF, 0xFF, 0xFF, 0xFF, 0x0B, 0x00, 0x00, 0x00, 0x00, 0x90, 0xFF, 0xFF, 0xFF, 0xFF, 0x7E, 0x00,
    0x00, 0x00, 0x00, 0x00, 0x00, 0x93, 0xFD, 0xDF, 0x6A, 0x00, 0x00, 0x00, 0x00, 0x00, 0x00, 0x00,
    0x00, 0x00, 0x00, 0x00, 0x00, 0x00, 0x00, 0x00, 0x60, 0xEB, 0xFF, 0xAE, 0x03, 0x00, 0x00, 0x00,
    0x00, 0x00, 0x00, 0x00, 0x00, 0x00, 0x40, 0xFE, 0xFF, 0xFF, 0xFF, 0x0F, 0x00, 0x00, 0x00, 0x00,
    0x00, 0x00, 0x00, 0x00, 0x00, 0xF7, 0xFF, 0xFF, 0xFF, 0xFF, 0x0F, 0x00, 0x00, 0x00, 0x00, 0x00,
    0x00, 0x00, 0x00, 0x90, 0xFF, 0xFF, 0xFF, 0xFF, 0xFF, 0x0B, 0x00, 0x00, 0x00, 0x00, 0x00, 0x00,
    0x00, 0x00, 0xF6, 0xFF, 0xFF, 0xFF, 0xFF, 0xFF, 0x04, 0x00, 0x00, 0x00, 0x00, 0x00, 0x00, 0x00,
    0x30, 0xFF, 0xFF, 0xFF, 0xFF, 0xFF, 0xCF, 0x00, 0x00, 0x00, 0x00, 0x00, 0x00, 0x00, 0x00, 0xC0,
    0xFF, 0xFF, 0xCA, 0xFF, 0xFF, 0x4F, 0x00, 0x00, 0x00, 0x00, 0x00, 0x00, 0x00, 0x00, 0xF6, 0xFF,
    0x3F, 0x00, 0xFE, 0xFF, 0x0C, 0x00, 0x00, 0x00, 0x00, 0x00, 0x00, 0x00, 0x10, 0xFE, 0xFF, 0x06,
    0x00, 0xFE, 0xFF, 0x04, 0x00, 0x00, 0x00, 0x00, 0x00, 0x00, 0x00, 0x80, 0xFF, 0xEF, 0x00, 0x20,
    0xFF, 0xCF, 0x00, 0x00, 0x00, 0x00, 0x00, 0x00, 0x00, 0x00, 0xF1, 0xFF, 0xBF, 0x00, 0x90, 0xFF,
    0x6F, 0x00, 0x00, 0x00, 0x00, 0x00, 0x00, 0x00, 0x00, 0xF9, 0xFF, 0xDF, 0x00, 0xF7, 0xFF, 0x0F,
    0x00, 0x00, 0x00, 0x00, 0x00, 0x00, 0x00, 0x20, 0xFF, 0xFF, 0xFF, 0xEE, 0xFF, 0xFF, 0x0B, 0x00,
    0x00, 0x00, 0x00, 0x00, 0x00, 0x00, 0xB0, 0xFF, 0xFF, 0xFF, 0xFF, 0xFF, 0xFF, 0x08, 0x00, 0x00,
    0x00, 0x00, 0x00, 0x00, 0x00, 0xF6, 0xFF, 0xFF, 0xFF, 0xFF, 0xFF, 0xFF, 0x07, 0x00, 0x00, 0x00,
    0x00, 0x00, 0x00, 0x40, 0xFF, 0xFF, 0xFF, 0x9D, 0xFF, 0xFF, 0xFF, 0x07, 0x00, 0x00, 0x20, 0xFB,
    0x6D, 0x10, 0xF7, 0xFF, 0xFF, 0xEF, 0x01, 0xF8, 0xFF, 0xFF, 0x1D, 0x00, 0x00, 0xE1, 0xFF, 0xFF,
    0xFF, 0xFF, 0xFF, 0xFF, 0x6F, 0x00, 0xF8, 0xFF, 0xFF, 0xEF, 0x03, 0x00, 0xF8, 0xFF, 0xFF, 0xFF,
    0xFF, 0xFF, 0xFF, 0x0D, 0x00, 0xFB, 0xFF, 0xFF, 0xFF, 0x0A, 0x00, 0xFD, 0xFF, 0xFF, 0xFF, 0xFF,
    0xFF, 0xFF, 0x03, 0x00, 0xFF, 0xFF, 0xFF, 0xFF, 0x09, 0x00, 0xFE, 0xFF, 0xFF, 0xFF, 0xFF, 0xFF,
    0x7F, 0x00, 0x40, 0xFF, 0xFF, 0xFF, 0xFF, 0x05, 0x00, 0xFB, 0xFF, 0xFF, 0xFF, 0xFF, 0xFF, 0x0A,
    0x00, 0x50, 0xFF, 0xFF, 0xFF, 0xEF, 0x00, 0x00, 0xF3, 0xFF, 0xFF, 0xFF, 0xFF, 0xBF, 0x00, 0x00,
    0x30, 0xFF, 0xFF, 0xFF, 0x7F, 0x00, 0x00, 0x60, 0xFF, 0xFF, 0xFF, 0xFF, 0x08, 0x00, 0x00, 0x00,
    0xFD, 0xFF, 0xFF, 0x0A, 0x00, 0x00, 0x00, 0x82, 0xED, 0xDF, 0x29, 0x00, 0x00, 0x00, 0x00, 0xA1,
    0xFE, 0x6D, 0x00, 0x00, 0x00, 0x00, 0x00, 0x00, 0x00, 0x00, 0x00, 0x62, 0xB9, 0xED, 0xFF, 0xEF,
    0x9C, 0x06, 0x00, 0x00, 0x00, 0x00, 0x00, 0x00, 0x10, 0xD7, 0xFF, 0xFF, 0xFF, 0xFF, 0xFF, 0xFF,
    0xFF, 0x19, 0x00, 0x00, 0x00, 0x00, 0x00, 0xF8, 0xFF, 0xFF, 0xFF, 0xFF, 0xFF, 0xFF, 0xFF, 0xFF,
    0xEF, 0x03, 0x00, 0x00, 0x00, 0xD2, 0xFF, 0xFF, 0xFF, 0xFF, 0xFF, 0xFF, 0xFF, 0xFF, 0xFF, 0xFF,
    0x0E, 0x00, 0x00, 0x20, 0xFE, 0xFF, 0xFF, 0xFF, 0xFF, 0xFF, 0xFF, 0xFF, 0xFF, 0xFF, 0xFF, 0x6F,
    0x00, 0x00, 0xD0, 0xFF, 0xFF, 0xDF, 0xEB, 0xFF, 0xFF, 0xFF, 0xFF, 0xFF, 0xFF, 0xFF, 0x9F, 0x00,
    0x00, 0xF7, 0xFF, 0xFF, 0x07, 0x00, 0xFC, 0xFF, 0xDF, 0x12, 0xF6, 0xFF, 0xFF, 0x8F, 0x00, 0x00,
    0xFE, 0xFF, 0xDF, 0x00, 0x00, 0xF7, 0xFF, 0x5F, 0x00, 0x60, 0xFF, 0xFF, 0x5F, 0x00, 0x20, 0xFF,
    0xFF, 0xEF, 0x00, 0x00, 0xF8, 0xFF, 0x2F, 0x00, 0x70, 0xFF, 0xFF, 0x0E, 0x00, 0x50, 0xFF, 0xFF,
    0xFF, 0x2D, 0x00, 0xFB, 0xFF, 0x6F, 0x10, 0xF6, 0xFF, 0xFF, 0x03, 0x00, 0x50, 0xFF, 0xFF, 0xFF,
    0x9F, 0x00, 0xFE, 0xFF, 0xFF, 0xFF, 0xFF, 0xFF, 0x2B, 0x00, 0x00, 0x30, 0xFF, 0xFF, 0xFF, 0xBF,
    0x20, 0xFF, 0xFF, 0xFF, 0xFF, 0xFF, 0x5F, 0x00, 0x00, 0x00, 0x00, 0xFE, 0xFF, 0xFF, 0x7F, 0x70,
    0xFF, 0xFF, 0xFF, 0xFF, 0xFF, 0xFF, 0x04, 0x00, 0x00, 0x00, 0xF5, 0xFF, 0xFF, 0x1D, 0xD0, 0xFF,
    0xDF, 0x03, 0x71, 0xFF, 0xFF, 0x1F, 0x00, 0x00, 0x00, 0x40, 0xEC, 0x9E, 0x01, 0xF6, 0xFF, 0x6F,
    0x00, 0x00, 0xF9, 0xFF, 0x7F, 0x00, 0x00, 0x00, 0x00, 0x00, 0x00, 0x10, 0xFE, 0xFF, 0x2F, 0x00,
    0x00, 0xF6, 0xFF, 0xAF, 0x00, 0x00, 0x00, 0x00, 0x00, 0x00, 0xC0, 0xFF, 0xFF, 0x2F, 0x00, 0x00,
    0xFA, 0xFF, 0xAF, 0x00, 0x10, 0xFB, 0xBF, 0x15, 0x40, 0xFD, 0xFF, 0xFF, 0xBF, 0x02, 0x81, 0xFF,
    0xFF, 0x9F, 0x00, 0xA0, 0xFF, 0xFF, 0xFF, 0xFF, 0xFF, 0xFF, 0xFF, 0xFF, 0xFF, 0xFF, 0xFF, 0xFF,
    0x6F, 0x00, 0xF1, 0xFF, 0xFF, 0xFF, 0xFF, 0xFF, 0xFF, 0xFF, 0xFF, 0xFF, 0xFF, 0xFF, 0xFF, 0x1F,
    0x00, 0xF2, 0xFF, 0xFF, 0xFF, 0xFF, 0xFF, 0xFF, 0xFF, 0xFF, 0xFF, 0xFF, 0xFF, 0xFF, 0x0A, 0x00,
    0xF1, 0xFF, 0xFF, 0xFF, 0xFF, 0xFF, 0xEF, 0xFF, 0xFF, 0xFF, 0xFF, 0xFF, 0xEF, 0x01, 0x00, 0xA0,
    0xFF, 0xFF, 0xFF, 0xFF, 0xFF, 0x0B, 0xF8, 0xFF, 0xFF, 0xFF, 0xFF, 0x4F, 0x00, 0x00, 0x10, 0xFD,
    0xFF, 0xFF, 0xFF, 0x9F, 0x00, 0x90, 0xFF, 0xFF, 0xFF, 0xDF, 0x02, 0x00, 0x00, 0x00, 0x60, 0xEC,
    0xFF, 0x8C, 0x02, 0x00, 0x00, 0xB3, 0xFE, 0xBE, 0x06, 0x00, 0x00, 0x00, 0x00, 0x00, 0x00, 0x00,
    0x10, 0xB6, 0xFE, 0xDE, 0x18, 0x00, 0x00, 0x00, 0x00, 0x00, 0x00, 0xF8, 0xFF, 0xFF, 0xFF, 0xEF,
    0x04, 0x00, 0x00, 0x00, 0x00, 0xD2, 0xFF, 0xFF, 0xFF, 0xFF, 0xFF, 0x2F, 0x00, 0x00, 0x00, 0x30,
    0xFE, 0xFF, 0xFF, 0xFF, 0xFF, 0xFF, 0x9F, 0x00, 0x00, 0x00, 0xE2, 0xFF, 0xFF, 0xFF, 0xFF, 0xFF,
    0xFF, 0xEF, 0x00, 0x00, 0x00, 0xFD, 0xFF, 0xFF, 0xCF, 0xDA, 0xFF, 0xFF, 0xFF, 0x00, 0x00, 0x90,
    0xFF, 0xFF, 0xBF, 0x01, 0x00, 0xFC, 0xFF, 0xFF, 0x00, 0x00, 0xF2, 0xFF, 0xFF, 0x0A, 0x00, 0x00,
    0xFB, 0xFF, 0xEF, 0x00, 0x00, 0xFA, 0xFF, 0xDF, 0x00, 0x00, 0xA2, 0xFF, 0xFF, 0x9F, 0x00, 0x10,
    0xFF, 0xFF, 0x4F, 0x00, 0x80, 0xFF, 0xFF, 0xFF, 0x3F, 0x00, 0x60, 0xFF, 0xFF, 0x0C, 0x00, 0xF4,
    0xFF, 0xFF, 0xFF, 0x09, 0x00, 0xB0, 0xFF, 0xFF, 0x07, 0x00, 0xF4, 0xFF, 0xFF, 0xBF, 0x00, 0x00,
    0xE0, 0xFF, 0xFF, 0x04, 0x00, 0xD0, 0xFF, 0xFF, 0x09, 0x00, 0x00, 0xF1, 0xFF, 0xFF, 0x02, 0x00,
    0x00, 0x75, 0x16, 0x00, 0x00, 0x00, 0xF2, 0xFF, 0xFF, 0x04, 0x00, 0x00, 0x00, 0x00, 0x00, 0x00,
    0x00, 0xF3, 0xFF, 0xFF, 0x08, 0x00, 0x00, 0x00, 0x51, 0x03, 0x00, 0x00, 0xF2, 0xFF, 0xFF, 0x2F,
    0x00, 0x00, 0x50, 0xFE, 0x4F, 0x00, 0x00, 0xF1, 0xFF, 0xFF, 0xEF, 0x15, 0x30, 0xFB, 0xFF, 0x8F,
    0x00, 0x00, 0xF0, 0xFF, 0xFF, 0xFF, 0xFF, 0xFF, 0xFF, 0xFF, 0x7F, 0x00, 0x00, 0xB0, 0xFF, 0xFF,
    0xFF, 0xFF, 0xFF, 0xFF, 0xFF, 0x2F, 0x00, 0x00, 0x60, 0xFF, 0xFF, 0xFF, 0xFF, 0xFF, 0xFF, 0xFF,
    0x0A, 0x00, 0x00, 0x00, 0xFD, 0xFF, 0xFF, 0xFF, 0xFF, 0xFF, 0xDF, 0x00, 0x00, 0x00, 0x00, 0xF3,
    0xFF, 0xFF, 0xFF, 0xFF, 0xFF, 0x1D, 0x00, 0x00, 0x00, 0x00, 0x30, 0xFE, 0xFF, 0xFF, 0xFF, 0x9F,
    0x00, 0x00, 0x00, 0x00, 0x00, 0x00, 0x70, 0xEB, 0xFF, 0x8D, 0x02, 0x00, 0x00, 0x00, 0x00, 0x00,
    0x00, 0x00, 0x00, 0x00, 0x40, 0xB8, 0xFD, 0xFF, 0xCD, 0x48, 0x00, 0x00, 0x00, 0x00, 0x00, 0x00,
    0x00, 0x00, 0xA4, 0xFF, 0xFF, 0xFF, 0xFF, 0xFF, 0xFF, 0x7E, 0x00, 0x00, 0x00, 0x00, 0x00, 0x00,
    0xC2, 0xFF, 0xFF, 0xFF, 0xFF, 0xFF, 0xFF, 0xFF, 0xFF, 0x1D, 0x00, 0x00, 0x00, 0x00, 0x60, 0xFF,
    0xFF, 0xFF, 0xFF, 0xFF, 0xFF, 0xFF, 0xFF, 0xFF, 0xEF, 0x01, 0x00, 0x00, 0x00, 0xF7, 0xFF, 0xFF,
    0xFF, 0xFF, 0xFF, 0xFF, 0xFF, 0xFF, 0xFF, 0xFF, 0x0B, 0x00, 0x00, 0x40, 0xFF, 0xFF, 0xDF, 0x67,
    0xFA, 0xFF, 0xFF, 0xDF, 0xEA, 0xFF, 0xFF, 0x3F, 0x00, 0x00, 0xD0, 0xFF, 0xFF, 0x0D, 0x00, 0xA0,
    0xFF, 0xFF, 0x0E, 0x00, 0xFC, 0xFF, 0x9F, 0x00, 0x00, 0xF4, 0xFF, 0xFF, 0x09, 0x00, 0x70, 0xFF,
    0xFF, 0x08, 0x00, 0xF3, 0xFF, 0xDF, 0x00, 0x00, 0xF8, 0xFF, 0xFF, 0x2E, 0x00, 0x80, 0xFF, 0xFF,
    0x04, 0x00, 0xF0, 0xFF, 0xFF, 0x00, 0x00, 0xF9, 0xFF, 0xFF, 0xFF, 0x02, 0xB0, 0xFF, 0xFF, 0x00,
    0x00, 0xD0, 0xFF, 0xFF, 0x00, 0x00, 0xF9, 0xFF, 0xFF, 0xFF, 0x07, 0xE0, 0xFF, 0xBF, 0x00, 0x00,
    0xE0, 0xFF, 0xFF, 0x00, 0x00, 0xF6, 0xFF, 0xFF, 0xFF, 0x07, 0xF2, 0xFF, 0x7F, 0x00, 0x00, 0xF0,
    0xFF, 0xFF, 0x00, 0x00, 0xE1, 0xFF, 0xFF, 0xFF, 0x03, 0xF7, 0xFF, 0x3F, 0x00, 0x00, 0xF3, 0xFF,
    0xDF, 0x00, 0x00, 0x50, 0xFF, 0xFF, 0xAF, 0x00, 0xFD, 0xFF, 0x0E, 0x00, 0x00, 0xF8, 0xFF, 0xAF,
    0x00, 0x00, 0x00, 0xA3, 0xCD, 0x07, 0x40, 0xFF, 0xFF, 0x0A, 0x00, 0x00, 0xFE, 0xFF, 0x5F, 0x00,
    0x00, 0x00, 0x00, 0x00, 0x00, 0xD0, 0xFF, 0xFF, 0x06, 0x00, 0x80, 0xFF, 0xFF, 0x1F, 0x00, 0x00,
    0x00, 0x00, 0x00, 0x00, 0xF8, 0xFF, 0xFF, 0x04, 0x00, 0xF5, 0xFF, 0xFF, 0x0B, 0x00, 0x30, 0xFC,
    0x9E, 0x03, 0xA2, 0xFF, 0xFF, 0xFF, 0x07, 0x92, 0xFF, 0xFF, 0xFF, 0x04, 0x00, 0xE0, 0xFF, 0xFF,
    0xFF, 0xFF, 0xFF, 0xFF, 0xFF, 0xFF, 0xFF, 0xFF, 0xFF, 0xCF, 0x00, 0x00, 0xF6, 0xFF, 0xFF, 0xFF,
    0xFF, 0xFF, 0xFF, 0xFF, 0xFF, 0xFF, 0xFF, 0xFF, 0x3F, 0x00, 0x00, 0xF8, 0xFF, 0xFF, 0xFF, 0xFF,
    0xFF, 0x4D, 0xFF, 0xFF, 0xFF, 0xFF, 0xFF, 0x08, 0x00, 0x00, 0xF6, 0xFF, 0xFF, 0xFF, 0xFF, 0xFF,
    0x42, 0xFF, 0xFF, 0xFF, 0xFF, 0xBF, 0x00, 0x00, 0x00, 0xE0, 0xFF, 0xFF, 0xFF, 0xFF, 0x6F, 0x40,
    0xFF, 0xFF, 0xFF, 0xFF, 0x0C, 0x00, 0x00, 0x00, 0x40, 0xFF, 0xFF, 0xFF, 0xFF, 0x05, 0x10, 0xFE,
    0xFF, 0xFF, 0x9F, 0x00, 0x00, 0x00, 0x00, 0x00, 0x91, 0xFD, 0xDF, 0x18, 0x00, 0x00, 0xA2, 0xFE,
    0x9D, 0x02, 0x00, 0x00, 0x00, 0x00, 0x00, 0x00, 0x00, 0x00, 0x00, 0xA5, 0xED, 0xEF, 0x6B, 0x01,
    0x00, 0x00, 0x00, 0x00, 0x00, 0xD3, 0xFF, 0xFF, 0xFF, 0xFF, 0x4E, 0x00, 0x00, 0x00, 0x00, 0x40,
    0xFF, 0xFF, 0xFF, 0xFF, 0xFF, 0xFF, 0x03, 0x00, 0x00, 0x00, 0xF1, 0xFF, 0xFF, 0xFF, 0xFF, 0xFF,
    0xFF, 0x0B, 0x00, 0x00, 0x00, 0xF8, 0xFF, 0xFF, 0xFF, 0xFF, 0xFF, 0xFF, 0x0F, 0x00, 0x00, 0x00,
    0xFC, 0xFF, 0xFF, 0xAC, 0xFE, 0xFF, 0xFF, 0x2F, 0x00, 0x00, 0x00, 0xFE, 0xFF, 0xAF, 0x00, 0xC0,
    0xFF, 0xFF, 0x0F, 0x00, 0x00, 0x00, 0xFC, 0xFF, 0x5F, 0x00, 0x20, 0xFF, 0xFF, 0x09, 0x00, 0x00,
    0x00, 0xF5, 0xFF, 0x9F, 0x00, 0x00, 0xC5, 0x8D, 0x00, 0x00, 0x00, 0x00, 0xC0, 0xFF, 0xFF, 0x3A,
    0x00, 0x00, 0x00, 0x00, 0x00, 0x00, 0x20, 0xF8, 0xFF, 0xFF, 0xFF, 0xEF, 0x04, 0x00, 0x00, 0x00,
    0x00, 0xF8, 0xFF, 0xFF, 0xFF, 0xFF, 0xFF, 0x09, 0x00, 0x00, 0x00, 0xB0, 0xFF, 0xFF, 0xFF, 0xFF,
    0xFF, 0xFF, 0x06, 0x00, 0x00, 0x00, 0xFA, 0xFF, 0xFF, 0xAF, 0x76, 0xD9, 0xBF, 0x00, 0x00, 0x00,
    0x30, 0xFF, 0xFF, 0xFF, 0x05, 0x00, 0x00, 0x00, 0x00, 0x00, 0x00, 0x90, 0xFF, 0xFF, 0xFF, 0x00,
    0x00, 0x00, 0x00, 0x03, 0x00, 0x00, 0xD0, 0xFF, 0xFF, 0xFF, 0x01, 0x00, 0x00, 0xE6, 0xFF, 0x03,
    0x00, 0xF0, 0xFF, 0xFF, 0xFF, 0x3C, 0x10, 0xD5, 0xFF, 0xFF, 0x0B, 0x00, 0xF0, 0xFF, 0xFF, 0xFF,
    0xFF, 0xFF, 0xFF, 0xFF, 0xFF, 0x0B, 0x00, 0xD0, 0xFF, 0xFF, 0xFF, 0xFF, 0xFF, 0xFF, 0xFF, 0xFF,
    0x07, 0x00, 0x80, 0xFF, 0xFF, 0xFF, 0xFF, 0xFF, 0xFF, 0xFF, 0xEF, 0x00, 0x00, 0x10, 0xFE, 0xFF,
    0xFF, 0xFF, 0xFF, 0xFF, 0xFF, 0x3F, 0x00, 0x00, 0x00, 0xF3, 0xFF, 0xFF, 0xFF, 0xFF, 0xFF, 0xEF,
    0x03, 0x00, 0x00, 0x00, 0x20, 0xFC, 0xFF, 0xFF, 0xFF, 0xFF, 0x1A, 0x00, 0x00, 0x00, 0x00, 0x00,
    0x40, 0xD9, 0xFE, 0xCE, 0x28, 0x00, 0x00, 0x00, 0x00, 0x00, 0x00, 0x00, 0x00, 0x30, 0xA7, 0xDB,
    0xFE, 0xFF, 0xEF, 0xAC, 0x16, 0x00, 0x00, 0x00, 0x00, 0xA4, 0xFF, 0xFF, 0xFF, 0xFF, 0xFF, 0xFF,
    0xFF, 0xFF, 0x05, 0x00, 0x00, 0xC3, 0xFF, 0xFF, 0xFF, 0xFF, 0xFF, 0xFF, 0xFF, 0xFF, 0xFF, 0x0F,
    0x00, 0x80, 0xFF, 0xFF, 0xFF, 0xFF, 0xFF, 0xFF, 0xFF, 0xFF, 0xFF, 0xFF, 0x1F, 0x00, 0xF9, 0xFF,
    0xFF, 0xFF, 0xFF, 0xFF, 0xFF, 0xFF, 0xFF, 0xFF, 0xFF, 0x0E, 0x50, 0xFF, 0xFF, 0xFF, 0xFF, 0xFF,
    0xFF, 0xFF, 0xFF, 0xFF, 0xFF, 0xFF, 0x08, 0xE0, 0xFF, 0xFF, 0xBF, 0x04, 0xB1, 0xFF, 0xFF, 0x2D,
    0x50, 0xFD, 0xCF, 0x00, 0xF4, 0xFF, 0xFF, 0x0B, 0x00, 0x50, 0xFF, 0xFF, 0x01, 0x00, 0x60, 0x06,
    0x00, 0xF8, 0xFF, 0xFF, 0x09, 0x00, 0x50, 0xFF, 0xDF, 0x00, 0x00, 0x00, 0x00, 0x00, 0xF9, 0xFF,
    0xFF, 0x7F, 0x00, 0x70, 0xFF, 0xFF, 0x00, 0x00, 0x00, 0x00, 0x00, 0xF9, 0xFF, 0xFF, 0xFF, 0x05,
    0xA0, 0xFF, 0xFF, 0x2B, 0x00, 0x00, 0x00, 0x00, 0xF6, 0xFF, 0xFF, 0xFF, 0x07, 0xE0, 0xFF, 0xFF,
    0xFF, 0xFF, 0x3E, 0x00, 0x00, 0xF1, 0xFF, 0xFF, 0xFF, 0x04, 0xF1, 0xFF, 0xFF, 0xFF, 0xFF, 0x8F,
    0x00, 0x00, 0x80, 0xFF, 0xFF, 0xCF, 0x00, 0xF6, 0xFF, 0xFF, 0xFF, 0xFF, 0x7F, 0x00, 0x00, 0x00,
    0xE6, 0xFF, 0x1A, 0x00, 0xFC, 0xFF, 0xFF, 0xFF, 0xFF, 0x5F, 0x00, 0x00, 0x00, 0x00, 0x01, 0x00,
    0x20, 0xFF, 0xFF, 0xFF, 0xFF, 0xFF, 0x0E, 0x00, 0x00, 0x00, 0x00, 0x00, 0x00, 0xB0, 0xFF, 0xFF,
    0x1B, 0x41, 0x88, 0x02, 0x00, 0x00, 0x00, 0xD7, 0x8E, 0x11, 0xFA, 0xFF, 0xFF, 0x02, 0x00, 0x00,
    0x00, 0x00, 0x00, 0x90, 0xFF, 0xFF, 0xFF, 0xFF, 0xFF, 0xDF, 0x00, 0x00, 0x00, 0x00, 0x00, 0x00,
    0xF1, 0xFF, 0xFF, 0xFF, 0xFF, 0xFF, 0x8F, 0x00, 0x00, 0x00, 0x00, 0x00, 0x00, 0xF3, 0xFF, 0xFF,
    0xFF, 0xFF, 0xFF, 0x2F, 0x00, 0x00, 0x00, 0x00, 0x00, 0x00, 0xF2, 0xFF, 0xFF, 0xFF, 0xFF, 0xFF,
    0x0A, 0x00, 0x00, 0x00, 0x00, 0x00, 0x00, 0xD0, 0xFF, 0xFF, 0xFF, 0xFF, 0xDF, 0x01, 0x00, 0x00,
    0x00, 0x00, 0x00, 0x00, 0x20, 0xFE, 0xFF, 0xFF, 0xFF, 0x1C, 0x00, 0x00, 0x00, 0x00, 0x00, 0x00,
    0x00, 0x00, 0x81, 0xFD, 0xEF, 0x5A, 0x00, 0x00, 0x00, 0x00, 0x00, 0x00, 0x00, 0x00, 0x00, 0x00,
    0x00, 0x00, 0x00, 0x10, 0xB7, 0xFE, 0xDF, 0x39, 0x00, 0x00, 0x00, 0x00, 0x00, 0x00, 0x10, 0xFA,
    0xFF, 0xFF, 0xFF, 0xFF, 0x08, 0x00, 0x00, 0x00, 0x00, 0x00, 0xF5, 0xFF, 0xFF, 0xFF, 0xFF, 0xFF,
    0x6F, 0x00, 0x00, 0x00, 0x00, 0x70, 0xFF, 0xFF, 0xFF, 0xFF, 0xFF, 0xFF, 0xEF, 0x00, 0x00, 0x00,
    0x00, 0xF7, 0xFF, 0xFF, 0xFF, 0xFF, 0xFF, 0xFF, 0xFF, 0x02, 0x00, 0x00, 0x40, 0xFF, 0xFF, 0xFF,
    0x28, 0x60, 0xFF, 0xFF, 0xFF, 0x03, 0x00, 0x00, 0xD0, 0xFF, 0xFF, 0x4F, 0x00, 0x10, 0xFF, 0xFF,
    0xFF, 0x01, 0x00, 0x00, 0xF6, 0xFF, 0xFF, 0x07, 0x00, 0xD4, 0xFF, 0xFF, 0xDF, 0x00, 0x00, 0x00,
    0xFE, 0xFF, 0xDF, 0x00, 0x40, 0xFF, 0xFF, 0xFF, 0x6F, 0x00, 0x00, 0x40, 0xFF, 0xFF, 0x6F, 0x00,
    0x80, 0xFF, 0xFF, 0xFF, 0x09, 0x00, 0x00, 0x80, 0xFF, 0xFF, 0x1F, 0x00, 0x40, 0xFF, 0xFF, 0x7F,
    0x00, 0x00, 0x00, 0xB0, 0xFF, 0xFF, 0x0D, 0x00, 0x00, 0x73, 0x57, 0x00, 0x00, 0x00, 0x00, 0xD0,
    0xFF, 0xFF, 0x0C, 0x00, 0x00, 0x00, 0x30, 0x66, 0x02, 0x00, 0x00, 0xE0, 0xFF, 0xFF, 0x0E, 0x00,
    0x00, 0x10, 0xFA, 0xFF, 0x2F, 0x00, 0x00, 0xD0, 0xFF, 0xFF, 0x4F, 0x00, 0x00, 0xD3, 0xFF, 0xFF,
    0x1F, 0x00, 0x00, 0xB0, 0xFF, 0xFF, 0xEF, 0x26, 0x93, 0xFF, 0xFF, 0xFF, 0x08, 0x00, 0x00, 0x80,
    0xFF, 0xFF, 0xFF, 0xFF, 0xFF, 0xFF, 0xFF, 0xEF, 0x00, 0x00, 0x00, 0x40, 0xFF, 0xFF, 0xFF, 0xFF,
    0xFF, 0xFF, 0xFF, 0x8F, 0x00, 0x00, 0x00, 0x00, 0xFC, 0xFF, 0xFF, 0xFF, 0xEF, 0xFF, 0xFF, 0x2F,
    0x00, 0x00, 0x00, 0x00, 0xF3, 0xFF, 0xFF, 0xFF, 0x1C, 0xFE, 0xFF, 0x0C, 0x00, 0x00, 0x00, 0x00,
    0x30, 0xFC, 0xFF, 0x8F, 0x40, 0xFF, 0xFF, 0x06, 0x00, 0x00, 0x00, 0x00, 0x00, 0x10, 0x34, 0x00,
    0xD0, 0xFF, 0xFF, 0x01, 0x00, 0x00, 0x00, 0x20, 0x02, 0x00, 0x00, 0x10, 0xFC, 0xFF, 0x9F, 0x00,
    0x00, 0x00, 0x30, 0xFD, 0xEF, 0x28, 0x20, 0xE7, 0xFF, 0xFF, 0x1F, 0x00, 0x00, 0x00, 0xD0, 0xFF,
    0xFF, 0xFF, 0xFF, 0xFF, 0xFF, 0xFF, 0x08, 0x00, 0x00, 0x00, 0xF4, 0xFF, 0xFF, 0xFF, 0xFF, 0xFF,
    0xFF, 0xDF, 0x00, 0x00, 0x00, 0x00, 0xF6, 0xFF, 0xFF, 0xFF, 0xFF, 0xFF, 0xFF, 0x2F, 0x00, 0x00,
    0x00, 0x00, 0xF4, 0xFF, 0xFF, 0xFF, 0xFF, 0xFF, 0xFF, 0x04, 0x00, 0x00, 0x00, 0x00, 0xD0, 0xFF,
    0xFF, 0xFF, 0xFF, 0xFF, 0x3E, 0x00, 0x00, 0x00, 0x00, 0x00, 0x30, 0xFE, 0xFF, 0xFF, 0xFF, 0xAF,
    0x01, 0x00, 0x00, 0x00, 0x00, 0x00, 0x00, 0x81, 0xED, 0xEF, 0x7C, 0x02, 0x00, 0x00, 0x00, 0x00,
    0x00, 0x00, 0x00, 0x00, 0x00, 0x10, 0xA6, 0xED, 0xFF, 0xBE, 0x05, 0x00, 0x00, 0x20, 0xFB, 0x9E,
    0x00, 0x00, 0x00, 0x20, 0xFA, 0xFF, 0xFF, 0xFF, 0xFF, 0x8F, 0x00, 0x00, 0xE0, 0xFF, 0xFF, 0x08,
    0x00, 0x00, 0xF7, 0xFF, 0xFF, 0xFF, 0xFF, 0xFF, 0xFF, 0x00, 0x00, 0xF7, 0xFF, 0xFF, 0x0B, 0x00,
    0xA0, 0xFF, 0xFF, 0xFF, 0xFF, 0xFF, 0xFF, 0xFF, 0x00, 0x00, 0xFD, 0xFF, 0xFF, 0x08, 0x00, 0xF9,
    0xFF, 0xFF, 0xFF, 0xFF, 0xFF, 0xFF, 0xDF, 0x00, 0x20, 0xFF, 0xFF, 0xFF, 0x02, 0x50, 0xFF, 0xFF,
    0xFF, 0xAD, 0xFB, 0xFF, 0xFF, 0x8F, 0x00, 0x70, 0xFF, 0xFF, 0xAF, 0x00, 0xD0, 0xFF, 0xFF, 0x6F,
    0x00, 0x80, 0xFF, 0xFF, 0x4F, 0x00, 0xB0, 0xFF, 0xFF, 0x2F, 0x00, 0xF3, 0xFF, 0xFF, 0x0B, 0x00,
    0x40, 0xFF, 0xFF, 0x2F, 0x00, 0xF2, 0xFF, 0xFF, 0x0A, 0x00, 0xF7, 0xFF, 0xFF, 0x09, 0x00, 0x50,
    0xFF, 0xFF, 0x6F, 0x10, 0xFC, 0xFF, 0xFF, 0x02, 0x00, 0xF9, 0xFF, 0xFF, 0x5F, 0x00, 0x80, 0xFF,
    0xFF, 0xFF, 0xEC, 0xFF, 0xFF, 0xAF, 0x00, 0x00, 0xF9, 0xFF, 0xFF, 0xFF, 0x04, 0xB0, 0xFF, 0xFF,
    0xFF, 0xFF, 0xFF, 0xFF, 0x4F, 0x00, 0x00, 0xF6, 0xFF, 0xFF, 0xFF, 0x07, 0xE0, 0xFF, 0xFF, 0xFF,
    0xFF, 0xFF, 0xFF, 0x0E, 0x00, 0x00, 0xF1, 0xFF, 0xFF, 0xFF, 0x04, 0xF2, 0xFF, 0xFF, 0xFF, 0xFF,
    0xFF, 0xFF, 0x09, 0x00, 0x00, 0x70, 0xFF, 0xFF, 0xCF, 0x00, 0xF7, 0xFF, 0xFF, 0xFF, 0xFF, 0xFF,
    0xFF, 0x06, 0x00, 0x00, 0x00, 0xD5, 0xFF, 0x1A, 0x00, 0xFC, 0xFF, 0xCF, 0x21, 0xFE, 0xFF, 0xFF,
    0x04, 0x00, 0x00, 0x00, 0x00, 0x00, 0x00, 0x30, 0xFF, 0xFF, 0x2F, 0x00, 0xFA, 0xFF, 0xFF, 0x05,
    0x00, 0x00, 0x00, 0x00, 0x00, 0x00, 0xC0, 0xFF, 0xFF, 0x0A, 0x00, 0xFA, 0xFF, 0xFF, 0x0C, 0x00,
    0x00, 0x00, 0xD8, 0x8E, 0x11, 0xFA, 0xFF, 0xFF, 0x05, 0x00, 0xFC, 0xFF, 0xFF, 0xDF, 0x02, 0x00,
    0x90, 0xFF, 0xFF, 0xFF, 0xFF, 0xFF, 0xFF, 0x00, 0x00, 0xFF, 0xFF, 0xFF, 0xFF, 0x07, 0x00, 0xF1,
    0xFF, 0xFF, 0xFF, 0xFF, 0xFF, 0xBF, 0x00, 0x30, 0xFF, 0xFF, 0xFF, 0xFF, 0x06, 0x00, 0xF3, 0xFF,
    0xFF, 0xFF, 0xFF, 0xFF, 0x4F, 0x00, 0x60, 0xFF, 0xFF, 0xFF, 0xFF, 0x03, 0x00, 0xF2, 0xFF, 0xFF,
    0xFF, 0xFF, 0xFF, 0x0A, 0x00, 0x70, 0xFF, 0xFF, 0xFF, 0xDF, 0x00, 0x00, 0xD0, 0xFF, 0xFF, 0xFF,
    0xFF, 0xDF, 0x01, 0x00, 0x60, 0xFF, 0xFF, 0xFF, 0x4F, 0x00, 0x00, 0x20, 0xFE, 0xFF, 0xFF, 0xFF,
    0x1B, 0x00, 0x00, 0x10, 0xFE, 0xFF, 0xFF, 0x07, 0x00, 0x00, 0x00, 0x81, 0xFD, 0xEF, 0x4A, 0x00,
    0x00, 0x00, 0x00, 0xB2, 0xFF, 0x5C, 0x00, 0x00, 0x00, 0x00, 0x00, 0x00, 0x40, 0xB8, 0xFD, 0xFF,
    0xDE, 0x29, 0x00, 0x00, 0x00, 0x70, 0xFE, 0xFF, 0xFF, 0xFF, 0xFF, 0xEF, 0x00, 0x00, 0x30, 0xFD,
    0xFF, 0xFF, 0xFF, 0xFF, 0xFF, 0xFF, 0x03, 0x00, 0xF4, 0xFF, 0xFF, 0xFF, 0xFF, 0xFF, 0xFF, 0xFF,
    0x00, 0x10, 0xFE, 0xFF, 0xFF, 0xFF, 0xFF, 0xFF, 0xFF, 0xBF, 0x00, 0xA0, 0xFF, 0xFF, 0xEF, 0x05,
    0x91, 0xFF, 0xFF, 0x5F, 0x00, 0xF1, 0xFF, 0xFF, 0x2F, 0x00, 0x30, 0xFF, 0xFF, 0x0F, 0x00, 0xF5,
    0xFF, 0xFF, 0x0D, 0x00, 0x40, 0xFF, 0xFF, 0x09, 0x00, 0xF7, 0xFF, 0xFF, 0x4F, 0x00, 0x70, 0xFF,
    0xFF, 0x03, 0x00, 0xF6, 0xFF, 0xFF, 0xFF, 0x06, 0xC0, 0xFF, 0xEF, 0x00, 0x00, 0xF4, 0xFF, 0xFF,
    0xFF, 0x0B, 0xF1, 0xFF, 0xAF, 0x00, 0x00, 0xF0, 0xFF, 0xFF, 0xFF, 0x0B, 0xF6, 0xFF, 0x5F, 0x00,
    0x00, 0x70, 0xFF, 0xFF, 0xFF, 0x05, 0xFA, 0xFF, 0x1F, 0x00, 0x00, 0x00, 0xF8, 0xFF, 0x9F, 0x00,
    0xFF, 0xFF, 0x0D, 0x00, 0x00, 0x00, 0x20, 0x76, 0x03, 0x50, 0xFF, 0xFF, 0x0A, 0x00, 0x00, 0x00,
    0x00, 0x00, 0x00, 0xC0, 0xFF, 0xFF, 0x07, 0x00, 0x00, 0x00, 0x00, 0x00, 0x00, 0xF3, 0xFF, 0xFF,
    0x04, 0x00, 0x00, 0x00, 0x00, 0x00, 0x00, 0xF9, 0xFF, 0xFF, 0x01, 0x00, 0x00, 0x00, 0x00, 0x00,
    0x10, 0xFF, 0xFF, 0xFF, 0x00, 0x00, 0x00, 0x00, 0x00, 0x00, 0x70, 0xFF, 0xFF, 0xCF, 0x00, 0x00,
    0x00, 0x00, 0x00, 0x00, 0xB0, 0xFF, 0xFF, 0xAF, 0x00, 0x00, 0x00, 0x00, 0x00, 0x00, 0xD0, 0xFF,
    0xFF, 0x6F, 0x00, 0x00, 0x00, 0x00, 0x00, 0x00, 0xA0, 0xFF, 0xFF, 0x1E, 0x00, 0x00, 0x00, 0x00,
    0x00, 0x00, 0x10, 0xFB, 0xAE, 0x02, 0x00, 0x00, 0x00, 0x00, 0x00, 0x00, 0x00, 0x00, 0x73, 0xDB,
    0xFF, 0xEF, 0x8C, 0x01, 0x00, 0x00, 0x00, 0x00, 0xC4, 0xFF, 0xFF, 0xFF, 0xFF, 0xFF, 0x0E, 0x00,
    0x00, 0x00, 0xA0, 0xFF, 0xFF, 0xFF, 0xFF, 0xFF, 0xFF, 0x3F, 0x00, 0x00, 0x00, 0xFC, 0xFF, 0xFF,
    0xFF, 0xFF, 0xFF, 0xFF, 0x1F, 0x00, 0x00, 0xA0, 0xFF, 0xFF, 0xFF, 0xFF, 0xFF, 0xFF, 0xFF, 0x0D,
    0x00, 0x00, 0xF3, 0xFF, 0xFF, 0xEF, 0xAA, 0xFF, 0xFF, 0xFF, 0x0A, 0x00, 0x00, 0xFA, 0xFF, 0xFF,
    0x0A, 0x00, 0xF2, 0xFF, 0xFF, 0x06, 0x00, 0x00, 0xFF, 0xFF, 0xFF, 0x00, 0x00, 0xE0, 0xFF, 0xFF,
    0x02, 0x00, 0x30, 0xFF, 0xFF, 0xDF, 0x00, 0x00, 0xF0, 0xFF, 0xEF, 0x00, 0x00, 0x50, 0xFF, 0xFF,
    0xFF, 0x01, 0x00, 0xF2, 0xFF, 0xAF, 0x00, 0x00, 0x50, 0xFF, 0xFF, 0xFF, 0x1D, 0x00, 0xF4, 0xFF,
    0x6F, 0x00, 0x00, 0x40, 0xFF, 0xFF, 0xFF, 0x9F, 0x00, 0xF7, 0xFF, 0x2F, 0x00, 0x00, 0x10, 0xFF,
    0xFF, 0xFF, 0xCF, 0x00, 0xFA, 0xFF, 0x0E, 0x00, 0x00, 0x00, 0xFC, 0xFF, 0xFF, 0x9F, 0x00, 0xFE,
    0xFF, 0x0A, 0x00, 0x00, 0x00, 0xF3, 0xFF, 0xFF, 0x3F, 0x30, 0xFF, 0xFF, 0x07, 0x00, 0x00, 0x00,
    0x40, 0xFC, 0xDF, 0x04, 0x80, 0xFF, 0xFF, 0x03, 0x00, 0x00, 0x00, 0x00, 0x00, 0x01, 0x00, 0xE0,
    0xFF, 0xFF, 0x00, 0x00, 0x00, 0x00, 0x00, 0x00, 0x00, 0x00, 0xF8, 0xFF, 0xBF, 0x00, 0x00, 0x00,
    0x61, 0x47, 0x00, 0x00, 0x40, 0xFF, 0xFF, 0x7F, 0x00, 0x00, 0x30, 0xFE, 0xFF, 0x3B, 0x20, 0xF8,
    0xFF, 0xFF, 0x1F, 0x00, 0x00, 0xD0, 0xFF, 0xFF, 0xFF, 0xFF, 0xFF, 0xFF, 0xFF, 0x0B, 0x00, 0x00,
    0xF2, 0xFF, 0xFF, 0xFF, 0xFF, 0xFF, 0xFF, 0xFF, 0x03, 0x00, 0x00, 0xF3, 0xFF, 0xFF, 0xFF, 0xFF,
    0xFF, 0xFF, 0x9F, 0x00, 0x00, 0x00, 0xF1, 0xFF, 0xFF, 0xFF, 0xFF, 0xFF, 0xFF, 0x0C, 0x00, 0x00,
    0x00, 0xA0, 0xFF, 0xFF, 0xFF, 0xFF, 0xFF, 0xCF, 0x01, 0x00, 0x00, 0x00, 0x00, 0xFB, 0xFF, 0xFF,
    0xFF, 0xFF, 0x08, 0x00, 0x00, 0x00, 0x00, 0x00, 0x50, 0xDA, 0xFF, 0xBE, 0x17, 0x00, 0x00, 0x00,
    0x00, 0x00, 0x00, 0x00, 0x00, 0x20, 0xA7, 0xFD, 0xFF, 0xCE, 0x19, 0x00, 0x00, 0xB3, 0xEF, 0x1A,
    0x00, 0x00, 0x30, 0xFB, 0xFF, 0xFF, 0xFF, 0xFF, 0xDF, 0x00, 0x50, 0xFF, 0xFF, 0xAF, 0x00, 0x00,
    0xFA, 0xFF, 0xFF, 0xFF, 0xFF, 0xFF, 0xFF, 0x01, 0xF1, 0xFF, 0xFF, 0xCF, 0x00, 0xC1, 0xFF, 0xFF,
    0xFF, 0xFF, 0xFF, 0xFF, 0xFF, 0x00, 0xF8, 0xFF, 0xFF, 0x7F, 0x00, 0xFC, 0xFF, 0xFF, 0xFF, 0xFF,
    0xFF, 0xFF, 0xBF, 0x00, 0xFE, 0xFF, 0xFF, 0x09, 0x70, 0xFF, 0xFF, 0xFF, 0xAD, 0xFB, 0xFF, 0xFF,
    0x7F, 0x30, 0xFF, 0xFF, 0xAF, 0x00, 0xE0, 0xFF, 0xFF, 0x6F, 0x00, 0x80, 0xFF, 0xFF, 0x2F, 0x80,
    0xFF, 0xFF, 0x0D, 0x00, 0xF4, 0xFF, 0xFF, 0x0A, 0x00, 0x40, 0xFF, 0xFF, 0x0E, 0xE0, 0xFF, 0xFF,
    0x04, 0x00, 0xF8, 0xFF, 0xFF, 0x09, 0x00, 0x50, 0xFF, 0xFF, 0x1F, 0xF9, 0xFF, 0xBF, 0x00, 0x00,
    0xF9, 0xFF, 0xFF, 0x6F, 0x00, 0x80, 0xFF, 0xFF, 0xFF, 0xFF, 0xFF, 0x1E, 0x00, 0x00, 0xF9, 0xFF,
    0xFF, 0xFF, 0x05, 0xB0, 0xFF, 0xFF, 0xFF, 0xFF, 0xFF, 0x04, 0x00, 0x00, 0xF6, 0xFF, 0xFF, 0xFF,
    0x07, 0xE0, 0xFF, 0xFF, 0xFF, 0xFF, 0x3D, 0x00, 0x00, 0x00, 0xF1, 0xFF, 0xFF, 0xFF, 0x04, 0xF2,
    0xFF, 0xFF, 0xFF, 0xFF, 0x7F, 0x00, 0x00, 0x00, 0x50, 0xFF, 0xFF, 0xBF, 0x00, 0xF7, 0xFF, 0xFF,
    0xFF, 0xFF, 0xFF, 0x03, 0x00, 0x00, 0x00, 0xB3, 0xDD, 0x07, 0x00, 0xFC, 0xFF, 0x4F, 0xF2, 0xFF,
    0xFF, 0x09, 0x00, 0x00, 0x00, 0x00, 0x00, 0x00, 0x30, 0xFF, 0xFF, 0x0C, 0xB0, 0xFF, 0xFF, 0x0D,
    0x00, 0x00, 0x00, 0x00, 0x00, 0x00, 0xC0, 0xFF, 0xFF, 0x08, 0xB0, 0xFF, 0xFF, 0x1F, 0x00, 0x00,
    0x00, 0xD8, 0x8E, 0x11, 0xFA, 0xFF, 0xFF, 0x04, 0xC0, 0xFF, 0xFF, 0xAF, 0x02, 0x00, 0x90, 0xFF,
    0xFF, 0xFF, 0xFF, 0xFF, 0xFF, 0x00, 0xF0, 0xFF, 0xFF, 0xFF, 0x1F, 0x00, 0xF1, 0xFF, 0xFF, 0xFF,
    0xFF, 0xFF, 0xBF, 0x00, 0xF1, 0xFF, 0xFF, 0xFF, 0x1F, 0x00, 0xF3, 0xFF, 0xFF, 0xFF, 0xFF, 0xFF,
    0x4F, 0x00, 0xF4, 0xFF, 0xFF, 0xFF, 0x0E, 0x00, 0xF2, 0xFF, 0xFF, 0xFF, 0xFF, 0xFF, 0x0B, 0x00,
    0xF6, 0xFF, 0xFF, 0xFF, 0x08, 0x00, 0xD0, 0xFF, 0xFF, 0xFF, 0xFF, 0xDF, 0x01, 0x00, 0xF5, 0xFF,
    0xFF, 0xEF, 0x01, 0x00, 0x20, 0xFE, 0xFF, 0xFF, 0xFF, 0x1B, 0x00, 0x00, 0xE1, 0xFF, 0xFF, 0x3F,
    0x00, 0x00, 0x00, 0x81, 0xFD, 0xDF, 0x4A, 0x00, 0x00, 0x00, 0x30, 0xFC, 0xAE, 0x02, 0x00, 0x00,
    0x00, 0x00, 0x00, 0x00, 0x00, 0x00, 0x00, 0x50, 0xDA, 0xFF, 0xAD, 0x04, 0x00, 0x00, 0x00, 0x00,
    0x00, 0x00, 0x00, 0x00, 0x20, 0xFC, 0xFF, 0xFF, 0xFF, 0xBF, 0x01, 0x00, 0x00, 0x00, 0x00, 0x00,
    0x00, 0x00, 0xE2, 0xFF, 0xFF, 0xFF, 0xFF, 0xFF, 0x0C, 0x00, 0x00, 0x00, 0x00, 0x00, 0x00, 0x00,
    0xFD, 0xFF, 0xFF, 0xFF, 0xFF, 0xFF, 0x7F, 0x00, 0x00, 0x00, 0x00, 0x00, 0x00, 0x70, 0xFF, 0xFF,
    0xFF, 0xFF, 0xFF, 0xFF, 0xEF, 0x00, 0x00, 0x00, 0x00, 0x00, 0x00, 0xE0, 0xFF, 0xFF, 0xFF, 0xCB,
    0xFF, 0xFF, 0xFF, 0x02, 0x00, 0x00, 0x00, 0x00, 0x00, 0xF5, 0xFF, 0xFF, 0x3F, 0x00, 0xFC, 0xFF,
    0xFF, 0x04, 0x00, 0x00, 0x00, 0x00, 0x00, 0xF9, 0xFF, 0xFF, 0x08, 0x00, 0xFD, 0xFF, 0xFF, 0x04,
    0x00, 0x00, 0x00, 0x00, 0x00, 0xFD, 0xFF, 0xFF, 0x01, 0x60, 0xFF, 0xFF, 0xFF, 0x02, 0x00, 0x00,
    0x00, 0x00, 0x00, 0xFF, 0xFF, 0xBF, 0x00, 0xF2, 0xFF, 0xFF, 0xFF, 0x00, 0x00, 0x00, 0x00, 0x00,
    0x30, 0xFF, 0xFF, 0x7F, 0x00, 0xF8, 0xFF, 0xFF, 0xBF, 0x00, 0x00, 0x00, 0x00, 0x00, 0x60, 0xFF,
    0xFF, 0x3F, 0x00, 0xF9, 0xFF, 0xFF, 0x3F, 0x00, 0x00, 0x00, 0x00, 0x00, 0x80, 0xFF, 0xFF, 0x0F,
    0x00, 0xF6, 0xFF, 0xFF, 0x08, 0x00, 0x00, 0x00, 0x00, 0x00, 0xA0, 0xFF, 0xFF, 0x0B, 0x00, 0xB0,
    0xFF, 0x7F, 0x00, 0x00, 0x00, 0x00, 0x00, 0x00, 0xC0, 0xFF, 0xFF, 0x07, 0x00, 0x00, 0x33, 0x00,
    0x00, 0x00, 0x00, 0x50, 0xEB, 0xDF, 0xF9, 0xFF, 0xFF, 0x03, 0x00, 0x00, 0x00, 0x00, 0x00, 0x00,
    0x00, 0xF9, 0xFF, 0xFF, 0xFF, 0xFF, 0xFF, 0x00, 0x00, 0x00, 0x00, 0x00, 0x00, 0x00, 0x50, 0xFF,
    0xFF, 0xFF, 0xFF, 0xFF, 0xBF, 0x00, 0x00, 0x00, 0x30, 0x04, 0x00, 0x00, 0xD0, 0xFF, 0xFF, 0xFF,
    0xFF, 0xFF, 0xFF, 0x4A, 0x01, 0x82, 0xFE, 0x9F, 0x00, 0x00, 0xF1, 0xFF, 0xAF, 0x91, 0xFF, 0xFF,
    0xFF, 0xFF, 0xFF, 0xFF, 0xFF, 0xEF, 0x00, 0x00, 0xF2, 0xFF, 0xAF, 0x90, 0xFF, 0xFF, 0xFF, 0xFF,
    0xFF, 0xFF, 0xFF, 0xEF, 0x00, 0x00, 0xF0, 0xFF, 0xFF, 0xFF, 0xFF, 0xFF, 0xFF, 0xFF, 0xFF, 0xFF,
    0xFF, 0xBF, 0x00, 0x00, 0xA0, 0xFF, 0xFF, 0xFF, 0xFF, 0xAF, 0xFF, 0xFF, 0xFF, 0xFF, 0xFF, 0x5F,
    0x00, 0x00, 0x10, 0xFD, 0xFF, 0xFF, 0xEF, 0x03, 0xB3, 0xFF, 0xFF, 0xFF, 0xFF, 0x09, 0x00, 0x00,
    0x00, 0x80, 0xFD, 0xCE, 0x07, 0x00, 0x00, 0x82, 0xEC, 0xEF, 0x5C, 0x00, 0x00, 0x00, 0x00, 0x00,
    0x00, 0x00, 0x30, 0xB7, 0xED, 0xFF, 0xFF, 0xFF, 0xFF, 0x07, 0x00, 0x00, 0x90, 0xFE, 0xFF, 0x9E,
    0x00, 0x00, 0x00, 0x00, 0x70, 0xFE, 0xFF, 0xFF, 0xFF, 0xFF, 0xFF, 0xFF, 0x1F, 0x00, 0x00, 0xFC,
    0xFF, 0xFF, 0xFF, 0x06, 0x00, 0x00, 0x30, 0xFD, 0xFF, 0xFF, 0xFF, 0xFF, 0xFF, 0xFF, 0xFF, 0x3F,
    0x00, 0x60, 0xFF, 0xFF, 0xFF, 0xFF, 0x08, 0x00, 0x00, 0xF3, 0xFF, 0xFF, 0xFF, 0xFF, 0xFF, 0xFF,
    0xFF, 0xFF, 0x5F, 0x00, 0xE0, 0xFF, 0xFF, 0xFF, 0xFF, 0x05, 0x00, 0x10, 0xFE, 0xFF, 0xFF, 0xFF,
    0xFF, 0xFF, 0xFF, 0xFF, 0xFF, 0x5F, 0x00, 0xF7, 0xFF, 0xFF, 0xFF, 0xFF, 0x00, 0x00, 0x90, 0xFF,
    0xFF, 0xFF, 0xBB, 0xFF, 0xFF, 0xFF, 0xFF, 0xFF, 0x6F, 0x00, 0xFE, 0xFF, 0xFF, 0xFF, 0xAF, 0x00,
    0x00, 0xF0, 0xFF, 0xFF, 0x4F, 0x00, 0xF4, 0xFF, 0xFF, 0xFF, 0xFF, 0x6F, 0x60, 0xFF, 0xFF, 0xFF,
    0xFF, 0x4F, 0x00, 0x00, 0xF3, 0xFF, 0xFF, 0x0D, 0x00, 0xC0, 0xFF, 0xFF, 0xFF, 0xFF, 0x6F, 0xD0,
    0xFF, 0xFF, 0xFF, 0xFF, 0x0E, 0x00, 0x00, 0xF5, 0xFF, 0xFF, 0x4F, 0x00, 0xA0, 0xFF, 0xFF, 0xFF,
    0xFF, 0x9F, 0xF7, 0xFF, 0xFF, 0xFF, 0xFF, 0x09, 0x00, 0x00, 0xF5, 0xFF, 0xFF, 0xFF, 0x05, 0xB0,
    0xFF, 0xFF, 0x74, 0xFF, 0xFF, 0xFF, 0xEF, 0xB1, 0xFF, 0xFF, 0x04, 0x00, 0x00, 0xF3, 0xFF, 0xFF,
    0xFF, 0x0B, 0xC0, 0xFF, 0xFF, 0x41, 0xFF, 0xFF, 0xFF, 0x7F, 0xB0, 0xFF, 0xFF, 0x00, 0x00, 0x00,
    0xF0, 0xFF, 0xFF, 0xFF, 0x0B, 0xF1, 0xFF, 0xFF, 0x40, 0xFF, 0xFF, 0xFF, 0x1F, 0xE0, 0xFF, 0xBF,
    0x00, 0x00, 0x00, 0x80, 0xFF, 0xFF, 0xFF, 0x06, 0xF6, 0xFF, 0xCF, 0x50, 0xFF, 0xFF, 0xFF, 0x08,
    0xF3, 0xFF, 0x7F, 0x00, 0x00, 0x00, 0x00, 0xFB, 0xFF, 0xAF, 0x00, 0xFE, 0xFF, 0x8F, 0x70, 0xFF,
    0xFF, 0xFF, 0x01, 0xF8, 0xFF, 0x4F, 0x00, 0x00, 0x00, 0x00, 0x30, 0x77, 0x04, 0xA0, 0xFF, 0xFF,
    0x4F, 0x80, 0xFF, 0xFF, 0x9F, 0x00, 0xFE, 0xFF, 0x2F, 0x00, 0x00, 0x00, 0x00, 0x00, 0x00, 0x00,
    0xF9, 0xFF, 0xFF, 0x0E, 0xA0, 0xFF, 0xFF, 0x2F, 0x30, 0xFF, 0xFF, 0x0F, 0x00, 0x00, 0x10, 0xB9,
    0x39, 0x10, 0xD5, 0xFF, 0xFF, 0xFF, 0x08, 0xB0, 0xFF, 0xFF, 0x0A, 0x90, 0xFF, 0xFF, 0x0E, 0x00,
    0x00, 0xE1, 0xFF, 0xFF, 0xFF, 0xFF, 0xFF, 0xFF, 0xFF, 0x01, 0xC0, 0xFF, 0xFF, 0x03, 0xE0, 0xFF,
    0xFF, 0x0D, 0x00, 0x00, 0xF7, 0xFF, 0xFF, 0xFF, 0xFF, 0xFF, 0xFF, 0x7F, 0x00, 0xD0, 0xFF, 0xBF,
    0x00, 0xF4, 0xFF, 0xFF, 0x0D, 0x00, 0x00, 0xFA, 0xFF, 0xFF, 0xFF, 0xFF, 0xFF, 0xFF, 0x0C, 0x00,
    0xC0, 0xFF, 0x4F, 0x00, 0xF9, 0xFF, 0xFF, 0x0C, 0x00, 0x00, 0xF9, 0xFF, 0xFF, 0xFF, 0xFF, 0xFF,
    0xDF, 0x01, 0x00, 0x80, 0xFF, 0x0B, 0x00, 0xFD, 0xFF, 0xFF, 0x0A, 0x00, 0x00, 0xF3, 0xFF, 0xFF,
    0xFF, 0xFF, 0xFF, 0x1C, 0x00, 0x00, 0x10, 0x89, 0x00, 0x00, 0xFF, 0xFF, 0xFF, 0x08, 0x00, 0x00,
    0x70, 0xFF, 0xFF, 0xFF, 0xFF, 0x7F, 0x00, 0x00, 0x00, 0x00, 0x00, 0x00, 0x00, 0xFF, 0xFF, 0xFF,
    0x02, 0x00, 0x00, 0x00, 0x93, 0xFD, 0xEF, 0x6B, 0x01, 0x00, 0x00, 0x00, 0x00, 0x00, 0x00, 0x00,
    0xD6, 0xEF, 0x3B, 0x00, 0x00, 0x00, 0x00, 0x00, 0x00, 0x00, 0x95, 0xEC, 0xFF, 0xFF, 0xBE, 0x02,
    0x00, 0x00, 0xD6, 0xCF, 0x02, 0x00, 0x00, 0x00, 0xE8, 0xFF, 0xFF, 0xFF, 0xFF, 0xFF, 0x0E, 0x00,
    0x40, 0xFF, 0xFF, 0x0A, 0x00, 0x00, 0xE3, 0xFF, 0xFF, 0xFF, 0xFF, 0xFF, 0xFF, 0x7F, 0x00, 0xB0,
    0xFF, 0xFF, 0x0B, 0x00, 0x30, 0xFF, 0xFF, 0xFF, 0xFF, 0xFF, 0xFF, 0xFF, 0xBF, 0x00, 0xF0, 0xFF,
    0xFF, 0x08, 0x00, 0xE1, 0xFF, 0xFF, 0xFF, 0xFF, 0xFF, 0xFF, 0xFF, 0xEF, 0x00, 0xF2, 0xFF, 0xFF,
    0x04, 0x00, 0xF8, 0xFF, 0xFF, 0xEF, 0xBB, 0xFF, 0xFF, 0xFF, 0xFF, 0x01, 0xF4, 0xFF, 0xEF, 0x00,
    0x00, 0xFE, 0xFF, 0xFF, 0x06, 0x00, 0xF7, 0xFF, 0xFF, 0xFF, 0x02, 0xF6, 0xFF, 0x9F, 0x00, 0x30,
    0xFF, 0xFF, 0xDF, 0x00, 0x00, 0xF4, 0xFF, 0xFF, 0xFF, 0x04, 0xF7, 0xFF, 0x3F, 0x00, 0x50, 0xFF,
    0xFF, 0xFF, 0x05, 0x00, 0xF6, 0xFF, 0xFF, 0xFF, 0x06, 0xF8, 0xFF, 0x0E, 0x00, 0x50, 0xFF, 0xFF,
    0xFF, 0x7F, 0x00, 0xF9, 0xFF, 0xFF, 0xFF, 0x08, 0xFA, 0xFF, 0x09, 0x00, 0x30, 0xFF, 0xFF, 0xFF,
    0xCF, 0x00, 0xFD, 0xFF, 0xFF, 0xFF, 0x1D, 0xFE, 0xFF, 0x04, 0x00, 0x00, 0xFF, 0xFF, 0xFF, 0xBF,
    0x10, 0xFF, 0xDF, 0xF6, 0xFF, 0xFF, 0xFF, 0xFF, 0x00, 0x00, 0x00, 0xF8, 0xFF, 0xFF, 0x5F, 0x60,
    0xFF, 0x7F, 0xF0, 0xFF, 0xFF, 0xFF, 0xDF, 0x00, 0x00, 0x00, 0xA0, 0xFF, 0xFF, 0x0A, 0xD0, 0xFF,
    0x5F, 0xC0, 0xFF, 0xFF, 0xFF, 0xAF, 0x00, 0x00, 0x00, 0x00, 0x63, 0x37, 0x00, 0xF4, 0xFF, 0x4F,
    0xA0, 0xFF, 0xFF, 0xFF, 0x7F, 0x00, 0x00, 0x00, 0x00, 0x00, 0x00, 0x10, 0xFE, 0xFF, 0x2F, 0x90,
    0xFF, 0xFF, 0xFF, 0x5F, 0x00, 0x00, 0x20, 0xDA, 0x6B, 0x02, 0xD3, 0xFF, 0xFF, 0x0F, 0x70, 0xFF,
    0xFF, 0xFF, 0x3F, 0x00, 0x00, 0xF1, 0xFF, 0xFF, 0xFF, 0xFF, 0xFF, 0xFF, 0x0B, 0x50, 0xFF, 0xFF,
    0xFF, 0x1F, 0x00, 0x00, 0xF8, 0xFF, 0xFF, 0xFF, 0xFF, 0xFF, 0xFF, 0x05, 0x20, 0xFF, 0xFF, 0xFF,
    0x0F, 0x00, 0x00, 0xFB, 0xFF, 0xFF, 0xFF, 0xFF, 0xFF, 0xEF, 0x00, 0x00, 0xFF, 0xFF, 0xFF, 0x0E,
    0x00, 0x00, 0xF9, 0xFF, 0xFF, 0xFF, 0xFF, 0xFF, 0x4F, 0x00, 0x00, 0xFB, 0xFF, 0xFF, 0x0D, 0x00,
    0x00, 0xF3, 0xFF, 0xFF, 0xFF, 0xFF, 0xFF, 0x07, 0x00, 0x00, 0xF6, 0xFF, 0xFF, 0x0B, 0x00, 0x00,
    0x70, 0xFF, 0xFF, 0xFF, 0xFF, 0x5E, 0x00, 0x00, 0x00, 0xD0, 0xFF, 0xFF, 0x04, 0x00, 0x00, 0x00,
    0x93, 0xFD, 0xDF, 0x5A, 0x00, 0x00, 0x00, 0x00, 0x20, 0xFC, 0x5D, 0x00, 0x00, 0x00, 0x00, 0x00,
    0x00, 0x00, 0x71, 0xEB, 0xEF, 0x6C, 0x00, 0x00, 0x00, 0x00, 0x00, 0x80, 0xFF, 0xFF, 0xFF, 0xFF,
    0x1D, 0x00, 0x00, 0x00, 0x10, 0xFC, 0xFF, 0xFF, 0xFF, 0xFF, 0xEF, 0x01, 0x00, 0x00, 0xD1, 0xFF,
    0xFF, 0xFF, 0xFF, 0xFF, 0xFF, 0x09, 0x00, 0x00, 0xFC, 0xFF, 0xFF, 0xFF, 0xFF, 0xFF, 0xFF, 0x1F,
    0x00, 0x80, 0xFF, 0xFF, 0xFF, 0xAB, 0xFC, 0xFF, 0xFF, 0x6F, 0x00, 0xF2, 0xFF, 0xFF, 0x1B, 0x00,
    0x50, 0xFF, 0xFF, 0xAF, 0x00, 0xFA, 0xFF, 0xBF, 0x00, 0x00, 0x00, 0xFA, 0xFF, 0xCF, 0x10, 0xFF,
    0xFF, 0x1F, 0x00, 0x00, 0x00, 0xF4, 0xFF, 0xDF, 0x70, 0xFF, 0xFF, 0x08, 0x00, 0x00, 0x00, 0xF1,
    0xFF, 0xDF, 0xC0, 0xFF, 0xFF, 0x01, 0x00, 0x00, 0x00, 0xF1, 0xFF, 0xCF, 0xF1, 0xFF, 0xDF, 0x00,
    0x00, 0x00, 0x00, 0xF3, 0xFF, 0xBF, 0xF3, 0xFF, 0xBF, 0x00, 0x00, 0x00, 0x00, 0xF7, 0xFF, 0x8F,
    0xF6, 0xFF, 0x9F, 0x00, 0x00, 0x00, 0x00, 0xFC, 0xFF, 0x4F, 0xF7, 0xFF, 0xBF, 0x00, 0x00, 0x00,
    0x30, 0xFF, 0xFF, 0x0F, 0xF8, 0xFF, 0xEF, 0x00, 0x00, 0x00, 0xC0, 0xFF, 0xFF, 0x0A, 0xF7, 0xFF,
    0xFF, 0x07, 0x00, 0x00, 0xF9, 0xFF, 0xFF, 0x04, 0xF6, 0xFF, 0xFF, 0x7F, 0x01, 0xB3, 0xFF, 0xFF,
    0xCF, 0x00, 0xF4, 0xFF, 0xFF, 0xFF, 0xFF, 0xFF, 0xFF, 0xFF, 0x4F, 0x00, 0xF0, 0xFF, 0xFF, 0xFF,
    0xFF, 0xFF, 0xFF, 0xFF, 0x09, 0x00, 0xB0, 0xFF, 0xFF, 0xFF, 0xFF, 0xFF, 0xFF, 0xDF, 0x00, 0x00,
    0x30, 0xFF, 0xFF, 0xFF, 0xFF, 0xFF, 0xFF, 0x1D, 0x00, 0x00, 0x00, 0xF9, 0xFF, 0xFF, 0xFF, 0xFF,
    0xCF, 0x01, 0x00, 0x00, 0x00, 0x90, 0xFF, 0xFF, 0xFF, 0xFF, 0x08, 0x00, 0x00, 0x00, 0x00, 0x00,
    0xA4, 0xFE, 0xCE, 0x17, 0x00, 0x00, 0x00, 0x00, 0x00, 0x00, 0x00, 0x00, 0x62, 0xC9, 0xFE, 0xFF,
    0xCD, 0x59, 0x01, 0x00, 0x00, 0x00, 0x00, 0x00, 0x00, 0xD7, 0xFF, 0xFF, 0xFF, 0xFF, 0xFF, 0xFF,
    0x9F, 0x01, 0x00, 0x00, 0x00, 0x00, 0xE6, 0xFF, 0xFF, 0xFF, 0xFF, 0xFF, 0xFF, 0xFF, 0xFF, 0x3E,
    0x00, 0x00, 0x00, 0xA0, 0xFF, 0xFF, 0xFF, 0xFF, 0xFF, 0xFF, 0xFF, 0xFF, 0xFF, 0xFF, 0x03, 0x00,
    0x00, 0xFA, 0xFF, 0xFF, 0xFF, 0xFF, 0xFF, 0xFF, 0xFF, 0xFF, 0xFF, 0xFF, 0x0D, 0x00, 0x60, 0xFF,
    0xFF, 0xFF, 0xFF, 0xFF, 0xFF, 0xFF, 0xFF, 0xFF, 0xFF, 0xFF, 0x6F, 0x00, 0xE0, 0xFF, 0xFF, 0x7F,
    0x01, 0xF4, 0xFF, 0xFF, 0xFF, 0xFF, 0xFF, 0xFF, 0xBF, 0x00, 0xF5, 0xFF, 0xFF, 0x0A, 0x00, 0xA0,
    0xFF, 0xFF, 0x2D, 0x60, 0xFF, 0xFF, 0xEF, 0x00, 0xF8, 0xFF, 0xFF, 0x0B, 0x00, 0x90, 0xFF, 0xFF,
    0x06, 0x00, 0xF5, 0xFF, 0xFF, 0x00, 0xF9, 0xFF, 0xFF, 0xBF, 0x00, 0xB0, 0xFF, 0xFF, 0x02, 0x00,
    0xF0, 0xFF, 0xFF, 0x00, 0xF9, 0xFF, 0xFF, 0xFF, 0x06, 0xE0, 0xFF, 0xEF, 0x00, 0x00, 0xF0, 0xFF,
    0xEF, 0x00, 0xF6, 0xFF, 0xFF, 0xFF, 0x07, 0xF2, 0xFF, 0xBF, 0x00, 0x00, 0xF6, 0xFF, 0xCF, 0x00,
    0xF1, 0xFF, 0xFF, 0xFF, 0x04, 0xF6, 0xFF, 0xAF, 0x00, 0x40, 0xFE, 0xFF, 0x8F, 0x00, 0x60, 0xFF,
    0xFF, 0xBF, 0x00, 0xFA, 0xFF, 0xFF, 0xAB, 0xFC, 0xFF, 0xFF, 0x3F, 0x00, 0x00, 0xB4, 0xDE, 0x08,
    0x10, 0xFF, 0xFF, 0xFF, 0xFF, 0xFF, 0xFF, 0xFF, 0x0B, 0x00, 0x00, 0x00, 0x00, 0x00, 0x70, 0xFF,
    0xFF, 0xFF, 0xFF, 0xFF, 0xFF, 0xFF, 0x02, 0x00, 0x00, 0x00, 0x00, 0x00, 0xE1, 0xFF, 0xFF, 0xDA,
    0xFF, 0xFF, 0xFF, 0x6F, 0x00, 0x00, 0x30, 0xEC, 0x4B, 0x30, 0xFD, 0xFF, 0xFF, 0x41, 0xFF, 0xFF,
    0xFF, 0x06, 0x00, 0x00, 0xF3, 0xFF, 0xFF, 0xFF, 0xFF, 0xFF, 0xCF, 0x00, 0xE7, 0xEF, 0x29, 0x00,
    0x00, 0x00, 0xFB, 0xFF, 0xFF, 0xFF, 0xFF, 0xFF, 0x5F, 0x00, 0x00, 0x00, 0x00, 0x00, 0x00, 0x00,
    0xFD, 0xFF, 0xFF, 0xFF, 0xFF, 0xFF, 0x0D, 0x00, 0x00, 0x00, 0x00, 0x00, 0x00, 0x00, 0xFC, 0xFF,
    0xFF, 0xFF, 0xFF, 0xFF, 0x04, 0x00, 0x00, 0x00, 0x00, 0x00, 0x00, 0x00, 0xF7, 0xFF, 0xFF, 0xFF,
    0xFF, 0x6F, 0x00, 0x00, 0x00, 0x00, 0x00, 0x00, 0x00, 0x00, 0xC0, 0xFF, 0xFF, 0xFF, 0xEF, 0x05,
    0x00, 0x00, 0x00, 0x00, 0x00, 0x00, 0x00, 0x00, 0x00, 0xC7, 0xFF, 0xBE, 0x06, 0x00, 0x00, 0x00,
    0x00, 0x00, 0x00, 0x00, 0x00, 0x00, 0x00, 0x00, 0x00, 0x00, 0x94, 0xFD, 0xEF, 0x8C, 0x02, 0x00,
    0x00, 0x00, 0x00, 0x00, 0xC3, 0xFF, 0xFF, 0xFF, 0xFF, 0x9F, 0x00, 0x00, 0x00, 0x00, 0x60, 0xFF,
    0xFF, 0xFF, 0xFF, 0xFF, 0xFF, 0x0B, 0x00, 0x00, 0x00, 0xF5, 0xFF, 0xFF, 0xFF, 0xFF, 0xFF, 0xFF,
    0x7F, 0x00, 0x00, 0x20, 0xFF, 0xFF, 0xFF, 0xFF, 0xFF, 0xFF, 0xFF, 0xEF, 0x00, 0x00, 0xA0, 0xFF,
    0xFF, 0xFF, 0xAC, 0xFD, 0xFF, 0xFF, 0xFF, 0x05, 0x00, 0xF1, 0xFF, 0xFF, 0x4F, 0x00, 0x60, 0xFF,
    0xFF, 0xFF, 0x07, 0x00, 0xF7, 0xFF, 0xFF, 0x08, 0x00, 0x00, 0xFB, 0xFF, 0xFF, 0x09, 0x00, 0xFA,
    0xFF, 0xFF, 0x04, 0x00, 0x00, 0xF5, 0xFF, 0xFF, 0x0A, 0x00, 0xFD, 0xFF, 0xFF, 0x06, 0x00, 0x00,
    0xF4, 0xFF, 0xFF, 0x08, 0x00, 0xFD, 0xFF, 0xFF, 0x7F, 0x00, 0x00, 0xF5, 0xFF, 0xFF, 0x06, 0x00,
    0xFC, 0xFF, 0xFF, 0xFF, 0x06, 0x00, 0xF7, 0xFF, 0xFF, 0x02, 0x00, 0xFA, 0xFF, 0xFF, 0xFF, 0x0A,
    0x00, 0xFC, 0xFF, 0xDF, 0x00, 0x00, 0xF5, 0xFF, 0xFF, 0xFF, 0x09, 0x20, 0xFF, 0xFF, 0x7F, 0x00,
    0x00, 0xC0, 0xFF, 0xFF, 0xFF, 0x03, 0xB0, 0xFF, 0xFF, 0x0E, 0x00, 0x00, 0x10, 0xFC, 0xFF, 0x6F,
    0x00, 0xF6, 0xFF, 0xFF, 0x07, 0x00, 0x00, 0x00, 0x40, 0x67, 0x01, 0x40, 0xFF, 0xFF, 0xDF, 0x00,
    0x00, 0x00, 0x00, 0x00, 0x00, 0x00, 0xF5, 0xFF, 0xFF, 0x2F, 0x00, 0x00, 0x50, 0xFC, 0xAE, 0x03,
    0xA2, 0xFF, 0xFF, 0xFF, 0x06, 0x00, 0x00, 0xF5, 0xFF, 0xFF, 0xCF, 0xFF, 0xFF, 0xFF, 0x7F, 0x00,
    0x00, 0x00, 0xFD, 0xFF, 0xFF, 0xFF, 0xFF, 0xFF, 0xFF, 0x06, 0x00, 0x00, 0x00, 0xFE, 0xFF, 0xFF,
    0xFF, 0xFF, 0xFF, 0x4E, 0x00, 0x00, 0x00, 0x00, 0xFB, 0xFF, 0xFF, 0xFF, 0xFF, 0xFF, 0x04, 0x00,
    0xF9, 0x04, 0x00, 0xE2, 0xFF, 0xFF, 0xFF, 0xFF, 0xFF, 0xDF, 0xDA, 0xFF, 0x08, 0x00, 0x10, 0xD9,
    0xFF, 0xAC, 0xFF, 0xFF, 0xFF, 0xFF, 0xFF, 0x07, 0x00, 0x00, 0x00, 0x00, 0x00, 0xF9, 0xFF, 0xFF,
    0xFF, 0xFF, 0x02, 0x00, 0x00, 0x00, 0x00, 0x00, 0xC0, 0xFF, 0xFF, 0xFF, 0xBF, 0x00, 0x00, 0x00,
    0x00, 0x00, 0x00, 0x10, 0xFC, 0xFF, 0xFF, 0x1D, 0x00, 0x00, 0x00, 0x00, 0x00, 0x00, 0x00, 0x60,
    0xFC, 0x9E, 0x01, 0x00, 0x00, 0x00, 0x00, 0x00, 0x00, 0x62, 0xCA, 0xFE, 0xFF, 0xDE, 0x7B, 0x03,
    0x00, 0x00, 0x00, 0x00, 0x00, 0x00, 0xD6, 0xFF, 0xFF, 0xFF, 0xFF, 0xFF, 0xFF, 0xDF, 0x05, 0x00,
    0x00, 0x00, 0x00, 0xE5, 0xFF, 0xFF, 0xFF, 0xFF, 0xFF, 0xFF, 0xFF, 0xFF, 0xBF, 0x00, 0x00, 0x00,
    0x90, 0xFF, 0xFF, 0xFF, 0xFF, 0xFF, 0xFF, 0xFF, 0xFF, 0xFF, 0xFF, 0x0B, 0x00, 0x00, 0xF9, 0xFF,
    0xFF, 0xFF, 0xFF, 0xFF, 0xFF, 0xFF, 0xFF, 0xFF, 0xFF, 0x5F, 0x00, 0x50, 0xFF, 0xFF, 0xFF, 0xFF,
    0xFF, 0xFF, 0xFF, 0xFF, 0xFF, 0xFF, 0xFF, 0xBF, 0x00, 0xE0, 0xFF, 0xFF, 0xCF, 0x23, 0xF6, 0xFF,
    0xFF, 0xFF, 0xFF, 0xFF, 0xFF, 0xFF, 0x00, 0xF4, 0xFF, 0xFF, 0x0E, 0x00, 0xA0, 0xFF, 0xFF, 0x1B,
    0xC2, 0xFF, 0xFF, 0xFF, 0x00, 0xF8, 0xFF, 0xFF, 0x0D, 0x00, 0x90, 0xFF, 0xFF, 0x04, 0x00, 0xFE,
    0xFF, 0xEF, 0x00, 0xF9, 0xFF, 0xFF, 0x9F, 0x00, 0xB0, 0xFF, 0xFF, 0x01, 0x00, 0xFC, 0xFF, 0xAF,
    0x00, 0xF9, 0xFF, 0xFF, 0xFF, 0x05, 0xE0, 0xFF, 0xEF, 0x00, 0x10, 0xFF, 0xFF, 0x3F, 0x00, 0xF6,
    0xFF, 0xFF, 0xFF, 0x07, 0xF1, 0xFF, 0xFF, 0x01, 0xC1, 0xFF, 0xFF, 0x08, 0x00, 0xF1, 0xFF, 0xFF,
    0xFF, 0x04, 0xF5, 0xFF, 0xFF, 0xDF, 0xFF, 0xFF, 0x8F, 0x00, 0x00, 0x70, 0xFF, 0xFF, 0xCF, 0x00,
    0xF9, 0xFF, 0xFF, 0xFF, 0xFF, 0x7F, 0x02, 0x00, 0x00, 0x00, 0xD5, 0xFF, 0x1A, 0x00, 0xFE, 0xFF,
    0xFF, 0xFF, 0xFF, 0x5F, 0x00, 0x00, 0x00, 0x00, 0x00, 0x00, 0x00, 0x50, 0xFF, 0xFF, 0xAF, 0xFC,
    0xFF, 0xFF, 0x05, 0x00, 0x00, 0x00, 0x00, 0x00, 0x00, 0xD0, 0xFF, 0xFF, 0x06, 0xF1, 0xFF, 0xFF,
    0x0B, 0x00, 0x00, 0x00, 0xD7, 0x8E, 0x21, 0xFB, 0xFF, 0xFF, 0x01, 0xF1, 0xFF, 0xFF, 0x5F, 0x00,
    0x00, 0x90, 0xFF, 0xFF, 0xFF, 0xFF, 0xFF, 0xBF, 0x00, 0xF3, 0xFF, 0xFF, 0xFF, 0x0C, 0x00, 0xF1,
    0xFF, 0xFF, 0xFF, 0xFF, 0xFF, 0x5F, 0x00, 0xF6, 0xFF, 0xFF, 0xFF, 0x0D, 0x00, 0xF4, 0xFF, 0xFF,
    0xFF, 0xFF, 0xFF, 0x0D, 0x00, 0xF9, 0xFF, 0xFF, 0xFF, 0x0A, 0x00, 0xF3, 0xFF, 0xFF, 0xFF, 0xFF,
    0xFF, 0x04, 0x00, 0xFB, 0xFF, 0xFF, 0xFF, 0x04, 0x00, 0xE0, 0xFF, 0xFF, 0xFF, 0xFF, 0x8F, 0x00,
    0x00, 0xFA, 0xFF, 0xFF, 0xCF, 0x00, 0x00, 0x40, 0xFF, 0xFF, 0xFF, 0xFF, 0x07, 0x00, 0x00, 0xF4,
    0xFF, 0xFF, 0x1D, 0x00, 0x00, 0x00, 0xA3, 0xFE, 0xCE, 0x28, 0x00, 0x00, 0x00, 0x60, 0xFD, 0x8D,
    0x01, 0x00, 0x00, 0x00, 0x00, 0x00, 0x00, 0x00, 0x93, 0xED, 0xEF, 0x6B, 0x01, 0x00, 0x00, 0x00,
    0x00, 0x00, 0xB1, 0xFF, 0xFF, 0xFF, 0xFF, 0x5E, 0x00, 0x00, 0x00, 0x00, 0x10, 0xFE, 0xFF, 0xFF,
    0xFF, 0xFF, 0xFF, 0x04, 0x00, 0x00, 0x00, 0xC0, 0xFF, 0xFF, 0xFF, 0xFF, 0xFF, 0xFF, 0x0E, 0x00,
    0x00, 0x00, 0xF5, 0xFF, 0xFF, 0xFF, 0xFF, 0xFF, 0xFF, 0x5F, 0x00, 0x00, 0x00, 0xFA, 0xFF, 0xFF,
    0xAE, 0xFB, 0xFF, 0xFF, 0x7F, 0x00, 0x00, 0x00, 0xFC, 0xFF, 0xCF, 0x00, 0x60, 0xFF, 0xFF, 0x8F,
    0x00, 0x00, 0x00, 0xFD, 0xFF, 0x7F, 0x00, 0x40, 0xFF, 0xFF, 0x6F, 0x00, 0x00, 0x00, 0xFC, 0xFF,
    0x8F, 0x00, 0x90, 0xFF, 0xFF, 0x1F, 0x00, 0x00, 0x00, 0xF8, 0xFF, 0xEF, 0x01, 0xB0, 0xFF, 0xFF,
    0x09, 0x00, 0x00, 0x00, 0xF2, 0xFF, 0xFF, 0x2D, 0x20, 0xFE, 0x9F, 0x00, 0x00, 0x00, 0x00, 0x70,
    0xFF, 0xFF, 0xFF, 0x05, 0x30, 0x01, 0x00, 0x00, 0x00, 0x00, 0x00, 0xF8, 0xFF, 0xFF, 0x9F, 0x00,
    0x00, 0x00, 0x00, 0x00, 0x00, 0x00, 0x60, 0xFF, 0xFF, 0xFF, 0x0C, 0x00, 0x00, 0x00, 0x30, 0xA8,
    0x28, 0x00, 0xE3, 0xFF, 0xFF, 0xBF, 0x00, 0x00, 0x00, 0xF9, 0xFF, 0xFF, 0x05, 0x20, 0xFE, 0xFF,
    0xFF, 0x04, 0x00, 0x80, 0xFF, 0xFF, 0xFF, 0x0E, 0x00, 0xF3, 0xFF, 0xFF, 0x0B, 0x00, 0xF2, 0xFF,
    0xFF, 0xFF, 0x1F, 0x00, 0x90, 0xFF, 0xFF, 0x0F, 0x00, 0xF7, 0xFF, 0xFF, 0xFF, 0x0F, 0x00, 0x40,
    0xFF, 0xFF, 0x0F, 0x00, 0xFC, 0xFF, 0xFF, 0xFF, 0x05, 0x00, 0x20, 0xFF, 0xFF, 0x1F, 0x00, 0xFD,
    0xFF, 0xFF, 0x7F, 0x00, 0x00, 0x40, 0xFF, 0xFF, 0x0F, 0x00, 0xFD, 0xFF, 0xFF, 0x2F, 0x00, 0x00,
    0xB0, 0xFF, 0xFF, 0x0D, 0x00, 0xFB, 0xFF, 0xFF, 0x9F, 0x00, 0x00, 0xF8, 0xFF, 0xFF, 0x09, 0x00,
    0xF7, 0xFF, 0xFF, 0xFF, 0xAD, 0xEA, 0xFF, 0xFF, 0xFF, 0x03, 0x00, 0xF1, 0xFF, 0xFF, 0xFF, 0xFF,
    0xFF, 0xFF, 0xFF, 0xBF, 0x00, 0x00, 0x70, 0xFF, 0xFF, 0xFF, 0xFF, 0xFF, 0xFF, 0xFF, 0x1E, 0x00,
    0x00, 0x00, 0xF9, 0xFF, 0xFF, 0xFF, 0xFF, 0xFF, 0xEF, 0x03, 0x00, 0x00, 0x00, 0x60, 0xFF, 0xFF,
    0xFF, 0xFF, 0xFF, 0x1B, 0x00, 0x00, 0x00, 0x00, 0x00, 0x60, 0xEB, 0xFF, 0xCE, 0x38, 0x00, 0x00,
    0x00, 0x00, 0x00, 0x00, 0x00, 0x94, 0xEC, 0xFF, 0xBD, 0x68, 0x24, 0x00, 0x00, 0x00, 0x00, 0x00,
    0xD4, 0xFF, 0xFF, 0xFF, 0xFF, 0xFF, 0xFF, 0xFF, 0xFF, 0x6F, 0x00, 0x80, 0xFF, 0xFF, 0xFF, 0xFF,
    0xFF, 0xFF, 0xFF, 0xFF, 0xFF, 0xDF, 0x00, 0xF8, 0xFF, 0xFF, 0xFF, 0xFF, 0xFF, 0xFF, 0xFF, 0xFF,
    0xFF, 0xCF, 0x30, 0xFF, 0xFF, 0xFF, 0xFF, 0xFF, 0xFF, 0xFF, 0xFF, 0xFF, 0xFF, 0x7F, 0xC0, 0xFF,
    0xFF, 0xFF, 0xAD, 0xFB, 0xFF, 0xFF, 0xFF, 0xFF, 0xFF, 0x0C, 0xF2, 0xFF, 0xFF, 0x6F, 0x00, 0x20,
    0xFF, 0xFF, 0xEF, 0xAA, 0x79, 0x00, 0xF6, 0xFF, 0xFF, 0x0B, 0x00, 0x00, 0xFE, 0xFF, 0x2F, 0x00,
    0x00, 0x00, 0xF9, 0xFF, 0xFF, 0x09, 0x00, 0x00, 0xFF, 0xFF, 0x0D, 0x00, 0x00, 0x00, 0xF9, 0xFF,
    0xFF, 0x4F, 0x00, 0x20, 0xFF, 0xFF, 0x0A, 0x00, 0x00, 0x00, 0xF9, 0xFF, 0xFF, 0xFF, 0x04, 0x50,
    0xFF, 0xFF, 0x06, 0x00, 0x00, 0x00, 0xF6, 0xFF, 0xFF, 0xFF, 0x07, 0x90, 0xFF, 0xFF, 0x02, 0x00,
    0x00, 0x00, 0xF1, 0xFF, 0xFF, 0xFF, 0x04, 0xD0, 0xFF, 0xEF, 0x00, 0x00, 0x00, 0x00, 0x60, 0xFF,
    0xFF, 0xCF, 0x00, 0xF3, 0xFF, 0xBF, 0x00, 0x00, 0x00, 0x00, 0x00, 0xC5, 0xEF, 0x09, 0x00, 0xF9,
    0xFF, 0x7F, 0x00, 0x00, 0x00, 0x00, 0x00, 0x00, 0x00, 0x00, 0x10, 0xFF, 0xFF, 0x3F, 0x00, 0x00,
    0x00, 0x00, 0x00, 0x00, 0x00, 0x00, 0xA0, 0xFF, 0xFF, 0x0F, 0x00, 0x00, 0x00, 0x00, 0x00, 0xE8,
    0x8E, 0x11, 0xF9, 0xFF, 0xFF, 0x0B, 0x00, 0x00, 0x00, 0x00, 0x90, 0xFF, 0xFF, 0xFF, 0xFF, 0xFF,
    0xFF, 0x07, 0x00, 0x00, 0x00, 0x00, 0xF1, 0xFF, 0xFF, 0xFF, 0xFF, 0xFF, 0xFF, 0x01, 0x00, 0x00,
    0x00, 0x00, 0xF3, 0xFF, 0xFF, 0xFF, 0xFF, 0xFF, 0x9F, 0x00, 0x00, 0x00, 0x00, 0x00, 0xF2, 0xFF,
    0xFF, 0xFF, 0xFF, 0xFF, 0x1E, 0x00, 0x00, 0x00, 0x00, 0x00, 0xC0, 0xFF, 0xFF, 0xFF, 0xFF, 0xFF,
    0x03, 0x00, 0x00, 0x00, 0x00, 0x00, 0x10, 0xFD, 0xFF, 0xFF, 0xFF, 0x3E, 0x00, 0x00, 0x00, 0x00,
    0x00, 0x00, 0x00, 0x60, 0xEB, 0xFF, 0x7C, 0x00, 0x00, 0x00, 0x00, 0x00, 0x00, 0x00, 0x00, 0x00,
    0x00, 0x10, 0xA6, 0xED, 0xFF, 0x9D, 0x01, 0x00, 0x00, 0x20, 0xFB, 0x9E, 0x00, 0x00, 0x00, 0x20,
    0xFA, 0xFF, 0xFF, 0xFF, 0xFF, 0x1E, 0x00, 0x00, 0xE0, 0xFF, 0xFF, 0x08, 0x00, 0x00, 0xF8, 0xFF,
    0xFF, 0xFF, 0xFF, 0xFF, 0x8F, 0x00, 0x00, 0xF7, 0xFF, 0xFF, 0x0B, 0x00, 0xB0, 0xFF, 0xFF, 0xFF,
    0xFF, 0xFF, 0xFF, 0xBF, 0x00, 0x00, 0xFD, 0xFF, 0xFF, 0x08, 0x00, 0xFA, 0xFF, 0xFF, 0xFF, 0xFF,
    0xFF, 0xFF, 0xCF, 0x00, 0x20, 0xFF, 0xFF, 0xFF, 0x02, 0x50, 0xFF, 0xFF, 0xFF, 0xAD, 0xFC, 0xFF,
    0xFF, 0xAF, 0x00, 0x70, 0xFF, 0xFF, 0xAF, 0x00, 0xD0, 0xFF, 0xFF, 0x5F, 0x00, 0xB0, 0xFF, 0xFF,
    0x6F, 0x00, 0xB0, 0xFF, 0xFF, 0x2F, 0x00, 0xF4, 0xFF, 0xFF, 0x0A, 0x00, 0x70, 0xFF, 0xFF, 0x1F,
    0x00, 0xF0, 0xFF, 0xFF, 0x0A, 0x00, 0xF8, 0xFF, 0xFF, 0x09, 0x00, 0x80, 0xFF, 0xFF, 0x0C, 0x00,
    0xF4, 0xFF, 0xFF, 0x02, 0x00, 0xF9, 0xFF, 0xFF, 0x6F, 0x00, 0xB0, 0xFF, 0xFF, 0x06, 0x00, 0xF8,
    0xFF, 0xAF, 0x00, 0x00, 0xF9, 0xFF, 0xFF, 0xFF, 0x05, 0xF1, 0xFF, 0xFF, 0x01, 0x00, 0xFD, 0xFF,
    0x4F, 0x00, 0x00, 0xF6, 0xFF, 0xFF, 0xFF, 0x07, 0xF6, 0xFF, 0xAF, 0x00, 0x10, 0xFF, 0xFF, 0x0E,
    0x00, 0x00, 0xE1, 0xFF, 0xFF, 0xFF, 0x04, 0xFD, 0xFF, 0x4F, 0x00, 0x60, 0xFF, 0xFF, 0x09, 0x00,
    0x00, 0x50, 0xFF, 0xFF, 0xBF, 0x40, 0xFF, 0xFF, 0x0E, 0x00, 0xD0, 0xFF, 0xFF, 0x06, 0x00, 0x00,
    0x00, 0xA3, 0xCD, 0x07, 0xA0, 0xFF, 0xFF, 0x0A, 0x00, 0xF5, 0xFF, 0xFF, 0x04, 0x00, 0x00, 0x00,
    0x00, 0x00, 0x00, 0xF1, 0xFF, 0xFF, 0x08, 0x10, 0xFE, 0xFF, 0xFF, 0x05, 0x00, 0x00, 0x00, 0x00,
    0x00, 0x00, 0xF8, 0xFF, 0xFF, 0x0A, 0xC1, 0xFF, 0xFF, 0xFF, 0x0C, 0x00, 0x00, 0x00, 0x00, 0x00,
    0x00, 0xFE, 0xFF, 0xFF, 0xEF, 0xFF, 0xFF, 0xFF, 0xFF, 0xDF, 0x02, 0x00, 0x00, 0x00, 0x00, 0x30,
    0xFF, 0xFF, 0xFF, 0xFF, 0xFF, 0xFF, 0xFF, 0xFF, 0xFF, 0x07, 0x00, 0x00, 0x00, 0x00, 0x80, 0xFF,
    0xFF, 0xFF, 0xFF, 0xDF, 0xFF, 0xFF, 0xFF, 0xFF, 0x06, 0x00, 0x00, 0x00, 0x00, 0xB0, 0xFF, 0xFF,
    0xFF, 0xFF, 0x1E, 0xFE, 0xFF, 0xFF, 0xFF, 0x03, 0x00, 0x00, 0x00, 0x00, 0xD0, 0xFF, 0xFF, 0xFF,
    0xFF, 0x04, 0xFF, 0xFF, 0xFF, 0xDF, 0x00, 0x00, 0x00, 0x00, 0x00, 0xB0, 0xFF, 0xFF, 0xFF, 0x5F,
    0x00, 0xFF, 0xFF, 0xFF, 0x4F, 0x00, 0x00, 0x00, 0x00, 0x00, 0x60, 0xFF, 0xFF, 0xEF, 0x04, 0x00,
    0xF9, 0xFF, 0xFF, 0x07, 0x00, 0x00, 0x00, 0x00, 0x00, 0x00, 0xE8, 0xEF, 0x19, 0x00, 0x00, 0x90,
    0xFE, 0x5C, 0x00, 0x00, 0x00, 0x00, 0x00, 0x00, 0x20, 0xB7, 0xFD, 0xFF, 0x8D, 0x01, 0x00, 0x00,
    0x60, 0xFD, 0x5D, 0x00, 0x00, 0x00, 0x30, 0xFB, 0xFF, 0xFF, 0xFF, 0xFF, 0x1E, 0x00, 0x00, 0xF7,
    0xFF, 0xFF, 0x01, 0x00, 0x00, 0xF8, 0xFF, 0xFF, 0xFF, 0xFF, 0xFF, 0x9F, 0x00, 0x00, 0xFE, 0xFF,
    0xFF, 0x03, 0x00, 0xB0, 0xFF, 0xFF, 0xFF, 0xFF, 0xFF, 0xFF, 0xCF, 0x00, 0x10, 0xFF, 0xFF, 0xFF,
    0x02, 0x00, 0xFA, 0xFF, 0xFF, 0xFF, 0xFF, 0xFF, 0xFF, 0xCF, 0x00, 0x30, 0xFF, 0xFF, 0xFF, 0x00,
    0x50, 0xFF, 0xFF, 0xFF, 0xAD, 0xFC, 0xFF, 0xFF, 0xAF, 0x00, 0x50, 0xFF, 0xFF, 0xDF, 0x00, 0xE0,
    0xFF, 0xFF, 0x5F, 0x00, 0xB0, 0xFF, 0xFF, 0x6F, 0x00, 0x80, 0xFF, 0xFF, 0x9F, 0x00, 0xF4, 0xFF,
    0xFF, 0x0A, 0x00, 0x70, 0xFF, 0xFF, 0x2F, 0x00, 0xB0, 0xFF, 0xFF, 0x4F, 0x00, 0xF8, 0xFF, 0xFF,
    0x09, 0x00, 0x70, 0xFF, 0xFF, 0x0D, 0x00, 0xE0, 0xFF, 0xFF, 0x0E, 0x00, 0xF9, 0xFF, 0xFF, 0x7F,
    0x00, 0xA0, 0xFF, 0xFF, 0x07, 0x00, 0xF2, 0xFF, 0xFF, 0x09, 0x00, 0xF9, 0xFF, 0xFF, 0xFF, 0x05,
    0xE0, 0xFF, 0xFF, 0x02, 0x00, 0xF7, 0xFF, 0xFF, 0x03, 0x00, 0xF5, 0xFF, 0xFF, 0xFF, 0x07, 0xF4,
    0xFF, 0xCF, 0x00, 0x00, 0xFC, 0xFF, 0xCF, 0x00, 0x00, 0xE0, 0xFF, 0xFF, 0xFF, 0x03, 0xF9, 0xFF,
    0x7F, 0x00, 0x20, 0xFF, 0xFF, 0x5F, 0x00, 0x00, 0x40, 0xFF, 0xFF, 0x9F, 0x00, 0xFF, 0xFF, 0x2F,
    0x00, 0x90, 0xFF, 0xFF, 0x0D, 0x00, 0x00, 0x00, 0x81, 0xAB, 0x05, 0x50, 0xFF, 0xFF, 0x0D, 0x00,
    0xF1, 0xFF, 0xFF, 0x05, 0x00, 0x00, 0x00, 0x00, 0x00, 0x00, 0xA0, 0xFF, 0xFF, 0x0C, 0x00, 0xFB,
    0xFF, 0xCF, 0x00, 0x00, 0x00, 0x00, 0x00, 0x00, 0x00, 0xF0, 0xFF, 0xFF, 0x2E, 0xA1, 0xFF, 0xFF,
    0x3F, 0x00, 0x00, 0x00, 0x00, 0x00, 0x00, 0x00, 0xF4, 0xFF, 0xFF, 0xFF, 0xFF, 0xFF, 0xFF, 0x08,
    0x00, 0x00, 0x00, 0x00, 0x00, 0x00, 0x00, 0xF8, 0xFF, 0xFF, 0xFF, 0xFF, 0xFF, 0xDF, 0x00, 0x00,
    0x00, 0x00, 0x00, 0x00, 0x00, 0x00, 0xFB, 0xFF, 0xFF, 0xFF, 0xFF, 0xFF, 0x2F, 0x00, 0x00, 0x00,
    0x00, 0x00, 0x00, 0x00, 0x00, 0xFC, 0xFF, 0xFF, 0xFF, 0xFF, 0xFF, 0x05, 0x00, 0x00, 0x00, 0x00,
    0x00, 0x00, 0x00, 0x00, 0xFB, 0xFF, 0xFF, 0xFF, 0xFF, 0x7F, 0x00, 0x00, 0x00, 0x00, 0x00, 0x00,
    0x00, 0x00, 0x00, 0xF6, 0xFF, 0xFF, 0xFF, 0xFF, 0x06, 0x00, 0x00, 0x00, 0x00, 0x00, 0x00, 0x00,
    0x00, 0x00, 0xC0, 0xFF, 0xFF, 0xFF, 0x3D, 0x00, 0x00, 0x00, 0x00, 0x00, 0x00, 0x00, 0x00, 0x00,
    0x00, 0x00, 0xD8, 0xEF, 0x6B, 0x00, 0x00, 0x00, 0x00, 0x00, 0x00, 0x00, 0x00, 0x00, 0x00, 0x20,
    0xB7, 0xFD, 0xFF, 0x8D, 0x01, 0x00, 0x00, 0x80, 0xFD, 0x2C, 0x00, 0x00, 0x40, 0xFC, 0x8E, 0x00,
    0x00, 0x00, 0x30, 0xFB, 0xFF, 0xFF, 0xFF, 0xFF, 0x1E, 0x00, 0x00, 0xFA, 0xFF, 0xAF, 0x00, 0x00,
    0xF4, 0xFF, 0xFF, 0x03, 0x00, 0x00, 0xF8, 0xFF, 0xFF, 0xFF, 0xFF, 0xFF, 0x9F, 0x00, 0x10, 0xFF,
    0xFF, 0xDF, 0x00, 0x00, 0xFB, 0xFF, 0xFF, 0x06, 0x00, 0xB0, 0xFF, 0xFF, 0xFF, 0xFF, 0xFF, 0xFF,
    0xCF, 0x00, 0x50, 0xFF, 0xFF, 0xDF, 0x00, 0x00, 0xFE, 0xFF, 0xFF, 0x05, 0x00, 0xFA, 0xFF, 0xFF,
    0xFF, 0xFF, 0xFF, 0xFF, 0xCF, 0x00, 0x70, 0xFF, 0xFF, 0xBF, 0x00, 0x00, 0xFF, 0xFF, 0xFF, 0x03,
    0x50, 0xFF, 0xFF, 0xFF, 0xAD, 0xFC, 0xFF, 0xFF, 0xAF, 0x00, 0x90, 0xFF, 0xFF, 0x8F, 0x00, 0x20,
    0xFF, 0xFF, 0xFF, 0x00, 0xE0, 0xFF, 0xFF, 0x5F, 0x00, 0xB0, 0xFF, 0xFF, 0x6F, 0x00, 0xB0, 0xFF,
    0xFF, 0x5F, 0x00, 0x50, 0xFF, 0xFF, 0xCF, 0x00, 0xF4, 0xFF, 0xFF, 0x0A, 0x00, 0x70, 0xFF, 0xFF,
    0x2F, 0x00, 0xE0, 0xFF, 0xFF, 0x1F, 0x00, 0x80, 0xFF, 0xFF, 0x7F, 0x00, 0xF8, 0xFF, 0xFF, 0x09,
    0x00, 0x70, 0xFF, 0xFF, 0x0D, 0x00, 0xF1, 0xFF, 0xFF, 0x0C, 0x00, 0xB0, 0xFF, 0xFF, 0x2F, 0x00,
    0xF9, 0xFF, 0xFF, 0x7F, 0x00, 0xA0, 0xFF, 0xFF, 0x07, 0x00, 0xF5, 0xFF, 0xFF, 0x07, 0x00, 0xF0,
    0xFF, 0xFF, 0x0C, 0x00, 0xF9, 0xFF, 0xFF, 0xFF, 0x05, 0xE0, 0xFF, 0xFF, 0x02, 0x00, 0xFA, 0xFF,
    0xFF, 0x02, 0x00, 0xF4, 0xFF, 0xFF, 0x06, 0x00, 0xF5, 0xFF, 0xFF, 0xFF, 0x07, 0xF4, 0xFF, 0xCF,
    0x00, 0x00, 0xFE, 0xFF, 0xDF, 0x00, 0x00, 0xF9, 0xFF, 0xFF, 0x01, 0x00, 0xE0, 0xFF, 0xFF, 0xFF,
    0x03, 0xF9, 0xFF, 0x7F, 0x00, 0x40, 0xFF, 0xFF, 0x8F, 0x00, 0x00, 0xFE, 0xFF, 0x9F, 0x00, 0x00,
    0x40, 0xFF, 0xFF, 0x9F, 0x00, 0xFF, 0xFF, 0x2F, 0x00, 0xB0, 0xFF, 0xFF, 0x4F, 0x00, 0x60, 0xFF,
    0xFF, 0x2F, 0x00, 0x00, 0x00, 0x81, 0xAB, 0x05, 0x50, 0xFF, 0xFF, 0x0D, 0x00, 0xF2, 0xFF, 0xFF,
    0x0F, 0x00, 0xE0, 0xFF, 0xFF, 0x0A, 0x00, 0x00, 0x00, 0x00, 0x00, 0x00, 0xA0, 0xFF, 0xFF, 0x0C,
    0x00, 0xFC, 0xFF, 0xFF, 0x0E, 0x00, 0xF8, 0xFF, 0xFF, 0x02, 0x00, 0x00, 0x00, 0x00, 0x00, 0x00,
    0xF0, 0xFF, 0xFF, 0x2E, 0xA1, 0xFF, 0xFF, 0xFF, 0x4F, 0x71, 0xFF, 0xFF, 0x8F, 0x00, 0x00, 0x00,
    0x00, 0x00, 0x00, 0x00, 0xF5, 0xFF, 0xFF, 0xFF, 0xFF, 0xFF, 0xFF, 0xFF, 0xFF, 0xFF, 0xFF, 0xFF,
    0x0E, 0x00, 0x00, 0x00, 0x00, 0x00, 0x00, 0x00, 0xF9, 0xFF, 0xFF, 0xFF, 0xFF, 0xFF, 0xFF, 0xFF,
    0xFF, 0xFF, 0xFF, 0xFF, 0x04, 0x00, 0x00, 0x00, 0x00, 0x00, 0x00, 0x00, 0xFB, 0xFF, 0xFF, 0xFF,
    0xFF, 0x9F, 0xFF, 0xFF, 0xFF, 0xFF, 0xFF, 0x9F, 0x00, 0x00, 0x00, 0x00, 0x00, 0x00, 0x00, 0x00,
    0xFC, 0xFF, 0xFF, 0xFF, 0xFF, 0x09, 0xFB, 0xFF, 0xFF, 0xFF, 0xFF, 0x0C, 0x00, 0x00, 0x00, 0x00,
    0x00, 0x00, 0x00, 0x00, 0xFB, 0xFF, 0xFF, 0xFF, 0xBF, 0x00, 0xF8, 0xFF, 0xFF, 0xFF, 0xEF, 0x01,
    0x00, 0x00, 0x00, 0x00, 0x00, 0x00, 0x00, 0x00, 0xF6, 0xFF, 0xFF, 0xFF, 0x0C, 0x00, 0xF4, 0xFF,
    0xFF, 0xFF, 0x2E, 0x00, 0x00, 0x00, 0x00, 0x00, 0x00, 0x00, 0x00, 0x00, 0xC0, 0xFF, 0xFF, 0xBF,
    0x00, 0x00, 0xC0, 0xFF, 0xFF, 0xCF, 0x01, 0x00, 0x00, 0x00, 0x00, 0x00, 0x00, 0x00, 0x00, 0x00,
    0x00, 0xE8, 0xCF, 0x06, 0x00, 0x00, 0x10, 0xFB, 0xBF, 0x05, 0x00, 0x00, 0x00, 0x00, 0x00, 0x00,
    0x00, 0x00, 0x00, 0xB6, 0xFE, 0xDF, 0x29, 0x00, 0x00, 0x00, 0x20, 0xE9, 0xBF, 0x01, 0x00, 0x00,
    0xE4, 0xFF, 0xFF, 0xFF, 0xFF, 0x05, 0x00, 0x00, 0xF5, 0xFF, 0xFF, 0x0D, 0x00, 0x70, 0xFF, 0xFF,
    0xFF, 0xFF, 0xFF, 0x2F, 0x00, 0x50, 0xFF, 0xFF, 0xFF, 0x3F, 0x00, 0xF5, 0xFF, 0xFF, 0xFF, 0xFF,
    0xFF, 0x8F, 0x00, 0xF2, 0xFF, 0xFF, 0xFF, 0x6F, 0x10, 0xFE, 0xFF, 0xFF, 0xFF, 0xFF, 0xFF, 0xEF,
    0x00, 0xFC, 0xFF, 0xFF, 0xFF, 0x5F, 0x90, 0xFF, 0xFF, 0xFF, 0xAD, 0xFE, 0xFF, 0xFF, 0x51, 0xFF,
    0xFF, 0xFF, 0xFF, 0x1F, 0xF0, 0xFF, 0xFF, 0xAF, 0x00, 0xD0, 0xFF, 0xFF, 0xE5, 0xFF, 0xFF, 0xFF,
    0xFF, 0x0C, 0xF3, 0xFF, 0xFF, 0x0F, 0x00, 0x30, 0xFF, 0xFF, 0xFF, 0xFF, 0xDF, 0xFB, 0xFF, 0x03,
    0xF5, 0xFF, 0xFF, 0x0F, 0x00, 0x00, 0xFC, 0xFF, 0xFF, 0xFF, 0x07, 0x70, 0x5E, 0x00, 0xF5, 0xFF,
    0xFF, 0xCF, 0x02, 0x00, 0xF7, 0xFF, 0xFF, 0x9F, 0x00, 0x00, 0x00, 0x00, 0xF4, 0xFF, 0xFF, 0xFF,
    0x0C, 0x00, 0xF2, 0xFF, 0xFF, 0x0E, 0x00, 0x00, 0x00, 0x00, 0xF0, 0xFF, 0xFF, 0xFF, 0x0E, 0x00,
    0xF3, 0xFF, 0xFF, 0x07, 0x00, 0x00, 0x00, 0x00, 0x80, 0xFF, 0xFF, 0xFF, 0x0A, 0x00, 0xF9, 0xFF,
    0xFF, 0x0A, 0x00, 0x00, 0x00, 0x00, 0x00, 0xFB, 0xFF, 0xDF, 0x01, 0x10, 0xFF, 0xFF, 0xFF, 0x0E,
    0x00, 0x00, 0x00, 0x00, 0x00, 0x40, 0x99, 0x06, 0x00, 0xA0, 0xFF, 0xFF, 0xFF, 0x4F, 0x00, 0x00,
    0x00, 0x00, 0x00, 0x00, 0x00, 0x00, 0x00, 0xF8, 0xFF, 0xFF, 0xFF, 0xCF, 0x00, 0x00, 0x00, 0x00,
    0x00, 0xD6, 0x8D, 0x02, 0xA3, 0xFF, 0xFF, 0xFC, 0xFF, 0xFF, 0x9D, 0xEB, 0x02, 0x00, 0x60, 0xFF,
    0xFF, 0xFF, 0xFF, 0xFF, 0xCF, 0xF0, 0xFF, 0xFF, 0xFF, 0xFF, 0x05, 0x00, 0xE0, 0xFF, 0xFF, 0xFF,
    0xFF, 0xFF, 0x5F, 0xC0, 0xFF, 0xFF, 0xFF, 0xFF, 0x04, 0x00, 0xF3, 0xFF, 0xFF, 0xFF, 0xFF, 0xFF,
    0x0D, 0x80, 0xFF, 0xFF, 0xFF, 0xFF, 0x01, 0x00, 0xF3, 0xFF, 0xFF, 0xFF, 0xFF, 0xFF, 0x05, 0x50,
    0xFF, 0xFF, 0xFF, 0xCF, 0x00, 0x00, 0xF1, 0xFF, 0xFF, 0xFF, 0xFF, 0xAF, 0x00, 0x10, 0xFF, 0xFF,
    0xFF, 0x5F, 0x00, 0x00, 0x90, 0xFF, 0xFF, 0xFF, 0xFF, 0x1D, 0x00, 0x00, 0xFB, 0xFF, 0xFF, 0x0C,
    0x00, 0x00, 0x00, 0xFC, 0xFF, 0xFF, 0xDF, 0x01, 0x00, 0x00, 0xF3, 0xFF, 0xDF, 0x01, 0x00, 0x00,
    0x00, 0x70, 0xFC, 0xCF, 0x06, 0x00, 0x00, 0x00, 0x50, 0xFE, 0x1A, 0x00, 0x00, 0x00, 0x00, 0x00,
    0x60, 0xEB, 0xEF, 0x8D, 0x02, 0x00, 0x00, 0x00, 0xC3, 0xEF, 0x08, 0x00, 0x40, 0xFE, 0xFF, 0xFF,
    0xFF, 0x7F, 0x00, 0x00, 0x20, 0xFF, 0xFF, 0x5F, 0x00, 0xF5, 0xFF, 0xFF, 0xFF, 0xFF, 0xFF, 0x06,
    0x00, 0x70, 0xFF, 0xFF, 0x9F, 0x30, 0xFF, 0xFF, 0xFF, 0xFF, 0xFF, 0xFF, 0x1F, 0x00, 0x90, 0xFF,
    0xFF, 0xAF, 0xD0, 0xFF, 0xFF, 0xFF, 0xFF, 0xFF, 0xFF, 0x8F, 0x00, 0x80, 0xFF, 0xFF, 0xAF, 0xF4,
    0xFF, 0xFF, 0xEF, 0xCA, 0xFF, 0xFF, 0xEF, 0x00, 0x70, 0xFF, 0xFF, 0x9F, 0xF9, 0xFF, 0xFF, 0x0D,
    0x00, 0xF6, 0xFF, 0xFF, 0x02, 0x60, 0xFF, 0xFF, 0x7F, 0xFC, 0xFF, 0xFF, 0x06, 0x00, 0xA0, 0xFF,
    0xFF, 0x04, 0x70, 0xFF, 0xFF, 0x4F, 0xFE, 0xFF, 0xFF, 0x07, 0x00, 0x30, 0xFF, 0xFF, 0x06, 0x80,
    0xFF, 0xFF, 0x0F, 0xFE, 0xFF, 0xFF, 0x4E, 0x00, 0x00, 0xFE, 0xFF, 0x07, 0xA0, 0xFF, 0xFF, 0x0B,
    0xFC, 0xFF, 0xFF, 0xFF, 0x02, 0x00, 0xFB, 0xFF, 0x07, 0xD0, 0xFF, 0xFF, 0x05, 0xF8, 0xFF, 0xFF,
    0xFF, 0x06, 0x00, 0xF9, 0xFF, 0x07, 0xF1, 0xFF, 0xFF, 0x00, 0xF1, 0xFF, 0xFF, 0xFF, 0x05, 0x00,
    0xF8, 0xFF, 0x06, 0xF7, 0xFF, 0x8F, 0x00, 0x50, 0xFF, 0xFF, 0xEF, 0x00, 0x00, 0xF7, 0xFF, 0x04,
    0xFD, 0xFF, 0x1F, 0x00, 0x00, 0xA3, 0xED, 0x2A, 0x00, 0x00, 0xF7, 0xFF, 0x63, 0xFF, 0xFF, 0x08,
    0x00, 0x00, 0x00, 0x00, 0x00, 0x00, 0x00, 0xF8, 0xFF, 0xFA, 0xFF, 0xEF, 0x00, 0x00, 0x00, 0x00,
    0x00, 0x00, 0x00, 0x00, 0xFA, 0xFF, 0xFF, 0xFF, 0x6F, 0x00, 0x00, 0x00, 0x00, 0x00, 0x00, 0x00,
    0x00, 0xFD, 0xFF, 0xFF, 0xFF, 0x0B, 0x00, 0x00, 0x00, 0x00, 0x00, 0x00, 0x00, 0x10, 0xFF, 0xFF,
    0xFF, 0xEF, 0x01, 0x00, 0x00, 0x00, 0xA6, 0x59, 0x00, 0x00, 0x90, 0xFF, 0xFF, 0xFF, 0x3F, 0x00,
    0x00, 0x00, 0xA0, 0xFF, 0xFF, 0x4C, 0x10, 0xF8, 0xFF, 0xFF, 0xFF, 0x04, 0x00, 0x00, 0x00, 0xF4,
    0xFF, 0xFF, 0xFF, 0xFF, 0xFF, 0xFF, 0xFF, 0x5F, 0x00, 0x00, 0x00, 0x00, 0xF8, 0xFF, 0xFF, 0xFF,
    0xFF, 0xFF, 0xFF, 0xFF, 0x04, 0x00, 0x00, 0x00, 0x00, 0xF7, 0xFF, 0xFF, 0xFF, 0xFF, 0xFF, 0xFF,
    0x3E, 0x00, 0x00, 0x00, 0x00, 0x00, 0xF2, 0xFF, 0xFF, 0xFF, 0xFF, 0xFF, 0xAF, 0x01, 0x00, 0x00,
    0x00, 0x00, 0x00, 0x60, 0xFF, 0xFF, 0xFF, 0xFF, 0xBF, 0x03, 0x00, 0x00, 0x00, 0x00, 0x00, 0x00,
    0x00, 0x93, 0xFD, 0xDF, 0x7B, 0x02, 0x00, 0x00, 0x00, 0x00, 0x00, 0x00, 0x00, 0x00, 0x00, 0x00,
    0x00, 0xA5, 0xFD, 0xFF, 0xAD, 0x37, 0x00, 0xE7, 0x0C, 0x00, 0x00, 0x00, 0xE4, 0xFF, 0xFF, 0xFF,
    0xFF, 0xFF, 0xFF, 0xFF, 0x5F, 0x00, 0x00, 0x60, 0xFF, 0xFF, 0xFF, 0xFF, 0xFF, 0xFF, 0xFF, 0xFF,
    0x7F, 0x00, 0x00, 0xF2, 0xFF, 0xFF, 0xFF, 0xFF, 0xFF, 0xFF, 0xFF, 0xFF, 0x6F, 0x00, 0x00, 0xF9,
    0xFF, 0xFF, 0xFF, 0xFF, 0xFF, 0xFF, 0xFF, 0xFF, 0x4F, 0x00, 0x00, 0xFF, 0xFF, 0xFF, 0xAE, 0xCA,
    0xFF, 0xFF, 0xFF, 0xFF, 0x0F, 0x00, 0x10, 0xFF, 0xFF, 0xEF, 0x01, 0x00, 0x10, 0xD3, 0xFF, 0xFF,
    0x09, 0x00, 0x10, 0xFF, 0xFF, 0xDF, 0x00, 0x00, 0x00, 0xF3, 0xFF, 0xFF, 0x01, 0x00, 0x00, 0xFE,
    0xFF, 0xFF, 0x0D, 0x00, 0x10, 0xFD, 0xFF, 0x7F, 0x00, 0x00, 0x00, 0xF8, 0xFF, 0xFF, 0x1F, 0x00,
    0xE4, 0xFF, 0xFF, 0x0B, 0x00, 0x00, 0x00, 0xC0, 0xFF, 0xFF, 0x0A, 0x80, 0xFF, 0xFF, 0xDF, 0x00,
    0x00, 0x00, 0x00, 0x00, 0xB7, 0x6B, 0x30, 0xFD, 0xFF, 0xFF, 0x1B, 0x00, 0x00, 0x00, 0x00, 0x00,
    0x00, 0x00, 0xF7, 0xFF, 0xFF, 0x9F, 0x00, 0x00, 0x00, 0x00, 0x00, 0x00, 0x00, 0xC2, 0xFF, 0xFF,
    0xEF, 0x04, 0x00, 0x00, 0x00, 0x00, 0x00, 0x00, 0x60, 0xFF, 0xFF, 0xFF, 0x1C, 0x00, 0x00, 0x00,
    0x00, 0x00, 0x00, 0x10, 0xFB, 0xFF, 0xFF, 0x8F, 0x00, 0x00, 0x00, 0x00, 0x00, 0x00, 0x00, 0xE3,
    0xFF, 0xFF, 0xEF, 0x04, 0x00, 0x00, 0x00, 0x00, 0x00, 0x00, 0x60, 0xFF, 0xFF, 0xFF, 0x1B, 0x00,
    0x00, 0x00, 0xE7, 0x03, 0x00, 0x00, 0xF6, 0xFF, 0xFF, 0xFF, 0xAF, 0x25, 0x10, 0xC4, 0xFF, 0x06,
    0x00, 0x40, 0xFF, 0xFF, 0xFF, 0xFF, 0xFF, 0xFF, 0xFF, 0xFF, 0xFF, 0x04, 0x00, 0xE0, 0xFF, 0xFF,
    0xFF, 0xFF, 0xFF, 0xFF, 0xFF, 0xFF, 0xFF, 0x01, 0x00, 0xF5, 0xFF, 0xFF, 0xFF, 0xFF, 0xFF, 0xFF,
    0xFF, 0xFF, 0xBF, 0x00, 0x00, 0xF8, 0xFF, 0xEF, 0xFF, 0xFF, 0xFF, 0xFF, 0xFF, 0xFF, 0x3F, 0x00,
    0x00, 0xF7, 0xFF, 0x09, 0x62, 0xFC, 0xFF, 0xFF, 0xFF, 0xFF, 0x09, 0x00, 0x00, 0xC1, 0xAF, 0x00,
    0x00, 0x30, 0xFB, 0xFF, 0xFF, 0xBF, 0x00, 0x00, 0x00, 0x00, 0x00, 0x00, 0x00, 0x00, 0x20, 0xE9,
    0xDF, 0x07, 0x00, 0x00, 0x00, 0x00, 0x00, 0x00, 0xD4, 0xFF, 0xFF, 0xFF, 0x09, 0x00, 0x00, 0x10,
    0xFF, 0xFF, 0xFF, 0xFF, 0x0E, 0x00, 0x00, 0x50, 0xFF, 0xFF, 0xFF, 0xFF, 0x0C, 0x00, 0x00, 0x80,
    0xFF, 0xFF, 0xFF, 0xFF, 0x08, 0x00, 0x00, 0xB0, 0xFF, 0xFF, 0xCB, 0xBF, 0x00, 0x00, 0x00, 0xE0,
    0xFF, 0x8F, 0x00, 0x00, 0x00, 0x00, 0x00, 0xF2, 0xFF, 0x3F, 0x00, 0x00, 0x00, 0x00, 0x00, 0xF5,
    0xFF, 0x0F, 0x00, 0x00, 0x00, 0x00, 0x00, 0xF8, 0xFF, 0x0C, 0x00, 0x00, 0x00, 0x00, 0x00, 0xFB,
    0xFF, 0x08, 0x00, 0x00, 0x00, 0x00, 0x00, 0xFE, 0xFF, 0x04, 0x00, 0x00, 0x00, 0x00, 0x20, 0xFF,
    0xFF, 0x00, 0x00, 0x00, 0x00, 0x00, 0x50, 0xFF, 0xCF, 0x00, 0x00, 0x00, 0x00, 0x00, 0x90, 0xFF,
    0x9F, 0x00, 0x00, 0x00, 0x00, 0x00, 0xD0, 0xFF, 0x5F, 0x00, 0x00, 0x00, 0x00, 0x00, 0xF1, 0xFF,
    0x2F, 0x00, 0x00, 0x00, 0x00, 0x00, 0xF5, 0xFF, 0x0E, 0x00, 0x00, 0x00, 0x00, 0x00, 0xFA, 0xFF,
    0x0B, 0x00, 0x00, 0x00, 0x00, 0x00, 0xFE, 0xFF, 0x07, 0x00, 0x00, 0x00, 0x00, 0x20, 0xFF, 0xFF,
    0x04, 0x00, 0x00, 0x00, 0x00, 0x60, 0xFF, 0xFF, 0x00, 0x00, 0x00, 0x00, 0x00, 0xA0, 0xFF, 0xFF,
    0x21, 0x25, 0x00, 0x00, 0x00, 0xE0, 0xFF, 0xFF, 0xFF, 0xFF, 0x00, 0x00, 0x00, 0xF2, 0xFF, 0xFF,
    0xFF, 0xFF, 0x00, 0x00, 0x00, 0xF5, 0xFF, 0xFF, 0xFF, 0xAF, 0x00, 0x00, 0x00, 0xD1, 0xFF, 0xFF,
    0xFF, 0x1C, 0x00, 0x00, 0x00, 0xD2, 0x5E, 0x00, 0xFB, 0xEF, 0x00, 0xFD, 0xFF, 0x01, 0xFC, 0xFF,
    0x02, 0xFB, 0xFF, 0x02, 0xFA, 0xFF, 0x01, 0xF8, 0xFF, 0x01, 0xF7, 0xFF, 0x01, 0xF5, 0xFF, 0x01,
    0xF4, 0xFF, 0x01, 0xF3, 0xFF, 0x01, 0xF2, 0xFF, 0x02, 0xF0, 0xFF, 0x02, 0xF0, 0xFF, 0x03, 0xF0,
    0xFF, 0x03, 0xE0, 0xFF, 0x04, 0xE0, 0xFF, 0x05, 0xE0, 0xFF, 0x06, 0xD0, 0xFF, 0x08, 0xD0, 0xFF,
    0x09, 0xD0, 0xFF, 0x0B, 0xD0, 0xFF, 0x0C, 0xD0, 0xFF, 0x0E, 0xD0, 0xFF, 0x0F, 0xE0, 0xFF, 0x1F,
    0xE0, 0xFF, 0x2F, 0xC0, 0xFF, 0x0F, 0x40, 0xEE, 0x04, 0x00, 0x00, 0x00, 0xF9, 0xFF, 0xFF, 0xEF,
    0x05, 0x00, 0x00, 0x50, 0xFF, 0xFF, 0xFF, 0xFF, 0x0A, 0x00, 0x00, 0xA0, 0xFF, 0xFF, 0xFF, 0xFF,
    0x07, 0x00, 0x00, 0xA0, 0xFF, 0xFF, 0xFF, 0xFF, 0x02, 0x00, 0x00, 0x10, 0x35, 0xB0, 0xFF, 0xEF,
    0x00, 0x00, 0x00, 0x00, 0x00, 0xC0, 0xFF, 0xAF, 0x00, 0x00, 0x00, 0x00, 0x00, 0xF0, 0xFF, 0x6F,
    0x00, 0x00, 0x00, 0x00, 0x00, 0xF3, 0xFF, 0x1F, 0x00, 0x00, 0x00, 0x00, 0x00, 0xF7, 0xFF, 0x0D,
    0x00, 0x00, 0x00, 0x00, 0x00, 0xFA, 0xFF, 0x09, 0x00, 0x00, 0x00, 0x00, 0x00, 0xFE, 0xFF, 0x05,
    0x00, 0x00, 0x00, 0x00, 0x20, 0xFF, 0xFF, 0x01, 0x00, 0x00, 0x00, 0x00, 0x60, 0xFF, 0xCF, 0x00,
    0x00, 0x00, 0x00, 0x00, 0x90, 0xFF, 0x8F, 0x00, 0x00, 0x00, 0x00, 0x00, 0xD0, 0xFF, 0x5F, 0x00,
    0x00, 0x00, 0x00, 0x00, 0xF2, 0xFF, 0x1F, 0x00, 0x00, 0x00, 0x00, 0x00, 0xF6, 0xFF, 0x0E, 0x00,
    0x00, 0x00, 0x00, 0x00, 0xFA, 0xFF, 0x0A, 0x00, 0x00, 0x00, 0x00, 0x00, 0xFE, 0xFF, 0x07, 0x00,
    0x00, 0x00, 0x00, 0x30, 0xFF, 0xFF, 0x04, 0x00, 0x00, 0x70, 0xDF, 0xEA, 0xFF, 0xFF, 0x01, 0x00,
    0x00, 0xF3, 0xFF, 0xFF, 0xFF, 0xDF, 0x00, 0x00, 0x00, 0xF8, 0xFF, 0xFF, 0xFF, 0xAF, 0x00, 0x00,
    0x00, 0xF9, 0xFF, 0xFF, 0xFF, 0x5F, 0x00, 0x00, 0x00, 0xF5, 0xFF, 0xFF, 0xEF, 0x08, 0x00, 0x00,
    0x00, 0x00, 0x00, 0x00, 0x86, 0x03, 0x00, 0x00, 0x00, 0xA0, 0xFF, 0x3F, 0x00, 0x00, 0x00, 0xF9,
    0xFF, 0xAF, 0x00, 0x00, 0x60, 0xFF, 0xFF, 0xFF, 0x01, 0x00, 0xF2, 0xFF, 0xFF, 0xFF, 0x08, 0x00,
    0xFD, 0xFF, 0xFF, 0xFF, 0x0E, 0x90, 0xFF, 0xCF, 0xC2, 0xFF, 0x6F, 0xF2, 0xFF, 0x1E, 0x50, 0xFF,
    0xDF, 0xF5, 0xFF, 0x06, 0x00, 0xFF, 0xDF, 0xB0, 0xAE, 0x00, 0x00, 0xE6, 0x2C, 0x50, 0xFE, 0x7B,
    0x14, 0x10, 0x73, 0xEB, 0x2E, 0xF0, 0xFF, 0xFF, 0xFF, 0xFF, 0xFF, 0xFF, 0x5F, 0xF2, 0xFF, 0xFF,
    0xFF, 0xFF, 0xFF, 0xFF, 0x2F, 0xC0, 0xFF, 0xFF, 0xFF, 0xFF, 0xFF, 0xFF, 0x06, 0x80, 0xBF, 0x04,
    0x00, 0x00, 0xF5, 0xFF, 0xBF, 0x01, 0x00, 0xFC, 0xFF, 0xFF, 0x6F, 0x00, 0xFA, 0xFF, 0xFF, 0xFF,
    0x06, 0x40, 0xFA, 0xFF, 0xFF, 0x06, 0x00, 0x00, 0xA5, 0xCE, 0x00, 0x00, 0x00, 0x30, 0xEA, 0x9F,
    0x00, 0xE4, 0x2E, 0x00, 0x00, 0xF6, 0xFF, 0xFF, 0x17, 0xFF, 0x7F, 0x00, 0x50, 0xFF, 0xFF, 0xFF,
    0x7B, 0xFF, 0x7F, 0x00, 0xF2, 0xFF, 0xFF, 0xFF, 0xEE, 0xFF, 0x4F, 0x00, 0xFB, 0xFF, 0xFF, 0xFF,
    0xFF, 0xFF, 0x0F, 0x30, 0xFF, 0xFF, 0xAF, 0xFC, 0xFF, 0xFF, 0x0B, 0x90, 0xFF, 0xFF, 0x02, 0x90,
    0xFF, 0xFF, 0x06, 0xE0, 0xFF, 0x7F, 0x00, 0x60, 0xFF, 0xFF, 0x01, 0xF3, 0xFF, 0x5F, 0x00, 0x90,
    0xFF, 0xDF, 0x00, 0xF5, 0xFF, 0xBF, 0x00, 0xF5, 0xFF, 0xFF, 0x05, 0xF7, 0xFF, 0xFF, 0xEF, 0xFF,
    0xFF, 0xFF, 0x4F, 0xF8, 0xFF, 0xFF, 0xFF, 0xFE, 0xFF, 0xFF, 0x3F, 0xF6, 0xFF, 0xFF, 0xFF, 0xF4,
    0xFF, 0xFF, 0x0B, 0xF2, 0xFF, 0xFF, 0x9F, 0xF4, 0xFF, 0xFF, 0x02, 0xB0, 0xFF, 0xFF, 0x0C, 0xF4,
    0xFF, 0x3E, 0x00, 0x00, 0xFA, 0x9E, 0x00, 0xB0, 0xAE, 0x02, 0x00, 0x00, 0x00, 0x10, 0xD8, 0x7F,
    0x00, 0x00, 0x00, 0x00, 0x00, 0xE3, 0xFF, 0xFF, 0x00, 0x00, 0x00, 0x00, 0x20, 0xFE, 0xFF, 0xFF,
    0x01, 0x00, 0x00, 0x00, 0xB0, 0xFF, 0xFF, 0xFF, 0x00, 0x00, 0x00, 0x00, 0xE0, 0xFF, 0xFF, 0xAF,
    0x00, 0x00, 0x00, 0x00, 0x40, 0xFF, 0xFF, 0x5F, 0x00, 0x00, 0x00, 0x00, 0x00, 0xF9, 0xFF, 0x0F,
    0xD4, 0xBF, 0x01, 0x00, 0x00, 0xFA, 0xFF, 0x4B, 0xFF, 0xFF, 0x0D, 0x00, 0x00, 0xFE, 0xFF, 0xEB,
    0xFF, 0xFF, 0x4F, 0x00, 0x20, 0xFF, 0xFF, 0xFF, 0xFF, 0xFF, 0x8F, 0x00, 0x80, 0xFF, 0xFF, 0xFF,
    0xFF, 0xFF, 0xAF, 0x00, 0xD0, 0xFF, 0xFF, 0xFF, 0xFF, 0xFF, 0x9F, 0x00, 0xF2, 0xFF, 0xAF, 0x01,
    0xF9, 0xFF, 0x7F, 0x00, 0xF7, 0xFF, 0x0E, 0x00, 0xF0, 0xFF, 0x5F, 0x00, 0xFC, 0xFF, 0x0B, 0x00,
    0xF2, 0xFF, 0x0F, 0x10, 0xFF, 0xFF, 0x0D, 0x00, 0xFB, 0xFF, 0x0B, 0x70, 0xFF, 0xFF, 0xDF, 0xDA,
    0xFF, 0xFF, 0x05, 0xC0, 0xFF, 0xFF, 0xFF, 0xFF, 0xFF, 0xDF, 0x00, 0xF1, 0xFF, 0xFF, 0xFF, 0xFF,
    0xFF, 0x4F, 0x00, 0xF5, 0xFF, 0xFF, 0xFF, 0xFF, 0xFF, 0x07, 0x00, 0xF6, 0xFF, 0xC8, 0xFF, 0xFF,
    0x8F, 0x00, 0x00, 0xE2, 0x4D, 0x00, 0xFA, 0xBE, 0x04, 0x00, 0x00, 0x00, 0x00, 0x20, 0xD9, 0xEF,
    0x3B, 0x00, 0x00, 0x00, 0xF7, 0xFF, 0xFF, 0xFF, 0x03, 0x00, 0x70, 0xFF, 0xFF, 0xFF, 0xFF, 0x0B,
    0x00, 0xF5, 0xFF, 0xFF, 0xFF, 0xFF, 0x0E, 0x00, 0xFE, 0xFF, 0xFF, 0xFF, 0xFF, 0x0D, 0x80, 0xFF,
    0xFF, 0xAE, 0xFC, 0xFF, 0x0A, 0xE0, 0xFF, 0xAF, 0x00, 0x60, 0xEF, 0x02, 0xF2, 0xFF, 0x0F, 0x00,
    0x00, 0x01, 0x00, 0xF5, 0xFF, 0x0D, 0x00, 0x00, 0x00, 0x00, 0xF7, 0xFF, 0x2F, 0x00, 0x81, 0x19,
    0x00, 0xF7, 0xFF, 0xFF, 0xBA, 0xFF, 0x7F, 0x00, 0xF6, 0xFF, 0xFF, 0xFF, 0xFF, 0x6F, 0x00, 0xF2,
    0xFF, 0xFF, 0xFF, 0xFF, 0x2F, 0x00, 0xB0, 0xFF, 0xFF, 0xFF, 0xFF, 0x08, 0x00, 0x10, 0xFD, 0xFF,
    0xFF, 0xAF, 0x00, 0x00, 0x00, 0x81, 0xFD, 0xBE, 0x04, 0x00, 0x00, 0x00, 0x00, 0x00, 0x00, 0x00,
    0x00, 0x70, 0xFD, 0x0B, 0x00, 0x00, 0x00, 0x00, 0x00, 0x10, 0xFC, 0xFF, 0x5F, 0x00, 0x00, 0x00,
    0x00, 0x00, 0xD1, 0xFF, 0xFF, 0x5F, 0x00, 0x00, 0x00, 0x00, 0x00, 0xF8, 0xFF, 0xFF, 0x2F, 0x00,
    0x00, 0x00, 0x00, 0x00, 0xFA, 0xFF, 0xFF, 0x0D, 0x00, 0x00, 0x00, 0x00, 0x00, 0x90, 0xFF, 0xFF,
    0x08, 0x00, 0x00, 0x30, 0xEA, 0xAF, 0x20, 0xFF, 0xFF, 0x03, 0x00, 0x00, 0xF6, 0xFF, 0xFF, 0x68,
    0xFF, 0xEF, 0x00, 0x00, 0x50, 0xFF, 0xFF, 0xFF, 0xBC, 0xFF, 0x9F, 0x00, 0x00, 0xF2, 0xFF, 0xFF,
    0xFF, 0xFF, 0xFF, 0x4F, 0x00, 0x00, 0xFB, 0xFF, 0xFF, 0xFF, 0xFF, 0xFF, 0x0F, 0x00, 0x30, 0xFF,
    0xFF, 0xAF, 0xFC, 0xFF, 0xFF, 0x0A, 0x00, 0x90, 0xFF, 0xEF, 0x02, 0x90, 0xFF, 0xFF, 0x05, 0x00,
    0xE0, 0xFF, 0x7F, 0x00, 0x50, 0xFF, 0xFF, 0x00, 0x00, 0xF2, 0xFF, 0x5F, 0x00, 0x90, 0xFF, 0xCF,
    0x00, 0x00, 0xF5, 0xFF, 0xBF, 0x00, 0xF5, 0xFF, 0xFF, 0x09, 0x00, 0xF6, 0xFF, 0xFF, 0xEF, 0xFF,
    0xFF, 0xFF, 0x5F, 0x00, 0xF7, 0xFF, 0xFF, 0xFF, 0xFE, 0xFF, 0xFF, 0x2F, 0x00, 0xF6, 0xFF, 0xFF,
    0xFF, 0xF4, 0xFF, 0xFF, 0x0A, 0x00, 0xF2, 0xFF, 0xFF, 0x9F, 0xF4, 0xFF, 0xEF, 0x01, 0x00, 0xB0,
    0xFF, 0xFF, 0x0C, 0xF4, 0xFF, 0x3E, 0x00, 0x00, 0x00, 0xEA, 0x9E, 0x00, 0xC0, 0xAE, 0x01, 0x00,
    0x00, 0x00, 0x00, 0x10, 0xD8, 0xFF, 0x5C, 0x00, 0x00, 0x00, 0xF6, 0xFF, 0xFF, 0xFF, 0x09, 0x00,
    0x70, 0xFF, 0xFF, 0xFF, 0xFF, 0x3F, 0x00, 0xF5, 0xFF, 0xFF, 0xFF, 0xFF, 0x7F, 0x00, 0xFE, 0xFF,
    0xFF, 0xFF, 0xFF, 0x6F, 0x70, 0xFF, 0xFF, 0x17, 0xE1, 0xFF, 0x3F, 0xE0, 0xFF, 0xFF, 0x02, 0xF5,
    0xFF, 0x0A, 0xF2, 0xFF, 0xFF, 0xFF, 0xFF, 0xBF, 0x00, 0xF5, 0xFF, 0xFF, 0xFF, 0xDF, 0x06, 0x00,
    0xF7, 0xFF, 0x7F, 0x20, 0x00, 0x76, 0x00, 0xF7, 0xFF, 0xFF, 0xAC, 0xEA, 0xFF, 0x07, 0xF6, 0xFF,
    0xFF, 0xFF, 0xFF, 0xFF, 0x08, 0xF2, 0xFF, 0xFF, 0xFF, 0xFF, 0xFF, 0x04, 0xB0, 0xFF, 0xFF, 0xFF,
    0xFF, 0xBF, 0x00, 0x10, 0xFD, 0xFF, 0xFF, 0xFF, 0x09, 0x00, 0x00, 0x70, 0xFD, 0xDF, 0x39, 0x00,
    0x00, 0x00, 0x00, 0x00, 0x92, 0xFD, 0xDF, 0x29, 0x00, 0x00, 0x00, 0x50, 0xFF, 0xFF, 0xFF, 0xFF,
    0x05, 0x00, 0x00, 0xF1, 0xFF, 0xFF, 0xFF, 0xFF, 0x0F, 0x00, 0x00, 0xF6, 0xFF, 0xFF, 0xFF, 0xFF,
    0x3F, 0x00, 0x00, 0xF7, 0xFF, 0xFF, 0xFF, 0xFF, 0x1F, 0x00, 0x00, 0xF5, 0xFF, 0xEF, 0xBA, 0xEF,
    0x05, 0x00, 0x00, 0xC0, 0xFF, 0x6F, 0x00, 0x00, 0x00, 0x00, 0x00, 0xA2, 0xFF, 0xFF, 0xFF, 0x0D,
    0x00, 0x00, 0xC2, 0xFF, 0xFF, 0xFF, 0xFF, 0x1F, 0x00, 0x00, 0xFC, 0xFF, 0xFF, 0xFF, 0xFF, 0x0F,
    0x00, 0x00, 0xFF, 0xFF, 0xFF, 0xFF, 0xFF, 0x0C, 0x00, 0x10, 0xFF, 0xFF, 0xFF, 0xFF, 0xFF, 0x06,
    0x00, 0x00, 0x73, 0xFF, 0xFF, 0x6E, 0x77, 0x00, 0x00, 0x00, 0x10, 0xFF, 0xFF, 0x02, 0x00, 0x00,
    0x00, 0x00, 0x60, 0xFF, 0xCF, 0x00, 0x00, 0x00, 0x00, 0x00, 0xD0, 0xFF, 0xAF, 0x00, 0x00, 0x00,
    0x00, 0x00, 0xF5, 0xFF, 0x8F, 0x00, 0x00, 0x00, 0x00, 0x00, 0xFD, 0xFF, 0x9F, 0x00, 0x00, 0x00,
    0x00, 0x50, 0xFF, 0xFF, 0xCF, 0x00, 0x00, 0x00, 0x00, 0xD0, 0xFF, 0xFF, 0xEF, 0x00, 0x00, 0x00,
    0x00, 0xF2, 0xFF, 0xFF, 0xEF, 0x00, 0x00, 0x00, 0x00, 0xF1, 0xFF, 0xFF, 0x8F, 0x00, 0x00, 0x00,
    0x00, 0x50, 0xFD, 0xCF, 0x06, 0x00, 0x00, 0x00, 0x00, 0x00, 0x00, 0x00, 0x00, 0xA2, 0xFE, 0x09,
    0x40, 0xEE, 0x02, 0x00, 0x00, 0x00, 0x60, 0xFF, 0xFF, 0x7F, 0xF1, 0xFF, 0x07, 0x00, 0x00, 0x00,
    0xF4, 0xFF, 0xFF, 0xBF, 0xF7, 0xFF, 0x07, 0x00, 0x00, 0x20, 0xFF, 0xFF, 0xFF, 0xEF, 0xFE, 0xFF,
    0x04, 0x00, 0x00, 0xA0, 0xFF, 0xFF, 0xFF, 0xFF, 0xFF, 0xFF, 0x00, 0x00, 0x00, 0xF2, 0xFF, 0xFF,
    0xCA, 0xFF, 0xFF, 0xBF, 0x00, 0x00, 0x00, 0xF9, 0xFF, 0x2F, 0x00, 0xFA, 0xFF, 0x6F, 0x00, 0x00,
    0x00, 0xFE, 0xFF, 0x08, 0x00, 0xF6, 0xFF, 0x1F, 0x00, 0x00, 0x30, 0xFF, 0xFF, 0x05, 0x00, 0xF8,
    0xFF, 0x0C, 0x00, 0x00, 0x60, 0xFF, 0xFF, 0x09, 0x10, 0xFE, 0xFF, 0x08, 0x00, 0x00, 0x70, 0xFF,
    0xFF, 0xBF, 0xE9, 0xFF, 0xFF, 0x04, 0x00, 0x00, 0x80, 0xFF, 0xFF, 0xFF, 0xFF, 0xFF, 0xFF, 0x01,
    0x00, 0x00, 0x60, 0xFF, 0xFF, 0xFF, 0x9F, 0xFF, 0xEF, 0x00, 0x00, 0x00, 0x30, 0xFF, 0xFF, 0xFF,
    0x1E, 0xFF, 0xCF, 0x00, 0x00, 0x00, 0x00, 0xFB, 0xFF, 0xEF, 0x72, 0xFF, 0x9F, 0x00, 0x00, 0x00,
    0x00, 0xA1, 0xEF, 0x19, 0xF2, 0xFF, 0x6F, 0x00, 0x00, 0x00, 0x00, 0x00, 0x00, 0x10, 0xFD, 0xFF,
    0x2F, 0x00, 0x00, 0x00, 0x64, 0x01, 0x00, 0xE4, 0xFF, 0xFF, 0x0C, 0x00, 0x00, 0x80, 0xFF, 0xBF,
    0xDA, 0xFF, 0xFF, 0xFF, 0x05, 0x00, 0x00, 0xF0, 0xFF, 0xFF, 0xFF, 0xFF, 0xFF, 0xBF, 0x00, 0x00,
    0x00, 0xF1, 0xFF, 0xFF, 0xFF, 0xFF, 0xFF, 0x0C, 0x00, 0x00, 0x00, 0xE0, 0xFF, 0xFF, 0xFF, 0xFF,
    0xCF, 0x00, 0x00, 0x00, 0x00, 0x50, 0xFF, 0xFF, 0xFF, 0xFF, 0x06, 0x00, 0x00, 0x00, 0x00, 0x00,
    0xB3, 0xFE, 0xBE, 0x17, 0x00, 0x00, 0x00, 0x00, 0x00, 0x00, 0x00, 0x00, 0xD6, 0xBF, 0x00, 0x00,
    0x00, 0x00, 0x00, 0x00, 0xC1, 0xFF, 0xFF, 0x04, 0x00, 0x00, 0x00, 0x00, 0x00, 0xFD, 0xFF, 0xFF,
    0x05, 0x00, 0x00, 0x00, 0x00, 0x70, 0xFF, 0xFF, 0xFF, 0x02, 0x00, 0x00, 0x00, 0x00, 0xA0, 0xFF,
    0xFF, 0xDF, 0x00, 0x00, 0x00, 0x00, 0x00, 0x20, 0xFD, 0xFF, 0x7F, 0x00, 0x00, 0x00, 0x00, 0x00,
    0x00, 0xF6, 0xFF, 0x2F, 0xA2, 0xEE, 0x08, 0x00, 0x00, 0x00, 0xF7, 0xFF, 0x2C, 0xFE, 0xFF, 0x5F,
    0x00, 0x00, 0x00, 0xFB, 0xFF, 0xDB, 0xFF, 0xFF, 0xAF, 0x00, 0x00, 0x00, 0xFF, 0xFF, 0xFF, 0xFF,
    0xFF, 0xAF, 0x00, 0x00, 0x40, 0xFF, 0xFF, 0xFF, 0xFF, 0xFF, 0x8F, 0x00, 0x00, 0x90, 0xFF, 0xFF,
    0xFF, 0xFF, 0xFF, 0x4F, 0x00, 0x00, 0xE0, 0xFF, 0xFF, 0xFF, 0xFF, 0xFF, 0x0E, 0x00, 0x00, 0xF4,
    0xFF, 0xCF, 0x12, 0xFE, 0xFF, 0x0A, 0x00, 0x00, 0xF9, 0xFF, 0x1F, 0x00, 0xFD, 0xFF, 0x09, 0x00,
    0x00, 0xFF, 0xFF, 0x09, 0x10, 0xFF, 0xFF, 0x7F, 0x00, 0x60, 0xFF, 0xFF, 0x05, 0x60, 0xFF, 0xFF,
    0xFF, 0x00, 0xD0, 0xFF, 0xFF, 0x04, 0xC0, 0xFF, 0xFF, 0xDF, 0x00, 0xF4, 0xFF, 0xFF, 0x04, 0xF1,
    0xFF, 0xFF, 0x5F, 0x00, 0xF8, 0xFF, 0xFF, 0x04, 0xF3, 0xFF, 0xFF, 0x09, 0x00, 0xF8, 0xFF, 0xFF,
    0x01, 0xF3, 0xFF, 0xAF, 0x00, 0x00, 0xB1, 0xEF, 0x3B, 0x00, 0x90, 0xDF, 0x06, 0x00, 0x00, 0x00,
    0x00, 0x70, 0xEE, 0x1A, 0x00, 0x00, 0xF6, 0xFF, 0x8F, 0x00, 0x00, 0xFC, 0xFF, 0xBF, 0x00, 0x00,
    0xFE, 0xFF, 0x8F, 0x00, 0x00, 0xF9, 0xFF, 0x1D, 0x00, 0x00, 0x60, 0x79, 0x01, 0x00, 0x20, 0xE9,
    0x5E, 0x00, 0x00, 0xF5, 0xFF, 0xEF, 0x00, 0x40, 0xFF, 0xFF, 0xFF, 0x00, 0xD0, 0xFF, 0xFF, 0xCF,
    0x00, 0xF1, 0xFF, 0xFF, 0x7F, 0x00, 0x60, 0xFE, 0xFF, 0x2F, 0x00, 0x00, 0xF8, 0xFF, 0x0D, 0x00,
    0x00, 0xFB, 0xFF, 0x08, 0x00, 0x10, 0xFF, 0xFF, 0x06, 0x00, 0x60, 0xFF, 0xFF, 0x5E, 0x00, 0xC0,
    0xFF, 0xFF, 0xEF, 0x00, 0xF3, 0xFF, 0xFF, 0xBF, 0x00, 0xF7, 0xFF, 0xFF, 0x3F, 0x00, 0xFA, 0xFF,
    0xFF, 0x07, 0x00, 0xF7, 0xFF, 0x8F, 0x00, 0x00, 0xB0, 0xCF, 0x05, 0x00, 0x00, 0x00, 0x00, 0x00,
    0x00, 0x00, 0x70, 0xFE, 0x1A, 0x00, 0x00, 0x00, 0x00, 0x00, 0xF6, 0xFF, 0x8F, 0x00, 0x00, 0x00,
    0x00, 0x00, 0xFC, 0xFF, 0xBF, 0x00, 0x00, 0x00, 0x00, 0x00, 0xFE, 0xFF, 0x8F, 0x00, 0x00, 0x00,
    0x00, 0x00, 0xF9, 0xFF, 0x1D, 0x00, 0x00, 0x00, 0x00, 0x00, 0x60, 0x79, 0x01, 0x00, 0x00, 0x00,
    0x00, 0x10, 0xE9, 0x5E, 0x00, 0x00, 0x00, 0x00, 0x00, 0xE4, 0xFF, 0xEF, 0x00, 0x00, 0x00, 0x00,
    0x20, 0xFF, 0xFF, 0xFF, 0x00, 0x00, 0x00, 0x00, 0xC0, 0xFF, 0xFF, 0xCF, 0x00, 0x00, 0x00, 0x00,
    0xF1, 0xFF, 0xFF, 0x8F, 0x00, 0x00, 0x00, 0x00, 0xA0, 0xFF, 0xFF, 0x3F, 0x00, 0x00, 0x00, 0x00,
    0x00, 0xF9, 0xFF, 0x0F, 0x00, 0x00, 0x00, 0x00, 0x00, 0xF9, 0xFF, 0x0A, 0x00, 0x00, 0x00, 0x00,
    0x00, 0xFE, 0xFF, 0x06, 0x00, 0x00, 0x00, 0x00, 0x30, 0xFF, 0xFF, 0x02, 0x00, 0x00, 0x00, 0x00,
    0x70, 0xFF, 0xDF, 0x00, 0x00, 0x00, 0x00, 0x00, 0xC0, 0xFF, 0x9F, 0x00, 0x00, 0x00, 0x00, 0x00,
    0xF2, 0xFF, 0x5F, 0x00, 0x00, 0x00, 0x00, 0x00, 0xF8, 0xFF, 0x1F, 0x00, 0x00, 0x00, 0x00, 0x00,
    0xFE, 0xFF, 0x0C, 0x00, 0x00, 0x00, 0x00, 0x50, 0xFF, 0xFF, 0x08, 0x00, 0x00, 0x00, 0x00, 0xE1,
    0xFF, 0xFF, 0x03, 0x00, 0x00, 0x00, 0x40, 0xFD, 0xFF, 0xEF, 0x00, 0x00, 0x00, 0x80, 0xFF, 0xFF,
    0xFF, 0x9F, 0x00, 0x00, 0x00, 0xF8, 0xFF, 0xFF, 0xFF, 0x2F, 0x00, 0x00, 0x00, 0xFD, 0xFF, 0xFF,
    0xFF, 0x0A, 0x00, 0x00, 0x00, 0xFD, 0xFF, 0xFF, 0xEF, 0x01, 0x00, 0x00, 0x00, 0xF8, 0xFF, 0xFF,
    0x3F, 0x00, 0x00, 0x00, 0x00, 0x80, 0xFD, 0x9E, 0x01, 0x00, 0x00, 0x00, 0x00, 0x00, 0x00, 0x00,
    0xD6, 0xAF, 0x00, 0x00, 0x00, 0x00, 0x00, 0x00, 0xC1, 0xFF, 0xFF, 0x04, 0x00, 0x00, 0x00, 0x00,
    0x00, 0xFD, 0xFF, 0xFF, 0x05, 0x00, 0x00, 0x00, 0x00, 0x70, 0xFF, 0xFF, 0xFF, 0x03, 0x00, 0x00,
    0x00, 0x00, 0xA0, 0xFF, 0xFF, 0xFF, 0x00, 0x00, 0x00, 0x00, 0x00, 0x20, 0xFE, 0xFF, 0xAF, 0x00,
    0x00, 0x00, 0x00, 0x00, 0x00, 0xF6, 0xFF, 0x5F, 0x00, 0xE7, 0xBF, 0x01, 0x00, 0x00, 0xF6, 0xFF,
    0x1F, 0x80, 0xFF, 0xFF, 0x08, 0x00, 0x00, 0xFA, 0xFF, 0x0B, 0xF1, 0xFF, 0xFF, 0x08, 0x00, 0x00,
    0xFF, 0xFF, 0x06, 0xF7, 0xFF, 0xFF, 0x04, 0x00, 0x40, 0xFF, 0xFF, 0x01, 0xFC, 0xFF, 0xBF, 0x00,
    0x00, 0x90, 0xFF, 0xFF, 0x30, 0xFF, 0xFF, 0x1E, 0x00, 0x00, 0xE0, 0xFF, 0xFF, 0xEA, 0xFF, 0xEF,
    0x02, 0x00, 0x00, 0xF4, 0xFF, 0xFF, 0xFF, 0xFF, 0x2E, 0x00, 0x00, 0x00, 0xF9, 0xFF, 0xFF, 0xFF,
    0xFF, 0x04, 0x00, 0x00, 0x00, 0xFF, 0xFF, 0xFF, 0xFF, 0xFF, 0x07, 0x00, 0x00, 0x60, 0xFF, 0xFF,
    0x16, 0xFE, 0xFF, 0x1F, 0x00, 0x00, 0xD0, 0xFF, 0xFF, 0x01, 0xF9, 0xFF, 0xAF, 0x00, 0x00, 0xF4,
    0xFF, 0xFF, 0x02, 0xF7, 0xFF, 0xFF, 0x01, 0x00, 0xF8, 0xFF, 0xFF, 0x04, 0xF5, 0xFF, 0xFF, 0x03,
    0x00, 0xF8, 0xFF, 0xFF, 0x01, 0xF1, 0xFF, 0xFF, 0x01, 0x00, 0xB1, 0xFF, 0x4C, 0x00, 0x50, 0xFD,
    0x4C, 0x00, 0x00, 0x00, 0x00, 0x00, 0xD7, 0x9F, 0x00, 0x00, 0x00, 0xD2, 0xFF, 0xFF, 0x02, 0x00,
    0x10, 0xFE, 0xFF, 0xFF, 0x03, 0x00, 0x90, 0xFF, 0xFF, 0xFF, 0x00, 0x00, 0xC0, 0xFF, 0xFF, 0xCF,
    0x00, 0x00, 0x30, 0xFE, 0xFF, 0x7F, 0x00, 0x00, 0x00, 0xF7, 0xFF, 0x2F, 0x00, 0x00, 0x00, 0xF8,
    0xFF, 0x0D, 0x00, 0x00, 0x00, 0xFC, 0xFF, 0x07, 0x00, 0x00, 0x10, 0xFF, 0xFF, 0x02, 0x00, 0x00,
    0x60, 0xFF, 0xDF, 0x00, 0x00, 0x00, 0xB0, 0xFF, 0x8F, 0x00, 0x00, 0x00, 0xF0, 0xFF, 0x3F, 0x00,
    0x00, 0x00, 0xF5, 0xFF, 0x0F, 0x00, 0x00, 0x00, 0xFA, 0xFF, 0x0E, 0x00, 0x00, 0x00, 0xFF, 0xFF,
    0x8F, 0x00, 0x00, 0x50, 0xFF, 0xFF, 0xFF, 0x04, 0x00, 0xA0, 0xFF, 0xFF, 0xFF, 0x01, 0x00, 0xE0,
    0xFF, 0xFF, 0x9F, 0x00, 0x00, 0xF0, 0xFF, 0xFF, 0x0D, 0x00, 0x00, 0xF0, 0xFF, 0xDF, 0x01, 0x00,
    0x00, 0x50, 0xEE, 0x08, 0x00, 0x00, 0x00, 0x00, 0x00, 0x70, 0xFD, 0x06, 0x40, 0xFC, 0x5D, 0x00,
    0x80, 0xFD, 0x3C, 0x00, 0x00, 0x20, 0xFD, 0xFF, 0x0D, 0xF6, 0xFF, 0xFF, 0x11, 0xFC, 0xFF, 0xDF,
    0x00, 0x00, 0xE1, 0xFF, 0xFF, 0x4F, 0xFF, 0xFF, 0xFF, 0xB7, 0xFF, 0xFF, 0xFF, 0x02, 0x00, 0xF9,
    0xFF, 0xFF, 0xFF, 0xFF, 0xFF, 0xFF, 0xFF, 0xFF, 0xFF, 0xFF, 0x03, 0x00, 0xFD, 0xFF, 0xFF, 0xFF,
    0xFF, 0xFF, 0xFF, 0xFF, 0xFF, 0xFF, 0xFF, 0x00, 0x00, 0xC3, 0xFF, 0xFF, 0xFF, 0xFF, 0xFF, 0xFF,
    0xFF, 0xFF, 0xFF, 0xCF, 0x00, 0x00, 0x40, 0xFF, 0xFF, 0x2C, 0xF2, 0xFF, 0xFF, 0x07, 0xF7, 0xFF,
    0x7F, 0x00, 0x00, 0x60, 0xFF, 0xEF, 0x01, 0xE0, 0xFF, 0xBF, 0x00, 0xF4, 0xFF, 0x2F, 0x00, 0x00,
    0xC0, 0xFF, 0x9F, 0x00, 0xF1, 0xFF, 0x5F, 0x00, 0xF8, 0xFF, 0x1F, 0x00, 0x00, 0xF3, 0xFF, 0x4F,
    0x00, 0xF7, 0xFF, 0x2F, 0x00, 0xFC, 0xFF, 0xCF, 0x02, 0x00, 0xFC, 0xFF, 0x2F, 0x00, 0xFE, 0xFF,
    0x1F, 0x10, 0xFF, 0xFF, 0xFF, 0x08, 0x40, 0xFF, 0xFF, 0x1F, 0x50, 0xFF, 0xFF, 0x0F, 0x60, 0xFF,
    0xFF, 0xFF, 0x05, 0xC0, 0xFF, 0xFF, 0x2F, 0xC0, 0xFF, 0xFF, 0x0F, 0xA0, 0xFF, 0xFF, 0xDF, 0x00,
    0xF1, 0xFF, 0xFF, 0x2F, 0xF0, 0xFF, 0xFF, 0x0F, 0xC0, 0xFF, 0xFF, 0x2F, 0x00, 0xF1, 0xFF, 0xFF,
    0x0D, 0xF0, 0xFF, 0xFF, 0x0B, 0xA0, 0xFF, 0xFF, 0x03, 0x00, 0x50, 0xFD, 0xAE, 0x01, 0x40, 0xFD,
    0x9E, 0x01, 0x20, 0xED, 0x2A, 0x00, 0x00, 0x00, 0x00, 0x70, 0xFD, 0x07, 0x30, 0xFB, 0x6D, 0x00,
    0x00, 0x20, 0xFD, 0xFF, 0x0E, 0xF5, 0xFF, 0xFF, 0x04, 0x00, 0xD1, 0xFF, 0xFF, 0x4F, 0xFF, 0xFF,
    0xFF, 0x08, 0x00, 0xF9, 0xFF, 0xFF, 0xFF, 0xFF, 0xFF, 0xFF, 0x08, 0x00, 0xFD, 0xFF, 0xFF, 0xFF,
    0xFF, 0xFF, 0xFF, 0x06, 0x00, 0xC3, 0xFF, 0xFF, 0xFF, 0xFF, 0xFF, 0xFF, 0x02, 0x00, 0x40, 0xFF,
    0xFF, 0x2C, 0xF2, 0xFF, 0xDF, 0x00, 0x00, 0x60, 0xFF, 0xEF, 0x01, 0xE0, 0xFF, 0x8F, 0x00, 0x00,
    0xC0, 0xFF, 0x8F, 0x00, 0xF1, 0xFF, 0x7F, 0x00, 0x00, 0xF4, 0xFF, 0x4F, 0x00, 0xF6, 0xFF, 0xEF,
    0x05, 0x00, 0xFC, 0xFF, 0x1F, 0x00, 0xFB, 0xFF, 0xFF, 0x0E, 0x50, 0xFF, 0xFF, 0x1F, 0x00, 0xFF,
    0xFF, 0xFF, 0x0B, 0xD0, 0xFF, 0xFF, 0x2F, 0x40, 0xFF, 0xFF, 0xFF, 0x03, 0xF1, 0xFF, 0xFF, 0x1F,
    0x60, 0xFF, 0xFF, 0x8F, 0x00, 0xF1, 0xFF, 0xFF, 0x0C, 0x40, 0xFF, 0xFF, 0x08, 0x00, 0x50, 0xFD,
    0xAE, 0x01, 0x00, 0xFA, 0x5C, 0x00, 0x00, 0x00, 0x00, 0x20, 0xD9, 0xEF, 0x3A, 0x00, 0x00, 0x00,
    0xF7, 0xFF, 0xFF, 0xFF, 0x05, 0x00, 0x70, 0xFF, 0xFF, 0xFF, 0xFF, 0x1E, 0x00, 0xF5, 0xFF, 0xFF,
    0xFF, 0xFF, 0x7F, 0x00, 0xFE, 0xFF, 0xFF, 0xFF, 0xFF, 0xBF, 0x80, 0xFF, 0xFF, 0xAE, 0xFD, 0xFF,
    0xCF, 0xE0, 0xFF, 0xAF, 0x00, 0xA0, 0xFF, 0xDF, 0xF2, 0xFF, 0x0F, 0x00, 0x60, 0xFF, 0xBF, 0xF5,
    0xFF, 0x0D, 0x00, 0x90, 0xFF, 0x9F, 0xF7, 0xFF, 0x2F, 0x00, 0xF3, 0xFF, 0x4F, 0xF7, 0xFF, 0xFF,
    0xBA, 0xFF, 0xFF, 0x0E, 0xF6, 0xFF, 0xFF, 0xFF, 0xFF, 0xFF, 0x05, 0xF2, 0xFF, 0xFF, 0xFF, 0xFF,
    0xCF, 0x00, 0xB0, 0xFF, 0xFF, 0xFF, 0xFF, 0x1D, 0x00, 0x20, 0xFE, 0xFF, 0xFF, 0xCF, 0x01, 0x00,
    0x00, 0x81, 0xFD, 0xBE, 0x05, 0x00, 0x00, 0x00, 0x00, 0x00, 0xC4, 0x6F, 0x00, 0xB3, 0xEF, 0x06,
    0x00, 0x00, 0x00, 0x80, 0xFF, 0xEF, 0x30, 0xFF, 0xFF, 0x5F, 0x00, 0x00, 0x00, 0xF7, 0xFF, 0xEF,
    0xE1, 0xFF, 0xFF, 0xCF, 0x00, 0x00, 0x20, 0xFF, 0xFF, 0xBF, 0xF9, 0xFF, 0xFF, 0xFF, 0x00, 0x00,
    0x60, 0xFF, 0xFF, 0xFF, 0xFF, 0xFF, 0xFF, 0xFF, 0x01, 0x00, 0x20, 0xFD, 0xFF, 0xFF, 0xBE, 0xFE,
    0xFF, 0xFF, 0x00, 0x00, 0x00, 0xE0, 0xFF, 0xCF, 0x00, 0xE1, 0xFF, 0xFF, 0x00, 0x00, 0x00, 0xF0,
    0xFF, 0x3F, 0x00, 0xA0, 0xFF, 0xCF, 0x00, 0x00, 0x00, 0xF3, 0xFF, 0x1F, 0x00, 0xC0, 0xFF, 0x8F,
    0x00, 0x00, 0x00, 0xF8, 0xFF, 0x4F, 0x00, 0xF6, 0xFF, 0x3F, 0x00, 0x00, 0x00, 0xFD, 0xFF, 0xFF,
    0xCA, 0xFF, 0xFF, 0x0D, 0x00, 0x00, 0x30, 0xFF, 0xFF, 0xFF, 0xFF, 0xFF, 0xFF, 0x05, 0x00, 0x00,
    0x90, 0xFF, 0xDF, 0xFF, 0xFF, 0xFF, 0xCF, 0x00, 0x00, 0x00, 0xF0, 0xFF, 0x4F, 0xFF, 0xFF, 0xFF,
    0x1E, 0x00, 0x00, 0x00, 0xF6, 0xFF, 0x0F, 0xFC, 0xFF, 0xEF, 0x02, 0x00, 0x00, 0x00, 0xFC, 0xFF,
    0x0E, 0xD2, 0xDF, 0x18, 0x00, 0x00, 0x00, 0x20, 0xFF, 0xFF, 0x0D, 0x00, 0x00, 0x00, 0x00, 0x00,
    0x00, 0x80, 0xFF, 0xFF, 0x0D, 0x00, 0x00, 0x00, 0x00, 0x00, 0x00, 0xE0, 0xFF, 0xFF, 0x0D, 0x00,
    0x00, 0x00, 0x00, 0x00, 0x00, 0xF4, 0xFF, 0xFF, 0x0E, 0x00, 0x00, 0x00, 0x00, 0x00, 0x00, 0xF8,
    0xFF, 0xFF, 0x0F, 0x00, 0x00, 0x00, 0x00, 0x00, 0x00, 0xFC, 0xFF, 0xFF, 0x0D, 0x00, 0x00, 0x00,
    0x00, 0x00, 0x00, 0xFB, 0xFF, 0xFF, 0x07, 0x00, 0x00, 0x00, 0x00, 0x00, 0x00, 0xB2, 0xFF, 0x5C,
    0x00, 0x00, 0x00, 0x00, 0x00, 0x00, 0x00, 0x00, 0x00, 0x20, 0xEA, 0x9F, 0x00, 0xE4, 0x3E, 0x00,
    0x00, 0xF6, 0xFF, 0xFF, 0x17, 0xFF, 0xAF, 0x00, 0x50, 0xFF, 0xFF, 0xFF, 0x7B, 0xFF, 0xAF, 0x00,
    0xF2, 0xFF, 0xFF, 0xFF, 0xEE, 0xFF, 0x7F, 0x00, 0xFA, 0xFF, 0xFF, 0xFF, 0xFF, 0xFF, 0x3F, 0x20,
    0xFF, 0xFF, 0xBF, 0xFC, 0xFF, 0xFF, 0x0E, 0xA0, 0xFF, 0xFF, 0x03, 0xA0, 0xFF, 0xFF, 0x09, 0xF0,
    0xFF, 0x9F, 0x00, 0x60, 0xFF, 0xFF, 0x04, 0xF3, 0xFF, 0x5F, 0x00, 0x70, 0xFF, 0xEF, 0x00, 0xF6,
    0xFF, 0x6F, 0x00, 0xC0, 0xFF, 0x9F, 0x00, 0xF7, 0xFF, 0xDF, 0x12, 0xF8, 0xFF, 0x4F, 0x00, 0xF8,
    0xFF, 0xFF, 0xFF, 0xFC, 0xFF, 0x0F, 0x00, 0xF6, 0xFF, 0xFF, 0xFF, 0xF5, 0xFF, 0x0A, 0x00, 0xF2,
    0xFF, 0xFF, 0x8F, 0xF9, 0xFF, 0x05, 0x00, 0xB0, 0xFF, 0xFF, 0x0B, 0xFE, 0xFF, 0x00, 0x00, 0x00,
    0xFA, 0x8E, 0x30, 0xFF, 0xCF, 0x00, 0x00, 0x00, 0x00, 0x00, 0x80, 0xFF, 0xEF, 0x01, 0x00, 0x00,
    0x00, 0x00, 0xD0, 0xFF, 0xFF, 0x1E, 0x00, 0x00, 0x00, 0x00, 0xF1, 0xFF, 0xFF, 0x4F, 0x00, 0x00,
    0x00, 0x00, 0xF4, 0xFF, 0xFF, 0x0F, 0x00, 0x00, 0x00, 0x00, 0xF7, 0xFF, 0xFF, 0x08, 0x00, 0x00,
    0x00, 0x00, 0xF8, 0xFF, 0xCF, 0x00, 0x00, 0x00, 0x00, 0x00, 0xF6, 0xFF, 0x1D, 0x00, 0x00, 0x00,
    0x00, 0x00, 0xD1, 0x9E, 0x00, 0x00, 0x00, 0x00, 0x00, 0x80, 0xEE, 0x03, 0xD6, 0x8F, 0x00, 0x00,
    0x20, 0xFD, 0xFF, 0x99, 0xFF, 0xFF, 0x01, 0x00, 0xE1, 0xFF, 0xFF, 0xFF, 0xFF, 0xFF, 0x04, 0x00,
    0xF9, 0xFF, 0xFF, 0xFF, 0xFF, 0xFF, 0x03, 0x00, 0xFC, 0xFF, 0xFF, 0xFF, 0xFF, 0xFF, 0x02, 0x00,
    0xC3, 0xFF, 0xFF, 0xFF, 0xFF, 0xEF, 0x00, 0x00, 0x40, 0xFF, 0xFF, 0x85, 0xFF, 0x8F, 0x00, 0x00,
    0x60, 0xFF, 0xBF, 0x50, 0xFF, 0x1E, 0x00, 0x00, 0xC0, 0xFF, 0x5F, 0x10, 0xCE, 0x02, 0x00, 0x00,
    0xF3, 0xFF, 0x2F, 0x00, 0x00, 0x00, 0x00, 0x00, 0xFC, 0xFF, 0x4F, 0x00, 0x00, 0x00, 0x00, 0x40,
    0xFF, 0xFF, 0x9F, 0x00, 0x00, 0x00, 0x00, 0xC0, 0xFF, 0xFF, 0xEF, 0x00, 0x00, 0x00, 0x00, 0xF1,
    0xFF, 0xFF, 0xFF, 0x00, 0x00, 0x00, 0x00, 0xF1, 0xFF, 0xFF, 0x8F, 0x00, 0x00, 0x00, 0x00, 0x50,
    0xFD, 0xCE, 0x05, 0x00, 0x00, 0x00, 0x00, 0x00, 0x00, 0x50, 0xEA, 0xFF, 0x9D, 0x02, 0x00, 0x00,
    0x10, 0xFC, 0xFF, 0xFF, 0xFF, 0x4F, 0x00, 0x00, 0xC0, 0xFF, 0xFF, 0xFF, 0xFF, 0xDF, 0x00, 0x00,
    0xF3, 0xFF, 0xFF, 0xFF, 0xFF, 0xFF, 0x00, 0x00, 0xF4, 0xFF, 0xDF, 0x31, 0xFD, 0xDF, 0x00, 0x00,
    0xF1, 0xFF, 0xDF, 0x01, 0x80, 0x4B, 0x00, 0x00, 0x60, 0xFF, 0xFF, 0x7E, 0x00, 0x00, 0x00, 0x00,
    0x00, 0x92, 0xFF, 0xFF, 0x3D, 0x00, 0x00, 0x10, 0xCC, 0x02, 0x91, 0xFF, 0xFF, 0x02, 0x00, 0xA0,
    0xFF, 0x3E, 0x00, 0xFF, 0xFF, 0x0A, 0x00, 0xF0, 0xFF, 0xFF, 0xDB, 0xFF, 0xFF, 0x0C, 0x00, 0xF1,
    0xFF, 0xFF, 0xFF, 0xFF, 0xFF, 0x0B, 0x00, 0xF0, 0xFF, 0xFF, 0xFF, 0xFF, 0xFF, 0x07, 0x00, 0x90,
    0xFF, 0xFF, 0xFF, 0xFF, 0xEF, 0x01, 0x00, 0x00, 0xFC, 0xFF, 0xFF, 0xFF, 0x3E, 0x00, 0x00, 0x00,
    0x60, 0xEB, 0xEF, 0x7C, 0x01, 0x00, 0x00, 0x00, 0x00, 0x00, 0x40, 0x04, 0x00, 0x00, 0x00, 0x10,
    0xFD, 0x7F, 0x00, 0x00, 0x00, 0xD0, 0xFF, 0x3F, 0x00, 0x00, 0x00, 0xFA, 0xFF, 0x0D, 0x00, 0x00,
    0xB0, 0xFF, 0xFF, 0xFF, 0x0D, 0x10, 0xFD, 0xFF, 0xFF, 0xFF, 0x0F, 0xD0, 0xFF, 0xFF, 0xFF, 0xFF,
    0x0F, 0xF2, 0xFF, 0xFF, 0xFF, 0xFF, 0x0C, 0x70, 0xFF, 0xFF, 0xFF, 0xFF, 0x05, 0x00, 0xF9, 0xFF,
    0xAF, 0x69, 0x00, 0x00, 0xFC, 0xFF, 0x05, 0x00, 0x00, 0x10, 0xFF, 0xDF, 0x00, 0x00, 0x00, 0x70,
    0xFF, 0xCF, 0x00, 0x00, 0x00, 0xC0, 0xFF, 0xFF, 0x28, 0x00, 0x00, 0xF1, 0xFF, 0xFF, 0xFF, 0x0C,
    0x00, 0xF5, 0xFF, 0xFF, 0xFF, 0x0F, 0x00, 0xF8, 0xFF, 0xFF, 0xFF, 0x0A, 0x00, 0xF7, 0xFF, 0xFF,
    0xEF, 0x01, 0x00, 0xF2, 0xFF, 0xFF, 0x3E, 0x00, 0x00, 0x40, 0xFD, 0x9D, 0x01, 0x00, 0x00, 0x00,
    0x30, 0xEA, 0x3E, 0x00, 0x50, 0xFC, 0x0B, 0x00, 0xF7, 0xFF, 0xCF, 0x00, 0xF9, 0xFF, 0x6F, 0x60,
    0xFF, 0xFF, 0xDF, 0x70, 0xFF, 0xFF, 0x7F, 0xF1, 0xFF, 0xFF, 0xAF, 0xF1, 0xFF, 0xFF, 0x4F, 0xF4,
    0xFF, 0xFF, 0x5F, 0xF4, 0xFF, 0xFF, 0x0F, 0x70, 0xFF, 0xFF, 0x0F, 0xA0, 0xFF, 0xFF, 0x0A, 0x00,
    0xFB, 0xFF, 0x0B, 0x10, 0xFF, 0xFF, 0x04, 0x00, 0xFE, 0xFF, 0x06, 0x40, 0xFF, 0xFF, 0x00, 0x30,
    0xFF, 0xFF, 0x03, 0xB0, 0xFF, 0xEF, 0x00, 0x80, 0xFF, 0xFF, 0x17, 0xF9, 0xFF, 0xFF, 0x1B, 0xD0,
    0xFF, 0xFF, 0xFF, 0xFF, 0xFF, 0xFF, 0x6F, 0xF1, 0xFF, 0xFF, 0xFF, 0xFF, 0xFF, 0xFF, 0x3F, 0xF4,
    0xFF, 0xFF, 0xFF, 0xFD, 0xFF, 0xFF, 0x0B, 0xF3, 0xFF, 0xFF, 0x8F, 0xF6, 0xFF, 0xEF, 0x01, 0xE0,
    0xFF, 0xFF, 0x0A, 0xF4, 0xFF, 0x3E, 0x00, 0x30, 0xFC, 0x7D, 0x00, 0xC0, 0xAE, 0x01, 0x00, 0x00,
    0x30, 0xEA, 0x3E, 0x00, 0xE6, 0xAF, 0x01, 0x00, 0xF7, 0xFF, 0xCF, 0x50, 0xFF, 0xFF, 0x09, 0x60,
    0xFF, 0xFF, 0xDF, 0xB0, 0xFF, 0xFF, 0x0E, 0xF1, 0xFF, 0xFF, 0xAF, 0xC0, 0xFF, 0xFF, 0x0F, 0xF4,
    0xFF, 0xFF, 0x5F, 0x70, 0xFF, 0xFF, 0x0E, 0x70, 0xFF, 0xFF, 0x0F, 0x10, 0xFF, 0xFF, 0x0B, 0x00,
    0xFB, 0xFF, 0x0B, 0x00, 0xFD, 0xFF, 0x08, 0x00, 0xFE, 0xFF, 0x06, 0x00, 0xFE, 0xFF, 0x03, 0x20,
    0xFF, 0xFF, 0x04, 0x30, 0xFF, 0xCF, 0x00, 0x60, 0xFF, 0xFF, 0x04, 0xC0, 0xFF, 0x4F, 0x00, 0x90,
    0xFF, 0xFF, 0xAE, 0xFE, 0xFF, 0x0B, 0x00, 0xA0, 0xFF, 0xFF, 0xFF, 0xFF, 0xFF, 0x02, 0x00, 0xA0,
    0xFF, 0xFF, 0xFF, 0xFF, 0x5F, 0x00, 0x00, 0x70, 0xFF, 0xFF, 0xFF, 0xFF, 0x07, 0x00, 0x00, 0x00,
    0xFE, 0xFF, 0xFF, 0x6F, 0x00, 0x00, 0x00, 0x00, 0xB2, 0xFF, 0x8D, 0x01, 0x00, 0x00, 0x00, 0x00,
    0x40, 0xFB, 0x2D, 0x00, 0xA1, 0xEF, 0x07, 0x20, 0xFB, 0x4D, 0x00, 0x00, 0xF9, 0xFF, 0x9F, 0x00,
    0xFB, 0xFF, 0x2F, 0xD0, 0xFF, 0xFF, 0x01, 0x90, 0xFF, 0xFF, 0xAF, 0x00, 0xFF, 0xFF, 0x3F, 0xF4,
    0xFF, 0xFF, 0x04, 0xF3, 0xFF, 0xFF, 0x8F, 0x00, 0xFF, 0xFF, 0x1F, 0xF5, 0xFF, 0xFF, 0x06, 0xF6,
    0xFF, 0xFF, 0x3F, 0x00, 0xFF, 0xFF, 0x0C, 0xF1, 0xFF, 0xFF, 0x05, 0x91, 0xFF, 0xFF, 0x0E, 0x00,
    0xFF, 0xFF, 0x07, 0xA0, 0xFF, 0xFF, 0x03, 0x00, 0xFE, 0xFF, 0x09, 0x20, 0xFF, 0xFF, 0x02, 0x60,
    0xFF, 0xEF, 0x00, 0x00, 0xFF, 0xFF, 0x04, 0x70, 0xFF, 0xEF, 0x00, 0x70, 0xFF, 0xAF, 0x00, 0x50,
    0xFF, 0xFF, 0x02, 0xD0, 0xFF, 0xBF, 0x00, 0xB0, 0xFF, 0x3F, 0x00, 0xA0, 0xFF, 0xFF, 0x04, 0xFA,
    0xFF, 0xBF, 0x00, 0xF6, 0xFF, 0x0C, 0x00, 0xE0, 0xFF, 0xFF, 0xFF, 0xFF, 0xFF, 0xFF, 0xCB, 0xFF,
    0xFF, 0x03, 0x00, 0xF3, 0xFF, 0xFF, 0xFF, 0xFF, 0xFF, 0xFF, 0xFF, 0xFF, 0x9F, 0x00, 0x00, 0xF5,
    0xFF, 0xFF, 0xFF, 0xB9, 0xFF, 0xFF, 0xFF, 0xFF, 0x0C, 0x00, 0x00, 0xF6, 0xFF, 0xFF, 0xDF, 0x60,
    0xFF, 0xFF, 0xFF, 0xDF, 0x01, 0x00, 0x00, 0xF2, 0xFF, 0xFF, 0x2E, 0x00, 0xFE, 0xFF, 0xFF, 0x1C,
    0x00, 0x00, 0x00, 0x50, 0xFD, 0x9D, 0x01, 0x00, 0xB2, 0xFF, 0x5B, 0x00, 0x00, 0x00, 0x00, 0x00,
    0x00, 0xA2, 0xEE, 0x03, 0x30, 0xFB, 0xBF, 0x01, 0x00, 0x50, 0xFF, 0xFF, 0x09, 0xF1, 0xFF, 0xFF,
    0x09, 0x00, 0xF3, 0xFF, 0xFF, 0x0D, 0xF2, 0xFF, 0xFF, 0x0A, 0x00, 0xF9, 0xFF, 0xFF, 0x2F, 0xB0,
    0xFF, 0xFF, 0x06, 0x00, 0xC5, 0xFE, 0xFF, 0xAF, 0xD1, 0xFF, 0xDF, 0x00, 0x00, 0x00, 0xB0, 0xFF,
    0xFF, 0xFF, 0xFF, 0x2E, 0x00, 0x00, 0x00, 0x30, 0xFF, 0xFF, 0xFF, 0xCF, 0x01, 0x00, 0x00, 0x00,
    0xE7, 0xFF, 0xFF, 0xFF, 0x0A, 0x00, 0x00, 0x00, 0xB0, 0xFF, 0xFF, 0xFF, 0xFF, 0x03, 0x00, 0x00,
    0x00, 0xFB, 0xFF, 0xFF, 0xFF, 0xFF, 0x7E, 0x05, 0x00, 0x70, 0xFF, 0xFF, 0xFF, 0xFF, 0xFF, 0xFF,
    0x5F, 0x00, 0xF0, 0xFF, 0xFF, 0x35, 0xFF, 0xFF, 0xFF, 0x3F, 0x00, 0xF6, 0xFF, 0xFF, 0x01, 0xFB,
    0xFF, 0xFF, 0x0C, 0x00, 0xF8, 0xFF, 0xFF, 0x04, 0xF8, 0xFF, 0xFF, 0x03, 0x00, 0xF6, 0xFF, 0xFF,
    0x03, 0xF4, 0xFF, 0x4F, 0x00, 0x00, 0xA0, 0xEF, 0x4B, 0x00, 0xB0, 0xBF, 0x03, 0x00, 0x00, 0x00,
    0x00, 0x00, 0x20, 0xEA, 0x3E, 0x00, 0x30, 0xFC, 0x2C, 0x00, 0x00, 0x00, 0xF6, 0xFF, 0x9F, 0x00,
    0xF4, 0xFF, 0xCF, 0x00, 0x00, 0x50, 0xFF, 0xFF, 0xBF, 0x00, 0xFE, 0xFF, 0xEF, 0x00, 0x00, 0xF1,
    0xFF, 0xFF, 0xBF, 0x30, 0xFF, 0xFF, 0xDF, 0x00, 0x00, 0xF4, 0xFF, 0xFF, 0xAF, 0x30, 0xFF, 0xFF,
    0xBF, 0x00, 0x00, 0xD1, 0xFF, 0xFF, 0x9F, 0x00, 0xFC, 0xFF, 0x7F, 0x00, 0x00, 0x00, 0xFC, 0xFF,
    0x8F, 0x00, 0xF8, 0xFF, 0x1F, 0x00, 0x00, 0x00, 0xF4, 0xFF, 0x6F, 0x00, 0xF8, 0xFF, 0x0B, 0x00,
    0x00, 0x00, 0xF0, 0xFF, 0x4F, 0x00, 0xFB, 0xFF, 0x04, 0x00, 0x00, 0x00, 0xD0, 0xFF, 0x3F, 0x10,
    0xFF, 0xCF, 0x00, 0x00, 0x00, 0x00, 0xC0, 0xFF, 0x3F, 0xB0, 0xFF, 0x4F, 0x00, 0x00, 0x00, 0x00,
    0xC0, 0xFF, 0xDF, 0xFD, 0xFF, 0x0B, 0x00, 0x00, 0x00, 0x00, 0xB0, 0xFF, 0xFF, 0xFF, 0xFF, 0x02,
    0x00, 0x00, 0x00, 0x00, 0xB0, 0xFF, 0xFF, 0xFF, 0x8F, 0x00, 0x00, 0x00, 0x00, 0x00, 0xB0, 0xFF,
    0xFF, 0xFF, 0x0D, 0x00, 0x00, 0x00, 0x11, 0x00, 0xD0, 0xFF, 0xFF, 0xFF, 0x02, 0x00, 0x00, 0x60,
    0xFF, 0x06, 0xF0, 0xFF, 0xFF, 0x5F, 0x00, 0x00, 0x00, 0xF2, 0xFF, 0x1E, 0xF7, 0xFF, 0xFF, 0x08,
    0x00, 0x00, 0x00, 0xF6, 0xFF, 0xFF, 0xFF, 0xFF, 0xAF, 0x00, 0x00, 0x00, 0x00, 0xF6, 0xFF, 0xFF,
    0xFF, 0xFF, 0x0A, 0x00, 0x00, 0x00, 0x00, 0xF3, 0xFF, 0xFF, 0xFF, 0x9F, 0x00, 0x00, 0x00, 0x00,
    0x00, 0xB0, 0xFF, 0xFF, 0xEF, 0x05, 0x00, 0x00, 0x00, 0x00, 0x00, 0x00, 0xE9, 0xCF, 0x17, 0x00,
    0x00, 0x00, 0x00, 0x00, 0x00, 0x00, 0x20, 0xFB, 0xFF, 0xFF, 0xFF, 0xDF, 0x00, 0x00, 0xD0, 0xFF,
    0xFF, 0xFF, 0xFF, 0xFF, 0x04, 0x00, 0xF5, 0xFF, 0xFF, 0xFF, 0xFF, 0xFF, 0x05, 0x00, 0xF8, 0xFF,
    0xFF, 0xFF, 0xFF, 0xFF, 0x03, 0x00, 0xF9, 0xBF, 0x03, 0xFC, 0xFF, 0xBF, 0x00, 0x00, 0x92, 0x04,
    0x60, 0xFF, 0xFF, 0x0A, 0x00, 0x00, 0x00, 0x00, 0xF8, 0xFF, 0x7F, 0x00, 0x00, 0x00, 0x00, 0xC1,
    0xFF, 0xEF, 0x03, 0x00, 0x00, 0x00, 0x30, 0xFE, 0xFF, 0x1A, 0x00, 0x00, 0x00, 0x00, 0xF6, 0xFF,
    0x8F, 0x00, 0xA2, 0x06, 0x00, 0x50, 0xFF, 0xFF, 0x1F, 0x81, 0xFF, 0x0E, 0x00, 0xE1, 0xFF, 0xFF,
    0xFF, 0xFF, 0xFF, 0x0F, 0x00, 0xF5, 0xFF, 0xFF, 0xFF, 0xFF, 0xFF, 0x0D, 0x00, 0xF6, 0xFF, 0xFF,
    0xFF, 0xFF, 0xFF, 0x09, 0x00, 0xF4, 0xFF, 0xFF, 0xFF, 0xFF, 0xFF, 0x02, 0x00, 0xD0, 0xFF, 0xFF,
    0xFF, 0xFF, 0x4C, 0x00, 0x00, 0x00, 0x00, 0x00, 0x40, 0xEA, 0xEF, 0x1A, 0x00, 0x00, 0x00, 0xF9,
    0xFF, 0xFF, 0x9F, 0x00, 0x00, 0x60, 0xFF, 0xFF, 0xFF, 0xBF, 0x00, 0x00, 0xD0, 0xFF, 0xFF, 0xFF,
    0x9F, 0x00, 0x00, 0xF1, 0xFF, 0xFF, 0xFF, 0x2F, 0x00, 0x00, 0xF2, 0xFF, 0xFF, 0x9C, 0x03, 0x00,
    0x00, 0xF2, 0xFF, 0xBF, 0x00, 0x00, 0x00, 0x00, 0xF0, 0xFF, 0x8F, 0x00, 0x00, 0x00, 0x00, 0xC0,
    0xFF, 0x7F, 0x00, 0x00, 0x00, 0x00, 0x80, 0xFF, 0x8F, 0x00, 0x00, 0x00, 0x00, 0x70, 0xFF, 0x7F,
    0x00, 0x00, 0x30, 0xFD, 0xFF, 0xFF, 0x4F, 0x00, 0x00, 0xE0, 0xFF, 0xFF, 0xFF, 0x0E, 0x00, 0x00,
    0xF3, 0xFF, 0xFF, 0xDF, 0x03, 0x00, 0x00, 0xF4, 0xFF, 0xFF, 0x2B, 0x00, 0x00, 0x00, 0xF1, 0xFF,
    0xFF, 0xEF, 0x01, 0x00, 0x00, 0x20, 0xB8, 0xFF, 0xFF, 0x04, 0x00, 0x00, 0x00, 0x00, 0xFF, 0xFF,
    0x02, 0x00, 0x00, 0x00, 0x50, 0xFF, 0xBF, 0x00, 0x00, 0x00, 0x00, 0xE1, 0xFF, 0x2F, 0x00, 0x00,
    0x00, 0x00, 0xFB, 0xFF, 0x07, 0x00, 0x00, 0x00, 0x50, 0xFF, 0xFF, 0x00, 0x00, 0x00, 0x00, 0xD0,
    0xFF, 0xFF, 0x03, 0x00, 0x00, 0x00, 0xF4, 0xFF, 0xFF, 0xFF, 0x09, 0x00, 0x00, 0xF6, 0xFF, 0xFF,
    0xFF, 0x0F, 0x00, 0x00, 0xF4, 0xFF, 0xFF, 0xFF, 0x0E, 0x00, 0x00, 0xC0, 0xFF, 0xFF, 0xFF, 0x07,
    0x00, 0x00, 0x00, 0xD8, 0xEF, 0x5C, 0x00, 0x00, 0x00, 0x00, 0x00, 0x00, 0x00, 0xC7, 0x5B, 0x00,
    0x00, 0x00, 0x00, 0x80, 0xFF, 0xFF, 0x01, 0x00, 0x00, 0x00, 0xF0, 0xFF, 0xFF, 0x01, 0x00, 0x00,
    0x00, 0xF3, 0xFF, 0xDF, 0x00, 0x00, 0x00, 0x00, 0xF6, 0xFF, 0x7F, 0x00, 0x00, 0x00, 0x00, 0xFA,
    0xFF, 0x2F, 0x00, 0x00, 0x00, 0x00, 0xFD, 0xFF, 0x0D, 0x00, 0x00, 0x00, 0x00, 0xFF, 0xFF, 0x07,
    0x00, 0x00, 0x00, 0x30, 0xFF, 0xFF, 0x02, 0x00, 0x00, 0x00, 0x70, 0xFF, 0xDF, 0x00, 0x00, 0x00,
    0x00, 0xA0, 0xFF, 0x7F, 0x00, 0x00, 0x00, 0x00, 0xE0, 0xFF, 0x3F, 0x00, 0x00, 0x00, 0x00, 0xF2,
    0xFF, 0x0E, 0x00, 0x00, 0x00, 0x00, 0xF6, 0xFF, 0x09, 0x00, 0x00, 0x00, 0x00, 0xFA, 0xFF, 0x05,
    0x00, 0x00, 0x00, 0x00, 0xFE, 0xFF, 0x01, 0x00, 0x00, 0x00, 0x40, 0xFF, 0xDF, 0x00, 0x00, 0x00,
    0x00, 0x90, 0xFF, 0x9F, 0x00, 0x00, 0x00, 0x00, 0xE0, 0xFF, 0x6F, 0x00, 0x00, 0x00, 0x00, 0xF3,
    0xFF, 0x3F, 0x00, 0x00, 0x00, 0x00, 0xF9, 0xFF, 0x0F, 0x00, 0x00, 0x00, 0x00, 0xFE, 0xFF, 0x0C,
    0x00, 0x00, 0x00, 0x40, 0xFF, 0xFF, 0x09, 0x00, 0x00, 0x00, 0x90, 0xFF, 0xFF, 0x06, 0x00, 0x00,
    0x00, 0xE0, 0xFF, 0xFF, 0x02, 0x00, 0x00, 0x00, 0xF0, 0xFF, 0xCF, 0x00, 0x00, 0x00, 0x00, 0x60,
    0xFE, 0x1B, 0x00, 0x00, 0x00, 0x00, 0x00, 0x00, 0x00, 0x91, 0xFD, 0xBE, 0x03, 0x00, 0x00, 0x10,
    0xFE, 0xFF, 0xFF, 0x4F, 0x00, 0x00, 0x60, 0xFF, 0xFF, 0xFF, 0xCF, 0x00, 0x00, 0x70, 0xFF, 0xFF,
    0xFF, 0xEF, 0x00, 0x00, 0x20, 0xFE, 0xFF, 0xFF, 0xCF, 0x00, 0x00, 0x00, 0x00, 0xFB, 0xFF, 0x6F,
    0x00, 0x00, 0x00, 0x00, 0xF8, 0xFF, 0x0D, 0x00, 0x00, 0x00, 0x00, 0xFE, 0xFF, 0x04, 0x00, 0x00,
    0x00, 0x80, 0xFF, 0x8F, 0x00, 0x00, 0x00, 0x00, 0xF3, 0xFF, 0x0D, 0x00, 0x00, 0x00, 0x00, 0xFA,
    0xFF, 0x07, 0x00, 0x00, 0x00, 0x00, 0xFC, 0xFF, 0x9E, 0x06, 0x00, 0x00, 0x00, 0xF8, 0xFF, 0xFF,
    0x9F, 0x00, 0x00, 0x00, 0x70, 0xFF, 0xFF, 0xDF, 0x00, 0x00, 0x00, 0xE8, 0xFF, 0xFF, 0xCF, 0x00,
    0x00, 0x60, 0xFF, 0xFF, 0xFF, 0x6F, 0x00, 0x00, 0xC0, 0xFF, 0xFF, 0xFF, 0x09, 0x00, 0x00, 0xF0,
    0xFF, 0x1F, 0x00, 0x00, 0x00, 0x00, 0xF0, 0xFF, 0x1F, 0x00, 0x00, 0x00, 0x00, 0xF0, 0xFF, 0x5F,
    0x00, 0x00, 0x00, 0x00, 0xF0, 0xFF, 0x9F, 0x00, 0x00, 0x00, 0x00, 0xF7, 0xFF, 0xBF, 0x00, 0x00,
    0x30, 0xFD, 0xFF, 0xFF, 0xAF, 0x00, 0x00, 0xE0, 0xFF, 0xFF, 0xFF, 0x7F, 0x00, 0x00, 0xF3, 0xFF,
    0xFF, 0xFF, 0x1F, 0x00, 0x00, 0xF2, 0xFF, 0xFF, 0xFF, 0x04, 0x00, 0x00, 0x60, 0xFD, 0xDF, 0x28,
    0x00, 0x00, 0x00, 0x00, 0xB3, 0xEF, 0x19, 0x00, 0xC0, 0x4E, 0x50, 0xFF, 0xFF, 0xEF, 0x15, 0xF9,
    0xCF, 0xF1, 0xFF, 0xFF, 0xFF, 0xFF, 0xFF, 0xAF, 0xF6, 0xFF, 0xFF, 0xFF, 0xFF, 0xFF, 0x4F, 0xF7,
    0xCF, 0x21, 0xFC, 0xFF, 0xFF, 0x09, 0xC1, 0x2E, 0x00, 0x60, 0xFD, 0x6D, 0x00,
};
const GFXglyph MeltSwashes14Glyphs[] = {
    { 0, 0, 6, 0, 0, 0, 0 }, //  
    { 11, 22, 9, 0, 22, 132, 0 }, // !
    { 13, 9, 13, 3, 22, 63, 132 }, // "
    { 22, 22, 20, 0, 22, 242, 195 }, // #
    { 14, 22, 13, 1, 22, 154, 437 }, // $
    { 20, 22, 20, 1, 22, 220, 591 }, // %
    { 18, 22, 17, 0, 22, 198, 811 }, // &
    { 7, 9, 7, 3, 22, 36, 1009 }, // '
    { 13, 28, 11, 1, 23, 196, 1045 }, // (
    { 14, 28, 11, -3, 23, 196, 1241 }, // )
    { 11, 11, 10, 2, 22, 66, 1437 }, // *
    { 15, 16, 15, 0, 16, 128, 1503 }, // +
    { 8, 10, 6, -2, 5, 40, 1631 }, // ,
    { 12, 5, 12, 0, 11, 30, 1671 }, // -
    { 7, 6, 7, -1, 6, 24, 1701 }, // .
    { 15, 26, 8, -3, 22, 208, 1725 }, // /
    { 18, 22, 18, 1, 22, 198, 1933 }, // 0
    { 12, 22, 11, 1, 22, 132, 2131 }, // 1
    { 19, 22, 16, -1, 22, 220, 2263 }, // 2
    { 18, 22, 16, 0, 22, 198, 2483 }, // 3
    { 19, 23, 17, 0, 23, 230, 2681 }, // 4
    { 18, 23, 16, 0, 23, 207, 2911 }, // 5
    { 18, 22, 17, 1, 22, 198, 3118 }, // 6
    { 18, 22, 16, 2, 22, 198, 3316 }, // 7
    { 18, 22, 16, 0, 22, 198, 3514 }, // 8
    { 18, 22, 17, 0, 22, 198, 3712 }, // 9
    { 9, 16, 6, -1, 16, 80, 3910 }, // :
    { 10, 21, 6, -2, 16, 105, 3990 }, // ;
    { 14, 14, 13, 0, 16, 98, 4095 }, // <
    { 16, 11, 16, 0, 14, 88, 4193 }, // =
    { 13, 14, 13, 0, 16, 98, 4281 }, // >
    { 15, 22, 15, 2, 22, 176, 4379 }, // ?
    { 22, 25, 21, 0, 22, 275, 4555 }, // @
    { 30, 25, 27, 0, 23, 375, 4830 }, // A
    { 30, 25, 26, -3, 23, 375, 5205 }, // B
    { 21, 25, 17, -2, 23, 275, 5580 }, // C
    { 29, 25, 26, -2, 23, 375, 5855 }, // D
    { 22, 25, 17, -3, 23, 275, 6230 }, // E
    { 26, 25, 23, 0, 23, 325, 6505 }, // F
    { 23, 31, 17, -4, 23, 372, 6830 }, // G
    { 29, 25, 27, 0, 23, 375, 7202 }, // H
    { 19, 24, 16, 0, 22, 240, 7577 }, // I
    { 22, 27, 17, -3, 23, 297, 7817 }, // J
    { 28, 25, 26, 0, 23, 350, 8114 }, // K
    { 27, 25, 22, -3, 23, 350, 8464 }, // L
    { 37, 24, 32, -2, 22, 456, 8814 }, // M
    { 29, 24, 26, -1, 22, 360, 9270 }, // N
    { 20, 25, 19, -1, 23, 250, 9630 }, // O
    { 27, 25, 25, 0, 23, 350, 9880 }, // P
    { 21, 29, 18, -2, 23, 319, 10230 }, // Q
    { 27, 25, 25, 0, 23, 350, 10549 }, // R
    { 22, 29, 17, -3, 23, 319, 10899 }, // S
    { 24, 25, 18, 0, 23, 300, 11218 }, // T
    { 29, 25, 27, 0, 23, 375, 11518 }, // U
    { 29, 25, 26, 0, 23, 375, 11893 }, // V
    { 39, 25, 36, 0, 23, 500, 12268 }, // W
    { 28, 25, 25, 0, 23, 350, 12768 }, // X
    { 26, 27, 24, 0, 23, 351, 13118 }, // Y
    { 24, 26, 17, -4, 23, 312, 13469 }, // Z
    { 15, 26, 11, -1, 22, 208, 13781 }, // [
    { 6, 28, 9, 3, 22, 84, 13989 }, // <backslash>
    { 15, 25, 11, -2, 22, 200, 14073 }, // ]
    { 12, 10, 12, 2, 23, 60, 14273 }, // ^
    { 16, 4, 11, -4, 1, 32, 14333 }, // _
    { 9, 6, 9, 3, 23, 30, 14365 }, // `
    { 16, 16, 16, 0, 16, 128, 14395 }, // a
    { 16, 22, 15, -1, 22, 176, 14523 }, // b
    { 13, 16, 13, 0, 16, 112, 14699 }, // c
    { 18, 22, 16, 0, 22, 198, 14811 }, // d
    { 14, 16, 13, 0, 16, 112, 15009 }, // e
    { 16, 23, 11, -1, 23, 184, 15121 }, // f
    { 19, 24, 15, -3, 16, 240, 15305 }, // g
    { 17, 22, 16, -1, 22, 198, 15545 }, // h
    { 10, 22, 8, 0, 22, 110, 15743 }, // i
    { 16, 30, 8, -6, 22, 240, 15853 }, // j
    { 17, 22, 15, -1, 22, 198, 16093 }, // k
    { 11, 22, 8, -1, 22, 132, 16291 }, // l
    { 25, 16, 24, -1, 16, 208, 16423 }, // m
    { 17, 16, 17, -1, 16, 144, 16631 }, // n
    { 14, 16, 14, 0, 16, 112, 16775 }, // o
    { 19, 24, 15, -3, 16, 240, 16887 }, // p
    { 16, 24, 15, 0, 16, 192, 17127 }, // q
    { 15, 16, 13, -1, 16, 128, 17319 }, // r
    { 15, 16, 13, -1, 16, 128, 17447 }, // s
    { 12, 20, 11, 0, 20, 120, 17575 }, // t
    { 16, 16, 16, 0, 16, 128, 17695 }, // u
    { 15, 16, 15, 0, 16, 128, 17823 }, // v
    { 23, 16, 22, 0, 16, 192, 17951 }, // w
    { 17, 16, 15, -1, 16, 144, 18143 }, // x
    { 20, 23, 15, -4, 16, 230, 18287 }, // y
    { 15, 16, 13, -1, 16, 128, 18517 }, // z
    { 14, 28, 11, 0, 23, 196, 18645 }, // {
    { 13, 27, 8, -2, 23, 189, 18841 }, // |
    { 14, 27, 11, -3, 23, 189, 19030 }, // }
    { 14, 6, 14, 0, 12, 42, 19219 }, // ~
};
const UnicodeInterval MeltSwashes14Intervals[] = {
    { 0x20, 0x7E, 0x0 },
};
const GFXfont MeltSwashes14 = {
    (uint8_t*)MeltSwashes14Bitmaps,
    (GFXglyph*)MeltSwashes14Glyphs,
    (UnicodeInterval*)MeltSwashes14Intervals,
    1,
    0,
    45,
    29,
    -8,
};

#pragma GCC diagnostic pop
