#pragma once
#include "epd_driver.h"

#pragma GCC diagnostic push
#pragma GCC diagnostic ignored "-Wnarrowing"
#pragma GCC diagnostic ignored "-Woverflow"
const uint8_t MeltSwashes18Bitmaps[30784] = {
    0x00, 0x00, 0x00, 0x91, 0xFD, 0xAE, 0x02, 0x00, 0x00, 0x10, 0xFE, 0xFF, 0xFF, 0x0E, 0x00, 0x00,
    0x80, 0xFF, 0xFF, 0xFF, 0x1F, 0x00, 0x00, 0xC0, 0xFF, 0xFF, 0xFF, 0x0F, 0x00, 0x00, 0xF0, 0xFF,
    0xFF, 0xFF, 0x0C, 0x00, 0x00, 0xF1, 0xFF, 0xFF, 0xFF, 0x07, 0x00, 0x00, 0xF3, 0xFF, 0xFF, 0xFF,
    0x01, 0x00, 0x00, 0xF5, 0xFF, 0xFF, 0xBF, 0x00, 0x00, 0x00, 0xF7, 0xFF, 0xFF, 0x5F, 0x00, 0x00,
    0x00, 0xF9, 0xFF, 0xFF, 0x0E, 0x00, 0x00, 0x00, 0xFB, 0xFF, 0xFF, 0x09, 0x00, 0x00, 0x00, 0xFF,
    0xFF, 0xFF, 0x04, 0x00, 0x00, 0x20, 0xFF, 0xFF, 0xEF, 0x00, 0x00, 0x00, 0x60, 0xFF, 0xFF, 0xAF,
    0x00, 0x00, 0x00, 0xB0, 0xFF, 0xFF, 0x6F, 0x00, 0x00, 0x00, 0xF0, 0xFF, 0xFF, 0x1F, 0x00, 0x00,
    0x00, 0xF1, 0xFF, 0xFF, 0x0D, 0x00, 0x00, 0x00, 0xF2, 0xFF, 0xFF, 0x07, 0x00, 0x00, 0x00, 0xE0,
    0xFF, 0xEF, 0x01, 0x00, 0x00, 0x00, 0x30, 0xCB, 0x29, 0x00, 0x00, 0x00, 0x00, 0x00, 0x00, 0x00,
    0x00, 0x00, 0x00, 0x00, 0x50, 0x67, 0x01, 0x00, 0x00, 0x00, 0x20, 0xFD, 0xFF, 0x3F, 0x00, 0x00,
    0x00, 0xC0, 0xFF, 0xFF, 0xCF, 0x00, 0x00, 0x00, 0xF3, 0xFF, 0xFF, 0xEF, 0x00, 0x00, 0x00, 0xF5,
    0xFF, 0xFF, 0xCF, 0x00, 0x00, 0x00, 0xF3, 0xFF, 0xFF, 0x5F, 0x00, 0x00, 0x00, 0x90, 0xFF, 0xFF,
    0x08, 0x00, 0x00, 0x00, 0x00, 0x73, 0x26, 0x00, 0x00, 0x00, 0x00, 0x00, 0x80, 0xFD, 0xAE, 0x00,
    0x80, 0xFD, 0xAE, 0x00, 0x00, 0xF8, 0xFF, 0xFF, 0x08, 0xF7, 0xFF, 0xFF, 0x08, 0x00, 0xFD, 0xFF,
    0xFF, 0x0A, 0xFC, 0xFF, 0xFF, 0x0A, 0x00, 0xFF, 0xFF, 0xFF, 0x08, 0xFF, 0xFF, 0xFF, 0x08, 0x20,
    0xFF, 0xFF, 0xFF, 0x14, 0xFF, 0xFF, 0xFF, 0x04, 0x50, 0xFF, 0xFF, 0xEF, 0x40, 0xFF, 0xFF, 0xEF,
    0x00, 0x80, 0xFF, 0xFF, 0x7F, 0x80, 0xFF, 0xFF, 0x8F, 0x00, 0xC0, 0xFF, 0xFF, 0x0E, 0xC0, 0xFF,
    0xFF, 0x0E, 0x00, 0xF0, 0xFF, 0xFF, 0x05, 0xF0, 0xFF, 0xFF, 0x05, 0x00, 0xF0, 0xFF, 0x9F, 0x00,
    0xF0, 0xFF, 0x9F, 0x00, 0x00, 0x50, 0xFD, 0x08, 0x00, 0x50, 0xFD, 0x08, 0x00, 0x00, 0x00, 0x00,
    0x00, 0x00, 0x00, 0x00, 0xE9, 0xBF, 0x03, 0x00, 0x40, 0xFD, 0x6D, 0x00, 0x00, 0x00, 0x00, 0x00,
    0x00, 0x80, 0xFF, 0xFF, 0x0C, 0x00, 0xF2, 0xFF, 0xFF, 0x03, 0x00, 0x00, 0x00, 0x00, 0x00, 0xF1,
    0xFF, 0xFF, 0x0B, 0x00, 0xFB, 0xFF, 0xFF, 0x02, 0x00, 0x00, 0x00, 0x00, 0x00, 0xF6, 0xFF, 0xFF,
    0x05, 0x10, 0xFF, 0xFF, 0xDF, 0x00, 0x00, 0x00, 0x00, 0x00, 0x00, 0xFB, 0xFF, 0xDF, 0x00, 0x70,
    0xFF, 0xFF, 0x5F, 0x00, 0x00, 0x00, 0x00, 0x00, 0x00, 0xFF, 0xFF, 0x5F, 0x00, 0xC0, 0xFF, 0xFF,
    0x0D, 0x00, 0x00, 0x00, 0x00, 0x00, 0x50, 0xFF, 0xFF, 0x0D, 0x00, 0xF3, 0xFF, 0xFF, 0x05, 0x00,
    0x00, 0x00, 0x00, 0x00, 0xB0, 0xFF, 0xFF, 0x08, 0x00, 0xFA, 0xFF, 0xFF, 0x01, 0x00, 0x00, 0x00,
    0xE8, 0xEF, 0xFE, 0xFF, 0xFF, 0xFF, 0xFF, 0xFF, 0xFF, 0xFF, 0xFF, 0x7E, 0x00, 0x50, 0xFF, 0xFF,
    0xFF, 0xFF, 0xFF, 0xFF, 0xFF, 0xFF, 0xFF, 0xFF, 0xFF, 0xDF, 0x00, 0x80, 0xFF, 0xFF, 0xFF, 0xFF,
    0xFF, 0xFF, 0xFF, 0xFF, 0xFF, 0xFF, 0xFF, 0xCF, 0x00, 0x70, 0xFF, 0xFF, 0xFF, 0xFF, 0xFF, 0xFF,
    0xFF, 0xFF, 0xFF, 0xFF, 0xFF, 0x7F, 0x00, 0x10, 0xFC, 0xFF, 0xFF, 0xFF, 0x04, 0x10, 0xFC, 0xFF,
    0xFF, 0xFF, 0xEF, 0x09, 0x00, 0x00, 0x00, 0xD0, 0xFF, 0xAF, 0x00, 0x00, 0xF9, 0xFF, 0x5F, 0x00,
    0x00, 0x00, 0x00, 0x00, 0x00, 0xF3, 0xFF, 0x5F, 0x00, 0x00, 0xFD, 0xFF, 0x0B, 0x00, 0x00, 0x00,
    0x10, 0x76, 0x88, 0xFE, 0xFF, 0x4F, 0x00, 0x81, 0xFF, 0xFF, 0x8D, 0x78, 0x02, 0x00, 0xD0, 0xFF,
    0xFF, 0xFF, 0xFF, 0xFF, 0xFF, 0xFF, 0xFF, 0xFF, 0xFF, 0xFF, 0x0E, 0x00, 0xF4, 0xFF, 0xFF, 0xFF,
    0xFF, 0xFF, 0xFF, 0xFF, 0xFF, 0xFF, 0xFF, 0xFF, 0x0F, 0x00, 0xF4, 0xFF, 0xFF, 0xFF, 0xFF, 0xFF,
    0xFF, 0xFF, 0xFF, 0xFF, 0xFF, 0xFF, 0x0A, 0x00, 0x50, 0xA7, 0xFF, 0xFF, 0xDF, 0x88, 0xD8, 0xFF,
    0xFF, 0x8E, 0x88, 0x57, 0x00, 0x00, 0x00, 0x20, 0xFF, 0xFF, 0x3F, 0x00, 0xA0, 0xFF, 0xFF, 0x06,
    0x00, 0x00, 0x00, 0x00, 0x00, 0x90, 0xFF, 0xFF, 0x0D, 0x00, 0xF1, 0xFF, 0xFF, 0x02, 0x00, 0x00,
    0x00, 0x00, 0x00, 0xF1, 0xFF, 0xFF, 0x08, 0x00, 0xF7, 0xFF, 0xEF, 0x00, 0x00, 0x00, 0x00, 0x00,
    0x00, 0xF8, 0xFF, 0xFF, 0x02, 0x00, 0xFD, 0xFF, 0x9F, 0x00, 0x00, 0x00, 0x00, 0x00, 0x00, 0xFF,
    0xFF, 0xDF, 0x00, 0x40, 0xFF, 0xFF, 0x5F, 0x00, 0x00, 0x00, 0x00, 0x00, 0x60, 0xFF, 0xFF, 0x8F,
    0x00, 0xB0, 0xFF, 0xFF, 0x1F, 0x00, 0x00, 0x00, 0x00, 0x00, 0x80, 0xFF, 0xFF, 0x2F, 0x00, 0xE0,
    0xFF, 0xFF, 0x0B, 0x00, 0x00, 0x00, 0x00, 0x00, 0x20, 0xFF, 0xFF, 0x08, 0x00, 0x90, 0xFF, 0xEF,
    0x02, 0x00, 0x00, 0x00, 0x00, 0x00, 0x00, 0x61, 0x37, 0x00, 0x00, 0x00, 0x74, 0x06, 0x00, 0x00,
    0x00, 0x00, 0x00, 0x00, 0x00, 0x00, 0x00, 0x00, 0x00, 0xE7, 0xDF, 0x03, 0x00, 0x00, 0x00, 0x00,
    0x00, 0x40, 0xFF, 0xFF, 0x0B, 0x00, 0x00, 0x00, 0x00, 0x00, 0x80, 0xFF, 0xFF, 0x09, 0x00, 0x00,
    0x00, 0x00, 0x00, 0xB0, 0xFF, 0xFF, 0x04, 0x00, 0x00, 0x00, 0x00, 0x00, 0xC0, 0xFF, 0xDF, 0x00,
    0x00, 0x00, 0x00, 0x00, 0xA5, 0xFD, 0xFF, 0xCF, 0x03, 0x00, 0x00, 0x00, 0xD3, 0xFF, 0xFF, 0xFF,
    0xFF, 0xAF, 0x00, 0x00, 0x30, 0xFF, 0xFF, 0xFF, 0xFF, 0xFF, 0xFF, 0x08, 0x00, 0xD0, 0xFF, 0xFF,
    0xFF, 0xFF, 0xFF, 0xFF, 0x0E, 0x00, 0xF2, 0xFF, 0xFF, 0xFF, 0xFD, 0xFF, 0xFF, 0x0F, 0x00, 0xF4,
    0xFF, 0xFF, 0x2F, 0x10, 0xFB, 0xFF, 0x0E, 0x00, 0xF1, 0xFF, 0xFF, 0x5F, 0x00, 0x80, 0xEF, 0x05,
    0x00, 0x70, 0xFF, 0xFF, 0xFF, 0x3B, 0x00, 0x00, 0x00, 0x00, 0x00, 0xE6, 0xFF, 0xFF, 0xFF, 0x3B,
    0x00, 0x00, 0x00, 0x00, 0x00, 0xD6, 0xFF, 0xFF, 0xFF, 0x06, 0x00, 0x30, 0xFE, 0x09, 0x00, 0xE4,
    0xFF, 0xFF, 0x3F, 0x00, 0xD0, 0xFF, 0xBF, 0x00, 0x70, 0xFF, 0xFF, 0x9F, 0x00, 0xF3, 0xFF, 0xFF,
    0x5D, 0xD4, 0xFF, 0xFF, 0xAF, 0x00, 0xF5, 0xFF, 0xFF, 0xFF, 0xFF, 0xFF, 0xFF, 0x9F, 0x00, 0xF3,
    0xFF, 0xFF, 0xFF, 0xFF, 0xFF, 0xFF, 0x5F, 0x00, 0xD0, 0xFF, 0xFF, 0xFF, 0xFF, 0xFF, 0xFF, 0x0C,
    0x00, 0x20, 0xFE, 0xFF, 0xFF, 0xFF, 0xFF, 0xDF, 0x02, 0x00, 0x00, 0x91, 0xFF, 0xFF, 0xFF, 0xEF,
    0x08, 0x00, 0x00, 0x00, 0x00, 0xF9, 0xFF, 0x4E, 0x02, 0x00, 0x00, 0x00, 0x00, 0x10, 0xFF, 0xFF,
    0x0B, 0x00, 0x00, 0x00, 0x00, 0x00, 0x70, 0xFF, 0xFF, 0x09, 0x00, 0x00, 0x00, 0x00, 0x00, 0xA0,
    0xFF, 0xFF, 0x06, 0x00, 0x00, 0x00, 0x00, 0x00, 0x80, 0xFF, 0xEF, 0x01, 0x00, 0x00, 0x00, 0x00,
    0x00, 0x00, 0x75, 0x06, 0x00, 0x00, 0x00, 0x00, 0x00, 0x00, 0x00, 0x00, 0xA3, 0xFE, 0xAE, 0x02,
    0x00, 0x00, 0x00, 0x50, 0xFE, 0x1A, 0x00, 0x00, 0x80, 0xFF, 0xFF, 0xFF, 0x2F, 0x00, 0x00, 0x00,
    0xF5, 0xFF, 0xBF, 0x00, 0x00, 0xF9, 0xFF, 0xFF, 0xFF, 0xAF, 0x00, 0x00, 0x20, 0xFF, 0xFF, 0xDF,
    0x00, 0x50, 0xFF, 0xFF, 0xFF, 0xFF, 0xEF, 0x00, 0x00, 0xD0, 0xFF, 0xFF, 0x7F, 0x00, 0xE0, 0xFF,
    0x4F, 0x50, 0xFF, 0xFF, 0x00, 0x00, 0xFA, 0xFF, 0xFF, 0x0B, 0x00, 0xF5, 0xFF, 0x06, 0x00, 0xFF,
    0xEF, 0x00, 0x60, 0xFF, 0xFF, 0xCF, 0x00, 0x00, 0xF9, 0xFF, 0x03, 0x30, 0xFF, 0xBF, 0x00, 0xF2,
    0xFF, 0xFF, 0x0C, 0x00, 0x00, 0xFC, 0xFF, 0x09, 0xE3, 0xFF, 0x7F, 0x00, 0xFD, 0xFF, 0xCF, 0x00,
    0x00, 0x00, 0xFD, 0xFF, 0xFF, 0xFF, 0xFF, 0x0E, 0xA0, 0xFF, 0xFF, 0x1C, 0x00, 0x00, 0x00, 0xFB,
    0xFF, 0xFF, 0xFF, 0xFF, 0x05, 0xF6, 0xFF, 0xDF, 0x01, 0x00, 0x00, 0x00, 0xF7, 0xFF, 0xFF, 0xFF,
    0x9F, 0x30, 0xFF, 0xFF, 0x1D, 0x00, 0x00, 0x00, 0x00, 0xD0, 0xFF, 0xFF, 0xFF, 0x08, 0xE1, 0xFF,
    0xEF, 0x01, 0x00, 0x00, 0x00, 0x00, 0x10, 0xE9, 0xEF, 0x3A, 0x00, 0xFC, 0xFF, 0x2E, 0x00, 0x00,
    0x00, 0x00, 0x00, 0x00, 0x00, 0x00, 0x00, 0x90, 0xFF, 0xFF, 0x03, 0x00, 0x00, 0x00, 0x00, 0x00,
    0x00, 0x00, 0x00, 0x00, 0xF7, 0xFF, 0x5F, 0x00, 0x00, 0x00, 0x00, 0x00, 0x00, 0x00, 0x00, 0x00,
    0x50, 0xFF, 0xFF, 0x07, 0x00, 0x00, 0x00, 0x00, 0x00, 0x00, 0x00, 0x00, 0x00, 0xF4, 0xFF, 0xAF,
    0x00, 0x50, 0xEB, 0xEF, 0x19, 0x00, 0x00, 0x00, 0x00, 0x30, 0xFF, 0xFF, 0x0D, 0x10, 0xFB, 0xFF,
    0xFF, 0xDF, 0x00, 0x00, 0x00, 0x00, 0xE2, 0xFF, 0xFF, 0x02, 0xD1, 0xFF, 0xFF, 0xFF, 0xFF, 0x06,
    0x00, 0x00, 0x20, 0xFE, 0xFF, 0x6F, 0x00, 0xFB, 0xFF, 0xFF, 0xFF, 0xFF, 0x0A, 0x00, 0x00, 0xE1,
    0xFF, 0xFF, 0x0A, 0x40, 0xFF, 0xCF, 0x02, 0xF8, 0xFF, 0x0B, 0x00, 0x10, 0xFD, 0xFF, 0xEF, 0x01,
    0xA0, 0xFF, 0x1F, 0x00, 0xF4, 0xFF, 0x0A, 0x00, 0xD1, 0xFF, 0xFF, 0x3F, 0x00, 0xE0, 0xFF, 0x0F,
    0x00, 0xFB, 0xFF, 0x06, 0x00, 0xFC, 0xFF, 0xFF, 0x08, 0x00, 0xF1, 0xFF, 0xCF, 0xC8, 0xFF, 0xFF,
    0x01, 0xB0, 0xFF, 0xFF, 0xCF, 0x00, 0x00, 0xF1, 0xFF, 0xFF, 0xFF, 0xFF, 0x8F, 0x00, 0xF2, 0xFF,
    0xFF, 0x1E, 0x00, 0x00, 0xE0, 0xFF, 0xFF, 0xFF, 0xFF, 0x0D, 0x00, 0xF3, 0xFF, 0xFF, 0x05, 0x00,
    0x00, 0x80, 0xFF, 0xFF, 0xFF, 0xCF, 0x01, 0x00, 0xA0, 0xFF, 0x7F, 0x00, 0x00, 0x00, 0x00, 0xFB,
    0xFF, 0xFF, 0x09, 0x00, 0x00, 0x00, 0x74, 0x03, 0x00, 0x00, 0x00, 0x00, 0x30, 0x77, 0x15, 0x00,
    0x00, 0x00, 0x00, 0x00, 0x00, 0x00, 0x00, 0x10, 0xC7, 0xFE, 0xCE, 0x18, 0x00, 0x00, 0x00, 0x00,
    0x00, 0x00, 0xF5, 0xFF, 0xFF, 0xFF, 0xFF, 0x05, 0x00, 0x00, 0x00, 0x00, 0x60, 0xFF, 0xFF, 0xFF,
    0xFF, 0xFF, 0x3F, 0x00, 0x00, 0x00, 0x00, 0xF2, 0xFF, 0xFF, 0xFF, 0xFF, 0xFF, 0xAF, 0x00, 0x00,
    0x00, 0x00, 0xFA, 0xFF, 0xFF, 0xFF, 0xFF, 0xFF, 0xDF, 0x00, 0x00, 0x00, 0x00, 0xFE, 0xFF, 0xFF,
    0xFF, 0xFF, 0xFF, 0xDF, 0x00, 0x00, 0x00, 0x30, 0xFF, 0xFF, 0xAF, 0x21, 0xFF, 0xFF, 0xBF, 0x00,
    0x00, 0x00, 0x40, 0xFF, 0xFF, 0x0F, 0x00, 0xFD, 0xFF, 0x5F, 0x00, 0x00, 0x00, 0x50, 0xFF, 0xFF,
    0x0D, 0x20, 0xFF, 0xFF, 0x0C, 0x00, 0x00, 0x00, 0x50, 0xFF, 0xFF, 0x1F, 0xE2, 0xFF, 0xEF, 0x01,
    0x00, 0x00, 0x00, 0x30, 0xFF, 0xFF, 0xFF, 0xFF, 0xFF, 0x2D, 0x00, 0x00, 0x00, 0x00, 0x30, 0xFF,
    0xFF, 0xFF, 0xFF, 0xAF, 0x01, 0x00, 0x00, 0x00, 0x00, 0xB2, 0xFF, 0xFF, 0xFF, 0xCF, 0x04, 0x00,
    0x00, 0x00, 0x00, 0x91, 0xFF, 0xFF, 0xFF, 0xEF, 0x03, 0x10, 0x47, 0x00, 0x00, 0x30, 0xFE, 0xFF,
    0xFF, 0xFF, 0xCF, 0x00, 0xC0, 0xFF, 0x08, 0x00, 0xF4, 0xFF, 0xFF, 0xFF, 0xFF, 0xFF, 0x01, 0xF5,
    0xFF, 0x2F, 0x20, 0xFF, 0xFF, 0x4F, 0xF1, 0xFF, 0xFF, 0x05, 0xFC, 0xFF, 0x6F, 0xC0, 0xFF, 0xFF,
    0x08, 0xB0, 0xFF, 0xFF, 0x5C, 0xFF, 0xFF, 0x6F, 0xF3, 0xFF, 0xFF, 0x03, 0x50, 0xFF, 0xFF, 0xFF,
    0xFF, 0xFF, 0x3F, 0xF9, 0xFF, 0xFF, 0x02, 0x00, 0xFE, 0xFF, 0xFF, 0xFF, 0xFF, 0x0B, 0xFB, 0xFF,
    0xFF, 0x05, 0x00, 0xF9, 0xFF, 0xFF, 0xFF, 0xFF, 0x02, 0xFC, 0xFF, 0xFF, 0x0D, 0x00, 0xF4, 0xFF,
    0xFF, 0xFF, 0x6F, 0x00, 0xFA, 0xFF, 0xFF, 0xEF, 0x99, 0xFD, 0xFF, 0xFF, 0xFF, 0x7F, 0x00, 0xF7,
    0xFF, 0xFF, 0xFF, 0xFF, 0xFF, 0xFF, 0xFF, 0xFF, 0xFF, 0x08, 0xF1, 0xFF, 0xFF, 0xFF, 0xFF, 0xFF,
    0xFF, 0xFF, 0xFF, 0xFF, 0x9F, 0x60, 0xFF, 0xFF, 0xFF, 0xFF, 0xFF, 0xFF, 0xFF, 0xFF, 0xFF, 0xDF,
    0x00, 0xF8, 0xFF, 0xFF, 0xFF, 0xFF, 0xEF, 0xE9, 0xFF, 0xFF, 0x6F, 0x00, 0x40, 0xFC, 0xFF, 0xFF,
    0xCF, 0x05, 0x10, 0xFB, 0xFF, 0x0A, 0x00, 0x00, 0x20, 0x75, 0x57, 0x02, 0x00, 0x00, 0x40, 0x47,
    0x00, 0x00, 0x80, 0xFD, 0xAE, 0x00, 0x00, 0xF8, 0xFF, 0xFF, 0x08, 0x00, 0xFD, 0xFF, 0xFF, 0x0A,
    0x00, 0xFF, 0xFF, 0xFF, 0x08, 0x20, 0xFF, 0xFF, 0xFF, 0x04, 0x50, 0xFF, 0xFF, 0xEF, 0x00, 0x80,
    0xFF, 0xFF, 0x7F, 0x00, 0xC0, 0xFF, 0xFF, 0x0E, 0x00, 0xF0, 0xFF, 0xFF, 0x05, 0x00, 0xF0, 0xFF,
    0x9F, 0x00, 0x00, 0x50, 0xFD, 0x08, 0x00, 0x00, 0x00, 0x00, 0x00, 0x00, 0x00, 0xB5, 0xFE, 0x2B,
    0x00, 0x00, 0x00, 0x00, 0x00, 0xC2, 0xFF, 0xFF, 0xDF, 0x00, 0x00, 0x00, 0x00, 0x30, 0xFF, 0xFF,
    0xFF, 0xFF, 0x03, 0x00, 0x00, 0x00, 0xF3, 0xFF, 0xFF, 0xFF, 0xFF, 0x02, 0x00, 0x00, 0x10, 0xFE,
    0xFF, 0xFF, 0xFF, 0xCF, 0x00, 0x00, 0x00, 0xB0, 0xFF, 0xFF, 0xFF, 0xFF, 0x2E, 0x00, 0x00, 0x00,
    0xF5, 0xFF, 0xFF, 0xFF, 0xBF, 0x01, 0x00, 0x00, 0x00, 0xFD, 0xFF, 0xFF, 0xFF, 0x07, 0x00, 0x00,
    0x00, 0x60, 0xFF, 0xFF, 0xFF, 0x7F, 0x00, 0x00, 0x00, 0x00, 0xD0, 0xFF, 0xFF, 0xFF, 0x0A, 0x00,
    0x00, 0x00, 0x00, 0xF3, 0xFF, 0xFF, 0xFF, 0x01, 0x00, 0x00, 0x00, 0x00, 0xF9, 0xFF, 0xFF, 0x7F,
    0x00, 0x00, 0x00, 0x00, 0x00, 0xFE, 0xFF, 0xFF, 0x0E, 0x00, 0x00, 0x00, 0x00, 0x30, 0xFF, 0xFF,
    0xFF, 0x09, 0x00, 0x00, 0x00, 0x00, 0x70, 0xFF, 0xFF, 0xFF, 0x03, 0x00, 0x00, 0x00, 0x00, 0xB0,
    0xFF, 0xFF, 0xFF, 0x00, 0x00, 0x00, 0x00, 0x00, 0xE0, 0xFF, 0xFF, 0xCF, 0x00, 0x00, 0x00, 0x00,
    0x00, 0xF0, 0xFF, 0xFF, 0x9F, 0x00, 0x00, 0x00, 0x00, 0x00, 0xF2, 0xFF, 0xFF, 0x7F, 0x00, 0x00,
    0x00, 0x00, 0x00, 0xF4, 0xFF, 0xFF, 0x6F, 0x00, 0x00, 0x00, 0x00, 0x00, 0xF5, 0xFF, 0xFF, 0x5F,
    0x00, 0x00, 0x00, 0x00, 0x00, 0xF6, 0xFF, 0xFF, 0x5F, 0x00, 0x00, 0x00, 0x00, 0x00, 0xF6, 0xFF,
    0xFF, 0x6F, 0x00, 0x00, 0x00, 0x00, 0x00, 0xF5, 0xFF, 0xFF, 0x8F, 0x00, 0x00, 0x00, 0x00, 0x00,
    0xF4, 0xFF, 0xFF, 0xBF, 0x00, 0x00, 0x00, 0x00, 0x00, 0xF2, 0xFF, 0xFF, 0xFF, 0x00, 0x00, 0x00,
    0x00, 0x00, 0xF0, 0xFF, 0xFF, 0xFF, 0x03, 0x00, 0x00, 0x00, 0x00, 0xC0, 0xFF, 0xFF, 0xFF, 0x0A,
    0x00, 0x00, 0x00, 0x00, 0x80, 0xFF, 0xFF, 0xFF, 0x1F, 0x00, 0x00, 0x00, 0x00, 0x30, 0xFF, 0xFF,
    0xFF, 0x8F, 0x00, 0x00, 0x00, 0x00, 0x00, 0xFD, 0xFF, 0xFF, 0xDF, 0x00, 0x00, 0x00, 0x00, 0x00,
    0xF4, 0xFF, 0xFF, 0xFF, 0x00, 0x00, 0x00, 0x00, 0x00, 0xB0, 0xFF, 0xFF, 0xCF, 0x00, 0x00, 0x00,
    0x00, 0x00, 0x10, 0xFC, 0xFF, 0x3E, 0x00, 0x00, 0x00, 0x00, 0x00, 0x00, 0x40, 0x57, 0x00, 0x00,
    0x00, 0x00, 0x00, 0x00, 0x00, 0x00, 0x20, 0xEA, 0xAE, 0x01, 0x00, 0x00, 0x00, 0x00, 0x00, 0xD0,
    0xFF, 0xFF, 0x1E, 0x00, 0x00, 0x00, 0x00, 0x00, 0xF4, 0xFF, 0xFF, 0xAF, 0x00, 0x00, 0x00, 0x00,
    0x00, 0xF4, 0xFF, 0xFF, 0xFF, 0x03, 0x00, 0x00, 0x00, 0x00, 0xF1, 0xFF, 0xFF, 0xFF, 0x0A, 0x00,
    0x00, 0x00, 0x00, 0xA0, 0xFF, 0xFF, 0xFF, 0x0F, 0x00, 0x00, 0x00, 0x00, 0x30, 0xFF, 0xFF, 0xFF,
    0x4F, 0x00, 0x00, 0x00, 0x00, 0x00, 0xFC, 0xFF, 0xFF, 0x8F, 0x00, 0x00, 0x00, 0x00, 0x00, 0xF7,
    0xFF, 0xFF, 0xBF, 0x00, 0x00, 0x00, 0x00, 0x00, 0xF3, 0xFF, 0xFF, 0xEF, 0x00, 0x00, 0x00, 0x00,
    0x00, 0xF0, 0xFF, 0xFF, 0xFF, 0x00, 0x00, 0x00, 0x00, 0x00, 0xD0, 0xFF, 0xFF, 0xFF, 0x00, 0x00,
    0x00, 0x00, 0x00, 0xC0, 0xFF, 0xFF, 0xFF, 0x00, 0x00, 0x00, 0x00, 0x00, 0xB0, 0xFF, 0xFF, 0xFF,
    0x00, 0x00, 0x00, 0x00, 0x00, 0xB0, 0xFF, 0xFF, 0xFF, 0x00, 0x00, 0x00, 0x00, 0x00, 0xD0, 0xFF,
    0xFF, 0xDF, 0x00, 0x00, 0x00, 0x00, 0x00, 0xE0, 0xFF, 0xFF, 0xBF, 0x00, 0x00, 0x00, 0x00, 0x00,
    0xF0, 0xFF, 0xFF, 0x9F, 0x00, 0x00, 0x00, 0x00, 0x00, 0xF4, 0xFF, 0xFF, 0x6F, 0x00, 0x00, 0x00,
    0x00, 0x00, 0xF7, 0xFF, 0xFF, 0x3F, 0x00, 0x00, 0x00, 0x00, 0x00, 0xFC, 0xFF, 0xFF, 0x0F, 0x00,
    0x00, 0x00, 0x00, 0x20, 0xFF, 0xFF, 0xFF, 0x0A, 0x00, 0x00, 0x00, 0x00, 0x90, 0xFF, 0xFF, 0xFF,
    0x06, 0x00, 0x00, 0x00, 0x00, 0xF2, 0xFF, 0xFF, 0xFF, 0x01, 0x00, 0x00, 0x00, 0x00, 0xFA, 0xFF,
    0xFF, 0xAF, 0x00, 0x00, 0x00, 0x00, 0x60, 0xFF, 0xFF, 0xFF, 0x3F, 0x00, 0x00, 0x00, 0x00, 0xF5,
    0xFF, 0xFF, 0xFF, 0x0B, 0x00, 0x00, 0x00, 0x70, 0xFF, 0xFF, 0xFF, 0xFF, 0x03, 0x00, 0x00, 0x10,
    0xFC, 0xFF, 0xFF, 0xFF, 0xAF, 0x00, 0x00, 0x00, 0xD0, 0xFF, 0xFF, 0xFF, 0xFF, 0x1E, 0x00, 0x00,
    0x00, 0xF5, 0xFF, 0xFF, 0xFF, 0xFF, 0x03, 0x00, 0x00, 0x00, 0xF8, 0xFF, 0xFF, 0xFF, 0x5F, 0x00,
    0x00, 0x00, 0x00, 0xF7, 0xFF, 0xFF, 0xFF, 0x04, 0x00, 0x00, 0x00, 0x00, 0xD1, 0xFF, 0xFF, 0x1A,
    0x00, 0x00, 0x00, 0x00, 0x00, 0x00, 0x75, 0x15, 0x00, 0x00, 0x00, 0x00, 0x00, 0x00, 0x00, 0x00,
    0x60, 0xEE, 0x04, 0x00, 0x00, 0x00, 0x00, 0xE0, 0xFF, 0x0B, 0x00, 0x00, 0xA0, 0x7D, 0xD0, 0xFF,
    0x08, 0x00, 0x00, 0xF5, 0xFF, 0x85, 0xEF, 0x91, 0xCF, 0x01, 0xF4, 0xFF, 0x6E, 0x7F, 0xFA, 0xFF,
    0x07, 0x60, 0xFD, 0xFF, 0xFF, 0xFF, 0xFF, 0x05, 0x00, 0x10, 0xF9, 0xFF, 0xFF, 0x9F, 0x00, 0xE5,
    0xFF, 0xFF, 0xFF, 0x26, 0x00, 0x00, 0xFE, 0xFF, 0xD4, 0x3E, 0xFF, 0x5E, 0x00, 0xFE, 0x7F, 0xF4,
    0x0F, 0xFB, 0xEF, 0x00, 0xF6, 0x09, 0xFD, 0x4F, 0xF5, 0xCF, 0x00, 0x00, 0x10, 0xFF, 0x7F, 0x70,
    0x29, 0x00, 0x00, 0x00, 0xFA, 0x1C, 0x00, 0x00, 0x00, 0x00, 0x00, 0x00, 0x00, 0x00, 0xE9, 0x6E,
    0x00, 0x00, 0x00, 0x00, 0x00, 0x00, 0x00, 0x90, 0xFF, 0xFF, 0x01, 0x00, 0x00, 0x00, 0x00, 0x00,
    0x00, 0xF0, 0xFF, 0xFF, 0x03, 0x00, 0x00, 0x00, 0x00, 0x00, 0x00, 0xF3, 0xFF, 0xFF, 0x00, 0x00,
    0x00, 0x00, 0x00, 0x00, 0x00, 0xF4, 0xFF, 0xAF, 0x00, 0x00, 0x00, 0x00, 0x00, 0x00, 0x00, 0xF5,
    0xFF, 0x3F, 0x00, 0x00, 0x00, 0x00, 0x00, 0x00, 0x00, 0xF7, 0xFF, 0x0E, 0x00, 0x00, 0x00, 0x10,
    0xE9, 0xDF, 0x8A, 0xFF, 0xFF, 0xAF, 0xD9, 0xDF, 0x04, 0xA0, 0xFF, 0xFF, 0xFF, 0xFF, 0xFF, 0xFF,
    0xFF, 0xFF, 0x0D, 0xF0, 0xFF, 0xFF, 0xFF, 0xFF, 0xFF, 0xFF, 0xFF, 0xFF, 0x0F, 0xF0, 0xFF, 0xFF,
    0xFF, 0xFF, 0xFF, 0xFF, 0xFF, 0xFF, 0x0A, 0x50, 0xFD, 0xFF, 0xFF, 0xFF, 0xFF, 0xFF, 0xFF, 0xAF,
    0x01, 0x00, 0x00, 0x00, 0xF4, 0xFF, 0x4F, 0x00, 0x00, 0x00, 0x00, 0x00, 0x00, 0x00, 0xF2, 0xFF,
    0x0F, 0x00, 0x00, 0x00, 0x00, 0x00, 0x00, 0x00, 0xF9, 0xFF, 0x0F, 0x00, 0x00, 0x00, 0x00, 0x00,
    0x00, 0x00, 0xFF, 0xFF, 0x0E, 0x00, 0x00, 0x00, 0x00, 0x00, 0x00, 0x50, 0xFF, 0xFF, 0x0C, 0x00,
    0x00, 0x00, 0x00, 0x00, 0x00, 0x90, 0xFF, 0xFF, 0x0A, 0x00, 0x00, 0x00, 0x00, 0x00, 0x00, 0x90,
    0xFF, 0xFF, 0x05, 0x00, 0x00, 0x00, 0x00, 0x00, 0x00, 0x40, 0xFF, 0xAF, 0x00, 0x00, 0x00, 0x00,
    0x00, 0x00, 0x00, 0x00, 0x73, 0x05, 0x00, 0x00, 0x00, 0x00, 0x00, 0x00, 0x00, 0xD7, 0xDF, 0x05,
    0x00, 0xA0, 0xFF, 0xFF, 0x3F, 0x00, 0xF4, 0xFF, 0xFF, 0x9F, 0x00, 0xF9, 0xFF, 0xFF, 0xAF, 0x00,
    0xF9, 0xFF, 0xFF, 0x9F, 0x00, 0xF3, 0xFF, 0xFF, 0x6F, 0x00, 0x20, 0xFB, 0xFF, 0x1F, 0x00, 0x00,
    0xF0, 0xFF, 0x0B, 0x00, 0x40, 0xFD, 0xFF, 0x02, 0x30, 0xFC, 0xFF, 0x7F, 0x00, 0xF1, 0xFF, 0xFF,
    0x08, 0x00, 0xB0, 0xFF, 0x4B, 0x00, 0x00, 0x00, 0xE7, 0xAE, 0x15, 0x20, 0xB6, 0xCF, 0x01, 0x70,
    0xFF, 0xFF, 0xFF, 0xFF, 0xFF, 0xFF, 0x07, 0xE0, 0xFF, 0xFF, 0xFF, 0xFF, 0xFF, 0xFF, 0x08, 0xF1,
    0xFF, 0xFF, 0xFF, 0xFF, 0xFF, 0xFF, 0x06, 0xF0, 0xFF, 0xFF, 0xFF, 0xFF, 0xFF, 0xDF, 0x00, 0x80,
    0xFF, 0xFF, 0xFF, 0xFF, 0xFF, 0x2B, 0x00, 0x00, 0x61, 0x57, 0x00, 0x50, 0xFF, 0xFF, 0x0C, 0xF2,
    0xFF, 0xFF, 0x6F, 0xF8, 0xFF, 0xFF, 0x9F, 0xFA, 0xFF, 0xFF, 0x7F, 0xF8, 0xFF, 0xFF, 0x1E, 0xD1,
    0xFF, 0xEF, 0x03, 0x00, 0x75, 0x05, 0x00, 0x00, 0x00, 0x00, 0x00, 0x00, 0x00, 0x90, 0xEF, 0x07,
    0x00, 0x00, 0x00, 0x00, 0x00, 0x00, 0xF8, 0xFF, 0x3F, 0x00, 0x00, 0x00, 0x00, 0x00, 0x00, 0xFF,
    0xFF, 0x5F, 0x00, 0x00, 0x00, 0x00, 0x00, 0x60, 0xFF, 0xFF, 0x2F, 0x00, 0x00, 0x00, 0x00, 0x00,
    0xC0, 0xFF, 0xFF, 0x0B, 0x00, 0x00, 0x00, 0x00, 0x00, 0xF2, 0xFF, 0xFF, 0x03, 0x00, 0x00, 0x00,
    0x00, 0x00, 0xF9, 0xFF, 0xBF, 0x00, 0x00, 0x00, 0x00, 0x00, 0x00, 0xFE, 0xFF, 0x3F, 0x00, 0x00,
    0x00, 0x00, 0x00, 0x50, 0xFF, 0xFF, 0x0B, 0x00, 0x00, 0x00, 0x00, 0x00, 0xB0, 0xFF, 0xFF, 0x03,
    0x00, 0x00, 0x00, 0x00, 0x00, 0xF1, 0xFF, 0xBF, 0x00, 0x00, 0x00, 0x00, 0x00, 0x00, 0xF8, 0xFF,
    0x3F, 0x00, 0x00, 0x00, 0x00, 0x00, 0x00, 0xFE, 0xFF, 0x0B, 0x00, 0x00, 0x00, 0x00, 0x00, 0x50,
    0xFF, 0xFF, 0x04, 0x00, 0x00, 0x00, 0x00, 0x00, 0xC0, 0xFF, 0xCF, 0x00, 0x00, 0x00, 0x00, 0x00,
    0x00, 0xF2, 0xFF, 0x4F, 0x00, 0x00, 0x00, 0x00, 0x00, 0x00, 0xFA, 0xFF, 0x0D, 0x00, 0x00, 0x00,
    0x00, 0x00, 0x10, 0xFF, 0xFF, 0x06, 0x00, 0x00, 0x00, 0x00, 0x00, 0x90, 0xFF, 0xEF, 0x00, 0x00,
    0x00, 0x00, 0x00, 0x00, 0xF1, 0xFF, 0x8F, 0x00, 0x00, 0x00, 0x00, 0x00, 0x00, 0xF8, 0xFF, 0x2F,
    0x00, 0x00, 0x00, 0x00, 0x00, 0x10, 0xFF, 0xFF, 0x0C, 0x00, 0x00, 0x00, 0x00, 0x00, 0x80, 0xFF,
    0xFF, 0x05, 0x00, 0x00, 0x00, 0x00, 0x00, 0xF1, 0xFF, 0xEF, 0x00, 0x00, 0x00, 0x00, 0x00, 0x00,
    0xF8, 0xFF, 0x9F, 0x00, 0x00, 0x00, 0x00, 0x00, 0x10, 0xFF, 0xFF, 0x3F, 0x00, 0x00, 0x00, 0x00,
    0x00, 0x80, 0xFF, 0xFF, 0x0D, 0x00, 0x00, 0x00, 0x00, 0x00, 0xF1, 0xFF, 0xFF, 0x06, 0x00, 0x00,
    0x00, 0x00, 0x00, 0xF8, 0xFF, 0xFF, 0x01, 0x00, 0x00, 0x00, 0x00, 0x00, 0xFD, 0xFF, 0xAF, 0x00,
    0x00, 0x00, 0x00, 0x00, 0x00, 0xFD, 0xFF, 0x4F, 0x00, 0x00, 0x00, 0x00, 0x00, 0x00, 0xF6, 0xFF,
    0x0A, 0x00, 0x00, 0x00, 0x00, 0x00, 0x00, 0x30, 0x56, 0x00, 0x00, 0x00, 0x00, 0x00, 0x00, 0x00,
    0x00, 0x00, 0x00, 0x00, 0x00, 0xA5, 0xFD, 0xDF, 0x5A, 0x00, 0x00, 0x00, 0x00, 0x00, 0x00, 0x00,
    0xE6, 0xFF, 0xFF, 0xFF, 0xFF, 0x3D, 0x00, 0x00, 0x00, 0x00, 0x00, 0xA0, 0xFF, 0xFF, 0xFF, 0xFF,
    0xFF, 0xFF, 0x04, 0x00, 0x00, 0x00, 0x10, 0xFC, 0xFF, 0xFF, 0xFF, 0xFF, 0xFF, 0xFF, 0x1E, 0x00,
    0x00, 0x00, 0xC0, 0xFF, 0xFF, 0xFF, 0xFF, 0xFF, 0xFF, 0xFF, 0x9F, 0x00, 0x00, 0x00, 0xF9, 0xFF,
    0xFF, 0xFF, 0xFF, 0xFF, 0xFF, 0xFF, 0xFF, 0x00, 0x00, 0x40, 0xFF, 0xFF, 0xFF, 0xFF, 0xFF, 0xFF,
    0xFF, 0xFF, 0xFF, 0x04, 0x00, 0xD0, 0xFF, 0xFF, 0xFF, 0x39, 0x11, 0xE5, 0xFF, 0xFF, 0xFF, 0x07,
    0x00, 0xF6, 0xFF, 0xFF, 0x4F, 0x00, 0x00, 0x20, 0xFF, 0xFF, 0xFF, 0x09, 0x00, 0xFD, 0xFF, 0xFF,
    0x05, 0x00, 0x00, 0x00, 0xF8, 0xFF, 0xFF, 0x0B, 0x30, 0xFF, 0xFF, 0xBF, 0x00, 0x00, 0x00, 0x00,
    0xF4, 0xFF, 0xFF, 0x0B, 0x90, 0xFF, 0xFF, 0x3F, 0x00, 0x00, 0x00, 0x00, 0xF2, 0xFF, 0xFF, 0x0A,
    0xD0, 0xFF, 0xFF, 0x0D, 0x00, 0x00, 0x00, 0x00, 0xF2, 0xFF, 0xFF, 0x09, 0xF1, 0xFF, 0xFF, 0x09,
    0x00, 0x00, 0x00, 0x00, 0xF4, 0xFF, 0xFF, 0x07, 0xF4, 0xFF, 0xFF, 0x07, 0x00, 0x00, 0x00, 0x00,
    0xF8, 0xFF, 0xFF, 0x04, 0xF6, 0xFF, 0xFF, 0x06, 0x00, 0x00, 0x00, 0x00, 0xFD, 0xFF, 0xFF, 0x01,
    0xF7, 0xFF, 0xFF, 0x07, 0x00, 0x00, 0x00, 0x40, 0xFF, 0xFF, 0xCF, 0x00, 0xF8, 0xFF, 0xFF, 0x0B,
    0x00, 0x00, 0x00, 0xC0, 0xFF, 0xFF, 0x7F, 0x00, 0xF8, 0xFF, 0xFF, 0x2F, 0x00, 0x00, 0x00, 0xF9,
    0xFF, 0xFF, 0x1F, 0x00, 0xF7, 0xFF, 0xFF, 0xDF, 0x01, 0x00, 0x90, 0xFF, 0xFF, 0xFF, 0x0A, 0x00,
    0xF5, 0xFF, 0xFF, 0xFF, 0xAF, 0xA8, 0xFE, 0xFF, 0xFF, 0xFF, 0x02, 0x00, 0xF2, 0xFF, 0xFF, 0xFF,
    0xFF, 0xFF, 0xFF, 0xFF, 0xFF, 0x8F, 0x00, 0x00, 0xE0, 0xFF, 0xFF, 0xFF, 0xFF, 0xFF, 0xFF, 0xFF,
    0xFF, 0x0D, 0x00, 0x00, 0x80, 0xFF, 0xFF, 0xFF, 0xFF, 0xFF, 0xFF, 0xFF, 0xEF, 0x02, 0x00, 0x00,
    0x20, 0xFF, 0xFF, 0xFF, 0xFF, 0xFF, 0xFF, 0xFF, 0x4F, 0x00, 0x00, 0x00, 0x00, 0xF7, 0xFF, 0xFF,
    0xFF, 0xFF, 0xFF, 0xEF, 0x03, 0x00, 0x00, 0x00, 0x00, 0x90, 0xFF, 0xFF, 0xFF, 0xFF, 0xFF, 0x1B,
    0x00, 0x00, 0x00, 0x00, 0x00, 0x00, 0xD5, 0xFF, 0xFF, 0xFF, 0x4C, 0x00, 0x00, 0x00, 0x00, 0x00,
    0x00, 0x00, 0x00, 0x63, 0x67, 0x15, 0x00, 0x00, 0x00, 0x00, 0x00, 0x00, 0x00, 0x00, 0x00, 0x00,
    0x30, 0xFC, 0x8E, 0x00, 0x00, 0x00, 0x00, 0x00, 0xF4, 0xFF, 0xFF, 0x06, 0x00, 0x00, 0x00, 0x40,
    0xFF, 0xFF, 0xFF, 0x09, 0x00, 0x00, 0x00, 0xF5, 0xFF, 0xFF, 0xFF, 0x08, 0x00, 0x00, 0x80, 0xFF,
    0xFF, 0xFF, 0xFF, 0x04, 0x00, 0x00, 0xFB, 0xFF, 0xFF, 0xFF, 0xFF, 0x00, 0x00, 0xC0, 0xFF, 0xFF,
    0xFF, 0xFF, 0x9F, 0x00, 0x00, 0xF6, 0xFF, 0xFF, 0xFF, 0xFF, 0x3F, 0x00, 0x00, 0xF8, 0xFF, 0xFF,
    0xFF, 0xFF, 0x0D, 0x00, 0x00, 0xF3, 0xFF, 0xFF, 0xFF, 0xFF, 0x07, 0x00, 0x00, 0x10, 0xE4, 0xFF,
    0xFF, 0xFF, 0x01, 0x00, 0x00, 0x00, 0x90, 0xFF, 0xFF, 0xCF, 0x00, 0x00, 0x00, 0x00, 0xB0, 0xFF,
    0xFF, 0x7F, 0x00, 0x00, 0x00, 0x00, 0xE0, 0xFF, 0xFF, 0x2F, 0x00, 0x00, 0x00, 0x00, 0xF3, 0xFF,
    0xFF, 0x0E, 0x00, 0x00, 0x00, 0x00, 0xF8, 0xFF, 0xFF, 0x0A, 0x00, 0x00, 0x00, 0x00, 0xFD, 0xFF,
    0xFF, 0x07, 0x00, 0x00, 0x00, 0x30, 0xFF, 0xFF, 0xFF, 0x04, 0x00, 0x00, 0x00, 0x90, 0xFF, 0xFF,
    0xFF, 0x01, 0x00, 0x00, 0x00, 0xF0, 0xFF, 0xFF, 0xFF, 0x00, 0x00, 0x00, 0x00, 0xF6, 0xFF, 0xFF,
    0xDF, 0x00, 0x00, 0x00, 0x00, 0xFC, 0xFF, 0xFF, 0xBF, 0x00, 0x00, 0x00, 0x20, 0xFF, 0xFF, 0xFF,
    0x9F, 0x00, 0x00, 0x00, 0x90, 0xFF, 0xFF, 0xFF, 0x7F, 0x00, 0x00, 0x00, 0xD0, 0xFF, 0xFF, 0xFF,
    0x6F, 0x00, 0x00, 0x00, 0xF0, 0xFF, 0xFF, 0xFF, 0x3F, 0x00, 0x00, 0x00, 0xF0, 0xFF, 0xFF, 0xFF,
    0x0D, 0x00, 0x00, 0x00, 0x70, 0xFF, 0xFF, 0xCF, 0x02, 0x00, 0x00, 0x00, 0x00, 0x62, 0x67, 0x03,
    0x00, 0x00, 0x00, 0x00, 0x00, 0x00, 0x00, 0x00, 0x00, 0x72, 0xDB, 0xFF, 0xCE, 0x48, 0x00, 0x00,
    0x00, 0x00, 0x00, 0x00, 0xC3, 0xFF, 0xFF, 0xFF, 0xFF, 0xFF, 0x2C, 0x00, 0x00, 0x00, 0x00, 0x70,
    0xFF, 0xFF, 0xFF, 0xFF, 0xFF, 0xFF, 0xEF, 0x02, 0x00, 0x00, 0x00, 0xF8, 0xFF, 0xFF, 0xFF, 0xFF,
    0xFF, 0xFF, 0xFF, 0x0B, 0x00, 0x00, 0x30, 0xFF, 0xFF, 0xFF, 0xFF, 0xFF, 0xFF, 0xFF, 0xFF, 0x2F,
    0x00, 0x00, 0xA0, 0xFF, 0xFF, 0xFF, 0xFF, 0xFF, 0xFF, 0xFF, 0xFF, 0x5F, 0x00, 0x00, 0xE0, 0xFF,
    0xFF, 0xFF, 0xFF, 0xFF, 0xFF, 0xFF, 0xFF, 0x7F, 0x00, 0x00, 0xF0, 0xFF, 0xFF, 0xFF, 0x18, 0x41,
    0xFD, 0xFF, 0xFF, 0x6F, 0x00, 0x00, 0xC0, 0xFF, 0xFF, 0x7F, 0x00, 0x00, 0xF5, 0xFF, 0xFF, 0x3F,
    0x00, 0x00, 0x50, 0xFF, 0xFF, 0x0B, 0x00, 0x00, 0xF7, 0xFF, 0xFF, 0x0E, 0x00, 0x00, 0x00, 0xB5,
    0x8C, 0x00, 0x00, 0x20, 0xFE, 0xFF, 0xFF, 0x08, 0x00, 0x00, 0x00, 0x00, 0x00, 0x00, 0x00, 0xF6,
    0xFF, 0xFF, 0xEF, 0x01, 0x00, 0x00, 0x00, 0x00, 0x00, 0x00, 0xD6, 0xFF, 0xFF, 0xFF, 0x3F, 0x00,
    0x00, 0x00, 0x00, 0x00, 0x00, 0xE7, 0xFF, 0xFF, 0xFF, 0xEF, 0x03, 0x00, 0x00, 0x00, 0x00, 0x00,
    0xF8, 0xFF, 0xFF, 0xFF, 0xFF, 0x19, 0x00, 0x00, 0x00, 0x00, 0x00, 0xE5, 0xFF, 0xFF, 0xFF, 0xFF,
    0x18, 0x00, 0x00, 0x00, 0x00, 0x00, 0x90, 0xFF, 0xFF, 0xFF, 0xEF, 0x07, 0x00, 0x00, 0x00, 0x00,
    0x00, 0x00, 0xFB, 0xFF, 0xFF, 0xCF, 0x05, 0x00, 0x00, 0x00, 0x00, 0x00, 0x00, 0x90, 0xFF, 0xFF,
    0xFF, 0x05, 0x00, 0x00, 0x00, 0x00, 0x00, 0x00, 0x00, 0xF4, 0xFF, 0xFF, 0x8F, 0x00, 0x00, 0x30,
    0xC8, 0x8D, 0x00, 0x00, 0x00, 0xFD, 0xFF, 0xFF, 0xBF, 0x11, 0x84, 0xFE, 0xFF, 0xFF, 0x05, 0x00,
    0x40, 0xFF, 0xFF, 0xFF, 0xFF, 0xFF, 0xFF, 0xFF, 0xFF, 0xFF, 0x08, 0x00, 0x90, 0xFF, 0xFF, 0xFF,
    0xFF, 0xFF, 0xFF, 0xFF, 0xFF, 0xFF, 0x08, 0x00, 0xD0, 0xFF, 0xFF, 0xFF, 0xFF, 0xFF, 0xFF, 0xFF,
    0xFF, 0xFF, 0x05, 0x00, 0xF0, 0xFF, 0xFF, 0xFF, 0xFF, 0xFF, 0xFF, 0xFF, 0xFF, 0xFF, 0x01, 0x00,
    0xF0, 0xFF, 0xFF, 0xFF, 0xFF, 0xFF, 0xFF, 0xFF, 0xFF, 0xCF, 0x00, 0x00, 0xC0, 0xFF, 0xFF, 0xFF,
    0xFF, 0xFF, 0xFF, 0xFF, 0xFF, 0x3F, 0x00, 0x00, 0x20, 0xFC, 0xFF, 0xFF, 0xFF, 0xFF, 0xFF, 0xFF,
    0xBE, 0x02, 0x00, 0x00, 0x00, 0x00, 0x00, 0x00, 0x10, 0xA6, 0xED, 0xEF, 0xAD, 0x16, 0x00, 0x00,
    0x00, 0x00, 0x00, 0x10, 0xF9, 0xFF, 0xFF, 0xFF, 0xFF, 0xFF, 0x06, 0x00, 0x00, 0x00, 0x00, 0xF3,
    0xFF, 0xFF, 0xFF, 0xFF, 0xFF, 0xFF, 0x8F, 0x00, 0x00, 0x00, 0x30, 0xFF, 0xFF, 0xFF, 0xFF, 0xFF,
    0xFF, 0xFF, 0xFF, 0x02, 0x00, 0x00, 0xE0, 0xFF, 0xFF, 0xFF, 0xFF, 0xFF, 0xFF, 0xFF, 0xFF, 0x09,
    0x00, 0x00, 0xF5, 0xFF, 0xFF, 0xFF, 0xFF, 0xFF, 0xFF, 0xFF, 0xFF, 0x0C, 0x00, 0x00, 0xF8, 0xFF,
    0xFF, 0xFF, 0xFF, 0xFF, 0xFF, 0xFF, 0xFF, 0x0D, 0x00, 0x00, 0xF8, 0xFF, 0xFF, 0xBF, 0x03, 0x92,
    0xFF, 0xFF, 0xFF, 0x0B, 0x00, 0x00, 0xF5, 0xFF, 0xFF, 0x0C, 0x00, 0x00, 0xFF, 0xFF, 0xFF, 0x07,
    0x00, 0x00, 0xB0, 0xFF, 0xDF, 0x01, 0x00, 0x20, 0xFF, 0xFF, 0xFF, 0x02, 0x00, 0x00, 0x00, 0x74,
    0x05, 0x00, 0x00, 0xC1, 0xFF, 0xFF, 0x8F, 0x00, 0x00, 0x00, 0x00, 0x00, 0x00, 0x10, 0x94, 0xFF,
    0xFF, 0xFF, 0x0B, 0x00, 0x00, 0x00, 0x00, 0x50, 0xFC, 0xFF, 0xFF, 0xFF, 0xFF, 0x9F, 0x00, 0x00,
    0x00, 0x00, 0x00, 0xF1, 0xFF, 0xFF, 0xFF, 0xFF, 0xCF, 0x02, 0x00, 0x00, 0x00, 0x00, 0x00, 0xF4,
    0xFF, 0xFF, 0xFF, 0xFF, 0xFF, 0x05, 0x00, 0x00, 0x00, 0x00, 0x00, 0xF2, 0xFF, 0xFF, 0xFF, 0xFF,
    0xFF, 0x2F, 0x00, 0x00, 0x00, 0x00, 0x00, 0x20, 0x34, 0x10, 0xE5, 0xFF, 0xFF, 0xAF, 0x00, 0x00,
    0x00, 0x94, 0x39, 0x00, 0x00, 0x00, 0x50, 0xFF, 0xFF, 0xEF, 0x00, 0x00, 0xA0, 0xFF, 0xFF, 0x04,
    0x00, 0x00, 0x10, 0xFF, 0xFF, 0xFF, 0x00, 0x00, 0xF6, 0xFF, 0xFF, 0x0E, 0x00, 0x00, 0x40, 0xFF,
    0xFF, 0xFF, 0x00, 0x00, 0xFC, 0xFF, 0xFF, 0xAF, 0x00, 0x00, 0xD2, 0xFF, 0xFF, 0xEF, 0x00, 0x00,
    0xFE, 0xFF, 0xFF, 0xFF, 0x9E, 0xB8, 0xFF, 0xFF, 0xFF, 0xAF, 0x00, 0x00, 0xFE, 0xFF, 0xFF, 0xFF,
    0xFF, 0xFF, 0xFF, 0xFF, 0xFF, 0x3F, 0x00, 0x00, 0xFA, 0xFF, 0xFF, 0xFF, 0xFF, 0xFF, 0xFF, 0xFF,
    0xFF, 0x0B, 0x00, 0x00, 0xF4, 0xFF, 0xFF, 0xFF, 0xFF, 0xFF, 0xFF, 0xFF, 0xEF, 0x01, 0x00, 0x00,
    0xA0, 0xFF, 0xFF, 0xFF, 0xFF, 0xFF, 0xFF, 0xFF, 0x2D, 0x00, 0x00, 0x00, 0x00, 0xFA, 0xFF, 0xFF,
    0xFF, 0xFF, 0xFF, 0xAF, 0x01, 0x00, 0x00, 0x00, 0x00, 0x50, 0xFC, 0xFF, 0xFF, 0xFF, 0xAF, 0x03,
    0x00, 0x00, 0x00, 0x00, 0x00, 0x00, 0x10, 0x65, 0x77, 0x35, 0x00, 0x00, 0x00, 0x00, 0x00, 0x00,
    0x00, 0x00, 0x00, 0x00, 0x00, 0x00, 0x00, 0x84, 0xEC, 0xFF, 0x9D, 0x01, 0x00, 0x00, 0x00, 0x00,
    0x00, 0x00, 0xD5, 0xFF, 0xFF, 0xFF, 0xFF, 0x0D, 0x00, 0x00, 0x00, 0x00, 0x00, 0xB1, 0xFF, 0xFF,
    0xFF, 0xFF, 0xFF, 0x3F, 0x00, 0x00, 0x00, 0x00, 0x30, 0xFE, 0xFF, 0xFF, 0xFF, 0xFF, 0xFF, 0x5F,
    0x00, 0x00, 0x00, 0x00, 0xF4, 0xFF, 0xFF, 0xFF, 0xFF, 0xFF, 0xFF, 0x2F, 0x00, 0x00, 0x00, 0x40,
    0xFF, 0xFF, 0xFF, 0xFF, 0xFF, 0xFF, 0xFF, 0x08, 0x00, 0x00, 0x00, 0xF4, 0xFF, 0xFF, 0xFF, 0xFF,
    0xFF, 0xFF, 0xCF, 0x00, 0x00, 0x00, 0x30, 0xFF, 0xFF, 0xFF, 0xBE, 0xFF, 0xFF, 0xFF, 0x1E, 0x00,
    0x00, 0x00, 0xE1, 0xFF, 0xFF, 0xBF, 0x00, 0xFE, 0xFF, 0xFF, 0x08, 0x00, 0x00, 0x00, 0xFC, 0xFF,
    0xFF, 0x0C, 0x00, 0xFE, 0xFF, 0xFF, 0x03, 0x00, 0x00, 0x90, 0xFF, 0xFF, 0xDF, 0x01, 0x20, 0xFF,
    0xFF, 0xFF, 0x00, 0x00, 0x00, 0xF6, 0xFF, 0xFF, 0x2E, 0x00, 0x70, 0xFF, 0xFF, 0xCF, 0x00, 0x00,
    0x20, 0xFF, 0xFF, 0xFF, 0x04, 0x00, 0xC0, 0xFF, 0xFF, 0x7F, 0x00, 0x00, 0xC0, 0xFF, 0xFF, 0xAF,
    0x00, 0x00, 0xF1, 0xFF, 0xFF, 0x3F, 0x00, 0x00, 0xF4, 0xFF, 0xFF, 0x5F, 0x00, 0x00, 0xF9, 0xFF,
    0xFF, 0x0F, 0x00, 0x00, 0xFA, 0xFF, 0xFF, 0x9F, 0x01, 0x72, 0xFF, 0xFF, 0xFF, 0xFF, 0xBF, 0x00,
    0xFC, 0xFF, 0xFF, 0xFF, 0xFF, 0xFF, 0xFF, 0xFF, 0xFF, 0xFF, 0xDF, 0x00, 0xFB, 0xFF, 0xFF, 0xFF,
    0xFF, 0xFF, 0xFF, 0xFF, 0xFF, 0xFF, 0xAF, 0x00, 0xF7, 0xFF, 0xFF, 0xFF, 0xFF, 0xFF, 0xFF, 0xFF,
    0xFF, 0xFF, 0x3F, 0x00, 0xD1, 0xFF, 0xFF, 0xFF, 0xFF, 0xFF, 0xFF, 0xFF, 0xFF, 0xEF, 0x05, 0x00,
    0x10, 0xFB, 0xFF, 0xFF, 0xFF, 0xFF, 0xFF, 0xFF, 0xCF, 0x04, 0x00, 0x00, 0x00, 0x20, 0x76, 0x67,
    0xA5, 0xFF, 0xFF, 0xFF, 0x0E, 0x00, 0x00, 0x00, 0x00, 0x00, 0x00, 0x00, 0xA0, 0xFF, 0xFF, 0xFF,
    0x0B, 0x00, 0x00, 0x00, 0x00, 0x00, 0x00, 0x00, 0xF1, 0xFF, 0xFF, 0xFF, 0x09, 0x00, 0x00, 0x00,
    0x00, 0x00, 0x00, 0x00, 0xF8, 0xFF, 0xFF, 0xFF, 0x08, 0x00, 0x00, 0x00, 0x00, 0x00, 0x00, 0x00,
    0xFC, 0xFF, 0xFF, 0xFF, 0x07, 0x00, 0x00, 0x00, 0x00, 0x00, 0x00, 0x00, 0xFE, 0xFF, 0xFF, 0xFF,
    0x03, 0x00, 0x00, 0x00, 0x00, 0x00, 0x00, 0x00, 0xFB, 0xFF, 0xFF, 0xCF, 0x00, 0x00, 0x00, 0x00,
    0x00, 0x00, 0x00, 0x00, 0xF3, 0xFF, 0xFF, 0x1C, 0x00, 0x00, 0x00, 0x00, 0x00, 0x00, 0x00, 0x00,
    0x10, 0x75, 0x36, 0x00, 0x00, 0x00, 0x00, 0x00, 0x00, 0x00, 0x00, 0xA0, 0xAF, 0x00, 0x00, 0x00,
    0x50, 0xEA, 0xDF, 0x03, 0x00, 0x00, 0x00, 0xF6, 0xFF, 0x04, 0x00, 0x70, 0xFE, 0xFF, 0xFF, 0x0C,
    0x00, 0x00, 0x00, 0xFC, 0xFF, 0x0B, 0x82, 0xFE, 0xFF, 0xFF, 0xFF, 0x0F, 0x00, 0x00, 0x10, 0xFF,
    0xFF, 0xFF, 0xFF, 0xFF, 0xFF, 0xFF, 0xFF, 0x0E, 0x00, 0x00, 0x50, 0xFF, 0xFF, 0xFF, 0xFF, 0xFF,
    0xFF, 0xFF, 0xFF, 0x0C, 0x00, 0x00, 0xA0, 0xFF, 0xFF, 0xFF, 0xFF, 0xFF, 0xFF, 0xFF, 0xFF, 0x08,
    0x00, 0x00, 0xE0, 0xFF, 0xFF, 0xFF, 0xFF, 0xFF, 0xFF, 0xFF, 0xFF, 0x02, 0x00, 0x00, 0xF3, 0xFF,
    0xFF, 0xFF, 0xFF, 0xFF, 0xFF, 0xFF, 0x9F, 0x00, 0x00, 0x00, 0xF8, 0xFF, 0xFF, 0xFF, 0xFF, 0xFF,
    0xFF, 0xDF, 0x07, 0x00, 0x00, 0x00, 0xFC, 0xFF, 0xFF, 0x16, 0x00, 0x00, 0x00, 0x00, 0x00, 0x00,
    0x00, 0x00, 0xFF, 0xFF, 0x8F, 0x00, 0x00, 0x00, 0x00, 0x00, 0x00, 0x00, 0x00, 0x40, 0xFF, 0xFF,
    0x5F, 0x00, 0x21, 0x00, 0x00, 0x00, 0x00, 0x00, 0x00, 0x70, 0xFF, 0xFF, 0xCF, 0xFB, 0xFF, 0xDF,
    0x07, 0x00, 0x00, 0x00, 0x00, 0xA0, 0xFF, 0xFF, 0xFF, 0xFF, 0xFF, 0xFF, 0xCF, 0x01, 0x00, 0x00,
    0x00, 0xB0, 0xFF, 0xFF, 0xFF, 0xFF, 0xFF, 0xFF, 0xFF, 0x0B, 0x00, 0x00, 0x00, 0x90, 0xFF, 0xFF,
    0xFF, 0xFF, 0xFF, 0xFF, 0xFF, 0x5F, 0x00, 0x00, 0x00, 0x10, 0xFE, 0xFF, 0xAF, 0x56, 0xF9, 0xFF,
    0xFF, 0xBF, 0x00, 0x00, 0x00, 0x00, 0x50, 0x57, 0x00, 0x00, 0x50, 0xFF, 0xFF, 0xFF, 0x00, 0x00,
    0x00, 0x72, 0x38, 0x00, 0x00, 0x00, 0x00, 0xFF, 0xFF, 0xFF, 0x02, 0x00, 0x70, 0xFF, 0xFF, 0x06,
    0x00, 0x00, 0x00, 0xFF, 0xFF, 0xFF, 0x03, 0x00, 0xF4, 0xFF, 0xFF, 0x1F, 0x00, 0x00, 0x40, 0xFF,
    0xFF, 0xFF, 0x02, 0x00, 0xFA, 0xFF, 0xFF, 0xCF, 0x00, 0x00, 0xE2, 0xFF, 0xFF, 0xFF, 0x00, 0x00,
    0xFC, 0xFF, 0xFF, 0xFF, 0xAE, 0xA8, 0xFF, 0xFF, 0xFF, 0xBF, 0x00, 0x00, 0xFB, 0xFF, 0xFF, 0xFF,
    0xFF, 0xFF, 0xFF, 0xFF, 0xFF, 0x4F, 0x00, 0x00, 0xF8, 0xFF, 0xFF, 0xFF, 0xFF, 0xFF, 0xFF, 0xFF,
    0xFF, 0x0B, 0x00, 0x00, 0xF2, 0xFF, 0xFF, 0xFF, 0xFF, 0xFF, 0xFF, 0xFF, 0xEF, 0x01, 0x00, 0x00,
    0x80, 0xFF, 0xFF, 0xFF, 0xFF, 0xFF, 0xFF, 0xFF, 0x2D, 0x00, 0x00, 0x00, 0x00, 0xF9, 0xFF, 0xFF,
    0xFF, 0xFF, 0xFF, 0xAF, 0x01, 0x00, 0x00, 0x00, 0x00, 0x40, 0xFC, 0xFF, 0xFF, 0xFF, 0xAF, 0x03,
    0x00, 0x00, 0x00, 0x00, 0x00, 0x00, 0x10, 0x65, 0x77, 0x35, 0x00, 0x00, 0x00, 0x00, 0x00, 0x00,
    0x00, 0x00, 0x00, 0x00, 0x00, 0x50, 0xD9, 0xFE, 0xCE, 0x28, 0x00, 0x00, 0x00, 0x00, 0x00, 0x00,
    0x60, 0xFE, 0xFF, 0xFF, 0xFF, 0xFF, 0x08, 0x00, 0x00, 0x00, 0x00, 0x10, 0xFA, 0xFF, 0xFF, 0xFF,
    0xFF, 0xFF, 0x9F, 0x00, 0x00, 0x00, 0x00, 0xD1, 0xFF, 0xFF, 0xFF, 0xFF, 0xFF, 0xFF, 0xFF, 0x03,
    0x00, 0x00, 0x00, 0xFD, 0xFF, 0xFF, 0xFF, 0xFF, 0xFF, 0xFF, 0xFF, 0x07, 0x00, 0x00, 0xB0, 0xFF,
    0xFF, 0xFF, 0xFF, 0xFF, 0xFF, 0xFF, 0xFF, 0x07, 0x00, 0x00, 0xF6, 0xFF, 0xFF, 0xFF, 0xFF, 0xFF,
    0xFF, 0xFF, 0xFF, 0x03, 0x00, 0x10, 0xFF, 0xFF, 0xFF, 0x5C, 0x01, 0x92, 0xFF, 0xFF, 0x9F, 0x00,
    0x00, 0x90, 0xFF, 0xFF, 0x9F, 0x00, 0x00, 0x00, 0x71, 0x79, 0x03, 0x00, 0x00, 0xF1, 0xFF, 0xFF,
    0x0D, 0x00, 0x00, 0x00, 0x00, 0x00, 0x00, 0x00, 0x00, 0xF8, 0xFF, 0xFF, 0x08, 0xC7, 0xFE, 0xBE,
    0x16, 0x00, 0x00, 0x00, 0x00, 0xFD, 0xFF, 0xFF, 0xFF, 0xFF, 0xFF, 0xFF, 0xEF, 0x04, 0x00, 0x00,
    0x30, 0xFF, 0xFF, 0xFF, 0xFF, 0xFF, 0xFF, 0xFF, 0xFF, 0x3F, 0x00, 0x00, 0x70, 0xFF, 0xFF, 0xFF,
    0xFF, 0xFF, 0xFF, 0xFF, 0xFF, 0xEF, 0x00, 0x00, 0xB0, 0xFF, 0xFF, 0xFF, 0xFF, 0xFF, 0xFF, 0xFF,
    0xFF, 0xFF, 0x04, 0x00, 0xD0, 0xFF, 0xFF, 0xFF, 0x9F, 0x02, 0xE4, 0xFF, 0xFF, 0xFF, 0x08, 0x00,
    0xF0, 0xFF, 0xFF, 0xFF, 0x08, 0x00, 0x30, 0xFF, 0xFF, 0xFF, 0x0A, 0x00, 0xF0, 0xFF, 0xFF, 0xFF,
    0x01, 0x00, 0x00, 0xFF, 0xFF, 0xFF, 0x0A, 0x00, 0xF1, 0xFF, 0xFF, 0xEF, 0x00, 0x00, 0x00, 0xFF,
    0xFF, 0xFF, 0x09, 0x00, 0xF0, 0xFF, 0xFF, 0xFF, 0x00, 0x00, 0x40, 0xFF, 0xFF, 0xFF, 0x06, 0x00,
    0xE0, 0xFF, 0xFF, 0xFF, 0x07, 0x00, 0xE2, 0xFF, 0xFF, 0xFF, 0x02, 0x00, 0xC0, 0xFF, 0xFF, 0xFF,
    0xCF, 0xA9, 0xFF, 0xFF, 0xFF, 0xDF, 0x00, 0x00, 0x70, 0xFF, 0xFF, 0xFF, 0xFF, 0xFF, 0xFF, 0xFF,
    0xFF, 0x5F, 0x00, 0x00, 0x20, 0xFF, 0xFF, 0xFF, 0xFF, 0xFF, 0xFF, 0xFF, 0xFF, 0x0C, 0x00, 0x00,
    0x00, 0xF9, 0xFF, 0xFF, 0xFF, 0xFF, 0xFF, 0xFF, 0xEF, 0x02, 0x00, 0x00, 0x00, 0xE1, 0xFF, 0xFF,
    0xFF, 0xFF, 0xFF, 0xFF, 0x3F, 0x00, 0x00, 0x00, 0x00, 0x20, 0xFD, 0xFF, 0xFF, 0xFF, 0xFF, 0xDF,
    0x02, 0x00, 0x00, 0x00, 0x00, 0x00, 0x91, 0xFF, 0xFF, 0xFF, 0xDF, 0x06, 0x00, 0x00, 0x00, 0x00,
    0x00, 0x00, 0x00, 0x40, 0x76, 0x57, 0x02, 0x00, 0x00, 0x00, 0x00, 0x00, 0x00, 0x00, 0xC7, 0xFF,
    0xCE, 0x38, 0x00, 0x00, 0x00, 0xFB, 0x09, 0x00, 0xE2, 0xFF, 0xFF, 0xFF, 0xFF, 0x8D, 0x24, 0xA2,
    0xFF, 0x5F, 0x20, 0xFF, 0xFF, 0xFF, 0xFF, 0xFF, 0xFF, 0xFF, 0xFF, 0xFF, 0x9F, 0xC0, 0xFF, 0xFF,
    0xFF, 0xFF, 0xFF, 0xFF, 0xFF, 0xFF, 0xFF, 0x8F, 0xF5, 0xFF, 0xFF, 0xFF, 0xFF, 0xFF, 0xFF, 0xFF,
    0xFF, 0xFF, 0x5F, 0xFA, 0xFF, 0xFF, 0xFF, 0xFF, 0xFF, 0xFF, 0xFF, 0xFF, 0xFF, 0x0E, 0xFD, 0xFF,
    0xFF, 0xFF, 0xFF, 0xFF, 0xFF, 0xFF, 0xFF, 0xFF, 0x07, 0xFF, 0xFF, 0xFF, 0xFF, 0xFF, 0xFF, 0xFF,
    0xFF, 0xFF, 0xDF, 0x00, 0xFE, 0xFF, 0x7F, 0x02, 0x00, 0x00, 0xF1, 0xFF, 0xFF, 0x2F, 0x00, 0xFA,
    0xFF, 0x04, 0x00, 0x00, 0x00, 0xF9, 0xFF, 0xFF, 0x04, 0x00, 0xB2, 0x3B, 0x00, 0x00, 0x00, 0xD3,
    0xFF, 0xFF, 0x6F, 0x00, 0x00, 0x00, 0x00, 0x00, 0x00, 0x80, 0xFF, 0xFF, 0xFF, 0x07, 0x00, 0x00,
    0x00, 0x00, 0x00, 0x10, 0xFC, 0xFF, 0xFF, 0x8F, 0x00, 0x00, 0x00, 0x00, 0x00, 0x00, 0xE3, 0xFF,
    0xFF, 0xFF, 0x0A, 0x00, 0x00, 0x00, 0x00, 0x00, 0x60, 0xFF, 0xFF, 0xFF, 0xBF, 0x00, 0x00, 0x00,
    0x00, 0x00, 0x00, 0xF6, 0xFF, 0xFF, 0xFF, 0x0D, 0x00, 0x00, 0x00, 0x00, 0x00, 0x50, 0xFF, 0xFF,
    0xFF, 0xEF, 0x02, 0x00, 0x00, 0x00, 0x00, 0x00, 0xF3, 0xFF, 0xFF, 0xFF, 0x5F, 0x00, 0x00, 0x00,
    0x00, 0x00, 0x00, 0xFD, 0xFF, 0xFF, 0xFF, 0x0B, 0x00, 0x00, 0x00, 0x00, 0x00, 0x90, 0xFF, 0xFF,
    0xFF, 0xFF, 0x02, 0x00, 0x00, 0x00, 0x00, 0x00, 0xF1, 0xFF, 0xFF, 0xFF, 0xCF, 0x00, 0x00, 0x00,
    0x00, 0x00, 0x00, 0xF7, 0xFF, 0xFF, 0xFF, 0x7F, 0x00, 0x00, 0x00, 0x00, 0x00, 0x00, 0xFC, 0xFF,
    0xFF, 0xFF, 0x5F, 0x00, 0x00, 0x00, 0x00, 0x00, 0x00, 0xFE, 0xFF, 0xFF, 0xFF, 0x3F, 0x00, 0x00,
    0x00, 0x00, 0x00, 0x00, 0xFF, 0xFF, 0xFF, 0xFF, 0x1F, 0x00, 0x00, 0x00, 0x00, 0x00, 0x00, 0xFE,
    0xFF, 0xFF, 0xFF, 0x0B, 0x00, 0x00, 0x00, 0x00, 0x00, 0x00, 0xF9, 0xFF, 0xFF, 0xFF, 0x02, 0x00,
    0x00, 0x00, 0x00, 0x00, 0x00, 0xD1, 0xFF, 0xFF, 0x3E, 0x00, 0x00, 0x00, 0x00, 0x00, 0x00, 0x00,
    0x00, 0x74, 0x46, 0x00, 0x00, 0x00, 0x00, 0x00, 0x00, 0x00, 0x00, 0x00, 0x00, 0x00, 0x00, 0x00,
    0x61, 0xDB, 0xFF, 0xBD, 0x06, 0x00, 0x00, 0x00, 0x00, 0x00, 0x00, 0x90, 0xFF, 0xFF, 0xFF, 0xFF,
    0xEF, 0x04, 0x00, 0x00, 0x00, 0x00, 0x40, 0xFE, 0xFF, 0xFF, 0xFF, 0xFF, 0xFF, 0x3F, 0x00, 0x00,
    0x00, 0x00, 0xF4, 0xFF, 0xFF, 0xFF, 0xFF, 0xFF, 0xFF, 0xDF, 0x00, 0x00, 0x00, 0x30, 0xFF, 0xFF,
    0xFF, 0xFF, 0xFF, 0xFF, 0xFF, 0xFF, 0x04, 0x00, 0x00, 0xD0, 0xFF, 0xFF, 0xFF, 0xFF, 0xFF, 0xFF,
    0xFF, 0xFF, 0x07, 0x00, 0x00, 0xF4, 0xFF, 0xFF, 0xFF, 0xFF, 0xFF, 0xFF, 0xFF, 0xFF, 0x09, 0x00,
    0x00, 0xF8, 0xFF, 0xFF, 0xCF, 0x14, 0x92, 0xFF, 0xFF, 0xFF, 0x09, 0x00, 0x00, 0xFA, 0xFF, 0xFF,
    0x0D, 0x00, 0x00, 0xFE, 0xFF, 0xFF, 0x06, 0x00, 0x00, 0xFA, 0xFF, 0xFF, 0x08, 0x00, 0x00, 0xFD,
    0xFF, 0xFF, 0x01, 0x00, 0x00, 0xF8, 0xFF, 0xFF, 0x0B, 0x00, 0x30, 0xFF, 0xFF, 0x7F, 0x00, 0x00,
    0x00, 0xF5, 0xFF, 0xFF, 0xAF, 0x01, 0xD3, 0xFF, 0xFF, 0x0B, 0x00, 0x00, 0x00, 0xD0, 0xFF, 0xFF,
    0xFF, 0xFF, 0xFF, 0xFF, 0xBF, 0x00, 0x00, 0x00, 0x00, 0x50, 0xFF, 0xFF, 0xFF, 0xFF, 0xFF, 0xFF,
    0x0A, 0x00, 0x00, 0x00, 0x00, 0xD2, 0xFF, 0xFF, 0xFF, 0xFF, 0xFF, 0xFF, 0x09, 0x00, 0x00, 0x00,
    0x50, 0xFF, 0xFF, 0xFF, 0xFF, 0xFF, 0xFF, 0xFF, 0x4F, 0x00, 0x00, 0x00, 0xF4, 0xFF, 0xFF, 0x4E,
    0x20, 0xF7, 0xFF, 0xFF, 0xBF, 0x00, 0x00, 0x10, 0xFE, 0xFF, 0xEF, 0x01, 0x00, 0x40, 0xFF, 0xFF,
    0xEF, 0x00, 0x00, 0x90, 0xFF, 0xFF, 0x7F, 0x00, 0x00, 0x00, 0xFF, 0xFF, 0xFF, 0x00, 0x00, 0xF0,
    0xFF, 0xFF, 0x5F, 0x00, 0x00, 0x40, 0xFF, 0xFF, 0xFF, 0x00, 0x00, 0xF3, 0xFF, 0xFF, 0xAF, 0x00,
    0x00, 0xE3, 0xFF, 0xFF, 0xEF, 0x00, 0x00, 0xF5, 0xFF, 0xFF, 0xFF, 0x9C, 0xC9, 0xFF, 0xFF, 0xFF,
    0xAF, 0x00, 0x00, 0xF4, 0xFF, 0xFF, 0xFF, 0xFF, 0xFF, 0xFF, 0xFF, 0xFF, 0x3F, 0x00, 0x00, 0xF2,
    0xFF, 0xFF, 0xFF, 0xFF, 0xFF, 0xFF, 0xFF, 0xFF, 0x0B, 0x00, 0x00, 0xC0, 0xFF, 0xFF, 0xFF, 0xFF,
    0xFF, 0xFF, 0xFF, 0xEF, 0x01, 0x00, 0x00, 0x40, 0xFF, 0xFF, 0xFF, 0xFF, 0xFF, 0xFF, 0xFF, 0x2D,
    0x00, 0x00, 0x00, 0x00, 0xF6, 0xFF, 0xFF, 0xFF, 0xFF, 0xFF, 0x9F, 0x00, 0x00, 0x00, 0x00, 0x00,
    0x30, 0xFC, 0xFF, 0xFF, 0xFF, 0x9E, 0x02, 0x00, 0x00, 0x00, 0x00, 0x00, 0x00, 0x10, 0x65, 0x77,
    0x25, 0x00, 0x00, 0x00, 0x00, 0x00, 0x00, 0x00, 0x00, 0x00, 0x00, 0x00, 0xA6, 0xFD, 0xEF, 0x7B,
    0x01, 0x00, 0x00, 0x00, 0x00, 0x00, 0x00, 0xE7, 0xFF, 0xFF, 0xFF, 0xFF, 0x5E, 0x00, 0x00, 0x00,
    0x00, 0x00, 0xC1, 0xFF, 0xFF, 0xFF, 0xFF, 0xFF, 0xFF, 0x06, 0x00, 0x00, 0x00, 0x10, 0xFD, 0xFF,
    0xFF, 0xFF, 0xFF, 0xFF, 0xFF, 0x3F, 0x00, 0x00, 0x00, 0xB0, 0xFF, 0xFF, 0xFF, 0xFF, 0xFF, 0xFF,
    0xFF, 0xBF, 0x00, 0x00, 0x00, 0xF6, 0xFF, 0xFF, 0xFF, 0xFF, 0xFF, 0xFF, 0xFF, 0xFF, 0x01, 0x00,
    0x00, 0xFE, 0xFF, 0xFF, 0xFF, 0xFF, 0xFF, 0xFF, 0xFF, 0xFF, 0x06, 0x00, 0x50, 0xFF, 0xFF, 0xFF,
    0x5E, 0x11, 0xF6, 0xFF, 0xFF, 0xFF, 0x09, 0x00, 0x90, 0xFF, 0xFF, 0xFF, 0x02, 0x00, 0x70, 0xFF,
    0xFF, 0xFF, 0x0A, 0x00, 0xD0, 0xFF, 0xFF, 0xAF, 0x00, 0x00, 0x40, 0xFF, 0xFF, 0xFF, 0x0C, 0x00,
    0xF0, 0xFF, 0xFF, 0x8F, 0x00, 0x00, 0x60, 0xFF, 0xFF, 0xFF, 0x0C, 0x00, 0xF0, 0xFF, 0xFF, 0xCF,
    0x00, 0x00, 0xD0, 0xFF, 0xFF, 0xFF, 0x0B, 0x00, 0xE0, 0xFF, 0xFF, 0xFF, 0x29, 0x30, 0xFC, 0xFF,
    0xFF, 0xFF, 0x09, 0x00, 0xB0, 0xFF, 0xFF, 0xFF, 0xFF, 0xFF, 0xFF, 0xFF, 0xFF, 0xFF, 0x06, 0x00,
    0x40, 0xFF, 0xFF, 0xFF, 0xFF, 0xFF, 0xFF, 0xFF, 0xFF, 0xFF, 0x03, 0x00, 0x00, 0xFA, 0xFF, 0xFF,
    0xFF, 0xFF, 0xFF, 0xFF, 0xFF, 0xEF, 0x00, 0x00, 0x00, 0xA0, 0xFF, 0xFF, 0xFF, 0xFF, 0xFE, 0xFF,
    0xFF, 0xAF, 0x00, 0x00, 0x00, 0x00, 0x93, 0xFD, 0xDF, 0x3A, 0xF0, 0xFF, 0xFF, 0x3F, 0x00, 0x00,
    0x00, 0x00, 0x00, 0x00, 0x00, 0x00, 0xF3, 0xFF, 0xFF, 0x0D, 0x00, 0x00, 0x10, 0x44, 0x00, 0x00,
    0x00, 0x00, 0xFC, 0xFF, 0xFF, 0x05, 0x00, 0x00, 0xFA, 0xFF, 0x7E, 0x00, 0x00, 0xC2, 0xFF, 0xFF,
    0xDF, 0x00, 0x00, 0x90, 0xFF, 0xFF, 0xFF, 0x9D, 0xB9, 0xFF, 0xFF, 0xFF, 0x3F, 0x00, 0x00, 0xF0,
    0xFF, 0xFF, 0xFF, 0xFF, 0xFF, 0xFF, 0xFF, 0xFF, 0x08, 0x00, 0x00, 0xF0, 0xFF, 0xFF, 0xFF, 0xFF,
    0xFF, 0xFF, 0xFF, 0xBF, 0x00, 0x00, 0x00, 0xE0, 0xFF, 0xFF, 0xFF, 0xFF, 0xFF, 0xFF, 0xFF, 0x0C,
    0x00, 0x00, 0x00, 0x70, 0xFF, 0xFF, 0xFF, 0xFF, 0xFF, 0xFF, 0xBF, 0x00, 0x00, 0x00, 0x00, 0x00,
    0xFA, 0xFF, 0xFF, 0xFF, 0xFF, 0xFF, 0x07, 0x00, 0x00, 0x00, 0x00, 0x00, 0x60, 0xFD, 0xFF, 0xFF,
    0xEF, 0x19, 0x00, 0x00, 0x00, 0x00, 0x00, 0x00, 0x00, 0x20, 0x75, 0x67, 0x03, 0x00, 0x00, 0x00,
    0x00, 0x00, 0x00, 0x00, 0x00, 0x70, 0xFE, 0x5D, 0x00, 0x00, 0x00, 0xFA, 0xFF, 0xFF, 0x04, 0x00,
    0x30, 0xFF, 0xFF, 0xFF, 0x0A, 0x00, 0x80, 0xFF, 0xFF, 0xFF, 0x0A, 0x00, 0x80, 0xFF, 0xFF, 0xFF,
    0x06, 0x00, 0x30, 0xFF, 0xFF, 0xCF, 0x00, 0x00, 0x00, 0xD5, 0xEF, 0x09, 0x00, 0x00, 0x00, 0x00,
    0x00, 0x00, 0x00, 0x00, 0x00, 0x00, 0x00, 0x00, 0x00, 0x00, 0x00, 0x00, 0x00, 0x00, 0x00, 0x00,
    0x00, 0x00, 0x00, 0x00, 0x00, 0x00, 0x00, 0x00, 0x00, 0x00, 0x00, 0x00, 0x00, 0x00, 0x00, 0x00,
    0x00, 0x00, 0x72, 0x47, 0x00, 0x00, 0x00, 0x80, 0xFF, 0xFF, 0x0A, 0x00, 0x00, 0xF4, 0xFF, 0xFF,
    0x4F, 0x00, 0x00, 0xFB, 0xFF, 0xFF, 0x6F, 0x00, 0x00, 0xFD, 0xFF, 0xFF, 0x4F, 0x00, 0x00, 0xFB,
    0xFF, 0xFF, 0x0D, 0x00, 0x00, 0xE3, 0xFF, 0xDF, 0x02, 0x00, 0x00, 0x10, 0x76, 0x05, 0x00, 0x00,
    0x00, 0x00, 0x00, 0x00, 0x70, 0xFE, 0x5D, 0x00, 0x00, 0x00, 0x00, 0xFA, 0xFF, 0xFF, 0x04, 0x00,
    0x00, 0x30, 0xFF, 0xFF, 0xFF, 0x0A, 0x00, 0x00, 0x80, 0xFF, 0xFF, 0xFF, 0x0A, 0x00, 0x00, 0x80,
    0xFF, 0xFF, 0xFF, 0x06, 0x00, 0x00, 0x30, 0xFF, 0xFF, 0xCF, 0x00, 0x00, 0x00, 0x00, 0xD5, 0xEF,
    0x09, 0x00, 0x00, 0x00, 0x00, 0x00, 0x00, 0x00, 0x00, 0x00, 0x00, 0x00, 0x00, 0x00, 0x00, 0x00,
    0x00, 0x00, 0x00, 0x00, 0x00, 0x00, 0x00, 0x00, 0x00, 0x00, 0x00, 0x00, 0x00, 0x00, 0x00, 0x00,
    0x00, 0x00, 0x00, 0x00, 0x00, 0x00, 0x00, 0x00, 0x00, 0x00, 0x00, 0x00, 0x00, 0x00, 0x61, 0x68,
    0x00, 0x00, 0x00, 0x00, 0x40, 0xFF, 0xFF, 0x0D, 0x00, 0x00, 0x00, 0xF1, 0xFF, 0xFF, 0x7F, 0x00,
    0x00, 0x00, 0xF7, 0xFF, 0xFF, 0xAF, 0x00, 0x00, 0x00, 0xF9, 0xFF, 0xFF, 0xAF, 0x00, 0x00, 0x00,
    0xF6, 0xFF, 0xFF, 0x8F, 0x00, 0x00, 0x00, 0x90, 0xFF, 0xFF, 0x4F, 0x00, 0x00, 0x00, 0x00, 0xF3,
    0xFF, 0x0E, 0x00, 0x00, 0x00, 0x00, 0xF5, 0xFF, 0x06, 0x00, 0x00, 0x00, 0xC4, 0xFF, 0xDF, 0x00,
    0x00, 0x00, 0xB0, 0xFF, 0xFF, 0x1E, 0x00, 0x00, 0x00, 0xF2, 0xFF, 0xCF, 0x02, 0x00, 0x00, 0x00,
    0x30, 0x77, 0x03, 0x00, 0x00, 0x00, 0x00, 0x00, 0x00, 0x00, 0x00, 0x00, 0x00, 0xC3, 0xBF, 0x01,
    0x00, 0x00, 0x00, 0x00, 0x00, 0x91, 0xFF, 0xFF, 0x0A, 0x00, 0x00, 0x00, 0x00, 0x60, 0xFE, 0xFF,
    0xFF, 0x0F, 0x00, 0x00, 0x00, 0x60, 0xFE, 0xFF, 0xFF, 0xFF, 0x0F, 0x00, 0x00, 0x71, 0xFE, 0xFF,
    0xFF, 0xFF, 0xFF, 0x08, 0x00, 0x92, 0xFF, 0xFF, 0xFF, 0xFF, 0xFF, 0x6D, 0x00, 0x40, 0xFF, 0xFF,
    0xFF, 0xFF, 0xBF, 0x16, 0x00, 0x00, 0xE0, 0xFF, 0xFF, 0xFF, 0x7E, 0x01, 0x00, 0x00, 0x00, 0xF3,
    0xFF, 0xFF, 0xFF, 0x06, 0x00, 0x00, 0x00, 0x00, 0xF1, 0xFF, 0xFF, 0xFF, 0x8F, 0x01, 0x00, 0x00,
    0x00, 0x60, 0xFF, 0xFF, 0xFF, 0xFF, 0x8F, 0x01, 0x00, 0x00, 0x00, 0xD3, 0xFF, 0xFF, 0xFF, 0xFF,
    0x7F, 0x00, 0x00, 0x00, 0x00, 0xF7, 0xFF, 0xFF, 0xFF, 0xFF, 0x05, 0x00, 0x00, 0x00, 0x30, 0xFD,
    0xFF, 0xFF, 0xFF, 0x08, 0x00, 0x00, 0x00, 0x00, 0xB1, 0xFF, 0xFF, 0xFF, 0x05, 0x00, 0x00, 0x00,
    0x00, 0x00, 0xF7, 0xFF, 0xCF, 0x00, 0x00, 0x00, 0x00, 0x00, 0x00, 0x20, 0xFC, 0x1A, 0x00, 0x00,
    0x00, 0x50, 0xFD, 0xFF, 0xFF, 0xFF, 0xFF, 0xFF, 0xFF, 0xBF, 0x01, 0x00, 0xF3, 0xFF, 0xFF, 0xFF,
    0xFF, 0xFF, 0xFF, 0xFF, 0xFF, 0x06, 0x00, 0xF8, 0xFF, 0xFF, 0xFF, 0xFF, 0xFF, 0xFF, 0xFF, 0xFF,
    0x05, 0x00, 0xF8, 0xFF, 0xFF, 0xFF, 0xFF, 0xFF, 0xFF, 0xFF, 0xEF, 0x00, 0x00, 0xB1, 0xEF, 0x8B,
    0x25, 0x00, 0x42, 0xB7, 0xFE, 0x3C, 0x00, 0x00, 0x00, 0x00, 0x00, 0x00, 0x00, 0x00, 0x00, 0x00,
    0x00, 0x00, 0x00, 0x00, 0x00, 0x00, 0x00, 0x00, 0x00, 0x00, 0x00, 0x00, 0x00, 0x00, 0x00, 0x00,
    0x00, 0x00, 0x00, 0x00, 0x00, 0x00, 0x00, 0x00, 0x50, 0xFD, 0xFF, 0xFF, 0xFF, 0xFF, 0xFF, 0xFF,
    0xBF, 0x01, 0x00, 0xF4, 0xFF, 0xFF, 0xFF, 0xFF, 0xFF, 0xFF, 0xFF, 0xFF, 0x05, 0x00, 0xF9, 0xFF,
    0xFF, 0xFF, 0xFF, 0xFF, 0xFF, 0xFF, 0xFF, 0x04, 0x00, 0xF9, 0xFF, 0xFF, 0xFF, 0xFF, 0xFF, 0xFF,
    0xFF, 0xDF, 0x00, 0x00, 0xB1, 0xEF, 0x8B, 0x24, 0x00, 0x42, 0xB7, 0xFE, 0x2C, 0x00, 0x00, 0x00,
    0x00, 0xE7, 0x6E, 0x00, 0x00, 0x00, 0x00, 0x00, 0x00, 0x70, 0xFF, 0xFF, 0x1B, 0x00, 0x00, 0x00,
    0x00, 0x00, 0xF0, 0xFF, 0xFF, 0xEF, 0x03, 0x00, 0x00, 0x00, 0x00, 0xF3, 0xFF, 0xFF, 0xFF, 0x6F,
    0x00, 0x00, 0x00, 0x00, 0xF1, 0xFF, 0xFF, 0xFF, 0xFF, 0x1B, 0x00, 0x00, 0x00, 0x30, 0xFD, 0xFF,
    0xFF, 0xFF, 0xFF, 0x06, 0x00, 0x00, 0x00, 0x50, 0xFD, 0xFF, 0xFF, 0xFF, 0xBF, 0x00, 0x00, 0x00,
    0x00, 0x60, 0xFE, 0xFF, 0xFF, 0xFF, 0x05, 0x00, 0x00, 0x00, 0x00, 0xF1, 0xFF, 0xFF, 0xFF, 0x08,
    0x00, 0x00, 0x00, 0x50, 0xFC, 0xFF, 0xFF, 0xFF, 0x04, 0x00, 0x00, 0x94, 0xFE, 0xFF, 0xFF, 0xFF,
    0x9F, 0x00, 0x30, 0xFB, 0xFF, 0xFF, 0xFF, 0xFF, 0xBF, 0x04, 0x00, 0xF3, 0xFF, 0xFF, 0xFF, 0xFF,
    0x9F, 0x02, 0x00, 0x00, 0xFA, 0xFF, 0xFF, 0xFF, 0x8F, 0x01, 0x00, 0x00, 0x00, 0xF9, 0xFF, 0xFF,
    0x9F, 0x01, 0x00, 0x00, 0x00, 0x00, 0xF5, 0xFF, 0xCF, 0x03, 0x00, 0x00, 0x00, 0x00, 0x00, 0x70,
    0xDE, 0x06, 0x00, 0x00, 0x00, 0x00, 0x00, 0x00, 0x00, 0x00, 0x20, 0xB6, 0xED, 0xEF, 0xAD, 0x05,
    0x00, 0x00, 0x00, 0x30, 0xFB, 0xFF, 0xFF, 0xFF, 0xFF, 0xDF, 0x04, 0x00, 0x00, 0xF7, 0xFF, 0xFF,
    0xFF, 0xFF, 0xFF, 0xFF, 0x3F, 0x00, 0x70, 0xFF, 0xFF, 0xFF, 0xFF, 0xFF, 0xFF, 0xFF, 0xDF, 0x00,
    0xF3, 0xFF, 0xFF, 0xFF, 0xFF, 0xFF, 0xFF, 0xFF, 0xFF, 0x04, 0xF9, 0xFF, 0xFF, 0xFF, 0xFF, 0xFF,
    0xFF, 0xFF, 0xFF, 0x07, 0xFD, 0xFF, 0xFF, 0xFF, 0xFF, 0xFF, 0xFF, 0xFF, 0xFF, 0x09, 0xFD, 0xFF,
    0xFF, 0x8F, 0x12, 0xF6, 0xFF, 0xFF, 0xFF, 0x08, 0xF9, 0xFF, 0xFF, 0x08, 0x00, 0xB0, 0xFF, 0xFF,
    0xFF, 0x05, 0xE1, 0xFF, 0xAF, 0x00, 0x00, 0xE0, 0xFF, 0xFF, 0xEF, 0x00, 0x00, 0x75, 0x04, 0x00,
    0x10, 0xFC, 0xFF, 0xFF, 0x7F, 0x00, 0x00, 0x00, 0x00, 0x10, 0xF8, 0xFF, 0xFF, 0xFF, 0x0C, 0x00,
    0x00, 0x00, 0x10, 0xF9, 0xFF, 0xFF, 0xFF, 0xCF, 0x01, 0x00, 0x00, 0x00, 0xF5, 0xFF, 0xFF, 0xFF,
    0xFF, 0x07, 0x00, 0x00, 0x00, 0x60, 0xFF, 0xFF, 0xFF, 0xFF, 0x19, 0x00, 0x00, 0x00, 0x00, 0xF1,
    0xFF, 0xFF, 0xFF, 0x19, 0x00, 0x00, 0x00, 0x00, 0x00, 0xF6, 0xFF, 0xFF, 0x4F, 0x00, 0x00, 0x00,
    0x00, 0x00, 0x00, 0xF6, 0xFF, 0xFF, 0x0C, 0x00, 0x00, 0x00, 0x00, 0x00, 0x00, 0xF2, 0xFF, 0xFF,
    0x09, 0x00, 0x00, 0x00, 0x00, 0x00, 0x00, 0x60, 0xFF, 0xCF, 0x01, 0x00, 0x00, 0x00, 0x00, 0x00,
    0x00, 0x00, 0x41, 0x02, 0x00, 0x00, 0x00, 0x00, 0x00, 0x00, 0x00, 0x60, 0x57, 0x00, 0x00, 0x00,
    0x00, 0x00, 0x00, 0x00, 0x30, 0xFE, 0xFF, 0x2E, 0x00, 0x00, 0x00, 0x00, 0x00, 0x00, 0xE0, 0xFF,
    0xFF, 0xAF, 0x00, 0x00, 0x00, 0x00, 0x00, 0x00, 0xF5, 0xFF, 0xFF, 0xCF, 0x00, 0x00, 0x00, 0x00,
    0x00, 0x00, 0xF7, 0xFF, 0xFF, 0xAF, 0x00, 0x00, 0x00, 0x00, 0x00, 0x00, 0xF5, 0xFF, 0xFF, 0x3F,
    0x00, 0x00, 0x00, 0x00, 0x00, 0x00, 0xB0, 0xFF, 0xFF, 0x06, 0x00, 0x00, 0x00, 0x00, 0x00, 0x00,
    0x00, 0x74, 0x16, 0x00, 0x00, 0x00, 0x00, 0x00, 0x00, 0x00, 0x00, 0x00, 0x00, 0x00, 0x00, 0x00,
    0x20, 0xB7, 0xFD, 0xEF, 0x7B, 0x01, 0x00, 0x00, 0x00, 0x00, 0x00, 0x00, 0x00, 0x30, 0xFB, 0xFF,
    0xFF, 0xFF, 0xFF, 0x7F, 0x00, 0x00, 0x00, 0x00, 0x00, 0x00, 0x00, 0xF9, 0xFF, 0xFF, 0xFF, 0xFF,
    0xFF, 0xFF, 0x0B, 0x00, 0x00, 0x00, 0x00, 0x00, 0xD2, 0xFF, 0xFF, 0xFF, 0xFF, 0xFF, 0xFF, 0xFF,
    0x9F, 0x00, 0x00, 0x00, 0x00, 0x30, 0xFE, 0xFF, 0xFF, 0xFF, 0xFF, 0xFF, 0xFF, 0xFF, 0xFF, 0x04,
    0x00, 0x00, 0x00, 0xE2, 0xFF, 0xFF, 0xAF, 0x25, 0x00, 0x52, 0xFB, 0xFF, 0xFF, 0x0B, 0x00, 0x00,
    0x10, 0xFE, 0xFF, 0x8F, 0x01, 0x00, 0x00, 0x00, 0x40, 0xFE, 0xFF, 0x1F, 0x00, 0x00, 0xB0, 0xFF,
    0xDF, 0x02, 0x00, 0x00, 0x00, 0x00, 0x00, 0xF3, 0xFF, 0x5F, 0x00, 0x00, 0xF6, 0xFF, 0x0B, 0x20,
    0xEA, 0x9E, 0x00, 0xE8, 0x3E, 0xA0, 0xFF, 0x7F, 0x00, 0x10, 0xFE, 0xCF, 0x00, 0xF5, 0xFF, 0xFF,
    0x84, 0xFF, 0x7F, 0x50, 0xFF, 0x8F, 0x00, 0x90, 0xFF, 0x1E, 0x40, 0xFF, 0xFF, 0xFF, 0xF7, 0xFF,
    0x6F, 0x30, 0xFF, 0x8F, 0x00, 0xF1, 0xFF, 0x05, 0xE1, 0xFF, 0xFF, 0xFF, 0xFF, 0xFF, 0x1F, 0x30,
    0xFF, 0x7F, 0x00, 0xF7, 0xCF, 0x00, 0xF9, 0xFF, 0xFF, 0xFF, 0xFF, 0xFF, 0x0C, 0x50, 0xFF, 0x4F,
    0x00, 0xFE, 0x6F, 0x10, 0xFF, 0xFF, 0x19, 0xD1, 0xFF, 0xFF, 0x06, 0x80, 0xFF, 0x1F, 0x30, 0xFF,
    0x0F, 0x70, 0xFF, 0xDF, 0x00, 0x80, 0xFF, 0xFF, 0x01, 0xD0, 0xFF, 0x0C, 0x80, 0xFF, 0x0C, 0xC0,
    0xFF, 0xCF, 0x00, 0xD0, 0xFF, 0xDF, 0x00, 0xF5, 0xFF, 0x06, 0xB0, 0xFF, 0x09, 0xF0, 0xFF, 0xFF,
    0x79, 0xFC, 0xFF, 0xEF, 0x41, 0xFE, 0xFF, 0x00, 0xE0, 0xFF, 0x08, 0xF2, 0xFF, 0xFF, 0xFF, 0xFF,
    0xFF, 0xFF, 0xFF, 0xFF, 0x8F, 0x00, 0xF1, 0xFF, 0x07, 0xF3, 0xFF, 0xFF, 0xFF, 0xFF, 0xFF, 0xFF,
    0xFF, 0xFF, 0x0E, 0x00, 0xF2, 0xFF, 0x08, 0xF2, 0xFF, 0xFF, 0xFF, 0xF7, 0xFF, 0xFF, 0xFF, 0xFF,
    0x03, 0x00, 0xF3, 0xFF, 0x0A, 0xF0, 0xFF, 0xFF, 0x9F, 0xF2, 0xFF, 0xFF, 0xFF, 0x5F, 0x00, 0x00,
    0xF3, 0xFF, 0x0D, 0x80, 0xFF, 0xFF, 0x0C, 0xC0, 0xFF, 0xFF, 0xFF, 0x04, 0x00, 0x00, 0xF2, 0xFF,
    0x3F, 0x00, 0xE8, 0x9F, 0x00, 0x10, 0xEA, 0xDF, 0x18, 0x00, 0x00, 0x00, 0xF0, 0xFF, 0xCF, 0x00,
    0x00, 0x00, 0x00, 0x00, 0x00, 0x00, 0x00, 0x00, 0x00, 0x00, 0xC0, 0xFF, 0xFF, 0x0A, 0x00, 0x00,
    0x00, 0x00, 0x82, 0xDC, 0x02, 0x00, 0x00, 0x00, 0x60, 0xFF, 0xFF, 0xEF, 0x37, 0x01, 0x31, 0xC7,
    0xFF, 0xFF, 0x09, 0x00, 0x00, 0x00, 0x00, 0xFE, 0xFF, 0xFF, 0xFF, 0xFF, 0xFF, 0xFF, 0xFF, 0xFF,
    0x05, 0x00, 0x00, 0x00, 0x00, 0xF5, 0xFF, 0xFF, 0xFF, 0xFF, 0xFF, 0xFF, 0xFF, 0xAF, 0x00, 0x00,
    0x00, 0x00, 0x00, 0x70, 0xFF, 0xFF, 0xFF, 0xFF, 0xFF, 0xFF, 0xFF, 0x07, 0x00, 0x00, 0x00, 0x00,
    0x00, 0x00, 0xE5, 0xFF, 0xFF, 0xFF, 0xFF, 0xFF, 0x29, 0x00, 0x00, 0x00, 0x00, 0x00, 0x00, 0x00,
    0x00, 0xA5, 0xFD, 0xEF, 0x9D, 0x15, 0x00, 0x00, 0x00, 0x00, 0x00, 0x00, 0x00, 0x00, 0x00, 0x00,
    0x00, 0x00, 0x00, 0x00, 0x00, 0x00, 0x00, 0x00, 0x00, 0x30, 0xB8, 0xFE, 0xEF, 0x8C, 0x02, 0x00,
    0x00, 0x00, 0x00, 0x00, 0x00, 0x00, 0x00, 0x00, 0x00, 0x00, 0x00, 0x30, 0xFC, 0xFF, 0xFF, 0xFF,
    0xFF, 0x3F, 0x00, 0x00, 0x00, 0x00, 0x00, 0x00, 0x00, 0x00, 0x00, 0x00, 0x00, 0x00, 0xF7, 0xFF,
    0xFF, 0xFF, 0xFF, 0xFF, 0x5F, 0x00, 0x00, 0x00, 0x00, 0x00, 0x00, 0x00, 0x00, 0x00, 0x00, 0x00,
    0xA0, 0xFF, 0xFF, 0xFF, 0xFF, 0xFF, 0xFF, 0x2F, 0x00, 0x00, 0x00, 0x00, 0x00, 0x00, 0x00, 0x00,
    0x00, 0x00, 0x00, 0xFB, 0xFF, 0xFF, 0xFF, 0xFF, 0xFF, 0xFF, 0x0C, 0x00, 0x00, 0x00, 0x00, 0x00,
    0x00, 0x00, 0x00, 0x00, 0x00, 0x90, 0xFF, 0xFF, 0xFF, 0xFF, 0xFF, 0xFF, 0xFF, 0x05, 0x00, 0x00,
    0x00, 0x00, 0x00, 0x00, 0x00, 0x00, 0x00, 0x00, 0xF6, 0xFF, 0xFF, 0xFF, 0xFF, 0xFF, 0xFF, 0xDF,
    0x00, 0x00, 0x00, 0x00, 0x00, 0x00, 0x00, 0x00, 0x00, 0x00, 0x20, 0xFF, 0xFF, 0xFF, 0xFF, 0xFF,
    0xFF, 0xFF, 0x5F, 0x00, 0x00, 0x00, 0x00, 0x00, 0x00, 0x00, 0x00, 0x00, 0x00, 0xC0, 0xFF, 0xFF,
    0x8F, 0x32, 0xFE, 0xFF, 0xFF, 0x0C, 0x00, 0x00, 0x00, 0x00, 0x00, 0x00, 0x00, 0x00, 0x00, 0x00,
    0xF6, 0xFF, 0xFF, 0x06, 0x00, 0xF8, 0xFF, 0xFF, 0x04, 0x00, 0x00, 0x00, 0x00, 0x00, 0x00, 0x00,
    0x00, 0x00, 0x10, 0xFE, 0xFF, 0xAF, 0x00, 0x00, 0xF8, 0xFF, 0xCF, 0x00, 0x00, 0x00, 0x00, 0x00,
    0x00, 0x00, 0x00, 0x00, 0x00, 0x90, 0xFF, 0xFF, 0x2F, 0x00, 0x00, 0xFC, 0xFF, 0x4F, 0x00, 0x00,
    0x00, 0x00, 0x00, 0x00, 0x00, 0x00, 0x00, 0x00, 0xF2, 0xFF, 0xFF, 0x0D, 0x00, 0x30, 0xFF, 0xFF,
    0x0D, 0x00, 0x00, 0x00, 0x00, 0x00, 0x00, 0x00, 0x00, 0x00, 0x00, 0xFB, 0xFF, 0xFF, 0x0C, 0x00,
    0xD0, 0xFF, 0xFF, 0x07, 0x00, 0x00, 0x00, 0x00, 0x00, 0x00, 0x00, 0x00, 0x00, 0x40, 0xFF, 0xFF,
    0xFF, 0x2F, 0x30, 0xFC, 0xFF, 0xFF, 0x01, 0x00, 0x00, 0x00, 0x00, 0x00, 0x00, 0x00, 0x00, 0x00,
    0xD0, 0xFF, 0xFF, 0xFF, 0xFF, 0xFF, 0xFF, 0xFF, 0xCF, 0x00, 0x00, 0x00, 0x00, 0x00, 0x00, 0x00,
    0x00, 0x00, 0x00, 0xF6, 0xFF, 0xFF, 0xFF, 0xFF, 0xFF, 0xFF, 0xFF, 0x9F, 0x00, 0x00, 0x00, 0x00,
    0x00, 0x00, 0x00, 0x00, 0x00, 0x20, 0xFF, 0xFF, 0xFF, 0xFF, 0xFF, 0xFF, 0xFF, 0xFF, 0x7F, 0x00,
    0x00, 0x00, 0x00, 0x00, 0x00, 0x00, 0x00, 0x00, 0xC0, 0xFF, 0xFF, 0xFF, 0xFF, 0xFF, 0xFF, 0xFF,
    0xFF, 0x6F, 0x00, 0x00, 0x00, 0x00, 0x00, 0x23, 0x00, 0x00, 0x00, 0xFC, 0xFF, 0xFF, 0xFF, 0x6F,
    0xC3, 0xFF, 0xFF, 0xFF, 0x8F, 0x00, 0x00, 0x00, 0x00, 0xF8, 0xFF, 0x5C, 0x10, 0xD5, 0xFF, 0xFF,
    0xFF, 0xFF, 0x06, 0x30, 0xFF, 0xFF, 0xFF, 0xEF, 0x02, 0x00, 0x00, 0xA0, 0xFF, 0xFF, 0xFF, 0xFF,
    0xFF, 0xFF, 0xFF, 0xFF, 0xDF, 0x00, 0x30, 0xFF, 0xFF, 0xFF, 0xFF, 0x7F, 0x00, 0x00, 0xF4, 0xFF,
    0xFF, 0xFF, 0xFF, 0xFF, 0xFF, 0xFF, 0xFF, 0x4F, 0x00, 0x60, 0xFF, 0xFF, 0xFF, 0xFF, 0xFF, 0x02,
    0x00, 0xFA, 0xFF, 0xFF, 0xFF, 0xFF, 0xFF, 0xFF, 0xFF, 0xFF, 0x0A, 0x00, 0xB0, 0xFF, 0xFF, 0xFF,
    0xFF, 0xFF, 0x04, 0x00, 0xFD, 0xFF, 0xFF, 0xFF, 0xFF, 0xFF, 0xFF, 0xFF, 0xEF, 0x01, 0x00, 0xF0,
    0xFF, 0xFF, 0xFF, 0xFF, 0xFF, 0x01, 0x00, 0xFD, 0xFF, 0xFF, 0xFF, 0xFF, 0xFF, 0xFF, 0xFF, 0x4F,
    0x00, 0x00, 0xF3, 0xFF, 0xFF, 0xFF, 0xFF, 0xDF, 0x00, 0x00, 0xFA, 0xFF, 0xFF, 0xFF, 0xFF, 0xFF,
    0xFF, 0xFF, 0x07, 0x00, 0x00, 0xF4, 0xFF, 0xFF, 0xFF, 0xFF, 0x7F, 0x00, 0x00, 0xF3, 0xFF, 0xFF,
    0xFF, 0xFF, 0xFF, 0xFF, 0x7F, 0x00, 0x00, 0x00, 0xF3, 0xFF, 0xFF, 0xFF, 0xFF, 0x0E, 0x00, 0x00,
    0x80, 0xFF, 0xFF, 0xFF, 0xFF, 0xFF, 0xFF, 0x06, 0x00, 0x00, 0x00, 0xF0, 0xFF, 0xFF, 0xFF, 0xFF,
    0x04, 0x00, 0x00, 0x00, 0xF7, 0xFF, 0xFF, 0xFF, 0xFF, 0x3C, 0x00, 0x00, 0x00, 0x00, 0x60, 0xFF,
    0xFF, 0xFF, 0x5F, 0x00, 0x00, 0x00, 0x00, 0x10, 0xB6, 0xFD, 0xDF, 0x49, 0x00, 0x00, 0x00, 0x00,
    0x00, 0x00, 0xB4, 0xFE, 0x9D, 0x02, 0x00, 0x00, 0x00, 0x00, 0x00, 0x00, 0x00, 0x00, 0x00, 0x00,
    0x00, 0x63, 0xB9, 0xED, 0xFE, 0xEF, 0xCD, 0x7A, 0x04, 0x00, 0x00, 0x00, 0x00, 0x00, 0x00, 0x00,
    0x00, 0x00, 0x60, 0xFB, 0xFF, 0xFF, 0xFF, 0xFF, 0xFF, 0xFF, 0xFF, 0xFF, 0x29, 0x00, 0x00, 0x00,
    0x00, 0x00, 0x00, 0x00, 0x91, 0xFF, 0xFF, 0xFF, 0xFF, 0xFF, 0xFF, 0xFF, 0xFF, 0xFF, 0xFF, 0xFF,
    0x08, 0x00, 0x00, 0x00, 0x00, 0x00, 0x80, 0xFF, 0xFF, 0xFF, 0xFF, 0xFF, 0xFF, 0xFF, 0xFF, 0xFF,
    0xFF, 0xFF, 0xFF, 0xBF, 0x00, 0x00, 0x00, 0x00, 0x20, 0xFC, 0xFF, 0xFF, 0xFF, 0xFF, 0xFF, 0xFF,
    0xFF, 0xFF, 0xFF, 0xFF, 0xFF, 0xFF, 0xFF, 0x07, 0x00, 0x00, 0x00, 0xE2, 0xFF, 0xFF, 0xFF, 0xFF,
    0xFF, 0xFF, 0xFF, 0xFF, 0xFF, 0xFF, 0xFF, 0xFF, 0xFF, 0xFF, 0x0E, 0x00, 0x00, 0x10, 0xFE, 0xFF,
    0xFF, 0xFF, 0xFF, 0xFF, 0xFF, 0xFF, 0xFF, 0xFF, 0xFF, 0xFF, 0xFF, 0xFF, 0xFF, 0x1F, 0x00, 0x00,
    0xA0, 0xFF, 0xFF, 0xFF, 0xEF, 0x99, 0xFD, 0xFF, 0xFF, 0xFF, 0xFF, 0xFF, 0xFF, 0xFF, 0xFF, 0xFF,
    0x2F, 0x00, 0x00, 0xF2, 0xFF, 0xFF, 0xFF, 0x09, 0x00, 0xA0, 0xFF, 0xFF, 0xFF, 0x2C, 0x30, 0xFA,
    0xFF, 0xFF, 0xFF, 0x1F, 0x00, 0x00, 0xF9, 0xFF, 0xFF, 0xEF, 0x00, 0x00, 0x30, 0xFF, 0xFF, 0xFF,
    0x02, 0x00, 0xB0, 0xFF, 0xFF, 0xFF, 0x0C, 0x00, 0x00, 0xFE, 0xFF, 0xFF, 0xBF, 0x00, 0x00, 0x20,
    0xFF, 0xFF, 0xEF, 0x00, 0x00, 0x60, 0xFF, 0xFF, 0xFF, 0x05, 0x00, 0x10, 0xFF, 0xFF, 0xFF, 0xFF,
    0x04, 0x00, 0x50, 0xFF, 0xFF, 0xBF, 0x00, 0x00, 0xB0, 0xFF, 0xFF, 0xAF, 0x00, 0x00, 0x20, 0xFF,
    0xFF, 0xFF, 0xFF, 0x8F, 0x00, 0x90, 0xFF, 0xFF, 0xEF, 0x03, 0x30, 0xFB, 0xFF, 0xFF, 0x09, 0x00,
    0x00, 0x20, 0xFF, 0xFF, 0xFF, 0xFF, 0xFF, 0x02, 0xC0, 0xFF, 0xFF, 0xFF, 0xFF, 0xFF, 0xFF, 0xEF,
    0x39, 0x00, 0x00, 0x00, 0x00, 0xFF, 0xFF, 0xFF, 0xFF, 0xFF, 0x03, 0xF2, 0xFF, 0xFF, 0xFF, 0xFF,
    0xFF, 0xFF, 0xAF, 0x00, 0x00, 0x00, 0x00, 0x00, 0xFB, 0xFF, 0xFF, 0xFF, 0xFF, 0x01, 0xF7, 0xFF,
    0xFF, 0xFF, 0xFF, 0xFF, 0xFF, 0xFF, 0x1C, 0x00, 0x00, 0x00, 0x00, 0xF3, 0xFF, 0xFF, 0xFF, 0xAF,
    0x00, 0xFD, 0xFF, 0xFF, 0xFF, 0xFF, 0xFF, 0xFF, 0xFF, 0xCF, 0x00, 0x00, 0x00, 0x00, 0x70, 0xFF,
    0xFF, 0xFF, 0x1C, 0x60, 0xFF, 0xFF, 0xFF, 0x16, 0x20, 0xE7, 0xFF, 0xFF, 0xFF, 0x04, 0x00, 0x00,
    0x00, 0x00, 0xB4, 0xED, 0x6C, 0x00, 0xE1, 0xFF, 0xFF, 0xAF, 0x00, 0x00, 0x30, 0xFF, 0xFF, 0xFF,
    0x09, 0x00, 0x00, 0x00, 0x00, 0x00, 0x00, 0x00, 0x00, 0xFC, 0xFF, 0xFF, 0x5F, 0x00, 0x00, 0x00,
    0xFD, 0xFF, 0xFF, 0x0B, 0x00, 0x00, 0x00, 0x01, 0x00, 0x00, 0x00, 0xB0, 0xFF, 0xFF, 0xFF, 0x2F,
    0x00, 0x00, 0x00, 0xFE, 0xFF, 0xFF, 0x0B, 0x00, 0x10, 0xFB, 0xEF, 0x5A, 0x01, 0x61, 0xFE, 0xFF,
    0xFF, 0xFF, 0x4F, 0x00, 0x00, 0x50, 0xFF, 0xFF, 0xFF, 0x09, 0x00, 0xD0, 0xFF, 0xFF, 0xFF, 0xFF,
    0xFF, 0xFF, 0xFF, 0xFF, 0xFF, 0xEF, 0x15, 0x20, 0xF7, 0xFF, 0xFF, 0xFF, 0x07, 0x00, 0xF7, 0xFF,
    0xFF, 0xFF, 0xFF, 0xFF, 0xFF, 0xFF, 0xFF, 0xFF, 0xFF, 0xFF, 0xFF, 0xFF, 0xFF, 0xFF, 0xFF, 0x02,
    0x00, 0xFB, 0xFF, 0xFF, 0xFF, 0xFF, 0xFF, 0xFF, 0xFF, 0xFF, 0xFF, 0xFF, 0xFF, 0xFF, 0xFF, 0xFF,
    0xFF, 0xDF, 0x00, 0x00, 0xFC, 0xFF, 0xFF, 0xFF, 0xFF, 0xFF, 0xFF, 0xFF, 0xFF, 0xFF, 0xFF, 0xFF,
    0xFF, 0xFF, 0xFF, 0xFF, 0x5F, 0x00, 0x00, 0xFB, 0xFF, 0xFF, 0xFF, 0xFF, 0xFF, 0xFF, 0xFF, 0xFF,
    0xFF, 0xFF, 0xFF, 0xFF, 0xFF, 0xFF, 0xFF, 0x0B, 0x00, 0x00, 0xF5, 0xFF, 0xFF, 0xFF, 0xFF, 0xFF,
    0xFF, 0xFF, 0xC7, 0xFF, 0xFF, 0xFF, 0xFF, 0xFF, 0xFF, 0xEF, 0x01, 0x00, 0x00, 0xB0, 0xFF, 0xFF,
    0xFF, 0xFF, 0xFF, 0xFF, 0x3E, 0x10, 0xFD, 0xFF, 0xFF, 0xFF, 0xFF, 0xFF, 0x1D, 0x00, 0x00, 0x00,
    0x00, 0xFA, 0xFF, 0xFF, 0xFF, 0xFF, 0x9F, 0x01, 0x00, 0xB1, 0xFF, 0xFF, 0xFF, 0xFF, 0x8F, 0x00,
    0x00, 0x00, 0x00, 0x00, 0x30, 0xD9, 0xFE, 0xDF, 0x6A, 0x01, 0x00, 0x00, 0x00, 0x93, 0xFD, 0xEF,
    0x7B, 0x01, 0x00, 0x00, 0x00, 0x00, 0x00, 0x00, 0x00, 0x00, 0x00, 0x00, 0x72, 0xDB, 0xFF, 0xCE,
    0x17, 0x00, 0x00, 0x00, 0x00, 0x00, 0x00, 0x00, 0xB3, 0xFF, 0xFF, 0xFF, 0xFF, 0xFF, 0x05, 0x00,
    0x00, 0x00, 0x00, 0x00, 0xA1, 0xFF, 0xFF, 0xFF, 0xFF, 0xFF, 0xFF, 0x7F, 0x00, 0x00, 0x00, 0x00,
    0x30, 0xFD, 0xFF, 0xFF, 0xFF, 0xFF, 0xFF, 0xFF, 0xFF, 0x03, 0x00, 0x00, 0x00, 0xF4, 0xFF, 0xFF,
    0xFF, 0xFF, 0xFF, 0xFF, 0xFF, 0xFF, 0x0A, 0x00, 0x00, 0x30, 0xFF, 0xFF, 0xFF, 0xFF, 0xFF, 0xFF,
    0xFF, 0xFF, 0xFF, 0x0F, 0x00, 0x00, 0xE1, 0xFF, 0xFF, 0xFF, 0xFF, 0xFF, 0xFF, 0xFF, 0xFF, 0xFF,
    0x2F, 0x00, 0x00, 0xFC, 0xFF, 0xFF, 0xFF, 0x6D, 0x02, 0xC3, 0xFF, 0xFF, 0xFF, 0x3F, 0x00, 0x70,
    0xFF, 0xFF, 0xFF, 0x9F, 0x00, 0x00, 0x20, 0xFF, 0xFF, 0xFF, 0x2F, 0x00, 0xE1, 0xFF, 0xFF, 0xFF,
    0x09, 0x00, 0x00, 0x20, 0xFF, 0xFF, 0xFF, 0x0F, 0x00, 0xF8, 0xFF, 0xFF, 0xAF, 0x00, 0x00, 0x00,
    0xD4, 0xFF, 0xFF, 0xFF, 0x0C, 0x00, 0xFE, 0xFF, 0xFF, 0x1F, 0x00, 0x00, 0xC4, 0xFF, 0xFF, 0xFF,
    0xFF, 0x06, 0x50, 0xFF, 0xFF, 0xFF, 0x07, 0x00, 0x60, 0xFF, 0xFF, 0xFF, 0xFF, 0xDF, 0x00, 0xA0,
    0xFF, 0xFF, 0xFF, 0x01, 0x00, 0xD0, 0xFF, 0xFF, 0xFF, 0xFF, 0x4F, 0x00, 0xF0, 0xFF, 0xFF, 0xBF,
    0x00, 0x00, 0xD0, 0xFF, 0xFF, 0xFF, 0xFF, 0x07, 0x00, 0xF2, 0xFF, 0xFF, 0x8F, 0x00, 0x00, 0x80,
    0xFF, 0xFF, 0xFF, 0x6F, 0x00, 0x00, 0xF5, 0xFF, 0xFF, 0x6F, 0x00, 0x00, 0x00, 0xFA, 0xFF, 0xAF,
    0x02, 0x00, 0x00, 0xF7, 0xFF, 0xFF, 0x6F, 0x00, 0x00, 0x00, 0x00, 0x22, 0x00, 0x00, 0x00, 0x00,
    0xF8, 0xFF, 0xFF, 0x7F, 0x00, 0x00, 0x00, 0x00, 0x00, 0x00, 0x00, 0x00, 0x00, 0xF9, 0xFF, 0xFF,
    0xBF, 0x00, 0x00, 0x00, 0x00, 0x00, 0x10, 0x00, 0x00, 0x00, 0xF8, 0xFF, 0xFF, 0xFF, 0x03, 0x00,
    0x00, 0x00, 0x30, 0xFC, 0x4E, 0x00, 0x00, 0xF7, 0xFF, 0xFF, 0xFF, 0x1D, 0x00, 0x00, 0x00, 0xF8,
    0xFF, 0xEF, 0x00, 0x00, 0xF5, 0xFF, 0xFF, 0xFF, 0xEF, 0x26, 0x10, 0xD6, 0xFF, 0xFF, 0xFF, 0x00,
    0x00, 0xF2, 0xFF, 0xFF, 0xFF, 0xFF, 0xFF, 0xFF, 0xFF, 0xFF, 0xFF, 0xDF, 0x00, 0x00, 0xD0, 0xFF,
    0xFF, 0xFF, 0xFF, 0xFF, 0xFF, 0xFF, 0xFF, 0xFF, 0x7F, 0x00, 0x00, 0x70, 0xFF, 0xFF, 0xFF, 0xFF,
    0xFF, 0xFF, 0xFF, 0xFF, 0xFF, 0x0E, 0x00, 0x00, 0x00, 0xFE, 0xFF, 0xFF, 0xFF, 0xFF, 0xFF, 0xFF,
    0xFF, 0xFF, 0x04, 0x00, 0x00, 0x00, 0xF4, 0xFF, 0xFF, 0xFF, 0xFF, 0xFF, 0xFF, 0xFF, 0x5F, 0x00,
    0x00, 0x00, 0x00, 0x60, 0xFF, 0xFF, 0xFF, 0xFF, 0xFF, 0xFF, 0xEF, 0x03, 0x00, 0x00, 0x00, 0x00,
    0x00, 0xD4, 0xFF, 0xFF, 0xFF, 0xFF, 0xFF, 0x08, 0x00, 0x00, 0x00, 0x00, 0x00, 0x00, 0x00, 0x94,
    0xFD, 0xFF, 0xAD, 0x16, 0x00, 0x00, 0x00, 0x00, 0x00, 0x00, 0x00, 0x00, 0x00, 0x00, 0x00, 0x00,
    0x63, 0xC9, 0xED, 0xFF, 0xDF, 0x8B, 0x05, 0x00, 0x00, 0x00, 0x00, 0x00, 0x00, 0x00, 0x00, 0x00,
    0x40, 0xEA, 0xFF, 0xFF, 0xFF, 0xFF, 0xFF, 0xFF, 0xFF, 0x3A, 0x00, 0x00, 0x00, 0x00, 0x00, 0x00,
    0x00, 0x70, 0xFE, 0xFF, 0xFF, 0xFF, 0xFF, 0xFF, 0xFF, 0xFF, 0xFF, 0xFF, 0x1A, 0x00, 0x00, 0x00,
    0x00, 0x00, 0x40, 0xFE, 0xFF, 0xFF, 0xFF, 0xFF, 0xFF, 0xFF, 0xFF, 0xFF, 0xFF, 0xFF, 0xDF, 0x02,
    0x00, 0x00, 0x00, 0x00, 0xF9, 0xFF, 0xFF, 0xFF, 0xFF, 0xFF, 0xFF, 0xFF, 0xFF, 0xFF, 0xFF, 0xFF,
    0xFF, 0x1D, 0x00, 0x00, 0x00, 0xA0, 0xFF, 0xFF, 0xFF, 0xFF, 0xFF, 0xFF, 0xFF, 0xFF, 0xFF, 0xFF,
    0xFF, 0xFF, 0xFF, 0xBF, 0x00, 0x00, 0x00, 0xF9, 0xFF, 0xFF, 0xFF, 0xFF, 0xFF, 0xFF, 0xFF, 0xFF,
    0xFF, 0xFF, 0xFF, 0xFF, 0xFF, 0xFF, 0x04, 0x00, 0x40, 0xFF, 0xFF, 0xFF, 0xFF, 0xAD, 0xEA, 0xFF,
    0xFF, 0xFF, 0xFF, 0xFF, 0xFF, 0xFF, 0xFF, 0xFF, 0x0B, 0x00, 0xC0, 0xFF, 0xFF, 0xFF, 0x4F, 0x00,
    0x00, 0xFB, 0xFF, 0xFF, 0xFF, 0x03, 0xA2, 0xFF, 0xFF, 0xFF, 0x1F, 0x00, 0xF2, 0xFF, 0xFF, 0xFF,
    0x08, 0x00, 0x00, 0xF3, 0xFF, 0xFF, 0x8F, 0x00, 0x00, 0xF9, 0xFF, 0xFF, 0x4F, 0x00, 0xF6, 0xFF,
    0xFF, 0xFF, 0x08, 0x00, 0x00, 0xF2, 0xFF, 0xFF, 0x2F, 0x00, 0x00, 0xF1, 0xFF, 0xFF, 0x6F, 0x00,
    0xF8, 0xFF, 0xFF, 0xFF, 0x7F, 0x00, 0x00, 0xF5, 0xFF, 0xFF, 0x0D, 0x00, 0x00, 0xD0, 0xFF, 0xFF,
    0x7F, 0x00, 0xF7, 0xFF, 0xFF, 0xFF, 0xFF, 0x09, 0x00, 0xF8, 0xFF, 0xFF, 0x08, 0x00, 0x00, 0xC0,
    0xFF, 0xFF, 0x7F, 0x00, 0xF6, 0xFF, 0xFF, 0xFF, 0xFF, 0x0E, 0x00, 0xFC, 0xFF, 0xFF, 0x03, 0x00,
    0x00, 0xD0, 0xFF, 0xFF, 0x7F, 0x00, 0xF2, 0xFF, 0xFF, 0xFF, 0xFF, 0x0E, 0x10, 0xFF, 0xFF, 0xEF,
    0x00, 0x00, 0x00, 0xF0, 0xFF, 0xFF, 0x5F, 0x00, 0xB0, 0xFF, 0xFF, 0xFF, 0xFF, 0x0A, 0x60, 0xFF,
    0xFF, 0x9F, 0x00, 0x00, 0x00, 0xF3, 0xFF, 0xFF, 0x3F, 0x00, 0x20, 0xFE, 0xFF, 0xFF, 0xFF, 0x02,
    0xC0, 0xFF, 0xFF, 0x5F, 0x00, 0x00, 0x00, 0xF8, 0xFF, 0xFF, 0x0F, 0x00, 0x00, 0xC2, 0xFF, 0xFF,
    0x4E, 0x00, 0xF4, 0xFF, 0xFF, 0x0F, 0x00, 0x00, 0x00, 0xFE, 0xFF, 0xFF, 0x0C, 0x00, 0x00, 0x00,
    0x63, 0x46, 0x00, 0x00, 0xFC, 0xFF, 0xFF, 0x0B, 0x00, 0x00, 0x80, 0xFF, 0xFF, 0xFF, 0x07, 0x00,
    0x00, 0x00, 0x00, 0x00, 0x00, 0x80, 0xFF, 0xFF, 0xFF, 0x07, 0x00, 0x00, 0xF4, 0xFF, 0xFF, 0xFF,
    0x02, 0x00, 0x00, 0x01, 0x00, 0x00, 0x00, 0xF5, 0xFF, 0xFF, 0xFF, 0x05, 0x00, 0x40, 0xFF, 0xFF,
    0xFF, 0xBF, 0x00, 0x30, 0xFC, 0xEF, 0x5A, 0x01, 0xA3, 0xFF, 0xFF, 0xFF, 0xFF, 0x09, 0x30, 0xFA,
    0xFF, 0xFF, 0xFF, 0x4F, 0x00, 0xF2, 0xFF, 0xFF, 0xFF, 0xFF, 0xFF, 0xFF, 0xFF, 0xFF, 0xFF, 0xFF,
    0xFF, 0xFF, 0xFF, 0xFF, 0xFF, 0x0C, 0x00, 0xF9, 0xFF, 0xFF, 0xFF, 0xFF, 0xFF, 0xFF, 0xFF, 0xFF,
    0xFF, 0xFF, 0xFF, 0xFF, 0xFF, 0xFF, 0xFF, 0x04, 0x00, 0xFE, 0xFF, 0xFF, 0xFF, 0xFF, 0xFF, 0xFF,
    0xFF, 0xFC, 0xFF, 0xFF, 0xFF, 0xFF, 0xFF, 0xFF, 0xAF, 0x00, 0x00, 0xFF, 0xFF, 0xFF, 0xFF, 0xFF,
    0xFF, 0xFF, 0xBF, 0xC0, 0xFF, 0xFF, 0xFF, 0xFF, 0xFF, 0xFF, 0x0D, 0x00, 0x00, 0xFD, 0xFF, 0xFF,
    0xFF, 0xFF, 0xFF, 0xFF, 0x1E, 0xF0, 0xFF, 0xFF, 0xFF, 0xFF, 0xFF, 0xEF, 0x02, 0x00, 0x00, 0xF7,
    0xFF, 0xFF, 0xFF, 0xFF, 0xFF, 0xFF, 0x05, 0xF0, 0xFF, 0xFF, 0xFF, 0xFF, 0xFF, 0x3F, 0x00, 0x00,
    0x00, 0xC0, 0xFF, 0xFF, 0xFF, 0xFF, 0xFF, 0x5F, 0x00, 0xD0, 0xFF, 0xFF, 0xFF, 0xFF, 0xDF, 0x02,
    0x00, 0x00, 0x00, 0x10, 0xFB, 0xFF, 0xFF, 0xFF, 0xDF, 0x04, 0x00, 0x40, 0xFF, 0xFF, 0xFF, 0xFF,
    0x09, 0x00, 0x00, 0x00, 0x00, 0x00, 0x40, 0xDA, 0xFF, 0xAE, 0x05, 0x00, 0x00, 0x00, 0xA2, 0xFD,
    0xCE, 0x27, 0x00, 0x00, 0x00, 0x00, 0x00, 0x00, 0x00, 0x00, 0x00, 0x00, 0x00, 0x83, 0xEB, 0xFF,
    0xDF, 0x6A, 0x00, 0x00, 0x00, 0x00, 0x00, 0x00, 0x00, 0x00, 0xC3, 0xFF, 0xFF, 0xFF, 0xFF, 0xFF,
    0x7F, 0x00, 0x00, 0x00, 0x00, 0x00, 0x00, 0x60, 0xFF, 0xFF, 0xFF, 0xFF, 0xFF, 0xFF, 0xFF, 0x0A,
    0x00, 0x00, 0x00, 0x00, 0x00, 0xF6, 0xFF, 0xFF, 0xFF, 0xFF, 0xFF, 0xFF, 0xFF, 0x7F, 0x00, 0x00,
    0x00, 0x00, 0x10, 0xFF, 0xFF, 0xFF, 0xFF, 0xFF, 0xFF, 0xFF, 0xFF, 0xEF, 0x00, 0x00, 0x00, 0x00,
    0x80, 0xFF, 0xFF, 0xFF, 0xFF, 0xFF, 0xFF, 0xFF, 0xFF, 0xFF, 0x03, 0x00, 0x00, 0x00, 0xE0, 0xFF,
    0xFF, 0xFF, 0xFF, 0xFF, 0xFF, 0xFF, 0xFF, 0xFF, 0x05, 0x00, 0x00, 0x00, 0xF0, 0xFF, 0xFF, 0xFF,
    0x29, 0x30, 0xFC, 0xFF, 0xFF, 0xFF, 0x03, 0x00, 0x00, 0x00, 0xF0, 0xFF, 0xFF, 0xCF, 0x00, 0x00,
    0xD0, 0xFF, 0xFF, 0xEF, 0x00, 0x00, 0x00, 0x00, 0xD0, 0xFF, 0xFF, 0xBF, 0x00, 0x00, 0x30, 0xFF,
    0xFF, 0x4F, 0x00, 0x00, 0x00, 0x00, 0x50, 0xFF, 0xFF, 0xFF, 0x03, 0x00, 0x00, 0xA3, 0x8B, 0x02,
    0x00, 0x00, 0x00, 0x00, 0x00, 0xFA, 0xFF, 0xFF, 0x9F, 0x13, 0x00, 0x00, 0x00, 0x00, 0x00, 0x00,
    0x00, 0x00, 0x10, 0xFA, 0xFF, 0xFF, 0xFF, 0xFF, 0xCF, 0x01, 0x00, 0x00, 0x00, 0x00, 0x00, 0x30,
    0xFA, 0xFF, 0xFF, 0xFF, 0xFF, 0xFF, 0xFF, 0x07, 0x00, 0x00, 0x00, 0x00, 0x00, 0xF8, 0xFF, 0xFF,
    0xFF, 0xFF, 0xFF, 0xFF, 0xFF, 0x06, 0x00, 0x00, 0x00, 0x00, 0xB0, 0xFF, 0xFF, 0xFF, 0xFF, 0xFF,
    0xFF, 0xFF, 0xFF, 0x02, 0x00, 0x00, 0x00, 0x00, 0xFA, 0xFF, 0xFF, 0xFF, 0x7E, 0x44, 0x96, 0xFC,
    0x5E, 0x00, 0x00, 0x00, 0x00, 0x40, 0xFF, 0xFF, 0xFF, 0xEF, 0x01, 0x00, 0x00, 0x00, 0x00, 0x00,
    0x00, 0x00, 0x00, 0xD0, 0xFF, 0xFF, 0xFF, 0x7F, 0x00, 0x00, 0x00, 0x00, 0x00, 0x00, 0x00, 0x00,
    0x00, 0xF2, 0xFF, 0xFF, 0xFF, 0x6F, 0x00, 0x00, 0x00, 0x00, 0xA2, 0x9C, 0x01, 0x00, 0x00, 0xF6,
    0xFF, 0xFF, 0xFF, 0xBF, 0x00, 0x00, 0x00, 0x91, 0xFF, 0xFF, 0x0D, 0x00, 0x00, 0xF8, 0xFF, 0xFF,
    0xFF, 0xFF, 0x2A, 0x00, 0x93, 0xFF, 0xFF, 0xFF, 0x3F, 0x00, 0x00, 0xF9, 0xFF, 0xFF, 0xFF, 0xFF,
    0xFF, 0xFF, 0xFF, 0xFF, 0xFF, 0xFF, 0x4F, 0x00, 0x00, 0xF7, 0xFF, 0xFF, 0xFF, 0xFF, 0xFF, 0xFF,
    0xFF, 0xFF, 0xFF, 0xFF, 0x0F, 0x00, 0x00, 0xF4, 0xFF, 0xFF, 0xFF, 0xFF, 0xFF, 0xFF, 0xFF, 0xFF,
    0xFF, 0xFF, 0x09, 0x00, 0x00, 0xE0, 0xFF, 0xFF, 0xFF, 0xFF, 0xFF, 0xFF, 0xFF, 0xFF, 0xFF, 0xFF,
    0x01, 0x00, 0x00, 0x50, 0xFF, 0xFF, 0xFF, 0xFF, 0xFF, 0xFF, 0xFF, 0xFF, 0xFF, 0x4F, 0x00, 0x00,
    0x00, 0x00, 0xFA, 0xFF, 0xFF, 0xFF, 0xFF, 0xFF, 0xFF, 0xFF, 0xFF, 0x05, 0x00, 0x00, 0x00, 0x00,
    0x90, 0xFF, 0xFF, 0xFF, 0xFF, 0xFF, 0xFF, 0xFF, 0x3D, 0x00, 0x00, 0x00, 0x00, 0x00, 0x00, 0xD4,
    0xFF, 0xFF, 0xFF, 0xFF, 0xFF, 0x7E, 0x00, 0x00, 0x00, 0x00, 0x00, 0x00, 0x00, 0x00, 0x83, 0xEC,
    0xFF, 0xCE, 0x59, 0x00, 0x00, 0x00, 0x00, 0x00, 0x00, 0x00, 0x00, 0x00, 0x00, 0x00, 0x00, 0x52,
    0xA8, 0xDB, 0xEE, 0xFF, 0xFF, 0xDE, 0x8B, 0x15, 0x00, 0x00, 0x00, 0x00, 0x00, 0x00, 0x50, 0xEA,
    0xFF, 0xFF, 0xFF, 0xFF, 0xFF, 0xFF, 0xFF, 0xFF, 0xFF, 0x1A, 0x00, 0x00, 0x00, 0x00, 0x91, 0xFE,
    0xFF, 0xFF, 0xFF, 0xFF, 0xFF, 0xFF, 0xFF, 0xFF, 0xFF, 0xFF, 0xDF, 0x00, 0x00, 0x00, 0x80, 0xFF,
    0xFF, 0xFF, 0xFF, 0xFF, 0xFF, 0xFF, 0xFF, 0xFF, 0xFF, 0xFF, 0xFF, 0xFF, 0x03, 0x00, 0x10, 0xFC,
    0xFF, 0xFF, 0xFF, 0xFF, 0xFF, 0xFF, 0xFF, 0xFF, 0xFF, 0xFF, 0xFF, 0xFF, 0xFF, 0x04, 0x00, 0xD1,
    0xFF, 0xFF, 0xFF, 0xFF, 0xFF, 0xFF, 0xFF, 0xFF, 0xFF, 0xFF, 0xFF, 0xFF, 0xFF, 0xFF, 0x01, 0x00,
    0xFC, 0xFF, 0xFF, 0xFF, 0xFF, 0xFF, 0xFF, 0xFF, 0xFF, 0xFF, 0xFF, 0xFF, 0xFF, 0xFF, 0xBF, 0x00,
    0x60, 0xFF, 0xFF, 0xFF, 0xFF, 0xFF, 0xFF, 0xFF, 0xFF, 0xFF, 0xFF, 0xFF, 0xFF, 0xFF, 0xFF, 0x3F,
    0x00, 0xE0, 0xFF, 0xFF, 0xFF, 0xDF, 0x26, 0x10, 0xF8, 0xFF, 0xFF, 0x9F, 0x02, 0x72, 0xFE, 0xFF,
    0x06, 0x00, 0xF3, 0xFF, 0xFF, 0xFF, 0x0C, 0x00, 0x00, 0xF0, 0xFF, 0xFF, 0x0A, 0x00, 0x00, 0x50,
    0x27, 0x00, 0x00, 0xF6, 0xFF, 0xFF, 0xFF, 0x06, 0x00, 0x00, 0xF0, 0xFF, 0xFF, 0x06, 0x00, 0x00,
    0x00, 0x00, 0x00, 0x00, 0xF8, 0xFF, 0xFF, 0xFF, 0x2D, 0x00, 0x00, 0xF2, 0xFF, 0xFF, 0x09, 0x00,
    0x00, 0x00, 0x00, 0x00, 0x00, 0xF7, 0xFF, 0xFF, 0xFF, 0xFF, 0x06, 0x00, 0xF5, 0xFF, 0xFF, 0x8F,
    0x02, 0x00, 0x00, 0x00, 0x00, 0x00, 0xF5, 0xFF, 0xFF, 0xFF, 0xFF, 0x0E, 0x00, 0xF8, 0xFF, 0xFF,
    0xFF, 0xFF, 0xFF, 0x4E, 0x00, 0x00, 0x00, 0xF1, 0xFF, 0xFF, 0xFF, 0xFF, 0x0D, 0x00, 0xFC, 0xFF,
    0xFF, 0xFF, 0xFF, 0xFF, 0xAF, 0x00, 0x00, 0x00, 0x90, 0xFF, 0xFF, 0xFF, 0xFF, 0x08, 0x10, 0xFF,
    0xFF, 0xFF, 0xFF, 0xFF, 0xFF, 0xBF, 0x00, 0x00, 0x00, 0x00, 0xFC, 0xFF, 0xFF, 0xDF, 0x01, 0x50,
    0xFF, 0xFF, 0xFF, 0xFF, 0xFF, 0xFF, 0xAF, 0x00, 0x00, 0x00, 0x00, 0x80, 0xFE, 0xFF, 0x19, 0x00,
    0xB0, 0xFF, 0xFF, 0xFF, 0xFF, 0xFF, 0xFF, 0x7F, 0x00, 0x00, 0x00, 0x00, 0x00, 0x10, 0x02, 0x00,
    0x00, 0xF2, 0xFF, 0xFF, 0xFF, 0xFF, 0xFF, 0xFF, 0x1F, 0x00, 0x00, 0x00, 0x00, 0x00, 0x00, 0x00,
    0x00, 0x00, 0xFA, 0xFF, 0xFF, 0x9F, 0x65, 0xD9, 0xEF, 0x04, 0x00, 0x00, 0x00, 0x00, 0x00, 0x10,
    0x00, 0x00, 0x50, 0xFF, 0xFF, 0xFF, 0x07, 0x00, 0x00, 0x00, 0x00, 0x00, 0x00, 0x00, 0x00, 0xB2,
    0xFF, 0x6E, 0x11, 0xF7, 0xFF, 0xFF, 0xFF, 0x01, 0x00, 0x00, 0x00, 0x00, 0x00, 0x00, 0x00, 0x10,
    0xFE, 0xFF, 0xFF, 0xFF, 0xFF, 0xFF, 0xFF, 0xCF, 0x00, 0x00, 0x00, 0x00, 0x00, 0x00, 0x00, 0x00,
    0x90, 0xFF, 0xFF, 0xFF, 0xFF, 0xFF, 0xFF, 0xFF, 0x8F, 0x00, 0x00, 0x00, 0x00, 0x00, 0x00, 0x00,
    0x00, 0xE0, 0xFF, 0xFF, 0xFF, 0xFF, 0xFF, 0xFF, 0xFF, 0x2F, 0x00, 0x00, 0x00, 0x00, 0x00, 0x00,
    0x00, 0x00, 0xF0, 0xFF, 0xFF, 0xFF, 0xFF, 0xFF, 0xFF, 0xFF, 0x0B, 0x00, 0x00, 0x00, 0x00, 0x00,
    0x00, 0x00, 0x00, 0xF0, 0xFF, 0xFF, 0xFF, 0xFF, 0xFF, 0xFF, 0xFF, 0x03, 0x00, 0x00, 0x00, 0x00,
    0x00, 0x00, 0x00, 0x00, 0xA0, 0xFF, 0xFF, 0xFF, 0xFF, 0xFF, 0xFF, 0x8F, 0x00, 0x00, 0x00, 0x00,
    0x00, 0x00, 0x00, 0x00, 0x00, 0x20, 0xFE, 0xFF, 0xFF, 0xFF, 0xFF, 0xFF, 0x0A, 0x00, 0x00, 0x00,
    0x00, 0x00, 0x00, 0x00, 0x00, 0x00, 0x00, 0xD3, 0xFF, 0xFF, 0xFF, 0xFF, 0x6E, 0x00, 0x00, 0x00,
    0x00, 0x00, 0x00, 0x00, 0x00, 0x00, 0x00, 0x00, 0x00, 0xB6, 0xFD, 0xEF, 0x6B, 0x00, 0x00, 0x00,
    0x00, 0x00, 0x00, 0x00, 0x00, 0x00, 0x00, 0x00, 0x00, 0x00, 0x00, 0x00, 0x00, 0x00, 0x00, 0x30,
    0xB8, 0xFE, 0xEF, 0x8C, 0x03, 0x00, 0x00, 0x00, 0x00, 0x00, 0x00, 0x00, 0x00, 0x60, 0xFD, 0xFF,
    0xFF, 0xFF, 0xFF, 0xAF, 0x01, 0x00, 0x00, 0x00, 0x00, 0x00, 0x00, 0x30, 0xFD, 0xFF, 0xFF, 0xFF,
    0xFF, 0xFF, 0xFF, 0x1D, 0x00, 0x00, 0x00, 0x00, 0x00, 0x00, 0xF8, 0xFF, 0xFF, 0xFF, 0xFF, 0xFF,
    0xFF, 0xFF, 0xAF, 0x00, 0x00, 0x00, 0x00, 0x00, 0xA0, 0xFF, 0xFF, 0xFF, 0xFF, 0xFF, 0xFF, 0xFF,
    0xFF, 0xFF, 0x01, 0x00, 0x00, 0x00, 0x00, 0xFA, 0xFF, 0xFF, 0xFF, 0xFF, 0xFF, 0xFF, 0xFF, 0xFF,
    0xFF, 0x05, 0x00, 0x00, 0x00, 0x70, 0xFF, 0xFF, 0xFF, 0xDF, 0x16, 0x40, 0xFF, 0xFF, 0xFF, 0xFF,
    0x06, 0x00, 0x00, 0x00, 0xF3, 0xFF, 0xFF, 0xFF, 0x0B, 0x00, 0x00, 0xFA, 0xFF, 0xFF, 0xFF, 0x06,
    0x00, 0x00, 0x00, 0xFD, 0xFF, 0xFF, 0xCF, 0x00, 0x00, 0x20, 0xFE, 0xFF, 0xFF, 0xFF, 0x03, 0x00,
    0x00, 0x50, 0xFF, 0xFF, 0xFF, 0x1F, 0x00, 0x00, 0xF9, 0xFF, 0xFF, 0xFF, 0xDF, 0x00, 0x00, 0x00,
    0xD0, 0xFF, 0xFF, 0xFF, 0x07, 0x00, 0x90, 0xFF, 0xFF, 0xFF, 0xFF, 0x5F, 0x00, 0x00, 0x00, 0xF3,
    0xFF, 0xFF, 0xFF, 0x00, 0x00, 0xE0, 0xFF, 0xFF, 0xFF, 0xFF, 0x09, 0x00, 0x00, 0x00, 0xF8, 0xFF,
    0xFF, 0xAF, 0x00, 0x00, 0xC0, 0xFF, 0xFF, 0xFF, 0x8F, 0x00, 0x00, 0x00, 0x00, 0xFC, 0xFF, 0xFF,
    0x5F, 0x00, 0x00, 0x20, 0xFD, 0xFF, 0xAF, 0x03, 0x00, 0x00, 0x00, 0x00, 0xFF, 0xFF, 0xFF, 0x3F,
    0x00, 0x00, 0x00, 0x20, 0x23, 0x00, 0x00, 0x00, 0x00, 0x00, 0x10, 0xFF, 0xFF, 0xFF, 0x2F, 0x00,
    0x00, 0x00, 0x00, 0x00, 0x63, 0x47, 0x00, 0x00, 0x00, 0x20, 0xFF, 0xFF, 0xFF, 0x3F, 0x00, 0x00,
    0x00, 0x00, 0xB2, 0xFF, 0xFF, 0x0D, 0x00, 0x00, 0x10, 0xFF, 0xFF, 0xFF, 0x7F, 0x00, 0x00, 0x00,
    0x50, 0xFF, 0xFF, 0xFF, 0x2F, 0x00, 0x00, 0x00, 0xFF, 0xFF, 0xFF, 0xEF, 0x02, 0x00, 0x10, 0xFA,
    0xFF, 0xFF, 0xFF, 0x0A, 0x00, 0x00, 0x00, 0xFF, 0xFF, 0xFF, 0xFF, 0x7E, 0x44, 0xF8, 0xFF, 0xFF,
    0xFF, 0xFF, 0x01, 0x00, 0x00, 0x00, 0xFB, 0xFF, 0xFF, 0xFF, 0xFF, 0xFF, 0xFF, 0xFF, 0xFF, 0xFF,
    0x7F, 0x00, 0x00, 0x00, 0x00, 0xF7, 0xFF, 0xFF, 0xFF, 0xFF, 0xFF, 0xFF, 0xFF, 0xFF, 0xFF, 0x1F,
    0x00, 0x00, 0x00, 0x00, 0xF2, 0xFF, 0xFF, 0xFF, 0xFF, 0xFF, 0xFF, 0xFF, 0xFF, 0xFF, 0x09, 0x00,
    0x00, 0x00, 0x00, 0x90, 0xFF, 0xFF, 0xFF, 0xFF, 0xFF, 0x8F, 0xFF, 0xFF, 0xFF, 0x04, 0x00, 0x00,
    0x00, 0x00, 0x00, 0xFC, 0xFF, 0xFF, 0xFF, 0xFF, 0x14, 0xFF, 0xFF, 0xDF, 0x00, 0x00, 0x00, 0x00,
    0x00, 0x00, 0x90, 0xFF, 0xFF, 0xFF, 0x2B, 0x70, 0xFF, 0xFF, 0x7F, 0x00, 0x00, 0x00, 0x00, 0x00,
    0x00, 0x00, 0x61, 0x99, 0x27, 0x00, 0xE1, 0xFF, 0xFF, 0x1F, 0x00, 0x00, 0x00, 0x00, 0x00, 0x00,
    0x00, 0x00, 0x00, 0x00, 0x10, 0xFC, 0xFF, 0xFF, 0x09, 0x00, 0x00, 0x00, 0x00, 0x40, 0x87, 0x04,
    0x00, 0x00, 0x00, 0xD3, 0xFF, 0xFF, 0xFF, 0x01, 0x00, 0x00, 0x00, 0x10, 0xFD, 0xFF, 0xEF, 0x28,
    0x10, 0xA4, 0xFF, 0xFF, 0xFF, 0x8F, 0x00, 0x00, 0x00, 0x00, 0xC0, 0xFF, 0xFF, 0xFF, 0xFF, 0xFF,
    0xFF, 0xFF, 0xFF, 0xFF, 0x0D, 0x00, 0x00, 0x00, 0x00, 0xF3, 0xFF, 0xFF, 0xFF, 0xFF, 0xFF, 0xFF,
    0xFF, 0xFF, 0xFF, 0x02, 0x00, 0x00, 0x00, 0x00, 0xF5, 0xFF, 0xFF, 0xFF, 0xFF, 0xFF, 0xFF, 0xFF,
    0xFF, 0x5F, 0x00, 0x00, 0x00, 0x00, 0x00, 0xF4, 0xFF, 0xFF, 0xFF, 0xFF, 0xFF, 0xFF, 0xFF, 0xFF,
    0x06, 0x00, 0x00, 0x00, 0x00, 0x00, 0xF0, 0xFF, 0xFF, 0xFF, 0xFF, 0xFF, 0xFF, 0xFF, 0x6F, 0x00,
    0x00, 0x00, 0x00, 0x00, 0x00, 0x60, 0xFF, 0xFF, 0xFF, 0xFF, 0xFF, 0xFF, 0xEF, 0x03, 0x00, 0x00,
    0x00, 0x00, 0x00, 0x00, 0x00, 0xF7, 0xFF, 0xFF, 0xFF, 0xFF, 0xEF, 0x06, 0x00, 0x00, 0x00, 0x00,
    0x00, 0x00, 0x00, 0x00, 0x20, 0xC7, 0xFE, 0xDF, 0x8C, 0x04, 0x00, 0x00, 0x00, 0x00, 0x00, 0x00,
    0x00, 0x00, 0x00, 0x00, 0x00, 0x00, 0x00, 0x62, 0xCA, 0xFE, 0xFF, 0xBE, 0x17, 0x00, 0x00, 0x00,
    0x00, 0xB2, 0xFE, 0x7D, 0x00, 0x00, 0x00, 0x00, 0x00, 0xD6, 0xFF, 0xFF, 0xFF, 0xFF, 0xFF, 0xFF,
    0x04, 0x00, 0x00, 0x20, 0xFF, 0xFF, 0xFF, 0x08, 0x00, 0x00, 0x00, 0xE6, 0xFF, 0xFF, 0xFF, 0xFF,
    0xFF, 0xFF, 0xFF, 0x0E, 0x00, 0x00, 0xC0, 0xFF, 0xFF, 0xFF, 0x0D, 0x00, 0x00, 0xB1, 0xFF, 0xFF,
    0xFF, 0xFF, 0xFF, 0xFF, 0xFF, 0xFF, 0x3F, 0x00, 0x00, 0xF4, 0xFF, 0xFF, 0xFF, 0x0D, 0x00, 0x10,
    0xFD, 0xFF, 0xFF, 0xFF, 0xFF, 0xFF, 0xFF, 0xFF, 0xFF, 0x2F, 0x00, 0x00, 0xF9, 0xFF, 0xFF, 0xFF,
    0x09, 0x00, 0xD1, 0xFF, 0xFF, 0xFF, 0xFF, 0xFF, 0xFF, 0xFF, 0xFF, 0xFF, 0x0F, 0x00, 0x00, 0xFE,
    0xFF, 0xFF, 0xFF, 0x03, 0x00, 0xFB, 0xFF, 0xFF, 0xFF, 0xFF, 0xFF, 0xFF, 0xFF, 0xFF, 0xFF, 0x0A,
    0x00, 0x30, 0xFF, 0xFF, 0xFF, 0xBF, 0x00, 0x40, 0xFF, 0xFF, 0xFF, 0xEF, 0x27, 0x21, 0xFB, 0xFF,
    0xFF, 0xFF, 0x05, 0x00, 0x80, 0xFF, 0xFF, 0xFF, 0x3F, 0x00, 0xC0, 0xFF, 0xFF, 0xFF, 0x2E, 0x00,
    0x00, 0xF1, 0xFF, 0xFF, 0xFF, 0x01, 0x00, 0xD0, 0xFF, 0xFF, 0xFF, 0x0A, 0x00, 0xF2, 0xFF, 0xFF,
    0xFF, 0x08, 0x00, 0x00, 0xE0, 0xFF, 0xFF, 0xFF, 0x01, 0x00, 0xF4, 0xFF, 0xFF, 0xFF, 0x02, 0x00,
    0xF6, 0xFF, 0xFF, 0xFF, 0x07, 0x00, 0x00, 0xF0, 0xFF, 0xFF, 0xFF, 0x05, 0x30, 0xFE, 0xFF, 0xFF,
    0xAF, 0x00, 0x00, 0xF7, 0xFF, 0xFF, 0xFF, 0x3E, 0x00, 0x00, 0xF3, 0xFF, 0xFF, 0xFF, 0xBF, 0xFB,
    0xFF, 0xFF, 0xFF, 0x2F, 0x00, 0x00, 0xF8, 0xFF, 0xFF, 0xFF, 0xFF, 0x06, 0x00, 0xF6, 0xFF, 0xFF,
    0xFF, 0xFF, 0xFF, 0xFF, 0xFF, 0xFF, 0x0A, 0x00, 0x00, 0xF6, 0xFF, 0xFF, 0xFF, 0xFF, 0x0D, 0x00,
    0xF9, 0xFF, 0xFF, 0xFF, 0xFF, 0xFF, 0xFF, 0xFF, 0xFF, 0x04, 0x00, 0x00, 0xF2, 0xFF, 0xFF, 0xFF,
    0xFF, 0x0E, 0x00, 0xFD, 0xFF, 0xFF, 0xFF, 0xFF, 0xFF, 0xFF, 0xFF, 0xEF, 0x00, 0x00, 0x00, 0xB0,
    0xFF, 0xFF, 0xFF, 0xFF, 0x09, 0x10, 0xFF, 0xFF, 0xFF, 0xFF, 0xFF, 0xFF, 0xFF, 0xFF, 0x9F, 0x00,
    0x00, 0x00, 0x10, 0xFE, 0xFF, 0xFF, 0xFF, 0x02, 0x60, 0xFF, 0xFF, 0xFF, 0xFF, 0xFF, 0xFF, 0xFF,
    0xFF, 0x6F, 0x00, 0x00, 0x00, 0x00, 0xB1, 0xFF, 0xFF, 0x3D, 0x00, 0xC0, 0xFF, 0xFF, 0xFF, 0x19,
    0xE3, 0xFF, 0xFF, 0xFF, 0x4F, 0x00, 0x00, 0x00, 0x00, 0x00, 0x42, 0x35, 0x00, 0x00, 0xF2, 0xFF,
    0xFF, 0xBF, 0x00, 0x70, 0xFF, 0xFF, 0xFF, 0x3F, 0x00, 0x00, 0x00, 0x00, 0x00, 0x00, 0x00, 0x00,
    0x00, 0xFB, 0xFF, 0xFF, 0x2F, 0x00, 0x50, 0xFF, 0xFF, 0xFF, 0x5F, 0x00, 0x00, 0x00, 0x00, 0x00,
    0x10, 0x00, 0x00, 0x50, 0xFF, 0xFF, 0xFF, 0x0B, 0x00, 0x70, 0xFF, 0xFF, 0xFF, 0xCF, 0x01, 0x00,
    0x00, 0x00, 0xB2, 0xFF, 0x6E, 0x11, 0xF7, 0xFF, 0xFF, 0xFF, 0x06, 0x00, 0x90, 0xFF, 0xFF, 0xFF,
    0xFF, 0x4E, 0x00, 0x00, 0x10, 0xFE, 0xFF, 0xFF, 0xFF, 0xFF, 0xFF, 0xFF, 0xFF, 0x02, 0x00, 0xC0,
    0xFF, 0xFF, 0xFF, 0xFF, 0xFF, 0x00, 0x00, 0x90, 0xFF, 0xFF, 0xFF, 0xFF, 0xFF, 0xFF, 0xFF, 0xDF,
    0x00, 0x00, 0xF0, 0xFF, 0xFF, 0xFF, 0xFF, 0xFF, 0x01, 0x00, 0xE0, 0xFF, 0xFF, 0xFF, 0xFF, 0xFF,
    0xFF, 0xFF, 0x6F, 0x00, 0x00, 0xF3, 0xFF, 0xFF, 0xFF, 0xFF, 0xEF, 0x00, 0x00, 0xF0, 0xFF, 0xFF,
    0xFF, 0xFF, 0xFF, 0xFF, 0xFF, 0x0E, 0x00, 0x00, 0xF6, 0xFF, 0xFF, 0xFF, 0xFF, 0xAF, 0x00, 0x00,
    0xE0, 0xFF, 0xFF, 0xFF, 0xFF, 0xFF, 0xFF, 0xFF, 0x05, 0x00, 0x00, 0xF7, 0xFF, 0xFF, 0xFF, 0xFF,
    0x4F, 0x00, 0x00, 0xA0, 0xFF, 0xFF, 0xFF, 0xFF, 0xFF, 0xFF, 0xAF, 0x00, 0x00, 0x00, 0xF7, 0xFF,
    0xFF, 0xFF, 0xFF, 0x0C, 0x00, 0x00, 0x20, 0xFE, 0xFF, 0xFF, 0xFF, 0xFF, 0xFF, 0x0A, 0x00, 0x00,
    0x00, 0xF2, 0xFF, 0xFF, 0xFF, 0xEF, 0x02, 0x00, 0x00, 0x00, 0xD3, 0xFF, 0xFF, 0xFF, 0xFF, 0x6E,
    0x00, 0x00, 0x00, 0x00, 0x90, 0xFF, 0xFF, 0xFF, 0x3E, 0x00, 0x00, 0x00, 0x00, 0x00, 0xB6, 0xFE,
    0xDF, 0x6A, 0x00, 0x00, 0x00, 0x00, 0x00, 0x00, 0xC6, 0xFF, 0x8D, 0x01, 0x00, 0x00, 0x00, 0x00,
    0x00, 0x00, 0x00, 0x10, 0x84, 0xDB, 0xFE, 0xFF, 0xDE, 0x6A, 0x00, 0x00, 0x00, 0x00, 0x40, 0xFB,
    0xFF, 0xFF, 0xFF, 0xFF, 0xFF, 0xFF, 0x0D, 0x00, 0x00, 0x30, 0xFC, 0xFF, 0xFF, 0xFF, 0xFF, 0xFF,
    0xFF, 0xFF, 0x5F, 0x00, 0x00, 0xF8, 0xFF, 0xFF, 0xFF, 0xFF, 0xFF, 0xFF, 0xFF, 0xFF, 0x6F, 0x00,
    0x90, 0xFF, 0xFF, 0xFF, 0xFF, 0xFF, 0xFF, 0xFF, 0xFF, 0xFF, 0x2F, 0x00, 0xF7, 0xFF, 0xFF, 0xFF,
    0xFF, 0xFF, 0xFF, 0xFF, 0xFF, 0xFF, 0x0D, 0x10, 0xFF, 0xFF, 0xFF, 0xFF, 0x39, 0x10, 0xF7, 0xFF,
    0xFF, 0xFF, 0x07, 0x90, 0xFF, 0xFF, 0xFF, 0x7F, 0x00, 0x00, 0xD0, 0xFF, 0xFF, 0xFF, 0x01, 0xE0,
    0xFF, 0xFF, 0xFF, 0x0E, 0x00, 0x00, 0xD0, 0xFF, 0xFF, 0xAF, 0x00, 0xF2, 0xFF, 0xFF, 0xFF, 0x0C,
    0x00, 0x00, 0xF0, 0xFF, 0xFF, 0x4F, 0x00, 0xF4, 0xFF, 0xFF, 0xFF, 0x6F, 0x00, 0x00, 0xF3, 0xFF,
    0xFF, 0x0E, 0x00, 0xF4, 0xFF, 0xFF, 0xFF, 0xFF, 0x0B, 0x00, 0xF8, 0xFF, 0xFF, 0x09, 0x00, 0xF2,
    0xFF, 0xFF, 0xFF, 0xFF, 0x3F, 0x00, 0xFD, 0xFF, 0xFF, 0x04, 0x00, 0xF0, 0xFF, 0xFF, 0xFF, 0xFF,
    0x4F, 0x20, 0xFF, 0xFF, 0xFF, 0x00, 0x00, 0x90, 0xFF, 0xFF, 0xFF, 0xFF, 0x2F, 0x70, 0xFF, 0xFF,
    0xBF, 0x00, 0x00, 0x10, 0xFE, 0xFF, 0xFF, 0xFF, 0x0C, 0xB0, 0xFF, 0xFF, 0x7F, 0x00, 0x00, 0x00,
    0xE3, 0xFF, 0xFF, 0xEF, 0x02, 0xF1, 0xFF, 0xFF, 0x3F, 0x00, 0x00, 0x00, 0x10, 0xD8, 0xDF, 0x18,
    0x00, 0xF7, 0xFF, 0xFF, 0x0F, 0x00, 0x00, 0x00, 0x00, 0x00, 0x00, 0x00, 0x00, 0xFD, 0xFF, 0xFF,
    0x0C, 0x00, 0x00, 0x00, 0x00, 0x00, 0x00, 0x00, 0x40, 0xFF, 0xFF, 0xFF, 0x08, 0x00, 0x00, 0x00,
    0x00, 0x00, 0x00, 0x00, 0xA0, 0xFF, 0xFF, 0xFF, 0x05, 0x00, 0x00, 0x00, 0x00, 0x00, 0x00, 0x00,
    0xF1, 0xFF, 0xFF, 0xFF, 0x03, 0x00, 0x00, 0x00, 0x00, 0x00, 0x00, 0x00, 0xF8, 0xFF, 0xFF, 0xFF,
    0x00, 0x00, 0x00, 0x00, 0x00, 0x00, 0x00, 0x00, 0xFE, 0xFF, 0xFF, 0xEF, 0x00, 0x00, 0x00, 0x00,
    0x00, 0x00, 0x00, 0x60, 0xFF, 0xFF, 0xFF, 0xBF, 0x00, 0x00, 0x00, 0x00, 0x00, 0x00, 0x00, 0xA0,
    0xFF, 0xFF, 0xFF, 0x8F, 0x00, 0x00, 0x00, 0x00, 0x00, 0x00, 0x00, 0xD0, 0xFF, 0xFF, 0xFF, 0x6F,
    0x00, 0x00, 0x00, 0x00, 0x00, 0x00, 0x00, 0xB0, 0xFF, 0xFF, 0xFF, 0x1F, 0x00, 0x00, 0x00, 0x00,
    0x00, 0x00, 0x00, 0x60, 0xFF, 0xFF, 0xFF, 0x06, 0x00, 0x00, 0x00, 0x00, 0x00, 0x00, 0x00, 0x00,
    0xD7, 0xEF, 0x3B, 0x00, 0x00, 0x00, 0x00, 0x00, 0x00, 0x00, 0x00, 0x00, 0x00, 0x40, 0xA8, 0xED,
    0xFF, 0xEF, 0x9C, 0x04, 0x00, 0x00, 0x00, 0x00, 0x00, 0x00, 0x92, 0xFF, 0xFF, 0xFF, 0xFF, 0xFF,
    0xFF, 0xBF, 0x00, 0x00, 0x00, 0x00, 0x00, 0x80, 0xFF, 0xFF, 0xFF, 0xFF, 0xFF, 0xFF, 0xFF, 0xFF,
    0x05, 0x00, 0x00, 0x00, 0x20, 0xFD, 0xFF, 0xFF, 0xFF, 0xFF, 0xFF, 0xFF, 0xFF, 0xFF, 0x06, 0x00,
    0x00, 0x00, 0xE2, 0xFF, 0xFF, 0xFF, 0xFF, 0xFF, 0xFF, 0xFF, 0xFF, 0xFF, 0x03, 0x00, 0x00, 0x00,
    0xFD, 0xFF, 0xFF, 0xFF, 0xFF, 0xFF, 0xFF, 0xFF, 0xFF, 0xFF, 0x00, 0x00, 0x00, 0x80, 0xFF, 0xFF,
    0xFF, 0xFF, 0xFF, 0xFF, 0xFF, 0xFF, 0xFF, 0xCF, 0x00, 0x00, 0x00, 0xF1, 0xFF, 0xFF, 0xFF, 0xAF,
    0x13, 0x61, 0xFF, 0xFF, 0xFF, 0x8F, 0x00, 0x00, 0x00, 0xF6, 0xFF, 0xFF, 0xFF, 0x07, 0x00, 0x00,
    0xF9, 0xFF, 0xFF, 0x4F, 0x00, 0x00, 0x00, 0xFB, 0xFF, 0xFF, 0xEF, 0x00, 0x00, 0x00, 0xF7, 0xFF,
    0xFF, 0x0F, 0x00, 0x00, 0x00, 0xFE, 0xFF, 0xFF, 0xCF, 0x00, 0x00, 0x00, 0xF9, 0xFF, 0xFF, 0x0C,
    0x00, 0x00, 0x10, 0xFF, 0xFF, 0xFF, 0xEF, 0x00, 0x00, 0x00, 0xFB, 0xFF, 0xFF, 0x07, 0x00, 0x00,
    0x20, 0xFF, 0xFF, 0xFF, 0xFF, 0x08, 0x00, 0x00, 0xFD, 0xFF, 0xFF, 0x03, 0x00, 0x00, 0x20, 0xFF,
    0xFF, 0xFF, 0xFF, 0x8F, 0x00, 0x00, 0xFF, 0xFF, 0xFF, 0x00, 0x00, 0x00, 0x00, 0xFF, 0xFF, 0xFF,
    0xFF, 0xFF, 0x02, 0x30, 0xFF, 0xFF, 0xBF, 0x00, 0x00, 0x00, 0x00, 0xFD, 0xFF, 0xFF, 0xFF, 0xFF,
    0x04, 0x60, 0xFF, 0xFF, 0x8F, 0x00, 0x00, 0x00, 0x00, 0xF9, 0xFF, 0xFF, 0xFF, 0xFF, 0x02, 0x90,
    0xFF, 0xFF, 0x4F, 0x00, 0x00, 0x00, 0x00, 0xF2, 0xFF, 0xFF, 0xFF, 0xDF, 0x00, 0xE0, 0xFF, 0xFF,
    0x0F, 0x00, 0x00, 0x00, 0x00, 0x60, 0xFF, 0xFF, 0xFF, 0x4F, 0x00, 0xF3, 0xFF, 0xFF, 0x0D, 0x00,
    0x00, 0x00, 0x00, 0x00, 0xC4, 0xFF, 0xCF, 0x03, 0x00, 0xF9, 0xFF, 0xFF, 0x09, 0x00, 0x00, 0x00,
    0x00, 0x00, 0x00, 0x20, 0x00, 0x00, 0x10, 0xFF, 0xFF, 0xFF, 0x05, 0x00, 0x00, 0x00, 0x00, 0x00,
    0x00, 0x00, 0x00, 0x00, 0x80, 0xFF, 0xFF, 0xFF, 0x01, 0x00, 0x00, 0x00, 0x00, 0x00, 0x00, 0x00,
    0x00, 0x00, 0xF3, 0xFF, 0xFF, 0xDF, 0x00, 0x00, 0x00, 0x00, 0xB5, 0xCD, 0x07, 0x00, 0x00, 0x30,
    0xFE, 0xFF, 0xFF, 0x8F, 0x00, 0x00, 0x00, 0x90, 0xFF, 0xFF, 0xDF, 0x05, 0x30, 0xF9, 0xFF, 0xFF,
    0xFF, 0x2F, 0x00, 0x00, 0x00, 0xF4, 0xFF, 0xFF, 0xFF, 0xFF, 0xFF, 0xFF, 0xFF, 0xFF, 0xFF, 0x0C,
    0x00, 0x00, 0x00, 0xFA, 0xFF, 0xFF, 0xFF, 0xFF, 0xFF, 0xFF, 0xFF, 0xFF, 0xFF, 0x04, 0x00, 0x00,
    0x00, 0xFD, 0xFF, 0xFF, 0xFF, 0xFF, 0xFF, 0xFF, 0xFF, 0xFF, 0xBF, 0x00, 0x00, 0x00, 0x00, 0xFD,
    0xFF, 0xFF, 0xFF, 0xFF, 0xFF, 0xFF, 0xFF, 0xFF, 0x2F, 0x00, 0x00, 0x00, 0x00, 0xFA, 0xFF, 0xFF,
    0xFF, 0xFF, 0xFF, 0xFF, 0xFF, 0xFF, 0x04, 0x00, 0x00, 0x00, 0x00, 0xF4, 0xFF, 0xFF, 0xFF, 0xFF,
    0xFF, 0xFF, 0xFF, 0x6F, 0x00, 0x00, 0x00, 0x00, 0x00, 0xA0, 0xFF, 0xFF, 0xFF, 0xFF, 0xFF, 0xFF,
    0xEF, 0x04, 0x00, 0x00, 0x00, 0x00, 0x00, 0x00, 0xF8, 0xFF, 0xFF, 0xFF, 0xFF, 0xFF, 0x18, 0x00,
    0x00, 0x00, 0x00, 0x00, 0x00, 0x00, 0x20, 0xC8, 0xFE, 0xEF, 0xAD, 0x15, 0x00, 0x00, 0x00, 0x00,
    0x00, 0x00, 0x00, 0x00, 0x00, 0x00, 0x00, 0x00, 0x73, 0xCA, 0xFE, 0xFF, 0xDE, 0x5A, 0x00, 0x00,
    0x00, 0x60, 0xFC, 0xCF, 0x06, 0x00, 0x00, 0x00, 0x10, 0xE8, 0xFF, 0xFF, 0xFF, 0xFF, 0xFF, 0xFF,
    0x0B, 0x00, 0x00, 0xFB, 0xFF, 0xFF, 0x6F, 0x00, 0x00, 0x00, 0xF9, 0xFF, 0xFF, 0xFF, 0xFF, 0xFF,
    0xFF, 0xFF, 0x3F, 0x00, 0xA0, 0xFF, 0xFF, 0xFF, 0xBF, 0x00, 0x00, 0xE3, 0xFF, 0xFF, 0xFF, 0xFF,
    0xFF, 0xFF, 0xFF, 0xFF, 0x3F, 0x00, 0xF5, 0xFF, 0xFF, 0xFF, 0xAF, 0x00, 0x40, 0xFF, 0xFF, 0xFF,
    0xFF, 0xFF, 0xFF, 0xFF, 0xFF, 0xFF, 0x1F, 0x00, 0xFC, 0xFF, 0xFF, 0xFF, 0x2F, 0x00, 0xF3, 0xFF,
    0xFF, 0xFF, 0xFF, 0xFF, 0xFF, 0xFF, 0xFF, 0xFF, 0x0C, 0x20, 0xFF, 0xFF, 0xFF, 0xFF, 0x03, 0x00,
    0xFD, 0xFF, 0xFF, 0xFF, 0xFF, 0xFF, 0xFF, 0xFF, 0xFF, 0xFF, 0x07, 0x70, 0xFF, 0xFF, 0xFF, 0x3F,
    0x00, 0x70, 0xFF, 0xFF, 0xFF, 0xEF, 0x27, 0x20, 0xFB, 0xFF, 0xFF, 0xFF, 0x02, 0xD0, 0xFF, 0xFF,
    0xFF, 0x05, 0x00, 0xE0, 0xFF, 0xFF, 0xFF, 0x2E, 0x00, 0x00, 0xF1, 0xFF, 0xFF, 0xEF, 0x00, 0xF3,
    0xFF, 0xFF, 0x9F, 0x00, 0x00, 0xF3, 0xFF, 0xFF, 0xFF, 0x07, 0x00, 0x00, 0xE0, 0xFF, 0xFF, 0xBF,
    0x00, 0xFA, 0xFF, 0xFF, 0x1E, 0x00, 0x00, 0xF6, 0xFF, 0xFF, 0xFF, 0x07, 0x00, 0x00, 0xF0, 0xFF,
    0xFF, 0xCF, 0x60, 0xFF, 0xFF, 0xFF, 0x06, 0x00, 0x00, 0xF8, 0xFF, 0xFF, 0xFF, 0x4E, 0x00, 0x00,
    0xF3, 0xFF, 0xFF, 0xFF, 0xFF, 0xFF, 0xFF, 0xBF, 0x00, 0x00, 0x00, 0xF7, 0xFF, 0xFF, 0xFF, 0xFF,
    0x08, 0x00, 0xF6, 0xFF, 0xFF, 0xFF, 0xFF, 0xFF, 0xFF, 0x1D, 0x00, 0x00, 0x00, 0xF5, 0xFF, 0xFF,
    0xFF, 0xFF, 0x0E, 0x00, 0xF9, 0xFF, 0xFF, 0xFF, 0xFF, 0xFF, 0xBF, 0x01, 0x00, 0x00, 0x00, 0xF1,
    0xFF, 0xFF, 0xFF, 0xFF, 0x0D, 0x00, 0xFD, 0xFF, 0xFF, 0xFF, 0xFF, 0xFF, 0x0B, 0x00, 0x00, 0x00,
    0x00, 0x90, 0xFF, 0xFF, 0xFF, 0xFF, 0x08, 0x10, 0xFF, 0xFF, 0xFF, 0xFF, 0xFF, 0xFF, 0xDF, 0x01,
    0x00, 0x00, 0x00, 0x00, 0xFC, 0xFF, 0xFF, 0xDF, 0x00, 0x60, 0xFF, 0xFF, 0xFF, 0xFF, 0xFF, 0xFF,
    0xFF, 0x09, 0x00, 0x00, 0x00, 0x00, 0x70, 0xFE, 0xFF, 0x19, 0x00, 0xC0, 0xFF, 0xFF, 0xBF, 0x51,
    0xFF, 0xFF, 0xFF, 0x0F, 0x00, 0x00, 0x00, 0x00, 0x00, 0x00, 0x01, 0x00, 0x00, 0xF2, 0xFF, 0xFF,
    0x2F, 0x00, 0xFD, 0xFF, 0xFF, 0x4F, 0x00, 0x00, 0x00, 0x00, 0x00, 0x00, 0x00, 0x00, 0x00, 0xFB,
    0xFF, 0xFF, 0x0D, 0x00, 0xFC, 0xFF, 0xFF, 0x7F, 0x00, 0x00, 0x00, 0x00, 0x00, 0x10, 0x00, 0x00,
    0x50, 0xFF, 0xFF, 0xFF, 0x09, 0x00, 0xFD, 0xFF, 0xFF, 0xBF, 0x00, 0x00, 0x00, 0x00, 0xB2, 0xFF,
    0x6E, 0x11, 0xF7, 0xFF, 0xFF, 0xFF, 0x05, 0x00, 0xFE, 0xFF, 0xFF, 0xFF, 0x07, 0x00, 0x00, 0x10,
    0xFE, 0xFF, 0xFF, 0xFF, 0xFF, 0xFF, 0xFF, 0xFF, 0x01, 0x00, 0xFF, 0xFF, 0xFF, 0xFF, 0xFF, 0x02,
    0x00, 0x90, 0xFF, 0xFF, 0xFF, 0xFF, 0xFF, 0xFF, 0xFF, 0xCF, 0x00, 0x30, 0xFF, 0xFF, 0xFF, 0xFF,
    0xFF, 0x05, 0x00, 0xE0, 0xFF, 0xFF, 0xFF, 0xFF, 0xFF, 0xFF, 0xFF, 0x6F, 0x00, 0x60, 0xFF, 0xFF,
    0xFF, 0xFF, 0xFF, 0x03, 0x00, 0xF0, 0xFF, 0xFF, 0xFF, 0xFF, 0xFF, 0xFF, 0xFF, 0x1E, 0x00, 0x80,
    0xFF, 0xFF, 0xFF, 0xFF, 0xFF, 0x00, 0x00, 0xE0, 0xFF, 0xFF, 0xFF, 0xFF, 0xFF, 0xFF, 0xFF, 0x06,
    0x00, 0xA0, 0xFF, 0xFF, 0xFF, 0xFF, 0x9F, 0x00, 0x00, 0xA0, 0xFF, 0xFF, 0xFF, 0xFF, 0xFF, 0xFF,
    0xAF, 0x00, 0x00, 0xA0, 0xFF, 0xFF, 0xFF, 0xFF, 0x1F, 0x00, 0x00, 0x20, 0xFE, 0xFF, 0xFF, 0xFF,
    0xFF, 0xFF, 0x0A, 0x00, 0x00, 0x60, 0xFF, 0xFF, 0xFF, 0xFF, 0x06, 0x00, 0x00, 0x00, 0xD3, 0xFF,
    0xFF, 0xFF, 0xFF, 0x6E, 0x00, 0x00, 0x00, 0x00, 0xFD, 0xFF, 0xFF, 0x6F, 0x00, 0x00, 0x00, 0x00,
    0x00, 0xB6, 0xFE, 0xEF, 0x6B, 0x00, 0x00, 0x00, 0x00, 0x00, 0x91, 0xFE, 0xAE, 0x03, 0x00, 0x00,
    0x00, 0x00, 0x00, 0x00, 0x00, 0x00, 0x00, 0x00, 0x00, 0x00, 0x40, 0xC9, 0xFE, 0xDF, 0x6A, 0x00,
    0x00, 0x00, 0x00, 0x00, 0x00, 0x00, 0x00, 0x00, 0x00, 0x00, 0x50, 0xFD, 0xFF, 0xFF, 0xFF, 0xFF,
    0x4E, 0x00, 0x00, 0x00, 0x00, 0x00, 0x00, 0x00, 0x00, 0x00, 0x00, 0xF8, 0xFF, 0xFF, 0xFF, 0xFF,
    0xFF, 0xFF, 0x07, 0x00, 0x00, 0x00, 0x00, 0x00, 0x00, 0x00, 0x00, 0x80, 0xFF, 0xFF, 0xFF, 0xFF,
    0xFF, 0xFF, 0xFF, 0x5F, 0x00, 0x00, 0x00, 0x00, 0x00, 0x00, 0x00, 0x00, 0xF4, 0xFF, 0xFF, 0xFF,
    0xFF, 0xFF, 0xFF, 0xFF, 0xFF, 0x01, 0x00, 0x00, 0x00, 0x00, 0x00, 0x00, 0x00, 0xFE, 0xFF, 0xFF,
    0xFF, 0xFF, 0xFF, 0xFF, 0xFF, 0xFF, 0x07, 0x00, 0x00, 0x00, 0x00, 0x00, 0x00, 0x70, 0xFF, 0xFF,
    0xFF, 0xFF, 0xFF, 0xFF, 0xFF, 0xFF, 0xFF, 0x0B, 0x00, 0x00, 0x00, 0x00, 0x00, 0x00, 0xE0, 0xFF,
    0xFF, 0xFF, 0xCF, 0x13, 0xF5, 0xFF, 0xFF, 0xFF, 0x0E, 0x00, 0x00, 0x00, 0x00, 0x00, 0x00, 0xF3,
    0xFF, 0xFF, 0xFF, 0x0D, 0x00, 0xC0, 0xFF, 0xFF, 0xFF, 0x0F, 0x00, 0x00, 0x00, 0x00, 0x00, 0x00,
    0xF7, 0xFF, 0xFF, 0xFF, 0x04, 0x00, 0xE0, 0xFF, 0xFF, 0xFF, 0x0E, 0x00, 0x00, 0x00, 0x00, 0x00,
    0x00, 0xFB, 0xFF, 0xFF, 0xDF, 0x00, 0x00, 0xF8, 0xFF, 0xFF, 0xFF, 0x0D, 0x00, 0x00, 0x00, 0x00,
    0x00, 0x00, 0xFF, 0xFF, 0xFF, 0x7F, 0x00, 0x50, 0xFF, 0xFF, 0xFF, 0xFF, 0x0B, 0x00, 0x00, 0x00,
    0x00, 0x00, 0x20, 0xFF, 0xFF, 0xFF, 0x2F, 0x00, 0xE0, 0xFF, 0xFF, 0xFF, 0xFF, 0x07, 0x00, 0x00,
    0x00, 0x00, 0x00, 0x50, 0xFF, 0xFF, 0xFF, 0x0D, 0x00, 0xF3, 0xFF, 0xFF, 0xFF, 0xFF, 0x01, 0x00,
    0x00, 0x00, 0x00, 0x00, 0x70, 0xFF, 0xFF, 0xFF, 0x09, 0x00, 0xF3, 0xFF, 0xFF, 0xFF, 0xAF, 0x00,
    0x00, 0x00, 0x00, 0x00, 0x00, 0xA0, 0xFF, 0xFF, 0xFF, 0x05, 0x00, 0xF1, 0xFF, 0xFF, 0xFF, 0x1E,
    0x00, 0x00, 0x00, 0x00, 0x00, 0x00, 0xC0, 0xFF, 0xFF, 0xFF, 0x01, 0x00, 0xA0, 0xFF, 0xFF, 0xEF,
    0x02, 0x00, 0x00, 0x00, 0x00, 0x00, 0x00, 0xE0, 0xFF, 0xFF, 0xDF, 0x00, 0x00, 0x00, 0xF9, 0xEF,
    0x19, 0x00, 0x00, 0x00, 0x00, 0x00, 0x00, 0x00, 0xF0, 0xFF, 0xFF, 0x9F, 0x00, 0x00, 0x00, 0x00,
    0x00, 0x00, 0x00, 0x00, 0x00, 0x20, 0xD8, 0xFF, 0x9D, 0xF7, 0xFF, 0xFF, 0x5F, 0x00, 0x00, 0x00,
    0x00, 0x00, 0x00, 0x00, 0x00, 0x00, 0xF6, 0xFF, 0xFF, 0xFF, 0xFF, 0xFF, 0xFF, 0x0F, 0x00, 0x00,
    0x00, 0x00, 0x00, 0x00, 0x00, 0x00, 0x60, 0xFF, 0xFF, 0xFF, 0xFF, 0xFF, 0xFF, 0xFF, 0x0B, 0x00,
    0x00, 0x00, 0x00, 0x53, 0x02, 0x00, 0x00, 0xF1, 0xFF, 0xFF, 0xFF, 0xFF, 0xFF, 0xFF, 0xFF, 0xBF,
    0x37, 0x00, 0x41, 0xE9, 0xFF, 0x5F, 0x00, 0x00, 0xF7, 0xFF, 0xFF, 0xFF, 0xFF, 0xFF, 0xFF, 0xFF,
    0xFF, 0xFF, 0xFF, 0xFF, 0xFF, 0xFF, 0xCF, 0x00, 0x00, 0xFA, 0xFF, 0xFF, 0x16, 0xF6, 0xFF, 0xFF,
    0xFF, 0xFF, 0xFF, 0xFF, 0xFF, 0xFF, 0xFF, 0xEF, 0x00, 0x00, 0xFB, 0xFF, 0xFF, 0x06, 0xF6, 0xFF,
    0xFF, 0xFF, 0xFF, 0xFF, 0xFF, 0xFF, 0xFF, 0xFF, 0xDF, 0x00, 0x00, 0xFA, 0xFF, 0xFF, 0xFF, 0xFF,
    0xFF, 0xFF, 0xFF, 0xFF, 0xFF, 0xFF, 0xFF, 0xFF, 0xFF, 0xAF, 0x00, 0x00, 0xF5, 0xFF, 0xFF, 0xFF,
    0xFF, 0xFF, 0xFF, 0xFF, 0xFF, 0xFF, 0xFF, 0xFF, 0xFF, 0xFF, 0x4F, 0x00, 0x00, 0xC0, 0xFF, 0xFF,
    0xFF, 0xFF, 0xFF, 0x1D, 0xE5, 0xFF, 0xFF, 0xFF, 0xFF, 0xFF, 0xFF, 0x0B, 0x00, 0x00, 0x10, 0xFC,
    0xFF, 0xFF, 0xFF, 0x9F, 0x01, 0x00, 0xD6, 0xFF, 0xFF, 0xFF, 0xFF, 0xBF, 0x01, 0x00, 0x00, 0x00,
    0x60, 0xEB, 0xEF, 0x8C, 0x02, 0x00, 0x00, 0x00, 0x73, 0xDB, 0xFF, 0xBD, 0x05, 0x00, 0x00, 0x00,
    0x00, 0x00, 0x00, 0x00, 0x00, 0x00, 0x40, 0xA7, 0xEC, 0xFF, 0xFF, 0xFF, 0xFF, 0xFF, 0x4D, 0x00,
    0x00, 0x00, 0x10, 0xD9, 0xFF, 0xFF, 0xBE, 0x03, 0x00, 0x00, 0x00, 0x00, 0x00, 0xA4, 0xFF, 0xFF,
    0xFF, 0xFF, 0xFF, 0xFF, 0xFF, 0xFF, 0xEF, 0x00, 0x00, 0x00, 0xE1, 0xFF, 0xFF, 0xFF, 0xFF, 0x2F,
    0x00, 0x00, 0x00, 0x00, 0xC3, 0xFF, 0xFF, 0xFF, 0xFF, 0xFF, 0xFF, 0xFF, 0xFF, 0xFF, 0xFF, 0x03,
    0x00, 0x00, 0xFB, 0xFF, 0xFF, 0xFF, 0xFF, 0x5F, 0x00, 0x00, 0x00, 0x70, 0xFF, 0xFF, 0xFF, 0xFF,
    0xFF, 0xFF, 0xFF, 0xFF, 0xFF, 0xFF, 0xFF, 0x05, 0x00, 0x50, 0xFF, 0xFF, 0xFF, 0xFF, 0xFF, 0x5F,
    0x00, 0x00, 0x00, 0xF9, 0xFF, 0xFF, 0xFF, 0xFF, 0xFF, 0xFF, 0xFF, 0xFF, 0xFF, 0xFF, 0xFF, 0x06,
    0x00, 0xD0, 0xFF, 0xFF, 0xFF, 0xFF, 0xFF, 0x1F, 0x00, 0x00, 0x60, 0xFF, 0xFF, 0xFF, 0xFF, 0xFF,
    0xFF, 0xFF, 0xFF, 0xFF, 0xFF, 0xFF, 0xFF, 0x07, 0x00, 0xF6, 0xFF, 0xFF, 0xFF, 0xFF, 0xFF, 0x0C,
    0x00, 0x00, 0xE1, 0xFF, 0xFF, 0xFF, 0xFF, 0xFF, 0xFF, 0xFF, 0xFF, 0xFF, 0xFF, 0xFF, 0xFF, 0x08,
    0x00, 0xFD, 0xFF, 0xFF, 0xFF, 0xFF, 0xFF, 0x06, 0x00, 0x00, 0xF7, 0xFF, 0xFF, 0xFF, 0x4D, 0x31,
    0xFC, 0xFF, 0xFF, 0xFF, 0xFF, 0xFF, 0xFF, 0x08, 0x60, 0xFF, 0xFF, 0xFF, 0xFF, 0xFF, 0xFF, 0x00,
    0x00, 0x00, 0xFC, 0xFF, 0xFF, 0xFF, 0x01, 0x00, 0xD0, 0xFF, 0xFF, 0xFF, 0xFF, 0xFF, 0xFF, 0x08,
    0xD0, 0xFF, 0xFF, 0xFF, 0xFF, 0xFF, 0xAF, 0x00, 0x00, 0x00, 0xFF, 0xFF, 0xFF, 0xCF, 0x00, 0x00,
    0x70, 0xFF, 0xFF, 0xFF, 0xFF, 0xFF, 0xFF, 0x08, 0xF6, 0xFF, 0xFF, 0xFF, 0xFF, 0xFF, 0x4F, 0x00,
    0x00, 0x10, 0xFF, 0xFF, 0xFF, 0xFF, 0x04, 0x00, 0x50, 0xFF, 0xFF, 0xFF, 0xFF, 0xFF, 0xFF, 0x1B,
    0xFD, 0xFF, 0xFF, 0xFF, 0xFF, 0xFF, 0x0E, 0x00, 0x00, 0x20, 0xFF, 0xFF, 0xFF, 0xFF, 0x8F, 0x00,
    0x60, 0xFF, 0xFF, 0xFF, 0xA2, 0xFF, 0xFF, 0xFF, 0xFF, 0xFF, 0x1A, 0xFE, 0xFF, 0xFF, 0x09, 0x00,
    0x00, 0x10, 0xFF, 0xFF, 0xFF, 0xFF, 0xFF, 0x02, 0x70, 0xFF, 0xFF, 0xBF, 0x40, 0xFF, 0xFF, 0xFF,
    0xFF, 0xFF, 0x01, 0xFD, 0xFF, 0xFF, 0x04, 0x00, 0x00, 0x00, 0xFE, 0xFF, 0xFF, 0xFF, 0xFF, 0x04,
    0xA0, 0xFF, 0xFF, 0x9F, 0x30, 0xFF, 0xFF, 0xFF, 0xFF, 0x8F, 0x00, 0xFF, 0xFF, 0xFF, 0x00, 0x00,
    0x00, 0x00, 0xF9, 0xFF, 0xFF, 0xFF, 0xFF, 0x02, 0xE0, 0xFF, 0xFF, 0x7F, 0x40, 0xFF, 0xFF, 0xFF,
    0xFF, 0x1F, 0x40, 0xFF, 0xFF, 0xBF, 0x00, 0x00, 0x00, 0x00, 0xF1, 0xFF, 0xFF, 0xFF, 0xCF, 0x00,
    0xF5, 0xFF, 0xFF, 0x4F, 0x50, 0xFF, 0xFF, 0xFF, 0xFF, 0x09, 0x80, 0xFF, 0xFF, 0x7F, 0x00, 0x00,
    0x00, 0x00, 0x50, 0xFF, 0xFF, 0xFF, 0x2E, 0x00, 0xFE, 0xFF, 0xFF, 0x1F, 0x60, 0xFF, 0xFF, 0xFF,
    0xFF, 0x01, 0xE0, 0xFF, 0xFF, 0x4F, 0x00, 0x00, 0x00, 0x00, 0x00, 0x92, 0xFD, 0x9D, 0x01, 0x90,
    0xFF, 0xFF, 0xFF, 0x0D, 0x80, 0xFF, 0xFF, 0xFF, 0x9F, 0x00, 0xF3, 0xFF, 0xFF, 0x1F, 0x00, 0x00,
    0x00, 0x00, 0x00, 0x00, 0x00, 0x00, 0x00, 0xF7, 0xFF, 0xFF, 0xFF, 0x07, 0x90, 0xFF, 0xFF, 0xFF,
    0x2F, 0x00, 0xF9, 0xFF, 0xFF, 0x0F, 0x00, 0x00, 0x00, 0x00, 0x00, 0x00, 0x00, 0x00, 0x90, 0xFF,
    0xFF, 0xFF, 0xFF, 0x02, 0xB0, 0xFF, 0xFF, 0xFF, 0x0A, 0x00, 0xFE, 0xFF, 0xFF, 0x0D, 0x00, 0x00,
    0x00, 0xA2, 0xDE, 0x49, 0x00, 0x73, 0xFE, 0xFF, 0xFF, 0xFF, 0xBF, 0x00, 0xD0, 0xFF, 0xFF, 0xFF,
    0x02, 0x40, 0xFF, 0xFF, 0xFF, 0x0C, 0x00, 0x00, 0x30, 0xFF, 0xFF, 0xFF, 0xFF, 0xFF, 0xFF, 0xFF,
    0xFF, 0xFF, 0x4F, 0x00, 0xE0, 0xFF, 0xFF, 0xAF, 0x00, 0xA0, 0xFF, 0xFF, 0xFF, 0x0B, 0x00, 0x00,
    0xC0, 0xFF, 0xFF, 0xFF, 0xFF, 0xFF, 0xFF, 0xFF, 0xFF, 0xFF, 0x0A, 0x00, 0xE0, 0xFF, 0xFF, 0x3F,
    0x00, 0xF0, 0xFF, 0xFF, 0xFF, 0x0A, 0x00, 0x00, 0xF1, 0xFF, 0xFF, 0xFF, 0xFF, 0xFF, 0xFF, 0xFF,
    0xFF, 0xFF, 0x01, 0x00, 0xE0, 0xFF, 0xFF, 0x0B, 0x00, 0xF5, 0xFF, 0xFF, 0xFF, 0x09, 0x00, 0x00,
    0xF2, 0xFF, 0xFF, 0xFF, 0xFF, 0xFF, 0xFF, 0xFF, 0xFF, 0x5F, 0x00, 0x00, 0xD0, 0xFF, 0xFF, 0x03,
    0x00, 0xFA, 0xFF, 0xFF, 0xFF, 0x08, 0x00, 0x00, 0xF1, 0xFF, 0xFF, 0xFF, 0xFF, 0xFF, 0xFF, 0xFF,
    0xFF, 0x07, 0x00, 0x00, 0x90, 0xFF, 0xAF, 0x00, 0x00, 0xFE, 0xFF, 0xFF, 0xFF, 0x07, 0x00, 0x00,
    0xC0, 0xFF, 0xFF, 0xFF, 0xFF, 0xFF, 0xFF, 0xFF, 0x7F, 0x00, 0x00, 0x00, 0x20, 0xFE, 0x0A, 0x00,
    0x20, 0xFF, 0xFF, 0xFF, 0xFF, 0x05, 0x00, 0x00, 0x30, 0xFF, 0xFF, 0xFF, 0xFF, 0xFF, 0xFF, 0xEF,
    0x04, 0x00, 0x00, 0x00, 0x00, 0x00, 0x00, 0x00, 0x30, 0xFF, 0xFF, 0xFF, 0xFF, 0x00, 0x00, 0x00,
    0x00, 0xD3, 0xFF, 0xFF, 0xFF, 0xFF, 0xEF, 0x07, 0x00, 0x00, 0x00, 0x00, 0x00, 0x00, 0x00, 0x00,
    0x10, 0xFF, 0xFF, 0xFF, 0x5F, 0x00, 0x00, 0x00, 0x00, 0x00, 0xB6, 0xFD, 0xEF, 0x9C, 0x05, 0x00,
    0x00, 0x00, 0x00, 0x00, 0x00, 0x00, 0x00, 0x00, 0x00, 0xC4, 0xFE, 0xAD, 0x03, 0x00, 0x00, 0x00,
    0x00, 0x00, 0x00, 0x00, 0x00, 0x62, 0xB9, 0xED, 0xFF, 0xFF, 0xDF, 0x19, 0x00, 0x00, 0x00, 0x70,
    0xFD, 0x8E, 0x00, 0x00, 0x00, 0x00, 0x00, 0xC6, 0xFF, 0xFF, 0xFF, 0xFF, 0xFF, 0xFF, 0xDF, 0x00,
    0x00, 0x00, 0xF8, 0xFF, 0xFF, 0x06, 0x00, 0x00, 0x00, 0xD4, 0xFF, 0xFF, 0xFF, 0xFF, 0xFF, 0xFF,
    0xFF, 0xFF, 0x08, 0x00, 0x20, 0xFF, 0xFF, 0xFF, 0x0A, 0x00, 0x00, 0x80, 0xFF, 0xFF, 0xFF, 0xFF,
    0xFF, 0xFF, 0xFF, 0xFF, 0xFF, 0x0E, 0x00, 0x80, 0xFF, 0xFF, 0xFF, 0x09, 0x00, 0x00, 0xF9, 0xFF,
    0xFF, 0xFF, 0xFF, 0xFF, 0xFF, 0xFF, 0xFF, 0xFF, 0x2F, 0x00, 0xB0, 0xFF, 0xFF, 0xFF, 0x06, 0x00,
    0x60, 0xFF, 0xFF, 0xFF, 0xFF, 0xFF, 0xFF, 0xFF, 0xFF, 0xFF, 0xFF, 0x5F, 0x00, 0xF0, 0xFF, 0xFF,
    0xFF, 0x01, 0x00, 0xF1, 0xFF, 0xFF, 0xFF, 0xFF, 0xFF, 0xFF, 0xFF, 0xFF, 0xFF, 0xFF, 0x8F, 0x00,
    0xF1, 0xFF, 0xFF, 0xBF, 0x00, 0x00, 0xF7, 0xFF, 0xFF, 0xFF, 0x7E, 0x13, 0x91, 0xFF, 0xFF, 0xFF,
    0xFF, 0xAF, 0x00, 0xF2, 0xFF, 0xFF, 0x6F, 0x00, 0x00, 0xFD, 0xFF, 0xFF, 0xFF, 0x02, 0x00, 0x00,
    0xFF, 0xFF, 0xFF, 0xFF, 0xBF, 0x00, 0xF4, 0xFF, 0xFF, 0x0F, 0x00, 0x00, 0xFF, 0xFF, 0xFF, 0xCF,
    0x00, 0x00, 0x00, 0xFF, 0xFF, 0xFF, 0xFF, 0xDF, 0x00, 0xF5, 0xFF, 0xFF, 0x0A, 0x00, 0x20, 0xFF,
    0xFF, 0xFF, 0xFF, 0x07, 0x00, 0x20, 0xFF, 0xFF, 0xFF, 0xFF, 0xFF, 0x00, 0xF7, 0xFF, 0xFF, 0x05,
    0x00, 0x20, 0xFF, 0xFF, 0xFF, 0xFF, 0xBF, 0x00, 0x50, 0xFF, 0xFF, 0xFF, 0xFF, 0xFF, 0x02, 0xF9,
    0xFF, 0xFF, 0x00, 0x00, 0x00, 0xFF, 0xFF, 0xFF, 0xFF, 0xFF, 0x03, 0x80, 0xFF, 0xFF, 0xFF, 0xFF,
    0xFF, 0x19, 0xFE, 0xFF, 0xBF, 0x00, 0x00, 0x00, 0xFD, 0xFF, 0xFF, 0xFF, 0xFF, 0x04, 0xD0, 0xFF,
    0xFF, 0xE6, 0xFF, 0xFF, 0xFF, 0xFF, 0xFF, 0x6F, 0x00, 0x00, 0x00, 0xF7, 0xFF, 0xFF, 0xFF, 0xFF,
    0x01, 0xF1, 0xFF, 0xBF, 0x70, 0xFF, 0xFF, 0xFF, 0xFF, 0xFF, 0x2F, 0x00, 0x00, 0x00, 0xD0, 0xFF,
    0xFF, 0xFF, 0xAF, 0x00, 0xF7, 0xFF, 0x8F, 0x40, 0xFF, 0xFF, 0xFF, 0xFF, 0xFF, 0x0E, 0x00, 0x00,
    0x00, 0x20, 0xFD, 0xFF, 0xFF, 0x0B, 0x00, 0xFD, 0xFF, 0x6F, 0x20, 0xFF, 0xFF, 0xFF, 0xFF, 0xFF,
    0x0B, 0x00, 0x00, 0x00, 0x00, 0x40, 0xA8, 0x48, 0x00, 0x50, 0xFF, 0xFF, 0x5F, 0x00, 0xFF, 0xFF,
    0xFF, 0xFF, 0xFF, 0x08, 0x00, 0x00, 0x00, 0x00, 0x00, 0x00, 0x00, 0x00, 0xE1, 0xFF, 0xFF, 0x3F,
    0x00, 0xFE, 0xFF, 0xFF, 0xFF, 0xFF, 0x06, 0x00, 0x00, 0x00, 0x00, 0x01, 0x00, 0x00, 0x00, 0xFA,
    0xFF, 0xFF, 0x1F, 0x00, 0xFD, 0xFF, 0xFF, 0xFF, 0xFF, 0x04, 0x00, 0x00, 0x20, 0xFC, 0xFF, 0x5B,
    0x01, 0xB3, 0xFF, 0xFF, 0xFF, 0x0E, 0x00, 0xFB, 0xFF, 0xFF, 0xFF, 0xFF, 0x02, 0x00, 0x00, 0xE1,
    0xFF, 0xFF, 0xFF, 0xFF, 0xFF, 0xFF, 0xFF, 0xFF, 0x0A, 0x00, 0xF9, 0xFF, 0xFF, 0xFF, 0xFF, 0x00,
    0x00, 0x00, 0xF8, 0xFF, 0xFF, 0xFF, 0xFF, 0xFF, 0xFF, 0xFF, 0xFF, 0x04, 0x00, 0xF7, 0xFF, 0xFF,
    0xFF, 0xFF, 0x00, 0x00, 0x00, 0xFD, 0xFF, 0xFF, 0xFF, 0xFF, 0xFF, 0xFF, 0xFF, 0xEF, 0x00, 0x00,
    0xF4, 0xFF, 0xFF, 0xFF, 0xDF, 0x00, 0x00, 0x00, 0xFE, 0xFF, 0xFF, 0xFF, 0xFF, 0xFF, 0xFF, 0xFF,
    0x6F, 0x00, 0x00, 0xF0, 0xFF, 0xFF, 0xFF, 0xCF, 0x00, 0x00, 0x00, 0xFC, 0xFF, 0xFF, 0xFF, 0xFF,
    0xFF, 0xFF, 0xFF, 0x0B, 0x00, 0x00, 0xC0, 0xFF, 0xFF, 0xFF, 0xAF, 0x00, 0x00, 0x00, 0xF7, 0xFF,
    0xFF, 0xFF, 0xFF, 0xFF, 0xFF, 0xDF, 0x01, 0x00, 0x00, 0x70, 0xFF, 0xFF, 0xFF, 0x8F, 0x00, 0x00,
    0x00, 0xC0, 0xFF, 0xFF, 0xFF, 0xFF, 0xFF, 0xFF, 0x1C, 0x00, 0x00, 0x00, 0x10, 0xFF, 0xFF, 0xFF,
    0x4F, 0x00, 0x00, 0x00, 0x10, 0xFB, 0xFF, 0xFF, 0xFF, 0xFF, 0x7F, 0x00, 0x00, 0x00, 0x00, 0x00,
    0xF7, 0xFF, 0xFF, 0x0B, 0x00, 0x00, 0x00, 0x00, 0x40, 0xD9, 0xFE, 0xDF, 0x5A, 0x00, 0x00, 0x00,
    0x00, 0x00, 0x00, 0x60, 0xFD, 0x7D, 0x00, 0x00, 0x00, 0x00, 0x00, 0x00, 0x00, 0x00, 0x00, 0x30,
    0xC8, 0xFE, 0xDF, 0x5A, 0x00, 0x00, 0x00, 0x00, 0x00, 0x00, 0x00, 0x30, 0xFC, 0xFF, 0xFF, 0xFF,
    0xFF, 0x3D, 0x00, 0x00, 0x00, 0x00, 0x00, 0x00, 0xF9, 0xFF, 0xFF, 0xFF, 0xFF, 0xFF, 0xFF, 0x05,
    0x00, 0x00, 0x00, 0x00, 0xC1, 0xFF, 0xFF, 0xFF, 0xFF, 0xFF, 0xFF, 0xFF, 0x3F, 0x00, 0x00, 0x00,
    0x10, 0xFD, 0xFF, 0xFF, 0xFF, 0xFF, 0xFF, 0xFF, 0xFF, 0xCF, 0x00, 0x00, 0x00, 0xC0, 0xFF, 0xFF,
    0xFF, 0xFF, 0xFF, 0xFF, 0xFF, 0xFF, 0xFF, 0x04, 0x00, 0x00, 0xF9, 0xFF, 0xFF, 0xFF, 0xFF, 0xFF,
    0xFF, 0xFF, 0xFF, 0xFF, 0x0A, 0x00, 0x40, 0xFF, 0xFF, 0xFF, 0xCF, 0x15, 0x20, 0xF8, 0xFF, 0xFF,
    0xFF, 0x0E, 0x00, 0xD0, 0xFF, 0xFF, 0xFF, 0x07, 0x00, 0x00, 0x40, 0xFF, 0xFF, 0xFF, 0x1F, 0x00,
    0xF6, 0xFF, 0xFF, 0x8F, 0x00, 0x00, 0x00, 0x00, 0xFA, 0xFF, 0xFF, 0x3F, 0x00, 0xFD, 0xFF, 0xFF,
    0x0B, 0x00, 0x00, 0x00, 0x00, 0xF4, 0xFF, 0xFF, 0x4F, 0x30, 0xFF, 0xFF, 0xFF, 0x02, 0x00, 0x00,
    0x00, 0x00, 0xF2, 0xFF, 0xFF, 0x4F, 0x90, 0xFF, 0xFF, 0xBF, 0x00, 0x00, 0x00, 0x00, 0x00, 0xF1,
    0xFF, 0xFF, 0x3F, 0xD0, 0xFF, 0xFF, 0x6F, 0x00, 0x00, 0x00, 0x00, 0x00, 0xF3, 0xFF, 0xFF, 0x2F,
    0xF1, 0xFF, 0xFF, 0x1F, 0x00, 0x00, 0x00, 0x00, 0x00, 0xF5, 0xFF, 0xFF, 0x0F, 0xF4, 0xFF, 0xFF,
    0x0F, 0x00, 0x00, 0x00, 0x00, 0x00, 0xFA, 0xFF, 0xFF, 0x0D, 0xF7, 0xFF, 0xFF, 0x0E, 0x00, 0x00,
    0x00, 0x00, 0x00, 0xFE, 0xFF, 0xFF, 0x09, 0xF9, 0xFF, 0xFF, 0x0F, 0x00, 0x00, 0x00, 0x00, 0x60,
    0xFF, 0xFF, 0xFF, 0x05, 0xF9, 0xFF, 0xFF, 0x2F, 0x00, 0x00, 0x00, 0x00, 0xE0, 0xFF, 0xFF, 0xFF,
    0x00, 0xFA, 0xFF, 0xFF, 0x9F, 0x00, 0x00, 0x00, 0x00, 0xFB, 0xFF, 0xFF, 0x9F, 0x00, 0xFA, 0xFF,
    0xFF, 0xFF, 0x04, 0x00, 0x00, 0xA0, 0xFF, 0xFF, 0xFF, 0x3F, 0x00, 0xF9, 0xFF, 0xFF, 0xFF, 0x8F,
    0x02, 0x51, 0xFD, 0xFF, 0xFF, 0xFF, 0x0B, 0x00, 0xF7, 0xFF, 0xFF, 0xFF, 0xFF, 0xFF, 0xFF, 0xFF,
    0xFF, 0xFF, 0xFF, 0x02, 0x00, 0xF4, 0xFF, 0xFF, 0xFF, 0xFF, 0xFF, 0xFF, 0xFF, 0xFF, 0xFF, 0x8F,
    0x00, 0x00, 0xF0, 0xFF, 0xFF, 0xFF, 0xFF, 0xFF, 0xFF, 0xFF, 0xFF, 0xFF, 0x0D, 0x00, 0x00, 0xA0,
    0xFF, 0xFF, 0xFF, 0xFF, 0xFF, 0xFF, 0xFF, 0xFF, 0xEF, 0x02, 0x00, 0x00, 0x20, 0xFF, 0xFF, 0xFF,
    0xFF, 0xFF, 0xFF, 0xFF, 0xFF, 0x3F, 0x00, 0x00, 0x00, 0x00, 0xF8, 0xFF, 0xFF, 0xFF, 0xFF, 0xFF,
    0xFF, 0xEF, 0x02, 0x00, 0x00, 0x00, 0x00, 0xA0, 0xFF, 0xFF, 0xFF, 0xFF, 0xFF, 0xFF, 0x1B, 0x00,
    0x00, 0x00, 0x00, 0x00, 0x00, 0xF8, 0xFF, 0xFF, 0xFF, 0xFF, 0x5D, 0x00, 0x00, 0x00, 0x00, 0x00,
    0x00, 0x00, 0x20, 0xC8, 0xFF, 0xCE, 0x49, 0x00, 0x00, 0x00, 0x00, 0x00, 0x00, 0x00, 0x00, 0x00,
    0x00, 0x00, 0x20, 0x85, 0xCB, 0xFE, 0xFF, 0xDF, 0x9C, 0x16, 0x00, 0x00, 0x00, 0x00, 0x00, 0x00,
    0x00, 0x00, 0x92, 0xFD, 0xFF, 0xFF, 0xFF, 0xFF, 0xFF, 0xFF, 0xFF, 0x6C, 0x00, 0x00, 0x00, 0x00,
    0x00, 0x00, 0xC4, 0xFF, 0xFF, 0xFF, 0xFF, 0xFF, 0xFF, 0xFF, 0xFF, 0xFF, 0xFF, 0x3D, 0x00, 0x00,
    0x00, 0x00, 0xA1, 0xFF, 0xFF, 0xFF, 0xFF, 0xFF, 0xFF, 0xFF, 0xFF, 0xFF, 0xFF, 0xFF, 0xFF, 0x05,
    0x00, 0x00, 0x20, 0xFE, 0xFF, 0xFF, 0xFF, 0xFF, 0xFF, 0xFF, 0xFF, 0xFF, 0xFF, 0xFF, 0xFF, 0xFF,
    0x5F, 0x00, 0x00, 0xE2, 0xFF, 0xFF, 0xFF, 0xFF, 0xFF, 0xFF, 0xFF, 0xFF, 0xFF, 0xFF, 0xFF, 0xFF,
    0xFF, 0xEF, 0x01, 0x00, 0xFD, 0xFF, 0xFF, 0xFF, 0xFF, 0xFF, 0xFF, 0xFF, 0xFF, 0xFF, 0xFF, 0xFF,
    0xFF, 0xFF, 0xFF, 0x09, 0x80, 0xFF, 0xFF, 0xFF, 0xFF, 0xBE, 0xFB, 0xFF, 0xFF, 0xFF, 0xFF, 0xFF,
    0xFF, 0xFF, 0xFF, 0xFF, 0x0F, 0xE0, 0xFF, 0xFF, 0xFF, 0x5F, 0x00, 0x10, 0xFD, 0xFF, 0xFF, 0xFF,
    0xFF, 0xFF, 0xFF, 0xFF, 0xFF, 0x3F, 0xF4, 0xFF, 0xFF, 0xFF, 0x08, 0x00, 0x00, 0xF6, 0xFF, 0xFF,
    0xCF, 0x02, 0xA3, 0xFF, 0xFF, 0xFF, 0x6F, 0xF7, 0xFF, 0xFF, 0xFF, 0x08, 0x00, 0x00, 0xF4, 0xFF,
    0xFF, 0x2F, 0x00, 0x00, 0xF9, 0xFF, 0xFF, 0x7F, 0xF8, 0xFF, 0xFF, 0xFF, 0x9F, 0x00, 0x00, 0xF7,
    0xFF, 0xFF, 0x0C, 0x00, 0x00, 0xF0, 0xFF, 0xFF, 0x7F, 0xF7, 0xFF, 0xFF, 0xFF, 0xFF, 0x0A, 0x00,
    0xFA, 0xFF, 0xFF, 0x08, 0x00, 0x00, 0xF0, 0xFF, 0xFF, 0x6F, 0xF5, 0xFF, 0xFF, 0xFF, 0xFF, 0x0E,
    0x00, 0xFD, 0xFF, 0xFF, 0x05, 0x00, 0x00, 0xF4, 0xFF, 0xFF, 0x4F, 0xF0, 0xFF, 0xFF, 0xFF, 0xFF,
    0x0D, 0x10, 0xFF, 0xFF, 0xFF, 0x01, 0x00, 0x10, 0xFD, 0xFF, 0xFF, 0x1F, 0x80, 0xFF, 0xFF, 0xFF,
    0xFF, 0x08, 0x50, 0xFF, 0xFF, 0xFF, 0x16, 0x10, 0xE6, 0xFF, 0xFF, 0xFF, 0x0C, 0x00, 0xFB, 0xFF,
    0xFF, 0xDF, 0x00, 0xB0, 0xFF, 0xFF, 0xFF, 0xFF, 0xFF, 0xFF, 0xFF, 0xFF, 0xFF, 0x06, 0x00, 0x60,
    0xFD, 0xEF, 0x08, 0x00, 0xF1, 0xFF, 0xFF, 0xFF, 0xFF, 0xFF, 0xFF, 0xFF, 0xFF, 0xDF, 0x00, 0x00,
    0x00, 0x00, 0x00, 0x00, 0x00, 0xF7, 0xFF, 0xFF, 0xFF, 0xFF, 0xFF, 0xFF, 0xFF, 0xFF, 0x4F, 0x00,
    0x00, 0x00, 0x00, 0x00, 0x00, 0x10, 0xFE, 0xFF, 0xFF, 0xFF, 0xFF, 0xFF, 0xFF, 0xFF, 0xFF, 0x09,
    0x00, 0x00, 0x00, 0x01, 0x00, 0x00, 0xB0, 0xFF, 0xFF, 0xFF, 0x36, 0xFF, 0xFF, 0xFF, 0xFF, 0x9F,
    0x00, 0x00, 0x00, 0xF9, 0xFF, 0x39, 0x30, 0xFB, 0xFF, 0xFF, 0xFF, 0x01, 0xFB, 0xFF, 0xFF, 0xFF,
    0x07, 0x00, 0x00, 0xC0, 0xFF, 0xFF, 0xFF, 0xFF, 0xFF, 0xFF, 0xFF, 0xBF, 0x00, 0x90, 0xFE, 0xDF,
    0x18, 0x00, 0x00, 0x00, 0xF6, 0xFF, 0xFF, 0xFF, 0xFF, 0xFF, 0xFF, 0xFF, 0x6F, 0x00, 0x00, 0x00,
    0x00, 0x00, 0x00, 0x00, 0x00, 0xFB, 0xFF, 0xFF, 0xFF, 0xFF, 0xFF, 0xFF, 0xFF, 0x0E, 0x00, 0x00,
    0x00, 0x00, 0x00, 0x00, 0x00, 0x00, 0xFD, 0xFF, 0xFF, 0xFF, 0xFF, 0xFF, 0xFF, 0xFF, 0x06, 0x00,
    0x00, 0x00, 0x00, 0x00, 0x00, 0x00, 0x00, 0xFC, 0xFF, 0xFF, 0xFF, 0xFF, 0xFF, 0xFF, 0xCF, 0x00,
    0x00, 0x00, 0x00, 0x00, 0x00, 0x00, 0x00, 0x00, 0xF7, 0xFF, 0xFF, 0xFF, 0xFF, 0xFF, 0xFF, 0x1D,
    0x00, 0x00, 0x00, 0x00, 0x00, 0x00, 0x00, 0x00, 0x00, 0xE1, 0xFF, 0xFF, 0xFF, 0xFF, 0xFF, 0xDF,
    0x02, 0x00, 0x00, 0x00, 0x00, 0x00, 0x00, 0x00, 0x00, 0x00, 0x20, 0xFD, 0xFF, 0xFF, 0xFF, 0xFF,
    0x08, 0x00, 0x00, 0x00, 0x00, 0x00, 0x00, 0x00, 0x00, 0x00, 0x00, 0x00, 0x60, 0xEC, 0xFF, 0xAD,
    0x16, 0x00, 0x00, 0x00, 0x00, 0x00, 0x00, 0x00, 0x00, 0x00, 0x00, 0x00, 0x00, 0x00, 0x00, 0x00,
    0x00, 0x20, 0xB7, 0xFD, 0xFF, 0xAD, 0x16, 0x00, 0x00, 0x00, 0x00, 0x00, 0x00, 0x00, 0x20, 0xFB,
    0xFF, 0xFF, 0xFF, 0xFF, 0xFF, 0x09, 0x00, 0x00, 0x00, 0x00, 0x00, 0x00, 0xF7, 0xFF, 0xFF, 0xFF,
    0xFF, 0xFF, 0xFF, 0xDF, 0x02, 0x00, 0x00, 0x00, 0x00, 0xA0, 0xFF, 0xFF, 0xFF, 0xFF, 0xFF, 0xFF,
    0xFF, 0xFF, 0x1D, 0x00, 0x00, 0x00, 0x00, 0xF9, 0xFF, 0xFF, 0xFF, 0xFF, 0xFF, 0xFF, 0xFF, 0xFF,
    0x9F, 0x00, 0x00, 0x00, 0x50, 0xFF, 0xFF, 0xFF, 0xFF, 0xFF, 0xFF, 0xFF, 0xFF, 0xFF, 0xFF, 0x02,
    0x00, 0x00, 0xE0, 0xFF, 0xFF, 0xFF, 0xFF, 0xFF, 0xFF, 0xFF, 0xFF, 0xFF, 0xFF, 0x07, 0x00, 0x00,
    0xF7, 0xFF, 0xFF, 0xFF, 0xFF, 0xFF, 0xFF, 0xFF, 0xFF, 0xFF, 0xFF, 0x0B, 0x00, 0x00, 0xFE, 0xFF,
    0xFF, 0xFF, 0x5D, 0x01, 0xB3, 0xFF, 0xFF, 0xFF, 0xFF, 0x0E, 0x00, 0x30, 0xFF, 0xFF, 0xFF, 0xCF,
    0x00, 0x00, 0x00, 0xFA, 0xFF, 0xFF, 0xFF, 0x0F, 0x00, 0x80, 0xFF, 0xFF, 0xFF, 0x4F, 0x00, 0x00,
    0x00, 0xF1, 0xFF, 0xFF, 0xFF, 0x0F, 0x00, 0xA0, 0xFF, 0xFF, 0xFF, 0x0F, 0x00, 0x00, 0x00, 0xC0,
    0xFF, 0xFF, 0xFF, 0x0E, 0x00, 0xC0, 0xFF, 0xFF, 0xFF, 0x2F, 0x00, 0x00, 0x00, 0xA0, 0xFF, 0xFF,
    0xFF, 0x0C, 0x00, 0xD0, 0xFF, 0xFF, 0xFF, 0xCF, 0x02, 0x00, 0x00, 0xA0, 0xFF, 0xFF, 0xFF, 0x09,
    0x00, 0xC0, 0xFF, 0xFF, 0xFF, 0xFF, 0x6F, 0x00, 0x00, 0xC0, 0xFF, 0xFF, 0xFF, 0x05, 0x00, 0xA0,
    0xFF, 0xFF, 0xFF, 0xFF, 0xFF, 0x01, 0x00, 0xF0, 0xFF, 0xFF, 0xFF, 0x00, 0x00, 0x60, 0xFF, 0xFF,
    0xFF, 0xFF, 0xFF, 0x02, 0x00, 0xF5, 0xFF, 0xFF, 0xAF, 0x00, 0x00, 0x10, 0xFF, 0xFF, 0xFF, 0xFF,
    0xFF, 0x00, 0x00, 0xFC, 0xFF, 0xFF, 0x3F, 0x00, 0x00, 0x00, 0xF8, 0xFF, 0xFF, 0xFF, 0xAF, 0x00,
    0x60, 0xFF, 0xFF, 0xFF, 0x0A, 0x00, 0x00, 0x00, 0xB0, 0xFF, 0xFF, 0xFF, 0x1E, 0x00, 0xE1, 0xFF,
    0xFF, 0xFF, 0x02, 0x00, 0x00, 0x00, 0x00, 0xE7, 0xFF, 0x9F, 0x01, 0x10, 0xFC, 0xFF, 0xFF, 0x7F,
    0x00, 0x00, 0x00, 0x00, 0x00, 0x00, 0x11, 0x00, 0x00, 0xC1, 0xFF, 0xFF, 0xFF, 0x0C, 0x00, 0x00,
    0x00, 0x00, 0x00, 0x00, 0x00, 0x00, 0x30, 0xFD, 0xFF, 0xFF, 0xEF, 0x01, 0x00, 0x00, 0x00, 0xB5,
    0xFE, 0x9D, 0x03, 0x10, 0xF9, 0xFF, 0xFF, 0xFF, 0x2E, 0x00, 0x00, 0x00, 0x80, 0xFF, 0xFF, 0xFF,
    0xBF, 0xFA, 0xFF, 0xFF, 0xFF, 0xEF, 0x02, 0x00, 0x00, 0x00, 0xF3, 0xFF, 0xFF, 0xFF, 0xFF, 0xFF,
    0xFF, 0xFF, 0xFF, 0x2D, 0x00, 0x00, 0x00, 0x00, 0xF7, 0xFF, 0xFF, 0xFF, 0xFF, 0xFF, 0xFF, 0xFF,
    0xAF, 0x00, 0x00, 0x00, 0x00, 0x00, 0xF6, 0xFF, 0xFF, 0xFF, 0xFF, 0xFF, 0xFF, 0xFF, 0x06, 0x00,
    0x10, 0x79, 0x00, 0x00, 0xF1, 0xFF, 0xFF, 0xFF, 0xFF, 0xFF, 0xFF, 0xFF, 0x4A, 0x00, 0xE5, 0xFF,
    0x02, 0x00, 0x40, 0xFE, 0xFF, 0xFF, 0xFF, 0xFF, 0xFF, 0xFF, 0xFF, 0xFF, 0xFF, 0xFF, 0x04, 0x00,
    0x00, 0x71, 0xEC, 0xEF, 0x9C, 0xFA, 0xFF, 0xFF, 0xFF, 0xFF, 0xFF, 0xFF, 0x02, 0x00, 0x00, 0x00,
    0x00, 0x00, 0x00, 0xD0, 0xFF, 0xFF, 0xFF, 0xFF, 0xFF, 0xEF, 0x00, 0x00, 0x00, 0x00, 0x00, 0x00,
    0x00, 0x20, 0xFE, 0xFF, 0xFF, 0xFF, 0xFF, 0x7F, 0x00, 0x00, 0x00, 0x00, 0x00, 0x00, 0x00, 0x00,
    0xF3, 0xFF, 0xFF, 0xFF, 0xFF, 0x0D, 0x00, 0x00, 0x00, 0x00, 0x00, 0x00, 0x00, 0x00, 0x20, 0xFD,
    0xFF, 0xFF, 0xCF, 0x01, 0x00, 0x00, 0x00, 0x00, 0x00, 0x00, 0x00, 0x00, 0x00, 0x60, 0xFC, 0xDF,
    0x07, 0x00, 0x00, 0x00, 0x00, 0x00, 0x00, 0x00, 0x00, 0x00, 0x00, 0x00, 0x00, 0x00, 0x00, 0x00,
    0x00, 0x00, 0x00, 0x00, 0x00, 0x00, 0x00, 0x20, 0x85, 0xCB, 0xFE, 0xFF, 0xEF, 0xAC, 0x47, 0x00,
    0x00, 0x00, 0x00, 0x00, 0x00, 0x00, 0x00, 0x82, 0xFD, 0xFF, 0xFF, 0xFF, 0xFF, 0xFF, 0xFF, 0xFF,
    0x9F, 0x03, 0x00, 0x00, 0x00, 0x00, 0x00, 0xB3, 0xFF, 0xFF, 0xFF, 0xFF, 0xFF, 0xFF, 0xFF, 0xFF,
    0xFF, 0xFF, 0xAF, 0x00, 0x00, 0x00, 0x00, 0x90, 0xFF, 0xFF, 0xFF, 0xFF, 0xFF, 0xFF, 0xFF, 0xFF,
    0xFF, 0xFF, 0xFF, 0xFF, 0x1D, 0x00, 0x00, 0x10, 0xFC, 0xFF, 0xFF, 0xFF, 0xFF, 0xFF, 0xFF, 0xFF,
    0xFF, 0xFF, 0xFF, 0xFF, 0xFF, 0xDF, 0x00, 0x00, 0xD1, 0xFF, 0xFF, 0xFF, 0xFF, 0xFF, 0xFF, 0xFF,
    0xFF, 0xFF, 0xFF, 0xFF, 0xFF, 0xFF, 0xFF, 0x08, 0x00, 0xFB, 0xFF, 0xFF, 0xFF, 0xFF, 0xFF, 0xFF,
    0xFF, 0xFF, 0xFF, 0xFF, 0xFF, 0xFF, 0xFF, 0xFF, 0x0F, 0x50, 0xFF, 0xFF, 0xFF, 0xFF, 0xEF, 0xFE,
    0xFF, 0xFF, 0xFF, 0xFF, 0xFF, 0xFF, 0xFF, 0xFF, 0xFF, 0x4F, 0xD0, 0xFF, 0xFF, 0xFF, 0xBF, 0x02,
    0x30, 0xFE, 0xFF, 0xFF, 0xFF, 0xFF, 0xFF, 0xFF, 0xFF, 0xFF, 0x6F, 0xF2, 0xFF, 0xFF, 0xFF, 0x0D,
    0x00, 0x00, 0xF7, 0xFF, 0xFF, 0x9F, 0x10, 0xF7, 0xFF, 0xFF, 0xFF, 0x6F, 0xF6, 0xFF, 0xFF, 0xFF,
    0x0B, 0x00, 0x00, 0xF4, 0xFF, 0xFF, 0x0F, 0x00, 0x50, 0xFF, 0xFF, 0xFF, 0x5F, 0xF8, 0xFF, 0xFF,
    0xFF, 0x5F, 0x00, 0x00, 0xF6, 0xFF, 0xFF, 0x0B, 0x00, 0x00, 0xFF, 0xFF, 0xFF, 0x1F, 0xF8, 0xFF,
    0xFF, 0xFF, 0xFF, 0x07, 0x00, 0xF9, 0xFF, 0xFF, 0x08, 0x00, 0x20, 0xFF, 0xFF, 0xFF, 0x0B, 0xF6,
    0xFF, 0xFF, 0xFF, 0xFF, 0x0E, 0x00, 0xFC, 0xFF, 0xFF, 0x07, 0x00, 0x90, 0xFF, 0xFF, 0xFF, 0x02,
    0xF2, 0xFF, 0xFF, 0xFF, 0xFF, 0x0E, 0x00, 0xFF, 0xFF, 0xFF, 0x0B, 0x20, 0xFA, 0xFF, 0xFF, 0x5F,
    0x00, 0xB0, 0xFF, 0xFF, 0xFF, 0xFF, 0x0A, 0x40, 0xFF, 0xFF, 0xFF, 0xFF, 0xFF, 0xFF, 0xFF, 0xEF,
    0x04, 0x00, 0x20, 0xFE, 0xFF, 0xFF, 0xFF, 0x02, 0x90, 0xFF, 0xFF, 0xFF, 0xFF, 0xFF, 0xFF, 0xBF,
    0x07, 0x00, 0x00, 0x00, 0xC2, 0xFF, 0xFF, 0x3E, 0x00, 0xE0, 0xFF, 0xFF, 0xFF, 0xFF, 0xFF, 0xFF,
    0x0D, 0x00, 0x00, 0x00, 0x00, 0x00, 0x52, 0x46, 0x00, 0x00, 0xF5, 0xFF, 0xFF, 0xFF, 0xFF, 0xFF,
    0xFF, 0xEF, 0x03, 0x00, 0x00, 0x00, 0x00, 0x00, 0x00, 0x00, 0x00, 0xFD, 0xFF, 0xFF, 0x4E, 0x91,
    0xFF, 0xFF, 0xFF, 0x0D, 0x00, 0x00, 0x00, 0x00, 0x10, 0x00, 0x00, 0x80, 0xFF, 0xFF, 0xFF, 0x06,
    0x30, 0xFF, 0xFF, 0xFF, 0x3F, 0x00, 0x00, 0x00, 0xB2, 0xFF, 0x6E, 0x20, 0xF9, 0xFF, 0xFF, 0xFF,
    0x01, 0x30, 0xFF, 0xFF, 0xFF, 0xBF, 0x00, 0x00, 0x10, 0xFE, 0xFF, 0xFF, 0xFF, 0xFF, 0xFF, 0xFF,
    0xCF, 0x00, 0x60, 0xFF, 0xFF, 0xFF, 0xFF, 0x8E, 0x00, 0xA0, 0xFF, 0xFF, 0xFF, 0xFF, 0xFF, 0xFF,
    0xFF, 0x6F, 0x00, 0x90, 0xFF, 0xFF, 0xFF, 0xFF, 0xFF, 0x00, 0xF0, 0xFF, 0xFF, 0xFF, 0xFF, 0xFF,
    0xFF, 0xFF, 0x0E, 0x00, 0xC0, 0xFF, 0xFF, 0xFF, 0xFF, 0xEF, 0x00, 0xF1, 0xFF, 0xFF, 0xFF, 0xFF,
    0xFF, 0xFF, 0xFF, 0x07, 0x00, 0xF0, 0xFF, 0xFF, 0xFF, 0xFF, 0xAF, 0x00, 0xF0, 0xFF, 0xFF, 0xFF,
    0xFF, 0xFF, 0xFF, 0xDF, 0x00, 0x00, 0xF0, 0xFF, 0xFF, 0xFF, 0xFF, 0x4F, 0x00, 0xC0, 0xFF, 0xFF,
    0xFF, 0xFF, 0xFF, 0xFF, 0x3F, 0x00, 0x00, 0xF0, 0xFF, 0xFF, 0xFF, 0xFF, 0x0C, 0x00, 0x40, 0xFF,
    0xFF, 0xFF, 0xFF, 0xFF, 0xFF, 0x04, 0x00, 0x00, 0xD0, 0xFF, 0xFF, 0xFF, 0xEF, 0x02, 0x00, 0x00,
    0xF6, 0xFF, 0xFF, 0xFF, 0xFF, 0x2C, 0x00, 0x00, 0x00, 0x40, 0xFF, 0xFF, 0xFF, 0x3E, 0x00, 0x00,
    0x00, 0x20, 0xD8, 0xFE, 0xCF, 0x39, 0x00, 0x00, 0x00, 0x00, 0x00, 0xC4, 0xFF, 0x8D, 0x01, 0x00,
    0x00, 0x00, 0x00, 0x00, 0x00, 0x00, 0x00, 0x10, 0xA6, 0xFD, 0xEF, 0xAD, 0x16, 0x00, 0x00, 0x00,
    0x00, 0x00, 0x00, 0x00, 0x10, 0xF9, 0xFF, 0xFF, 0xFF, 0xFF, 0xFF, 0x08, 0x00, 0x00, 0x00, 0x00,
    0x00, 0x00, 0xE3, 0xFF, 0xFF, 0xFF, 0xFF, 0xFF, 0xFF, 0xCF, 0x00, 0x00, 0x00, 0x00, 0x00, 0x20,
    0xFF, 0xFF, 0xFF, 0xFF, 0xFF, 0xFF, 0xFF, 0xFF, 0x0C, 0x00, 0x00, 0x00, 0x00, 0xC0, 0xFF, 0xFF,
    0xFF, 0xFF, 0xFF, 0xFF, 0xFF, 0xFF, 0x5F, 0x00, 0x00, 0x00, 0x00, 0xF5, 0xFF, 0xFF, 0xFF, 0xFF,
    0xFF, 0xFF, 0xFF, 0xFF, 0xAF, 0x00, 0x00, 0x00, 0x00, 0xFA, 0xFF, 0xFF, 0xCF, 0x03, 0x61, 0xFF,
    0xFF, 0xFF, 0xDF, 0x00, 0x00, 0x00, 0x00, 0xFD, 0xFF, 0xFF, 0x1F, 0x00, 0x00, 0xF9, 0xFF, 0xFF,
    0xCF, 0x00, 0x00, 0x00, 0x00, 0xFF, 0xFF, 0xFF, 0x0D, 0x00, 0x00, 0xFA, 0xFF, 0xFF, 0xBF, 0x00,
    0x00, 0x00, 0x00, 0xFE, 0xFF, 0xFF, 0x0E, 0x00, 0x10, 0xFF, 0xFF, 0xFF, 0x6F, 0x00, 0x00, 0x00,
    0x00, 0xFC, 0xFF, 0xFF, 0x5F, 0x00, 0x30, 0xFF, 0xFF, 0xFF, 0x0D, 0x00, 0x00, 0x00, 0x00, 0xF7,
    0xFF, 0xFF, 0xFF, 0x03, 0x00, 0xFD, 0xFF, 0xEF, 0x03, 0x00, 0x00, 0x00, 0x00, 0xF1, 0xFF, 0xFF,
    0xFF, 0x6F, 0x00, 0x91, 0xDE, 0x19, 0x00, 0x00, 0x00, 0x00, 0x00, 0x60, 0xFF, 0xFF, 0xFF, 0xFF,
    0x1B, 0x00, 0x00, 0x00, 0x00, 0x00, 0x00, 0x00, 0x00, 0x00, 0xF8, 0xFF, 0xFF, 0xFF, 0xEF, 0x04,
    0x00, 0x00, 0x00, 0x00, 0x00, 0x00, 0x00, 0x00, 0x60, 0xFF, 0xFF, 0xFF, 0xFF, 0x7F, 0x00, 0x00,
    0x00, 0x00, 0x00, 0x00, 0x33, 0x01, 0x00, 0xD3, 0xFF, 0xFF, 0xFF, 0xFF, 0x07, 0x00, 0x00, 0x00,
    0x10, 0xFA, 0xFF, 0xBF, 0x02, 0x10, 0xFB, 0xFF, 0xFF, 0xFF, 0x3F, 0x00, 0x00, 0x00, 0xE2, 0xFF,
    0xFF, 0xFF, 0x2E, 0x00, 0x80, 0xFF, 0xFF, 0xFF, 0xCF, 0x00, 0x00, 0x10, 0xFE, 0xFF, 0xFF, 0xFF,
    0xAF, 0x00, 0x00, 0xF8, 0xFF, 0xFF, 0xFF, 0x02, 0x00, 0x90, 0xFF, 0xFF, 0xFF, 0xFF, 0xDF, 0x00,
    0x00, 0xD0, 0xFF, 0xFF, 0xFF, 0x07, 0x00, 0xF1, 0xFF, 0xFF, 0xFF, 0xFF, 0xCF, 0x00, 0x00, 0x50,
    0xFF, 0xFF, 0xFF, 0x09, 0x00, 0xF6, 0xFF, 0xFF, 0xFF, 0xFF, 0x6F, 0x00, 0x00, 0x20, 0xFF, 0xFF,
    0xFF, 0x0B, 0x00, 0xF9, 0xFF, 0xFF, 0xFF, 0xFF, 0x09, 0x00, 0x00, 0x10, 0xFF, 0xFF, 0xFF, 0x0B,
    0x00, 0xFA, 0xFF, 0xFF, 0xFF, 0xAF, 0x00, 0x00, 0x00, 0x30, 0xFF, 0xFF, 0xFF, 0x09, 0x00, 0xFB,
    0xFF, 0xFF, 0xFF, 0x5F, 0x00, 0x00, 0x00, 0x90, 0xFF, 0xFF, 0xFF, 0x07, 0x00, 0xF9, 0xFF, 0xFF,
    0xFF, 0x9F, 0x00, 0x00, 0x00, 0xF4, 0xFF, 0xFF, 0xFF, 0x03, 0x00, 0xF6, 0xFF, 0xFF, 0xFF, 0xFF,
    0x29, 0x00, 0x93, 0xFF, 0xFF, 0xFF, 0xDF, 0x00, 0x00, 0xF1, 0xFF, 0xFF, 0xFF, 0xFF, 0xFF, 0xFF,
    0xFF, 0xFF, 0xFF, 0xFF, 0x6F, 0x00, 0x00, 0x90, 0xFF, 0xFF, 0xFF, 0xFF, 0xFF, 0xFF, 0xFF, 0xFF,
    0xFF, 0xFF, 0x0D, 0x00, 0x00, 0x10, 0xFE, 0xFF, 0xFF, 0xFF, 0xFF, 0xFF, 0xFF, 0xFF, 0xFF, 0xFF,
    0x03, 0x00, 0x00, 0x00, 0xF4, 0xFF, 0xFF, 0xFF, 0xFF, 0xFF, 0xFF, 0xFF, 0xFF, 0x5F, 0x00, 0x00,
    0x00, 0x00, 0x30, 0xFE, 0xFF, 0xFF, 0xFF, 0xFF, 0xFF, 0xFF, 0xEF, 0x04, 0x00, 0x00, 0x00, 0x00,
    0x00, 0x91, 0xFF, 0xFF, 0xFF, 0xFF, 0xFF, 0xFF, 0x19, 0x00, 0x00, 0x00, 0x00, 0x00, 0x00, 0x00,
    0x61, 0xDA, 0xFF, 0xFF, 0xAD, 0x16, 0x00, 0x00, 0x00, 0x00, 0x00, 0x00, 0x00, 0x00, 0x00, 0x00,
    0x00, 0x00, 0x00, 0x00, 0x00, 0x00, 0x00, 0x00, 0x00, 0x00, 0x00, 0x00, 0x00, 0x72, 0xCA, 0xFE,
    0xFF, 0xBD, 0x79, 0x35, 0x12, 0x00, 0x00, 0x00, 0x00, 0x00, 0x00, 0x00, 0xC4, 0xFF, 0xFF, 0xFF,
    0xFF, 0xFF, 0xFF, 0xFF, 0xFF, 0xFF, 0xFF, 0xCF, 0x01, 0x00, 0x00, 0xB1, 0xFF, 0xFF, 0xFF, 0xFF,
    0xFF, 0xFF, 0xFF, 0xFF, 0xFF, 0xFF, 0xFF, 0xFF, 0x08, 0x00, 0x20, 0xFE, 0xFF, 0xFF, 0xFF, 0xFF,
    0xFF, 0xFF, 0xFF, 0xFF, 0xFF, 0xFF, 0xFF, 0xFF, 0x0A, 0x00, 0xE1, 0xFF, 0xFF, 0xFF, 0xFF, 0xFF,
    0xFF, 0xFF, 0xFF, 0xFF, 0xFF, 0xFF, 0xFF, 0xFF, 0x07, 0x00, 0xFB, 0xFF, 0xFF, 0xFF, 0xFF, 0xFF,
    0xFF, 0xFF, 0xFF, 0xFF, 0xFF, 0xFF, 0xFF, 0xFF, 0x02, 0x40, 0xFF, 0xFF, 0xFF, 0xFF, 0xFF, 0xFF,
    0xFF, 0xFF, 0xFF, 0xFF, 0xFF, 0xFF, 0xFF, 0xAF, 0x00, 0xB0, 0xFF, 0xFF, 0xFF, 0xFF, 0x27, 0x10,
    0xF6, 0xFF, 0xFF, 0xFF, 0xFF, 0xFF, 0xFF, 0x0B, 0x00, 0xF1, 0xFF, 0xFF, 0xFF, 0x2E, 0x00, 0x00,
    0x90, 0xFF, 0xFF, 0xFF, 0x18, 0x21, 0x24, 0x00, 0x00, 0xF4, 0xFF, 0xFF, 0xFF, 0x08, 0x00, 0x00,
    0x70, 0xFF, 0xFF, 0xEF, 0x00, 0x00, 0x00, 0x00, 0x00, 0xF7, 0xFF, 0xFF, 0xFF, 0x07, 0x00, 0x00,
    0x90, 0xFF, 0xFF, 0xAF, 0x00, 0x00, 0x00, 0x00, 0x00, 0xF8, 0xFF, 0xFF, 0xFF, 0x2D, 0x00, 0x00,
    0xC0, 0xFF, 0xFF, 0x6F, 0x00, 0x00, 0x00, 0x00, 0x00, 0xF7, 0xFF, 0xFF, 0xFF, 0xFF, 0x05, 0x00,
    0xE0, 0xFF, 0xFF, 0x3F, 0x00, 0x00, 0x00, 0x00, 0x00, 0xF6, 0xFF, 0xFF, 0xFF, 0xFF, 0x0D, 0x00,
    0xF2, 0xFF, 0xFF, 0x0F, 0x00, 0x00, 0x00, 0x00, 0x00, 0xF1, 0xFF, 0xFF, 0xFF, 0xFF, 0x0E, 0x00,
    0xF6, 0xFF, 0xFF, 0x0B, 0x00, 0x00, 0x00, 0x00, 0x00, 0xB0, 0xFF, 0xFF, 0xFF, 0xFF, 0x0A, 0x00,
    0xFA, 0xFF, 0xFF, 0x07, 0x00, 0x00, 0x00, 0x00, 0x00, 0x10, 0xFE, 0xFF, 0xFF, 0xFF, 0x02, 0x00,
    0xFF, 0xFF, 0xFF, 0x03, 0x00, 0x00, 0x00, 0x00, 0x00, 0x00, 0xC2, 0xFF, 0xFF, 0x3D, 0x00, 0x60,
    0xFF, 0xFF, 0xFF, 0x00, 0x00, 0x00, 0x00, 0x00, 0x00, 0x00, 0x00, 0x52, 0x36, 0x00, 0x00, 0xD0,
    0xFF, 0xFF, 0xBF, 0x00, 0x00, 0x00, 0x00, 0x00, 0x00, 0x00, 0x00, 0x00, 0x00, 0x00, 0x00, 0xF7,
    0xFF, 0xFF, 0x8F, 0x00, 0x00, 0x00, 0x00, 0x00, 0x00, 0x00, 0x00, 0x10, 0x00, 0x00, 0x40, 0xFF,
    0xFF, 0xFF, 0x4F, 0x00, 0x00, 0x00, 0x00, 0x00, 0x00, 0x00, 0xB2, 0xFF, 0x6E, 0x11, 0xF7, 0xFF,
    0xFF, 0xFF, 0x0F, 0x00, 0x00, 0x00, 0x00, 0x00, 0x00, 0x10, 0xFE, 0xFF, 0xFF, 0xFF, 0xFF, 0xFF,
    0xFF, 0xFF, 0x0B, 0x00, 0x00, 0x00, 0x00, 0x00, 0x00, 0x90, 0xFF, 0xFF, 0xFF, 0xFF, 0xFF, 0xFF,
    0xFF, 0xFF, 0x05, 0x00, 0x00, 0x00, 0x00, 0x00, 0x00, 0xE0, 0xFF, 0xFF, 0xFF, 0xFF, 0xFF, 0xFF,
    0xFF, 0xDF, 0x00, 0x00, 0x00, 0x00, 0x00, 0x00, 0x00, 0xF0, 0xFF, 0xFF, 0xFF, 0xFF, 0xFF, 0xFF,
    0xFF, 0x6F, 0x00, 0x00, 0x00, 0x00, 0x00, 0x00, 0x00, 0xE0, 0xFF, 0xFF, 0xFF, 0xFF, 0xFF, 0xFF,
    0xFF, 0x0C, 0x00, 0x00, 0x00, 0x00, 0x00, 0x00, 0x00, 0x90, 0xFF, 0xFF, 0xFF, 0xFF, 0xFF, 0xFF,
    0xEF, 0x02, 0x00, 0x00, 0x00, 0x00, 0x00, 0x00, 0x00, 0x10, 0xFE, 0xFF, 0xFF, 0xFF, 0xFF, 0xFF,
    0x3E, 0x00, 0x00, 0x00, 0x00, 0x00, 0x00, 0x00, 0x00, 0x00, 0xC2, 0xFF, 0xFF, 0xFF, 0xFF, 0xBF,
    0x01, 0x00, 0x00, 0x00, 0x00, 0x00, 0x00, 0x00, 0x00, 0x00, 0x00, 0x94, 0xED, 0xFF, 0x9D, 0x03,
    0x00, 0x00, 0x00, 0x00, 0x00, 0x00, 0x00, 0x00, 0x00, 0x00, 0x00, 0x00, 0x00, 0x00, 0x62, 0xCA,
    0xFE, 0xFF, 0x9D, 0x03, 0x00, 0x00, 0x00, 0x00, 0xA2, 0xFE, 0x7D, 0x00, 0x00, 0x00, 0x00, 0x00,
    0xD6, 0xFF, 0xFF, 0xFF, 0xFF, 0xFF, 0x8F, 0x00, 0x00, 0x00, 0x20, 0xFE, 0xFF, 0xFF, 0x08, 0x00,
    0x00, 0x00, 0xE6, 0xFF, 0xFF, 0xFF, 0xFF, 0xFF, 0xFF, 0xFF, 0x04, 0x00, 0x00, 0xB0, 0xFF, 0xFF,
    0xFF, 0x0D, 0x00, 0x00, 0xB1, 0xFF, 0xFF, 0xFF, 0xFF, 0xFF, 0xFF, 0xFF, 0xFF, 0x0A, 0x00, 0x00,
    0xF3, 0xFF, 0xFF, 0xFF, 0x0D, 0x00, 0x10, 0xFD, 0xFF, 0xFF, 0xFF, 0xFF, 0xFF, 0xFF, 0xFF, 0xFF,
    0x0D, 0x00, 0x00, 0xF9, 0xFF, 0xFF, 0xFF, 0x09, 0x00, 0xD1, 0xFF, 0xFF, 0xFF, 0xFF, 0xFF, 0xFF,
    0xFF, 0xFF, 0xFF, 0x0D, 0x00, 0x00, 0xFE, 0xFF, 0xFF, 0xFF, 0x03, 0x00, 0xFA, 0xFF, 0xFF, 0xFF,
    0xFF, 0xFF, 0xFF, 0xFF, 0xFF, 0xFF, 0x0C, 0x00, 0x30, 0xFF, 0xFF, 0xFF, 0xBF, 0x00, 0x40, 0xFF,
    0xFF, 0xFF, 0xEF, 0x26, 0x31, 0xFD, 0xFF, 0xFF, 0xFF, 0x08, 0x00, 0x80, 0xFF, 0xFF, 0xFF, 0x3F,
    0x00, 0xC0, 0xFF, 0xFF, 0xFF, 0x1E, 0x00, 0x00, 0xF4, 0xFF, 0xFF, 0xFF, 0x04, 0x00, 0xC0, 0xFF,
    0xFF, 0xFF, 0x0A, 0x00, 0xF2, 0xFF, 0xFF, 0xFF, 0x08, 0x00, 0x00, 0xF2, 0xFF, 0xFF, 0xEF, 0x00,
    0x00, 0xF1, 0xFF, 0xFF, 0xFF, 0x02, 0x00, 0xF5, 0xFF, 0xFF, 0xFF, 0x07, 0x00, 0x00, 0xF3, 0xFF,
    0xFF, 0x9F, 0x00, 0x00, 0xF5, 0xFF, 0xFF, 0xAF, 0x00, 0x00, 0xF7, 0xFF, 0xFF, 0xFF, 0x2D, 0x00,
    0x00, 0xF6, 0xFF, 0xFF, 0x3F, 0x00, 0x00, 0xFA, 0xFF, 0xFF, 0x2F, 0x00, 0x00, 0xF8, 0xFF, 0xFF,
    0xFF, 0xFF, 0x06, 0x00, 0xFB, 0xFF, 0xFF, 0x0D, 0x00, 0x00, 0xFE, 0xFF, 0xFF, 0x0A, 0x00, 0x00,
    0xF6, 0xFF, 0xFF, 0xFF, 0xFF, 0x0D, 0x10, 0xFF, 0xFF, 0xFF, 0x07, 0x00, 0x30, 0xFF, 0xFF, 0xFF,
    0x04, 0x00, 0x00, 0xF2, 0xFF, 0xFF, 0xFF, 0xFF, 0x0E, 0x80, 0xFF, 0xFF, 0xFF, 0x01, 0x00, 0x80,
    0xFF, 0xFF, 0xEF, 0x00, 0x00, 0x00, 0xC0, 0xFF, 0xFF, 0xFF, 0xFF, 0x0A, 0xE0, 0xFF, 0xFF, 0xAF,
    0x00, 0x00, 0xD0, 0xFF, 0xFF, 0x9F, 0x00, 0x00, 0x00, 0x20, 0xFE, 0xFF, 0xFF, 0xFF, 0x02, 0xF5,
    0xFF, 0xFF, 0x5F, 0x00, 0x00, 0xF4, 0xFF, 0xFF, 0x6F, 0x00, 0x00, 0x00, 0x00, 0xC2, 0xFF, 0xFF,
    0x3E, 0x00, 0xFC, 0xFF, 0xFF, 0x0F, 0x00, 0x00, 0xFB, 0xFF, 0xFF, 0x4F, 0x00, 0x00, 0x00, 0x00,
    0x00, 0x53, 0x46, 0x00, 0x30, 0xFF, 0xFF, 0xFF, 0x0B, 0x00, 0x50, 0xFF, 0xFF, 0xFF, 0x3F, 0x00,
    0x00, 0x00, 0x00, 0x00, 0x00, 0x00, 0x00, 0xA0, 0xFF, 0xFF, 0xFF, 0x0A, 0x00, 0xE2, 0xFF, 0xFF,
    0xFF, 0x5F, 0x00, 0x00, 0x00, 0x00, 0x00, 0x00, 0x00, 0x00, 0xF1, 0xFF, 0xFF, 0xFF, 0x0D, 0x20,
    0xFD, 0xFF, 0xFF, 0xFF, 0xCF, 0x01, 0x00, 0x00, 0x00, 0x00, 0x00, 0x00, 0x00, 0xF7, 0xFF, 0xFF,
    0xFF, 0xEF, 0xFC, 0xFF, 0xFF, 0xFF, 0xFF, 0xFF, 0x4E, 0x00, 0x00, 0x00, 0x00, 0x00, 0x00, 0x00,
    0xFD, 0xFF, 0xFF, 0xFF, 0xFF, 0xFF, 0xFF, 0xFF, 0xFF, 0xFF, 0xFF, 0xFF, 0x00, 0x00, 0x00, 0x00,
    0x00, 0x00, 0x20, 0xFF, 0xFF, 0xFF, 0xFF, 0xFF, 0xFF, 0xFF, 0xFF, 0xFF, 0xFF, 0xFF, 0xFF, 0x01,
    0x00, 0x00, 0x00, 0x00, 0x00, 0x70, 0xFF, 0xFF, 0xFF, 0xFF, 0xFF, 0xFF, 0xDA, 0xFF, 0xFF, 0xFF,
    0xFF, 0xEF, 0x00, 0x00, 0x00, 0x00, 0x00, 0x00, 0xB0, 0xFF, 0xFF, 0xFF, 0xFF, 0xFF, 0xCF, 0xC0,
    0xFF, 0xFF, 0xFF, 0xFF, 0xAF, 0x00, 0x00, 0x00, 0x00, 0x00, 0x00, 0xC0, 0xFF, 0xFF, 0xFF, 0xFF,
    0xFF, 0x2E, 0xE0, 0xFF, 0xFF, 0xFF, 0xFF, 0x4F, 0x00, 0x00, 0x00, 0x00, 0x00, 0x00, 0xB0, 0xFF,
    0xFF, 0xFF, 0xFF, 0xEF, 0x03, 0xE0, 0xFF, 0xFF, 0xFF, 0xFF, 0x0C, 0x00, 0x00, 0x00, 0x00, 0x00,
    0x00, 0x80, 0xFF, 0xFF, 0xFF, 0xFF, 0x3E, 0x00, 0xB0, 0xFF, 0xFF, 0xFF, 0xEF, 0x02, 0x00, 0x00,
    0x00, 0x00, 0x00, 0x00, 0x10, 0xFE, 0xFF, 0xFF, 0xBF, 0x01, 0x00, 0x30, 0xFF, 0xFF, 0xFF, 0x3E,
    0x00, 0x00, 0x00, 0x00, 0x00, 0x00, 0x00, 0x00, 0xA2, 0xFE, 0xAE, 0x04, 0x00, 0x00, 0x00, 0xB3,
    0xFF, 0x8D, 0x01, 0x00, 0x00, 0x00, 0x00, 0x00, 0x00, 0x00, 0x00, 0x73, 0xDA, 0xFE, 0xEF, 0x9C,
    0x03, 0x00, 0x00, 0x00, 0x00, 0xD8, 0xFF, 0x3C, 0x00, 0x00, 0x00, 0x00, 0x10, 0xE7, 0xFF, 0xFF,
    0xFF, 0xFF, 0xFF, 0x8F, 0x00, 0x00, 0x00, 0xC0, 0xFF, 0xFF, 0xEF, 0x00, 0x00, 0x00, 0x00, 0xE6,
    0xFF, 0xFF, 0xFF, 0xFF, 0xFF, 0xFF, 0xFF, 0x05, 0x00, 0x00, 0xF6, 0xFF, 0xFF, 0xFF, 0x03, 0x00,
    0x00, 0xB1, 0xFF, 0xFF, 0xFF, 0xFF, 0xFF, 0xFF, 0xFF, 0xFF, 0x0B, 0x00, 0x00, 0xFB, 0xFF, 0xFF,
    0xFF, 0x04, 0x00, 0x10, 0xFD, 0xFF, 0xFF, 0xFF, 0xFF, 0xFF, 0xFF, 0xFF, 0xFF, 0x0D, 0x00, 0x00,
    0xFE, 0xFF, 0xFF, 0xFF, 0x02, 0x00, 0xD1, 0xFF, 0xFF, 0xFF, 0xFF, 0xFF, 0xFF, 0xFF, 0xFF, 0xFF,
    0x0D, 0x00, 0x00, 0xFF, 0xFF, 0xFF, 0xFF, 0x01, 0x00, 0xFA, 0xFF, 0xFF, 0xFF, 0xFF, 0xFF, 0xFF,
    0xFF, 0xFF, 0xFF, 0x0B, 0x00, 0x20, 0xFF, 0xFF, 0xFF, 0xDF, 0x00, 0x40, 0xFF, 0xFF, 0xFF, 0xEF,
    0x26, 0x31, 0xFD, 0xFF, 0xFF, 0xFF, 0x08, 0x00, 0x40, 0xFF, 0xFF, 0xFF, 0xAF, 0x00, 0xC0, 0xFF,
    0xFF, 0xFF, 0x1E, 0x00, 0x00, 0xF4, 0xFF, 0xFF, 0xFF, 0x04, 0x00, 0x70, 0xFF, 0xFF, 0xFF, 0x5F,
    0x00, 0xF2, 0xFF, 0xFF, 0xFF, 0x08, 0x00, 0x00, 0xF2, 0xFF, 0xFF, 0xEF, 0x00, 0x00, 0xA0, 0xFF,
    0xFF, 0xFF, 0x0F, 0x00, 0xF6, 0xFF, 0xFF, 0xFF, 0x07, 0x00, 0x00, 0xF2, 0xFF, 0xFF, 0xAF, 0x00,
    0x00, 0xE0, 0xFF, 0xFF, 0xFF, 0x0A, 0x00, 0xF8, 0xFF, 0xFF, 0xFF, 0x4E, 0x00, 0x00, 0xF5, 0xFF,
    0xFF, 0x4F, 0x00, 0x00, 0xF2, 0xFF, 0xFF, 0xFF, 0x04, 0x00, 0xF8, 0xFF, 0xFF, 0xFF, 0xFF, 0x07,
    0x00, 0xFA, 0xFF, 0xFF, 0x0E, 0x00, 0x00, 0xF6, 0xFF, 0xFF, 0xEF, 0x00, 0x00, 0xF6, 0xFF, 0xFF,
    0xFF, 0xFF, 0x0E, 0x00, 0xFE, 0xFF, 0xFF, 0x08, 0x00, 0x00, 0xFB, 0xFF, 0xFF, 0x7F, 0x00, 0x00,
    0xF1, 0xFF, 0xFF, 0xFF, 0xFF, 0x0D, 0x40, 0xFF, 0xFF, 0xFF, 0x03, 0x00, 0x10, 0xFF, 0xFF, 0xFF,
    0x1F, 0x00, 0x00, 0xA0, 0xFF, 0xFF, 0xFF, 0xFF, 0x09, 0xA0, 0xFF, 0xFF, 0xDF, 0x00, 0x00, 0x70,
    0xFF, 0xFF, 0xFF, 0x08, 0x00, 0x00, 0x10, 0xFD, 0xFF, 0xFF, 0xEF, 0x01, 0xF0, 0xFF, 0xFF, 0x8F,
    0x00, 0x00, 0xE0, 0xFF, 0xFF, 0xFF, 0x01, 0x00, 0x00, 0x00, 0x90, 0xFF, 0xFF, 0x1A, 0x00, 0xF5,
    0xFF, 0xFF, 0x3F, 0x00, 0x00, 0xF7, 0xFF, 0xFF, 0x9F, 0x00, 0x00, 0x00, 0x00, 0x00, 0x20, 0x13,
    0x00, 0x00, 0xFB, 0xFF, 0xFF, 0x0F, 0x00, 0x10, 0xFE, 0xFF, 0xFF, 0x1E, 0x00, 0x00, 0x00, 0x00,
    0x00, 0x00, 0x00, 0x00, 0x10, 0xFF, 0xFF, 0xFF, 0x0F, 0x00, 0xB0, 0xFF, 0xFF, 0xFF, 0x06, 0x00,
    0x00, 0x00, 0x00, 0x00, 0x00, 0x00, 0x00, 0x70, 0xFF, 0xFF, 0xFF, 0x7F, 0x30, 0xFC, 0xFF, 0xFF,
    0xCF, 0x00, 0x00, 0x00, 0x00, 0x00, 0x00, 0x00, 0x00, 0x00, 0xC0, 0xFF, 0xFF, 0xFF, 0xFF, 0xFF,
    0xFF, 0xFF, 0xFF, 0x2F, 0x00, 0x00, 0x00, 0x00, 0x00, 0x00, 0x00, 0x00, 0x00, 0xF0, 0xFF, 0xFF,
    0xFF, 0xFF, 0xFF, 0xFF, 0xFF, 0xFF, 0x06, 0x00, 0x00, 0x00, 0x00, 0x00, 0x00, 0x00, 0x00, 0x00,
    0xF4, 0xFF, 0xFF, 0xFF, 0xFF, 0xFF, 0xFF, 0xFF, 0xAF, 0x00, 0x00, 0x00, 0x00, 0x00, 0x00, 0x00,
    0x00, 0x00, 0x00, 0xF6, 0xFF, 0xFF, 0xFF, 0xFF, 0xFF, 0xFF, 0xFF, 0x0D, 0x00, 0x00, 0x00, 0x00,
    0x00, 0x00, 0x00, 0x00, 0x00, 0x00, 0xF7, 0xFF, 0xFF, 0xFF, 0xFF, 0xFF, 0xFF, 0xEF, 0x02, 0x00,
    0x00, 0x00, 0x00, 0x00, 0x00, 0x00, 0x00, 0x00, 0x00, 0xF5, 0xFF, 0xFF, 0xFF, 0xFF, 0xFF, 0xFF,
    0x3F, 0x00, 0x00, 0x00, 0x00, 0x00, 0x00, 0x00, 0x00, 0x00, 0x00, 0x00, 0xF1, 0xFF, 0xFF, 0xFF,
    0xFF, 0xFF, 0xEF, 0x03, 0x00, 0x00, 0x00, 0x00, 0x00, 0x00, 0x00, 0x00, 0x00, 0x00, 0x00, 0xA0,
    0xFF, 0xFF, 0xFF, 0xFF, 0xFF, 0x2C, 0x00, 0x00, 0x00, 0x00, 0x00, 0x00, 0x00, 0x00, 0x00, 0x00,
    0x00, 0x00, 0x10, 0xFC, 0xFF, 0xFF, 0xFF, 0x7E, 0x00, 0x00, 0x00, 0x00, 0x00, 0x00, 0x00, 0x00,
    0x00, 0x00, 0x00, 0x00, 0x00, 0x00, 0x60, 0xEC, 0xEF, 0x6B, 0x00, 0x00, 0x00, 0x00, 0x00, 0x00,
    0x00, 0x00, 0x00, 0x00, 0x00, 0x00, 0x00, 0x00, 0x73, 0xDA, 0xFE, 0xEF, 0x9C, 0x03, 0x00, 0x00,
    0x00, 0x20, 0xEA, 0xEF, 0x09, 0x00, 0x00, 0x00, 0x70, 0xFD, 0xCF, 0x04, 0x00, 0x00, 0x00, 0x10,
    0xE7, 0xFF, 0xFF, 0xFF, 0xFF, 0xFF, 0x8F, 0x00, 0x00, 0x00, 0xE2, 0xFF, 0xFF, 0x7F, 0x00, 0x00,
    0x00, 0xFB, 0xFF, 0xFF, 0x1E, 0x00, 0x00, 0x00, 0xE6, 0xFF, 0xFF, 0xFF, 0xFF, 0xFF, 0xFF, 0xFF,
    0x05, 0x00, 0x00, 0xFA, 0xFF, 0xFF, 0xCF, 0x00, 0x00, 0x40, 0xFF, 0xFF, 0xFF, 0x4F, 0x00, 0x00,
    0xB1, 0xFF, 0xFF, 0xFF, 0xFF, 0xFF, 0xFF, 0xFF, 0xFF, 0x0B, 0x00, 0x00, 0xFF, 0xFF, 0xFF, 0xCF,
    0x00, 0x00, 0x90, 0xFF, 0xFF, 0xFF, 0x5F, 0x00, 0x10, 0xFD, 0xFF, 0xFF, 0xFF, 0xFF, 0xFF, 0xFF,
    0xFF, 0xFF, 0x0D, 0x00, 0x20, 0xFF, 0xFF, 0xFF, 0xBF, 0x00, 0x00, 0xC0, 0xFF, 0xFF, 0xFF, 0x4F,
    0x00, 0xD1, 0xFF, 0xFF, 0xFF, 0xFF, 0xFF, 0xFF, 0xFF, 0xFF, 0xFF, 0x0D, 0x00, 0x40, 0xFF, 0xFF,
    0xFF, 0xAF, 0x00, 0x00, 0xE0, 0xFF, 0xFF, 0xFF, 0x2F, 0x00, 0xFA, 0xFF, 0xFF, 0xFF, 0xFF, 0xFF,
    0xFF, 0xFF, 0xFF, 0xFF, 0x0B, 0x00, 0x60, 0xFF, 0xFF, 0xFF, 0x7F, 0x00, 0x00, 0xF1, 0xFF, 0xFF,
    0xFF, 0x0F, 0x40, 0xFF, 0xFF, 0xFF, 0xEF, 0x26, 0x31, 0xFD, 0xFF, 0xFF, 0xFF, 0x08, 0x00, 0x90,
    0xFF, 0xFF, 0xFF, 0x4F, 0x00, 0x00, 0xF3, 0xFF, 0xFF, 0xFF, 0x0B, 0xC0, 0xFF, 0xFF, 0xFF, 0x1E,
    0x00, 0x00, 0xF4, 0xFF, 0xFF, 0xFF, 0x04, 0x00, 0xB0, 0xFF, 0xFF, 0xFF, 0x0F, 0x00, 0x00, 0xF5,
    0xFF, 0xFF, 0xFF, 0x07, 0xF2, 0xFF, 0xFF, 0xFF, 0x08, 0x00, 0x00, 0xF2, 0xFF, 0xFF, 0xEF, 0x00,
    0x00, 0xE0, 0xFF, 0xFF, 0xFF, 0x0B, 0x00, 0x00, 0xF9, 0xFF, 0xFF, 0xFF, 0x02, 0xF6, 0xFF, 0xFF,
    0xFF, 0x07, 0x00, 0x00, 0xF2, 0xFF, 0xFF, 0xAF, 0x00, 0x00, 0xF2, 0xFF, 0xFF, 0xFF, 0x06, 0x00,
    0x00, 0xFD, 0xFF, 0xFF, 0xCF, 0x00, 0xF8, 0xFF, 0xFF, 0xFF, 0x4E, 0x00, 0x00, 0xF6, 0xFF, 0xFF,
    0x4F, 0x00, 0x00, 0xF6, 0xFF, 0xFF, 0xFF, 0x01, 0x00, 0x10, 0xFF, 0xFF, 0xFF, 0x6F, 0x00, 0xF8,
    0xFF, 0xFF, 0xFF, 0xFF, 0x07, 0x00, 0xFA, 0xFF, 0xFF, 0x0E, 0x00, 0x00, 0xFA, 0xFF, 0xFF, 0xCF,
    0x00, 0x00, 0x50, 0xFF, 0xFF, 0xFF, 0x1F, 0x00, 0xF6, 0xFF, 0xFF, 0xFF, 0xFF, 0x0E, 0x00, 0xFE,
    0xFF, 0xFF, 0x08, 0x00, 0x00, 0xFE, 0xFF, 0xFF, 0x7F, 0x00, 0x00, 0xA0, 0xFF, 0xFF, 0xFF, 0x0A,
    0x00, 0xF1, 0xFF, 0xFF, 0xFF, 0xFF, 0x0D, 0x40, 0xFF, 0xFF, 0xFF, 0x03, 0x00, 0x40, 0xFF, 0xFF,
    0xFF, 0x2F, 0x00, 0x00, 0xF0, 0xFF, 0xFF, 0xFF, 0x03, 0x00, 0xA0, 0xFF, 0xFF, 0xFF, 0xFF, 0x09,
    0xA0, 0xFF, 0xFF, 0xDF, 0x00, 0x00, 0xA0, 0xFF, 0xFF, 0xFF, 0x0D, 0x00, 0x00, 0xF6, 0xFF, 0xFF,
    0xCF, 0x00, 0x00, 0x10, 0xFD, 0xFF, 0xFF, 0xEF, 0x01, 0xF0, 0xFF, 0xFF, 0x8F, 0x00, 0x00, 0xF1,
    0xFF, 0xFF, 0xFF, 0x08, 0x00, 0x00, 0xFD, 0xFF, 0xFF, 0x4F, 0x00, 0x00, 0x00, 0x90, 0xFF, 0xFF,
    0x1A, 0x00, 0xF6, 0xFF, 0xFF, 0x3F, 0x00, 0x00, 0xF9, 0xFF, 0xFF, 0xFF, 0x04, 0x00, 0x50, 0xFF,
    0xFF, 0xFF, 0x0C, 0x00, 0x00, 0x00, 0x00, 0x20, 0x13, 0x00, 0x00, 0xFC, 0xFF, 0xFF, 0x0F, 0x00,
    0x20, 0xFF, 0xFF, 0xFF, 0xFF, 0x01, 0x00, 0xE0, 0xFF, 0xFF, 0xFF, 0x04, 0x00, 0x00, 0x00, 0x00,
    0x00, 0x00, 0x00, 0x10, 0xFF, 0xFF, 0xFF, 0x0F, 0x00, 0xC0, 0xFF, 0xFF, 0xFF, 0xFF, 0x01, 0x00,
    0xFA, 0xFF, 0xFF, 0xBF, 0x00, 0x00, 0x00, 0x00, 0x00, 0x00, 0x00, 0x00, 0x70, 0xFF, 0xFF, 0xFF,
    0x7F, 0x30, 0xFC, 0xFF, 0xFF, 0xFF, 0xFF, 0x08, 0xB2, 0xFF, 0xFF, 0xFF, 0x2F, 0x00, 0x00, 0x00,
    0x00, 0x00, 0x00, 0x00, 0x00, 0xC0, 0xFF, 0xFF, 0xFF, 0xFF, 0xFF, 0xFF, 0xFF, 0xFF, 0xFF, 0xFF,
    0xFF, 0xFF, 0xFF, 0xFF, 0xFF, 0x07, 0x00, 0x00, 0x00, 0x00, 0x00, 0x00, 0x00, 0x00, 0xF0, 0xFF,
    0xFF, 0xFF, 0xFF, 0xFF, 0xFF, 0xFF, 0xFF, 0xFF, 0xFF, 0xFF, 0xFF, 0xFF, 0xFF, 0xCF, 0x00, 0x00,
    0x00, 0x00, 0x00, 0x00, 0x00, 0x00, 0x00, 0xF4, 0xFF, 0xFF, 0xFF, 0xFF, 0xFF, 0xFF, 0xFF, 0xFF,
    0xFF, 0xFF, 0xFF, 0xFF, 0xFF, 0xFF, 0x2F, 0x00, 0x00, 0x00, 0x00, 0x00, 0x00, 0x00, 0x00, 0x00,
    0xF6, 0xFF, 0xFF, 0xFF, 0xFF, 0xFF, 0xFF, 0x3A, 0xFF, 0xFF, 0xFF, 0xFF, 0xFF, 0xFF, 0xFF, 0x05,
    0x00, 0x00, 0x00, 0x00, 0x00, 0x00, 0x00, 0x00, 0x00, 0xF7, 0xFF, 0xFF, 0xFF, 0xFF, 0xFF, 0xCF,
    0x00, 0xFE, 0xFF, 0xFF, 0xFF, 0xFF, 0xFF, 0x9F, 0x00, 0x00, 0x00, 0x00, 0x00, 0x00, 0x00, 0x00,
    0x00, 0x00, 0xF5, 0xFF, 0xFF, 0xFF, 0xFF, 0xFF, 0x1D, 0x00, 0xFC, 0xFF, 0xFF, 0xFF, 0xFF, 0xFF,
    0x0B, 0x00, 0x00, 0x00, 0x00, 0x00, 0x00, 0x00, 0x00, 0x00, 0x00, 0xF1, 0xFF, 0xFF, 0xFF, 0xFF,
    0xEF, 0x01, 0x00, 0xF8, 0xFF, 0xFF, 0xFF, 0xFF, 0xCF, 0x00, 0x00, 0x00, 0x00, 0x00, 0x00, 0x00,
    0x00, 0x00, 0x00, 0x00, 0xA0, 0xFF, 0xFF, 0xFF, 0xFF, 0x2D, 0x00, 0x00, 0xF2, 0xFF, 0xFF, 0xFF,
    0xFF, 0x0A, 0x00, 0x00, 0x00, 0x00, 0x00, 0x00, 0x00, 0x00, 0x00, 0x00, 0x00, 0x00, 0xFC, 0xFF,
    0xFF, 0xBF, 0x01, 0x00, 0x00, 0x80, 0xFF, 0xFF, 0xFF, 0x6E, 0x00, 0x00, 0x00, 0x00, 0x00, 0x00,
    0x00, 0x00, 0x00, 0x00, 0x00, 0x00, 0x00, 0x70, 0xFC, 0xBE, 0x04, 0x00, 0x00, 0x00, 0x00, 0xD6,
    0xFF, 0x7C, 0x01, 0x00, 0x00, 0x00, 0x00, 0x00, 0x00, 0x00, 0x00, 0x00, 0x00, 0x00, 0x94, 0xEC,
    0xEF, 0xAD, 0x05, 0x00, 0x00, 0x00, 0x00, 0x00, 0xB4, 0xFE, 0x3B, 0x00, 0x00, 0x00, 0x00, 0xE6,
    0xFF, 0xFF, 0xFF, 0xFF, 0xCF, 0x02, 0x00, 0x00, 0x00, 0xB1, 0xFF, 0xFF, 0xFF, 0x03, 0x00, 0x00,
    0xB1, 0xFF, 0xFF, 0xFF, 0xFF, 0xFF, 0xFF, 0x0D, 0x00, 0x00, 0x20, 0xFE, 0xFF, 0xFF, 0xFF, 0x0C,
    0x00, 0x10, 0xFD, 0xFF, 0xFF, 0xFF, 0xFF, 0xFF, 0xFF, 0x9F, 0x00, 0x00, 0xD1, 0xFF, 0xFF, 0xFF,
    0xFF, 0x1F, 0x00, 0xC0, 0xFF, 0xFF, 0xFF, 0xFF, 0xFF, 0xFF, 0xFF, 0xFF, 0x01, 0x00, 0xFB, 0xFF,
    0xFF, 0xFF, 0xFF, 0x3F, 0x00, 0xF7, 0xFF, 0xFF, 0xFF, 0xFF, 0xFF, 0xFF, 0xFF, 0xFF, 0x05, 0x60,
    0xFF, 0xFF, 0xFF, 0xFF, 0xFF, 0x2F, 0x10, 0xFF, 0xFF, 0xFF, 0xFF, 0xFF, 0xFF, 0xFF, 0xFF, 0xFF,
    0x09, 0xF1, 0xFF, 0xFF, 0xFF, 0xFF, 0xFF, 0x1F, 0x70, 0xFF, 0xFF, 0xFF, 0xFF, 0x28, 0x71, 0xFF,
    0xFF, 0xFF, 0x0B, 0xF8, 0xFF, 0xFF, 0xFF, 0xFF, 0xFF, 0x0D, 0xC0, 0xFF, 0xFF, 0xFF, 0x7F, 0x00,
    0x00, 0xF7, 0xFF, 0xFF, 0x3E, 0xFF, 0xFF, 0xFF, 0xFF, 0xFF, 0xFF, 0x07, 0xF0, 0xFF, 0xFF, 0xFF,
    0x0F, 0x00, 0x00, 0xD0, 0xFF, 0xFF, 0xFF, 0xFF, 0xFF, 0xFF, 0xFE, 0xFF, 0xEF, 0x00, 0xF2, 0xFF,
    0xFF, 0xFF, 0x0F, 0x00, 0x00, 0x70, 0xFF, 0xFF, 0xFF, 0xFF, 0xFF, 0x2C, 0x60, 0xFF, 0x5F, 0x00,
    0xF3, 0xFF, 0xFF, 0xFF, 0xAF, 0x01, 0x00, 0x10, 0xFF, 0xFF, 0xFF, 0xFF, 0xCF, 0x00, 0x00, 0xE8,
    0x06, 0x00, 0xF1, 0xFF, 0xFF, 0xFF, 0xFF, 0x1E, 0x00, 0x00, 0xFC, 0xFF, 0xFF, 0xFF, 0x1E, 0x00,
    0x00, 0x00, 0x00, 0x00, 0xE0, 0xFF, 0xFF, 0xFF, 0xFF, 0x6F, 0x00, 0x00, 0xF8, 0xFF, 0xFF, 0xFF,
    0x05, 0x00, 0x00, 0x00, 0x00, 0x00, 0xA0, 0xFF, 0xFF, 0xFF, 0xFF, 0x6F, 0x00, 0x00, 0xF7, 0xFF,
    0xFF, 0xDF, 0x00, 0x00, 0x00, 0x00, 0x00, 0x00, 0x20, 0xFF, 0xFF, 0xFF, 0xFF, 0x2F, 0x00, 0x00,
    0xFD, 0xFF, 0xFF, 0xDF, 0x00, 0x00, 0x00, 0x00, 0x00, 0x00, 0x00, 0xF6, 0xFF, 0xFF, 0xFF, 0x08,
    0x00, 0x50, 0xFF, 0xFF, 0xFF, 0xFF, 0x02, 0x00, 0x00, 0x00, 0x00, 0x00, 0x00, 0x50, 0xFD, 0xFF,
    0x7E, 0x00, 0x00, 0xE0, 0xFF, 0xFF, 0xFF, 0xFF, 0x07, 0x00, 0x00, 0x00, 0x00, 0x00, 0x00, 0x00,
    0x10, 0x23, 0x00, 0x00, 0x00, 0xFB, 0xFF, 0xFF, 0xFF, 0xFF, 0x0E, 0x00, 0x00, 0x00, 0x00, 0x00,
    0x00, 0x00, 0x10, 0x00, 0x00, 0x00, 0xA0, 0xFF, 0xFF, 0xFF, 0xFF, 0xFF, 0xAF, 0x00, 0x00, 0x01,
    0x00, 0x00, 0x00, 0xB1, 0xFF, 0x8E, 0x02, 0x62, 0xFD, 0xFF, 0xFF, 0xFA, 0xFF, 0xFF, 0xFF, 0xBE,
    0xFC, 0x2F, 0x00, 0x00, 0x00, 0xFD, 0xFF, 0xFF, 0xFF, 0xFF, 0xFF, 0xFF, 0xCF, 0xB0, 0xFF, 0xFF,
    0xFF, 0xFF, 0xFF, 0x4F, 0x00, 0x00, 0x80, 0xFF, 0xFF, 0xFF, 0xFF, 0xFF, 0xFF, 0xFF, 0x5F, 0x70,
    0xFF, 0xFF, 0xFF, 0xFF, 0xFF, 0x3F, 0x00, 0x00, 0xD0, 0xFF, 0xFF, 0xFF, 0xFF, 0xFF, 0xFF, 0xFF,
    0x0D, 0x40, 0xFF, 0xFF, 0xFF, 0xFF, 0xFF, 0x1F, 0x00, 0x00, 0xF0, 0xFF, 0xFF, 0xFF, 0xFF, 0xFF,
    0xFF, 0xFF, 0x05, 0x10, 0xFF, 0xFF, 0xFF, 0xFF, 0xFF, 0x0D, 0x00, 0x00, 0xF0, 0xFF, 0xFF, 0xFF,
    0xFF, 0xFF, 0xFF, 0xCF, 0x00, 0x00, 0xFD, 0xFF, 0xFF, 0xFF, 0xFF, 0x08, 0x00, 0x00, 0xC0, 0xFF,
    0xFF, 0xFF, 0xFF, 0xFF, 0xFF, 0x2F, 0x00, 0x00, 0xF8, 0xFF, 0xFF, 0xFF, 0xFF, 0x01, 0x00, 0x00,
    0x60, 0xFF, 0xFF, 0xFF, 0xFF, 0xFF, 0xFF, 0x05, 0x00, 0x00, 0xF3, 0xFF, 0xFF, 0xFF, 0x8F, 0x00,
    0x00, 0x00, 0x00, 0xFC, 0xFF, 0xFF, 0xFF, 0xFF, 0x7F, 0x00, 0x00, 0x00, 0xC0, 0xFF, 0xFF, 0xFF,
    0x0B, 0x00, 0x00, 0x00, 0x00, 0xB1, 0xFF, 0xFF, 0xFF, 0xEF, 0x05, 0x00, 0x00, 0x00, 0x30, 0xFF,
    0xFF, 0xCF, 0x00, 0x00, 0x00, 0x00, 0x00, 0x00, 0xB5, 0xFE, 0xCE, 0x07, 0x00, 0x00, 0x00, 0x00,
    0x00, 0xD4, 0xDF, 0x07, 0x00, 0x00, 0x00, 0x00, 0x00, 0x00, 0x00, 0x60, 0xDA, 0xFF, 0xCE, 0x28,
    0x00, 0x00, 0x00, 0x00, 0x00, 0xA2, 0xFE, 0x7D, 0x00, 0x00, 0x00, 0x70, 0xFF, 0xFF, 0xFF, 0xFF,
    0xFF, 0x09, 0x00, 0x00, 0x00, 0x30, 0xFF, 0xFF, 0xFF, 0x05, 0x00, 0x10, 0xFB, 0xFF, 0xFF, 0xFF,
    0xFF, 0xFF, 0xCF, 0x00, 0x00, 0x00, 0xC0, 0xFF, 0xFF, 0xFF, 0x0B, 0x00, 0xC0, 0xFF, 0xFF, 0xFF,
    0xFF, 0xFF, 0xFF, 0xFF, 0x0B, 0x00, 0x00, 0xF0, 0xFF, 0xFF, 0xFF, 0x0E, 0x00, 0xFA, 0xFF, 0xFF,
    0xFF, 0xFF, 0xFF, 0xFF, 0xFF, 0x5F, 0x00, 0x00, 0xF0, 0xFF, 0xFF, 0xFF, 0x0F, 0x40, 0xFF, 0xFF,
    0xFF, 0xFF, 0xFF, 0xFF, 0xFF, 0xFF, 0xDF, 0x00, 0x00, 0xF0, 0xFF, 0xFF, 0xFF, 0x0F, 0xC0, 0xFF,
    0xFF, 0xFF, 0xFF, 0xFF, 0xFF, 0xFF, 0xFF, 0xFF, 0x03, 0x00, 0xE0, 0xFF, 0xFF, 0xFF, 0x0E, 0xF3,
    0xFF, 0xFF, 0xFF, 0xFF, 0xFF, 0xFF, 0xFF, 0xFF, 0xFF, 0x08, 0x00, 0xD0, 0xFF, 0xFF, 0xFF, 0x0D,
    0xF8, 0xFF, 0xFF, 0xFF, 0x7F, 0x01, 0xD4, 0xFF, 0xFF, 0xFF, 0x0B, 0x00, 0xD0, 0xFF, 0xFF, 0xFF,
    0x0B, 0xFB, 0xFF, 0xFF, 0xFF, 0x08, 0x00, 0x10, 0xFE, 0xFF, 0xFF, 0x0E, 0x00, 0xD0, 0xFF, 0xFF,
    0xFF, 0x08, 0xFD, 0xFF, 0xFF, 0xFF, 0x03, 0x00, 0x00, 0xF5, 0xFF, 0xFF, 0x0F, 0x00, 0xE0, 0xFF,
    0xFF, 0xFF, 0x04, 0xFE, 0xFF, 0xFF, 0xFF, 0x04, 0x00, 0x00, 0xE0, 0xFF, 0xFF, 0x1F, 0x00, 0xF0,
    0xFF, 0xFF, 0xFF, 0x01, 0xFD, 0xFF, 0xFF, 0xFF, 0x1C, 0x00, 0x00, 0x90, 0xFF, 0xFF, 0x2F, 0x00,
    0xF2, 0xFF, 0xFF, 0xBF, 0x00, 0xFC, 0xFF, 0xFF, 0xFF, 0xEF, 0x02, 0x00, 0x50, 0xFF, 0xFF, 0x3F,
    0x00, 0xF5, 0xFF, 0xFF, 0x5F, 0x00, 0xF8, 0xFF, 0xFF, 0xFF, 0xFF, 0x0B, 0x00, 0x20, 0xFF, 0xFF,
    0x2F, 0x00, 0xF8, 0xFF, 0xFF, 0x0F, 0x00, 0xF3, 0xFF, 0xFF, 0xFF, 0xFF, 0x0D, 0x00, 0x00, 0xFF,
    0xFF, 0x1F, 0x00, 0xFD, 0xFF, 0xFF, 0x09, 0x00, 0xA0, 0xFF, 0xFF, 0xFF, 0xFF, 0x0B, 0x00, 0x00,
    0xFF, 0xFF, 0x0F, 0x20, 0xFF, 0xFF, 0xFF, 0x02, 0x00, 0x10, 0xFD, 0xFF, 0xFF, 0xFF, 0x05, 0x00,
    0x00, 0xFE, 0xFF, 0x0F, 0x90, 0xFF, 0xFF, 0xAF, 0x00, 0x00, 0x00, 0xB1, 0xFF, 0xFF, 0x8F, 0x00,
    0x00, 0x00, 0xFE, 0xFF, 0x0D, 0xF2, 0xFF, 0xFF, 0x2F, 0x00, 0x00, 0x00, 0x00, 0x62, 0x67, 0x02,
    0x00, 0x00, 0x00, 0xFF, 0xFF, 0x0C, 0xFC, 0xFF, 0xFF, 0x09, 0x00, 0x00, 0x00, 0x00, 0x00, 0x00,
    0x00, 0x00, 0x00, 0x00, 0xFF, 0xFF, 0xEF, 0xFF, 0xFF, 0xEF, 0x01, 0x00, 0x00, 0x00, 0x00, 0x00,
    0x00, 0x00, 0x00, 0x00, 0x10, 0xFF, 0xFF, 0xFF, 0xFF, 0xFF, 0x6F, 0x00, 0x00, 0x00, 0x00, 0x00,
    0x00, 0x00, 0x00, 0x00, 0x00, 0x40, 0xFF, 0xFF, 0xFF, 0xFF, 0xFF, 0x0B, 0x00, 0x00, 0x00, 0x00,
    0x00, 0x00, 0x00, 0x00, 0x00, 0x00, 0x90, 0xFF, 0xFF, 0xFF, 0xFF, 0xEF, 0x01, 0x00, 0x00, 0x00,
    0x00, 0x00, 0x00, 0x00, 0x00, 0x00, 0x00, 0xE0, 0xFF, 0xFF, 0xFF, 0xFF, 0x4F, 0x00, 0x00, 0x00,
    0x00, 0x00, 0xC4, 0xFF, 0x6D, 0x00, 0x00, 0x00, 0xF9, 0xFF, 0xFF, 0xFF, 0xFF, 0x07, 0x00, 0x00,
    0x00, 0x00, 0x50, 0xFF, 0xFF, 0xFF, 0x5D, 0x01, 0xA3, 0xFF, 0xFF, 0xFF, 0xFF, 0x9F, 0x00, 0x00,
    0x00, 0x00, 0x00, 0xE0, 0xFF, 0xFF, 0xFF, 0xFF, 0xFF, 0xFF, 0xFF, 0xFF, 0xFF, 0xFF, 0x0A, 0x00,
    0x00, 0x00, 0x00, 0x00, 0xF4, 0xFF, 0xFF, 0xFF, 0xFF, 0xFF, 0xFF, 0xFF, 0xFF, 0xFF, 0xAF, 0x00,
    0x00, 0x00, 0x00, 0x00, 0x00, 0xF6, 0xFF, 0xFF, 0xFF, 0xFF, 0xFF, 0xFF, 0xFF, 0xFF, 0xFF, 0x09,
    0x00, 0x00, 0x00, 0x00, 0x00, 0x00, 0xF5, 0xFF, 0xFF, 0xFF, 0xFF, 0xFF, 0xFF, 0xFF, 0xFF, 0x6F,
    0x00, 0x00, 0x00, 0x00, 0x00, 0x00, 0x00, 0xF0, 0xFF, 0xFF, 0xFF, 0xFF, 0xFF, 0xFF, 0xFF, 0xDF,
    0x03, 0x00, 0x00, 0x00, 0x00, 0x00, 0x00, 0x00, 0x60, 0xFF, 0xFF, 0xFF, 0xFF, 0xFF, 0xFF, 0xFF,
    0x08, 0x00, 0x00, 0x00, 0x00, 0x00, 0x00, 0x00, 0x00, 0x00, 0xF7, 0xFF, 0xFF, 0xFF, 0xFF, 0xEF,
    0x18, 0x00, 0x00, 0x00, 0x00, 0x00, 0x00, 0x00, 0x00, 0x00, 0x00, 0x20, 0xC7, 0xFE, 0xEF, 0x8C,
    0x04, 0x00, 0x00, 0x00, 0x00, 0x00, 0x00, 0x00, 0x00, 0x00, 0x00, 0x00, 0x00, 0x00, 0x00, 0x00,
    0x72, 0xDB, 0xFF, 0xFF, 0xBD, 0x69, 0x03, 0x20, 0xE9, 0x4E, 0x00, 0x00, 0x00, 0x00, 0x00, 0xB2,
    0xFF, 0xFF, 0xFF, 0xFF, 0xFF, 0xFF, 0xFF, 0xFF, 0xFF, 0xDF, 0x00, 0x00, 0x00, 0x00, 0x60, 0xFF,
    0xFF, 0xFF, 0xFF, 0xFF, 0xFF, 0xFF, 0xFF, 0xFF, 0xFF, 0xFF, 0x00, 0x00, 0x00, 0x00, 0xF5, 0xFF,
    0xFF, 0xFF, 0xFF, 0xFF, 0xFF, 0xFF, 0xFF, 0xFF, 0xFF, 0xFF, 0x00, 0x00, 0x00, 0x10, 0xFF, 0xFF,
    0xFF, 0xFF, 0xFF, 0xFF, 0xFF, 0xFF, 0xFF, 0xFF, 0xFF, 0xEF, 0x00, 0x00, 0x00, 0x90, 0xFF, 0xFF,
    0xFF, 0xFF, 0xFF, 0xFF, 0xFF, 0xFF, 0xFF, 0xFF, 0xFF, 0xBF, 0x00, 0x00, 0x00, 0xE0, 0xFF, 0xFF,
    0xFF, 0xFF, 0xFF, 0xFF, 0xFF, 0xFF, 0xFF, 0xFF, 0xFF, 0x6F, 0x00, 0x00, 0x00, 0xF1, 0xFF, 0xFF,
    0xFF, 0x6F, 0x01, 0x42, 0x96, 0xBA, 0xFF, 0xFF, 0xFF, 0x1F, 0x00, 0x00, 0x00, 0xF2, 0xFF, 0xFF,
    0xFF, 0x06, 0x00, 0x00, 0x00, 0x20, 0xFF, 0xFF, 0xFF, 0x08, 0x00, 0x00, 0x00, 0xF1, 0xFF, 0xFF,
    0xFF, 0x0A, 0x00, 0x00, 0x00, 0xA0, 0xFF, 0xFF, 0xEF, 0x01, 0x00, 0x00, 0x00, 0xD0, 0xFF, 0xFF,
    0xFF, 0xEF, 0x01, 0x00, 0x00, 0xF7, 0xFF, 0xFF, 0x4F, 0x00, 0x00, 0x00, 0x00, 0x70, 0xFF, 0xFF,
    0xFF, 0xFF, 0x03, 0x00, 0xA0, 0xFF, 0xFF, 0xFF, 0x08, 0x00, 0x00, 0x00, 0x00, 0x00, 0xFC, 0xFF,
    0xFF, 0xCF, 0x00, 0x30, 0xFD, 0xFF, 0xFF, 0x9F, 0x00, 0x00, 0x00, 0x00, 0x00, 0x00, 0xA0, 0xFF,
    0xFF, 0x1C, 0x00, 0xF8, 0xFF, 0xFF, 0xFF, 0x08, 0x00, 0x00, 0x00, 0x00, 0x00, 0x00, 0x00, 0x41,
    0x25, 0x00, 0xD3, 0xFF, 0xFF, 0xFF, 0x5F, 0x00, 0x00, 0x00, 0x00, 0x00, 0x00, 0x00, 0x00, 0x00,
    0x00, 0x80, 0xFF, 0xFF, 0xFF, 0xCF, 0x02, 0x00, 0x00, 0x00, 0x00, 0x00, 0x00, 0x00, 0x00, 0x00,
    0x30, 0xFD, 0xFF, 0xFF, 0xFF, 0x08, 0x00, 0x00, 0x00, 0x00, 0x00, 0x00, 0x00, 0x00, 0x00, 0x00,
    0xF8, 0xFF, 0xFF, 0xFF, 0x3D, 0x00, 0x00, 0x00, 0x00, 0x00, 0x00, 0x00, 0x00, 0x00, 0x00, 0xD3,
    0xFF, 0xFF, 0xFF, 0x9F, 0x00, 0x00, 0x00, 0x00, 0x00, 0x00, 0x00, 0x00, 0x00, 0x00, 0x80, 0xFF,
    0xFF, 0xFF, 0xEF, 0x04, 0x00, 0x00, 0x00, 0x00, 0x00, 0x00, 0x00, 0x00, 0x00, 0x20, 0xFC, 0xFF,
    0xFF, 0xFF, 0x1A, 0x00, 0x00, 0x00, 0x00, 0x23, 0x00, 0x00, 0x00, 0x00, 0x00, 0xE4, 0xFF, 0xFF,
    0xFF, 0x8F, 0x00, 0x00, 0x00, 0x00, 0xB1, 0xEF, 0x00, 0x00, 0x00, 0x00, 0x50, 0xFF, 0xFF, 0xFF,
    0xFF, 0xFF, 0x9D, 0x24, 0x00, 0x72, 0xFE, 0xFF, 0x01, 0x00, 0x00, 0x00, 0xF5, 0xFF, 0xFF, 0xFF,
    0xFF, 0xFF, 0xFF, 0xFF, 0xFF, 0xFF, 0xFF, 0xFF, 0x00, 0x00, 0x00, 0x20, 0xFF, 0xFF, 0xFF, 0xFF,
    0xFF, 0xFF, 0xFF, 0xFF, 0xFF, 0xFF, 0xFF, 0xCF, 0x00, 0x00, 0x00, 0xC0, 0xFF, 0xFF, 0xFF, 0xFF,
    0xFF, 0xFF, 0xFF, 0xFF, 0xFF, 0xFF, 0xFF, 0x7F, 0x00, 0x00, 0x00, 0xF3, 0xFF, 0xFF, 0xFF, 0xFF,
    0xFF, 0xFF, 0xFF, 0xFF, 0xFF, 0xFF, 0xFF, 0x1F, 0x00, 0x00, 0x00, 0xF8, 0xFF, 0xFF, 0xFF, 0xFF,
    0xFF, 0xFF, 0xFF, 0xFF, 0xFF, 0xFF, 0xFF, 0x09, 0x00, 0x00, 0x00, 0xF9, 0xFF, 0xFF, 0x32, 0xB6,
    0xFF, 0xFF, 0xFF, 0xFF, 0xFF, 0xFF, 0xEF, 0x01, 0x00, 0x00, 0x00, 0xF5, 0xFF, 0x6F, 0x00, 0x00,
    0x82, 0xFF, 0xFF, 0xFF, 0xFF, 0xFF, 0x3F, 0x00, 0x00, 0x00, 0x00, 0x90, 0xEE, 0x08, 0x00, 0x00,
    0x00, 0x70, 0xFE, 0xFF, 0xFF, 0xFF, 0x04, 0x00, 0x00, 0x00, 0x00, 0x00, 0x00, 0x00, 0x00, 0x00,
    0x00, 0x00, 0x50, 0xEB, 0xEF, 0x29, 0x00, 0x00, 0x00, 0x00, 0x00, 0x00, 0x00, 0x00, 0x00, 0xE7,
    0xFF, 0xFF, 0xFF, 0xFF, 0x06, 0x00, 0x00, 0x00, 0x60, 0xFF, 0xFF, 0xFF, 0xFF, 0xFF, 0x0D, 0x00,
    0x00, 0x00, 0xD0, 0xFF, 0xFF, 0xFF, 0xFF, 0xFF, 0x0D, 0x00, 0x00, 0x00, 0xF1, 0xFF, 0xFF, 0xFF,
    0xFF, 0xFF, 0x0A, 0x00, 0x00, 0x00, 0xF4, 0xFF, 0xFF, 0xFF, 0xFF, 0xFF, 0x03, 0x00, 0x00, 0x00,
    0xF8, 0xFF, 0xFF, 0x8D, 0xEB, 0x5E, 0x00, 0x00, 0x00, 0x00, 0xFB, 0xFF, 0xFF, 0x00, 0x00, 0x00,
    0x00, 0x00, 0x00, 0x00, 0xFE, 0xFF, 0xBF, 0x00, 0x00, 0x00, 0x00, 0x00, 0x00, 0x10, 0xFF, 0xFF,
    0x7F, 0x00, 0x00, 0x00, 0x00, 0x00, 0x00, 0x50, 0xFF, 0xFF, 0x2F, 0x00, 0x00, 0x00, 0x00, 0x00,
    0x00, 0x80, 0xFF, 0xFF, 0x0E, 0x00, 0x00, 0x00, 0x00, 0x00, 0x00, 0xB0, 0xFF, 0xFF, 0x0A, 0x00,
    0x00, 0x00, 0x00, 0x00, 0x00, 0xF0, 0xFF, 0xFF, 0x06, 0x00, 0x00, 0x00, 0x00, 0x00, 0x00, 0xF2,
    0xFF, 0xFF, 0x02, 0x00, 0x00, 0x00, 0x00, 0x00, 0x00, 0xF6, 0xFF, 0xEF, 0x00, 0x00, 0x00, 0x00,
    0x00, 0x00, 0x00, 0xFA, 0xFF, 0xAF, 0x00, 0x00, 0x00, 0x00, 0x00, 0x00, 0x00, 0xFE, 0xFF, 0x7F,
    0x00, 0x00, 0x00, 0x00, 0x00, 0x00, 0x20, 0xFF, 0xFF, 0x3F, 0x00, 0x00, 0x00, 0x00, 0x00, 0x00,
    0x60, 0xFF, 0xFF, 0x0F, 0x00, 0x00, 0x00, 0x00, 0x00, 0x00, 0xB0, 0xFF, 0xFF, 0x0C, 0x00, 0x00,
    0x00, 0x00, 0x00, 0x00, 0xF0, 0xFF, 0xFF, 0x08, 0x00, 0x00, 0x00, 0x00, 0x00, 0x00, 0xF3, 0xFF,
    0xFF, 0x04, 0x00, 0x00, 0x00, 0x00, 0x00, 0x00, 0xF7, 0xFF, 0xFF, 0x01, 0x00, 0x00, 0x00, 0x00,
    0x00, 0x00, 0xFC, 0xFF, 0xDF, 0x00, 0x00, 0x00, 0x00, 0x00, 0x00, 0x00, 0xFF, 0xFF, 0x9F, 0x00,
    0x00, 0x00, 0x00, 0x00, 0x00, 0x40, 0xFF, 0xFF, 0x6F, 0x00, 0x00, 0x00, 0x00, 0x00, 0x00, 0x80,
    0xFF, 0xFF, 0x7F, 0x30, 0x66, 0x00, 0x00, 0x00, 0x00, 0xD0, 0xFF, 0xFF, 0xFF, 0xFF, 0xFF, 0x08,
    0x00, 0x00, 0x00, 0xF1, 0xFF, 0xFF, 0xFF, 0xFF, 0xFF, 0x09, 0x00, 0x00, 0x00, 0xF5, 0xFF, 0xFF,
    0xFF, 0xFF, 0xFF, 0x06, 0x00, 0x00, 0x00, 0xF6, 0xFF, 0xFF, 0xFF, 0xFF, 0xEF, 0x00, 0x00, 0x00,
    0x00, 0xC1, 0xFF, 0xFF, 0xFF, 0xFF, 0x2C, 0x00, 0x00, 0x00, 0x00, 0x10, 0xFA, 0x2C, 0x00, 0xA0,
    0xFF, 0xCF, 0x00, 0xF0, 0xFF, 0xFF, 0x01, 0xF0, 0xFF, 0xFF, 0x02, 0xE0, 0xFF, 0xFF, 0x02, 0xC0,
    0xFF, 0xFF, 0x02, 0xB0, 0xFF, 0xFF, 0x02, 0x90, 0xFF, 0xFF, 0x02, 0x80, 0xFF, 0xFF, 0x02, 0x60,
    0xFF, 0xFF, 0x02, 0x50, 0xFF, 0xFF, 0x02, 0x40, 0xFF, 0xFF, 0x02, 0x20, 0xFF, 0xFF, 0x02, 0x10,
    0xFF, 0xFF, 0x02, 0x00, 0xFF, 0xFF, 0x02, 0x00, 0xFE, 0xFF, 0x03, 0x00, 0xFD, 0xFF, 0x03, 0x00,
    0xFC, 0xFF, 0x04, 0x00, 0xFC, 0xFF, 0x05, 0x00, 0xFB, 0xFF, 0x06, 0x00, 0xFB, 0xFF, 0x07, 0x00,
    0xFB, 0xFF, 0x08, 0x00, 0xFB, 0xFF, 0x09, 0x00, 0xFA, 0xFF, 0x0B, 0x00, 0xFA, 0xFF, 0x0C, 0x00,
    0xFA, 0xFF, 0x0E, 0x00, 0xFA, 0xFF, 0x0F, 0x00, 0xFA, 0xFF, 0x1F, 0x00, 0xFA, 0xFF, 0x2F, 0x00,
    0xFA, 0xFF, 0x4F, 0x00, 0xFB, 0xFF, 0x5F, 0x00, 0xFB, 0xFF, 0x7F, 0x00, 0xFA, 0xFF, 0x7F, 0x00,
    0xF7, 0xFF, 0x2F, 0x00, 0xA0, 0xDF, 0x04, 0x00, 0x00, 0x00, 0x00, 0xD4, 0xFF, 0xFF, 0xFF, 0xFF,
    0x0A, 0x00, 0x00, 0x00, 0x20, 0xFF, 0xFF, 0xFF, 0xFF, 0xFF, 0x3F, 0x00, 0x00, 0x00, 0x80, 0xFF,
    0xFF, 0xFF, 0xFF, 0xFF, 0x2F, 0x00, 0x00, 0x00, 0xC0, 0xFF, 0xFF, 0xFF, 0xFF, 0xFF, 0x0E, 0x00,
    0x00, 0x00, 0xA0, 0xFF, 0xFF, 0xFF, 0xFF, 0xFF, 0x0A, 0x00, 0x00, 0x00, 0x10, 0x56, 0x02, 0xF9,
    0xFF, 0xFF, 0x05, 0x00, 0x00, 0x00, 0x00, 0x00, 0x00, 0xF9, 0xFF, 0xFF, 0x01, 0x00, 0x00, 0x00,
    0x00, 0x00, 0x00, 0xFD, 0xFF, 0xCF, 0x00, 0x00, 0x00, 0x00, 0x00, 0x00, 0x10, 0xFF, 0xFF, 0x8F,
    0x00, 0x00, 0x00, 0x00, 0x00, 0x00, 0x40, 0xFF, 0xFF, 0x3F, 0x00, 0x00, 0x00, 0x00, 0x00, 0x00,
    0x80, 0xFF, 0xFF, 0x0F, 0x00, 0x00, 0x00, 0x00, 0x00, 0x00, 0xC0, 0xFF, 0xFF, 0x0B, 0x00, 0x00,
    0x00, 0x00, 0x00, 0x00, 0xF0, 0xFF, 0xFF, 0x06, 0x00, 0x00, 0x00, 0x00, 0x00, 0x00, 0xF4, 0xFF,
    0xFF, 0x02, 0x00, 0x00, 0x00, 0x00, 0x00, 0x00, 0xF8, 0xFF, 0xEF, 0x00, 0x00, 0x00, 0x00, 0x00,
    0x00, 0x00, 0xFB, 0xFF, 0x9F, 0x00, 0x00, 0x00, 0x00, 0x00, 0x00, 0x00, 0xFF, 0xFF, 0x5F, 0x00,
    0x00, 0x00, 0x00, 0x00, 0x00, 0x30, 0xFF, 0xFF, 0x1F, 0x00, 0x00, 0x00, 0x00, 0x00, 0x00, 0x80,
    0xFF, 0xFF, 0x0D, 0x00, 0x00, 0x00, 0x00, 0x00, 0x00, 0xC0, 0xFF, 0xFF, 0x0A, 0x00, 0x00, 0x00,
    0x00, 0x00, 0x00, 0xF0, 0xFF, 0xFF, 0x06, 0x00, 0x00, 0x00, 0x00, 0x00, 0x00, 0xF4, 0xFF, 0xFF,
    0x03, 0x00, 0x00, 0x00, 0x00, 0x00, 0x00, 0xF9, 0xFF, 0xFF, 0x00, 0x00, 0x00, 0x00, 0x00, 0x00,
    0x00, 0xFD, 0xFF, 0xCF, 0x00, 0x00, 0x00, 0x00, 0x00, 0x00, 0x20, 0xFF, 0xFF, 0x9F, 0x00, 0x00,
    0x00, 0x00, 0xE7, 0xAE, 0xE8, 0xFF, 0xFF, 0x5F, 0x00, 0x00, 0x00, 0x60, 0xFF, 0xFF, 0xFF, 0xFF,
    0xFF, 0x2F, 0x00, 0x00, 0x00, 0xC0, 0xFF, 0xFF, 0xFF, 0xFF, 0xFF, 0x0F, 0x00, 0x00, 0x00, 0xF0,
    0xFF, 0xFF, 0xFF, 0xFF, 0xFF, 0x0B, 0x00, 0x00, 0x00, 0xF0, 0xFF, 0xFF, 0xFF, 0xFF, 0xFF, 0x04,
    0x00, 0x00, 0x00, 0x90, 0xFF, 0xFF, 0xFF, 0xFF, 0x5D, 0x00, 0x00, 0x00, 0x00, 0x00, 0x00, 0x00,
    0x00, 0x00, 0x00, 0x00, 0x00, 0x00, 0x00, 0x00, 0x80, 0xFF, 0x09, 0x00, 0x00, 0x00, 0x00, 0x00,
    0xFB, 0xFF, 0x7F, 0x00, 0x00, 0x00, 0x00, 0xA0, 0xFF, 0xFF, 0xEF, 0x00, 0x00, 0x00, 0x00, 0xF7,
    0xFF, 0xFF, 0xFF, 0x06, 0x00, 0x00, 0x40, 0xFF, 0xFF, 0xFF, 0xFF, 0x0D, 0x00, 0x00, 0xE1, 0xFF,
    0xFF, 0xFF, 0xFF, 0x4F, 0x00, 0x00, 0xFC, 0xFF, 0xFF, 0xFF, 0xFF, 0xBF, 0x00, 0x80, 0xFF, 0xFF,
    0x5F, 0xF4, 0xFF, 0xFF, 0x03, 0xF3, 0xFF, 0xFF, 0x05, 0xB0, 0xFF, 0xFF, 0x0A, 0xF9, 0xFF, 0xAF,
    0x00, 0x50, 0xFF, 0xFF, 0x0D, 0xF7, 0xFF, 0x1E, 0x00, 0x00, 0xFE, 0xFF, 0x09, 0xA0, 0xDF, 0x04,
    0x00, 0x00, 0xE4, 0x9E, 0x00, 0x10, 0xFA, 0xCE, 0x58, 0x13, 0x00, 0x31, 0x96, 0xFC, 0x3E, 0xB0,
    0xFF, 0xFF, 0xFF, 0xFF, 0xFF, 0xFF, 0xFF, 0xFF, 0x9F, 0xF0, 0xFF, 0xFF, 0xFF, 0xFF, 0xFF, 0xFF,
    0xFF, 0xFF, 0x8F, 0xF0, 0xFF, 0xFF, 0xFF, 0xFF, 0xFF, 0xFF, 0xFF, 0xFF, 0x3F, 0x80, 0xFF, 0xFF,
    0xFF, 0xFF, 0xFF, 0xFF, 0xFF, 0xEF, 0x05, 0x00, 0x50, 0x26, 0x00, 0x00, 0x00, 0x00, 0xFA, 0xFF,
    0x2B, 0x00, 0x00, 0x60, 0xFF, 0xFF, 0xFF, 0x08, 0x00, 0xD0, 0xFF, 0xFF, 0xFF, 0xEF, 0x04, 0xF0,
    0xFF, 0xFF, 0xFF, 0xFF, 0x6F, 0x30, 0xFB, 0xFF, 0xFF, 0xFF, 0xCF, 0x00, 0x10, 0xC7, 0xFF, 0xFF,
    0x8F, 0x00, 0x00, 0x00, 0x71, 0xFC, 0x0C, 0x00, 0x00, 0x00, 0x30, 0xE9, 0xDF, 0x05, 0x00, 0xE7,
    0x4E, 0x00, 0x00, 0x00, 0xF9, 0xFF, 0xFF, 0x4F, 0x60, 0xFF, 0xDF, 0x00, 0x00, 0xB0, 0xFF, 0xFF,
    0xFF, 0xAF, 0xE0, 0xFF, 0xFF, 0x00, 0x00, 0xF9, 0xFF, 0xFF, 0xFF, 0xDF, 0xF5, 0xFF, 0xDF, 0x00,
    0x50, 0xFF, 0xFF, 0xFF, 0xFF, 0xFF, 0xFE, 0xFF, 0xAF, 0x00, 0xE0, 0xFF, 0xFF, 0xFF, 0xFF, 0xFF,
    0xFF, 0xFF, 0x5F, 0x00, 0xF7, 0xFF, 0xFF, 0xFF, 0xFF, 0xFF, 0xFF, 0xFF, 0x0F, 0x00, 0xFE, 0xFF,
    0xFF, 0x28, 0x71, 0xFF, 0xFF, 0xFF, 0x0B, 0x40, 0xFF, 0xFF, 0x8F, 0x00, 0x00, 0xFC, 0xFF, 0xFF,
    0x07, 0xA0, 0xFF, 0xFF, 0x0F, 0x00, 0x00, 0xF9, 0xFF, 0xFF, 0x02, 0xE0, 0xFF, 0xFF, 0x0D, 0x00,
    0x00, 0xFC, 0xFF, 0xDF, 0x00, 0xF1, 0xFF, 0xFF, 0x1F, 0x00, 0x40, 0xFF, 0xFF, 0xDF, 0x00, 0xF4,
    0xFF, 0xFF, 0xCF, 0x23, 0xF7, 0xFF, 0xFF, 0xFF, 0x3C, 0xF5, 0xFF, 0xFF, 0xFF, 0xFF, 0xFF, 0xFF,
    0xFF, 0xFF, 0xBF, 0xF5, 0xFF, 0xFF, 0xFF, 0xFF, 0xFF, 0xFF, 0xFF, 0xFF, 0xAF, 0xF4, 0xFF, 0xFF,
    0xFF, 0xFF, 0x8D, 0xFF, 0xFF, 0xFF, 0x3F, 0xF2, 0xFF, 0xFF, 0xFF, 0xFF, 0xA3, 0xFF, 0xFF, 0xFF,
    0x0A, 0xE0, 0xFF, 0xFF, 0xFF, 0x9F, 0xC0, 0xFF, 0xFF, 0xDF, 0x00, 0x60, 0xFF, 0xFF, 0xFF, 0x0C,
    0xC0, 0xFF, 0xFF, 0x2D, 0x00, 0x00, 0xF8, 0xFF, 0xAF, 0x00, 0x70, 0xFF, 0xBF, 0x01, 0x00, 0x00,
    0x20, 0x76, 0x03, 0x00, 0x00, 0x75, 0x03, 0x00, 0x00, 0x00, 0x00, 0x00, 0x20, 0xD9, 0xBF, 0x01,
    0x00, 0x00, 0x00, 0x00, 0x00, 0x00, 0xF7, 0xFF, 0xFF, 0x08, 0x00, 0x00, 0x00, 0x00, 0x00, 0x90,
    0xFF, 0xFF, 0xFF, 0x0B, 0x00, 0x00, 0x00, 0x00, 0x00, 0xF7, 0xFF, 0xFF, 0xFF, 0x0B, 0x00, 0x00,
    0x00, 0x00, 0x10, 0xFF, 0xFF, 0xFF, 0xFF, 0x08, 0x00, 0x00, 0x00, 0x00, 0x50, 0xFF, 0xFF, 0xFF,
    0xFF, 0x03, 0x00, 0x00, 0x00, 0x00, 0x20, 0xFE, 0xFF, 0xFF, 0xEF, 0x00, 0x00, 0x00, 0x00, 0x00,
    0x00, 0xE2, 0xFF, 0xFF, 0x9F, 0x00, 0x00, 0x00, 0x00, 0x00, 0x00, 0x90, 0xFF, 0xFF, 0x4F, 0x50,
    0xFC, 0x6D, 0x00, 0x00, 0x00, 0xA0, 0xFF, 0xFF, 0x0E, 0xF8, 0xFF, 0xFF, 0x07, 0x00, 0x00, 0xE0,
    0xFF, 0xFF, 0x7A, 0xFF, 0xFF, 0xFF, 0x2F, 0x00, 0x00, 0xF2, 0xFF, 0xFF, 0xFF, 0xFF, 0xFF, 0xFF,
    0x7F, 0x00, 0x00, 0xF7, 0xFF, 0xFF, 0xFF, 0xFF, 0xFF, 0xFF, 0xBF, 0x00, 0x00, 0xFC, 0xFF, 0xFF,
    0xFF, 0xFF, 0xFF, 0xFF, 0xCF, 0x00, 0x10, 0xFF, 0xFF, 0xFF, 0xFF, 0xFF, 0xFF, 0xFF, 0xDF, 0x00,
    0x60, 0xFF, 0xFF, 0xCF, 0x03, 0xE4, 0xFF, 0xFF, 0xCF, 0x00, 0xB0, 0xFF, 0xFF, 0x1E, 0x00, 0x50,
    0xFF, 0xFF, 0xAF, 0x00, 0xF1, 0xFF, 0xFF, 0x08, 0x00, 0x20, 0xFF, 0xFF, 0x7F, 0x00, 0xF5, 0xFF,
    0xFF, 0x04, 0x00, 0x40, 0xFF, 0xFF, 0x3F, 0x00, 0xFA, 0xFF, 0xFF, 0x05, 0x00, 0xA0, 0xFF, 0xFF,
    0x0E, 0x00, 0xFF, 0xFF, 0xFF, 0x0B, 0x00, 0xF5, 0xFF, 0xFF, 0x09, 0x50, 0xFF, 0xFF, 0xFF, 0xCF,
    0xB9, 0xFF, 0xFF, 0xFF, 0x02, 0xA0, 0xFF, 0xFF, 0xFF, 0xFF, 0xFF, 0xFF, 0xFF, 0xBF, 0x00, 0xF0,
    0xFF, 0xFF, 0xFF, 0xFF, 0xFF, 0xFF, 0xFF, 0x2F, 0x00, 0xF4, 0xFF, 0xFF, 0xFF, 0xFF, 0xFF, 0xFF,
    0xFF, 0x07, 0x00, 0xF8, 0xFF, 0xFF, 0xFF, 0xFF, 0xFF, 0xFF, 0xAF, 0x00, 0x00, 0xF9, 0xFF, 0x9F,
    0xFC, 0xFF, 0xFF, 0xFF, 0x0A, 0x00, 0x00, 0xF5, 0xFF, 0x04, 0xA0, 0xFF, 0xFF, 0x6E, 0x00, 0x00,
    0x00, 0x40, 0x27, 0x00, 0x00, 0x74, 0x46, 0x00, 0x00, 0x00, 0x00, 0x00, 0x00, 0x00, 0x20, 0xC8,
    0xFE, 0x9E, 0x02, 0x00, 0x00, 0x00, 0x00, 0xF8, 0xFF, 0xFF, 0xFF, 0x5F, 0x00, 0x00, 0x00, 0xC1,
    0xFF, 0xFF, 0xFF, 0xFF, 0xFF, 0x01, 0x00, 0x00, 0xFC, 0xFF, 0xFF, 0xFF, 0xFF, 0xFF, 0x07, 0x00,
    0xA0, 0xFF, 0xFF, 0xFF, 0xFF, 0xFF, 0xFF, 0x09, 0x00, 0xF4, 0xFF, 0xFF, 0xFF, 0xFF, 0xFF, 0xFF,
    0x09, 0x00, 0xFD, 0xFF, 0xFF, 0xFF, 0xFF, 0xFF, 0xFF, 0x06, 0x40, 0xFF, 0xFF, 0xEF, 0x15, 0x81,
    0xFF, 0xFF, 0x01, 0xA0, 0xFF, 0xFF, 0x1E, 0x00, 0x00, 0xF5, 0x5F, 0x00, 0xE0, 0xFF, 0xFF, 0x07,
    0x00, 0x00, 0x00, 0x00, 0x00, 0xF2, 0xFF, 0xFF, 0x03, 0x00, 0x00, 0x00, 0x00, 0x00, 0xF4, 0xFF,
    0xFF, 0x04, 0x00, 0x00, 0x00, 0x00, 0x00, 0xF5, 0xFF, 0xFF, 0x0B, 0x00, 0x60, 0xDD, 0x03, 0x00,
    0xF5, 0xFF, 0xFF, 0xDF, 0x99, 0xFE, 0xFF, 0x0B, 0x00, 0xF3, 0xFF, 0xFF, 0xFF, 0xFF, 0xFF, 0xFF,
    0x0C, 0x00, 0xF1, 0xFF, 0xFF, 0xFF, 0xFF, 0xFF, 0xFF, 0x08, 0x00, 0xB0, 0xFF, 0xFF, 0xFF, 0xFF,
    0xFF, 0xFF, 0x01, 0x00, 0x40, 0xFF, 0xFF, 0xFF, 0xFF, 0xFF, 0x7F, 0x00, 0x00, 0x00, 0xF8, 0xFF,
    0xFF, 0xFF, 0xFF, 0x08, 0x00, 0x00, 0x00, 0x60, 0xFE, 0xFF, 0xFF, 0x4D, 0x00, 0x00, 0x00, 0x00,
    0x00, 0x40, 0x76, 0x36, 0x00, 0x00, 0x00, 0x00, 0x00, 0x00, 0x00, 0x00, 0x00, 0x00, 0x00, 0x00,
    0x50, 0xEC, 0x6E, 0x00, 0x00, 0x00, 0x00, 0x00, 0x00, 0x00, 0x00, 0x20, 0xFC, 0xFF, 0xFF, 0x02,
    0x00, 0x00, 0x00, 0x00, 0x00, 0x00, 0x00, 0xE3, 0xFF, 0xFF, 0xFF, 0x05, 0x00, 0x00, 0x00, 0x00,
    0x00, 0x00, 0x10, 0xFE, 0xFF, 0xFF, 0xFF, 0x05, 0x00, 0x00, 0x00, 0x00, 0x00, 0x00, 0x90, 0xFF,
    0xFF, 0xFF, 0xFF, 0x01, 0x00, 0x00, 0x00, 0x00, 0x00, 0x00, 0xC0, 0xFF, 0xFF, 0xFF, 0xCF, 0x00,
    0x00, 0x00, 0x00, 0x00, 0x00, 0x00, 0x40, 0xFD, 0xFF, 0xFF, 0x7F, 0x00, 0x00, 0x00, 0x00, 0x00,
    0x00, 0x00, 0x00, 0xD0, 0xFF, 0xFF, 0x2F, 0x00, 0x00, 0x00, 0x00, 0x30, 0xEA, 0xDF, 0x07, 0xC0,
    0xFF, 0xFF, 0x0D, 0x00, 0x00, 0x00, 0x00, 0xF9, 0xFF, 0xFF, 0x6F, 0xF1, 0xFF, 0xFF, 0x08, 0x00,
    0x00, 0x00, 0xB0, 0xFF, 0xFF, 0xFF, 0xCF, 0xF6, 0xFF, 0xFF, 0x03, 0x00, 0x00, 0x00, 0xFA, 0xFF,
    0xFF, 0xFF, 0xFF, 0xFD, 0xFF, 0xEF, 0x00, 0x00, 0x00, 0x50, 0xFF, 0xFF, 0xFF, 0xFF, 0xFF, 0xFF,
    0xFF, 0x9F, 0x00, 0x00, 0x00, 0xE0, 0xFF, 0xFF, 0xFF, 0xFF, 0xFF, 0xFF, 0xFF, 0x4F, 0x00, 0x00,
    0x00, 0xF7, 0xFF, 0xFF, 0xFF, 0xFF, 0xFF, 0xFF, 0xFF, 0x0F, 0x00, 0x00, 0x00, 0xFE, 0xFF, 0xFF,
    0x28, 0x71, 0xFF, 0xFF, 0xFF, 0x0A, 0x00, 0x00, 0x40, 0xFF, 0xFF, 0x8F, 0x00, 0x00, 0xFB, 0xFF,
    0xFF, 0x05, 0x00, 0x00, 0xA0, 0xFF, 0xFF, 0x0F, 0x00, 0x00, 0xF9, 0xFF, 0xFF, 0x00, 0x00, 0x00,
    0xE0, 0xFF, 0xFF, 0x0E, 0x00, 0x00, 0xFC, 0xFF, 0xBF, 0x00, 0x00, 0x00, 0xF1, 0xFF, 0xFF, 0x1F,
    0x00, 0x40, 0xFF, 0xFF, 0xEF, 0x02, 0x00, 0x00, 0xF3, 0xFF, 0xFF, 0xCF, 0x24, 0xF6, 0xFF, 0xFF,
    0xFF, 0x5F, 0x00, 0x00, 0xF5, 0xFF, 0xFF, 0xFF, 0xFF, 0xFF, 0xFF, 0xFF, 0xFF, 0xCF, 0x00, 0x00,
    0xF5, 0xFF, 0xFF, 0xFF, 0xFF, 0xFF, 0xFF, 0xFF, 0xFF, 0x9F, 0x00, 0x00, 0xF4, 0xFF, 0xFF, 0xFF,
    0xFF, 0x8D, 0xFF, 0xFF, 0xFF, 0x2F, 0x00, 0x00, 0xF2, 0xFF, 0xFF, 0xFF, 0xFF, 0xA4, 0xFF, 0xFF,
    0xFF, 0x09, 0x00, 0x00, 0xD0, 0xFF, 0xFF, 0xFF, 0xAF, 0xC0, 0xFF, 0xFF, 0xDF, 0x00, 0x00, 0x00,
    0x60, 0xFF, 0xFF, 0xFF, 0x0C, 0xC0, 0xFF, 0xFF, 0x1D, 0x00, 0x00, 0x00, 0x00, 0xF8, 0xFF, 0xBF,
    0x01, 0x70, 0xFF, 0xBF, 0x01, 0x00, 0x00, 0x00, 0x00, 0x20, 0x76, 0x03, 0x00, 0x00, 0x75, 0x03,
    0x00, 0x00, 0x00, 0x00, 0x00, 0x00, 0x00, 0x10, 0xC7, 0xFE, 0xBE, 0x05, 0x00, 0x00, 0x00, 0x00,
    0xF7, 0xFF, 0xFF, 0xFF, 0xBF, 0x00, 0x00, 0x00, 0xB1, 0xFF, 0xFF, 0xFF, 0xFF, 0xFF, 0x09, 0x00,
    0x00, 0xFC, 0xFF, 0xFF, 0xFF, 0xFF, 0xFF, 0x1F, 0x00, 0xA0, 0xFF, 0xFF, 0xFF, 0xFF, 0xFF, 0xFF,
    0x4F, 0x00, 0xF4, 0xFF, 0xFF, 0xFF, 0xFF, 0xFF, 0xFF, 0x5F, 0x00, 0xFD, 0xFF, 0xFF, 0x17, 0x90,
    0xFF, 0xFF, 0x3F, 0x40, 0xFF, 0xFF, 0xBF, 0x00, 0x40, 0xFF, 0xFF, 0x0D, 0xA0, 0xFF, 0xFF, 0xDF,
    0x00, 0xC1, 0xFF, 0xFF, 0x05, 0xE0, 0xFF, 0xFF, 0xFF, 0xDF, 0xFF, 0xFF, 0x7F, 0x00, 0xF1, 0xFF,
    0xFF, 0xFF, 0xFF, 0xFF, 0xEF, 0x05, 0x00, 0xF4, 0xFF, 0xFF, 0xBF, 0xFD, 0xCE, 0x17, 0x00, 0x00,
    0xF5, 0xFF, 0xFF, 0x0E, 0x00, 0x00, 0x10, 0x04, 0x00, 0xF5, 0xFF, 0xFF, 0x5F, 0x00, 0x00, 0xF6,
    0xCF, 0x00, 0xF3, 0xFF, 0xFF, 0xFF, 0x8B, 0xC8, 0xFF, 0xFF, 0x02, 0xF1, 0xFF, 0xFF, 0xFF, 0xFF,
    0xFF, 0xFF, 0xFF, 0x01, 0xB0, 0xFF, 0xFF, 0xFF, 0xFF, 0xFF, 0xFF, 0xCF, 0x00, 0x30, 0xFF, 0xFF,
    0xFF, 0xFF, 0xFF, 0xFF, 0x2E, 0x00, 0x00, 0xF7, 0xFF, 0xFF, 0xFF, 0xFF, 0xDF, 0x02, 0x00, 0x00,
    0x40, 0xFD, 0xFF, 0xFF, 0xDF, 0x06, 0x00, 0x00, 0x00, 0x00, 0x30, 0x75, 0x56, 0x01, 0x00, 0x00,
    0x00, 0x00, 0x00, 0x00, 0x00, 0x82, 0xEC, 0xEF, 0x9D, 0x03, 0x00, 0x00, 0x00, 0x00, 0x80, 0xFF,
    0xFF, 0xFF, 0xFF, 0xAF, 0x00, 0x00, 0x00, 0x00, 0xF8, 0xFF, 0xFF, 0xFF, 0xFF, 0xFF, 0x0A, 0x00,
    0x00, 0x10, 0xFF, 0xFF, 0xFF, 0xFF, 0xFF, 0xFF, 0x2F, 0x00, 0x00, 0x60, 0xFF, 0xFF, 0xFF, 0xFF,
    0xFF, 0xFF, 0x4F, 0x00, 0x00, 0x70, 0xFF, 0xFF, 0xFF, 0xFF, 0xFF, 0xFF, 0x2F, 0x00, 0x00, 0x60,
    0xFF, 0xFF, 0xFF, 0xFF, 0xFF, 0xFF, 0x0A, 0x00, 0x00, 0x20, 0xFF, 0xFF, 0xDF, 0x03, 0x72, 0x69,
    0x00, 0x00, 0x00, 0x00, 0xF6, 0xFF, 0xCF, 0x02, 0x00, 0x00, 0x00, 0x00, 0x00, 0x00, 0xF5, 0xFF,
    0xFF, 0xFF, 0xEF, 0x03, 0x00, 0x00, 0x20, 0xFB, 0xFF, 0xFF, 0xFF, 0xFF, 0xFF, 0x08, 0x00, 0x00,
    0xF2, 0xFF, 0xFF, 0xFF, 0xFF, 0xFF, 0xFF, 0x08, 0x00, 0x00, 0xF9, 0xFF, 0xFF, 0xFF, 0xFF, 0xFF,
    0xFF, 0x06, 0x00, 0x00, 0xFD, 0xFF, 0xFF, 0xFF, 0xFF, 0xFF, 0xFF, 0x02, 0x00, 0x00, 0xFD, 0xFF,
    0xFF, 0xFF, 0xFF, 0xFF, 0xBF, 0x00, 0x00, 0x00, 0xA4, 0xFD, 0xFF, 0xFF, 0xEF, 0xEC, 0x2E, 0x00,
    0x00, 0x00, 0x00, 0xF3, 0xFF, 0xFF, 0x0A, 0x00, 0x00, 0x00, 0x00, 0x00, 0x00, 0xF5, 0xFF, 0xFF,
    0x01, 0x00, 0x00, 0x00, 0x00, 0x00, 0x00, 0xFA, 0xFF, 0xBF, 0x00, 0x00, 0x00, 0x00, 0x00, 0x00,
    0x20, 0xFF, 0xFF, 0x8F, 0x00, 0x00, 0x00, 0x00, 0x00, 0x00, 0x90, 0xFF, 0xFF, 0x6F, 0x00, 0x00,
    0x00, 0x00, 0x00, 0x00, 0xF2, 0xFF, 0xFF, 0x6F, 0x00, 0x00, 0x00, 0x00, 0x00, 0x00, 0xF9, 0xFF,
    0xFF, 0x8F, 0x00, 0x00, 0x00, 0x00, 0x00, 0x20, 0xFF, 0xFF, 0xFF, 0xAF, 0x00, 0x00, 0x00, 0x00,
    0x00, 0x90, 0xFF, 0xFF, 0xFF, 0xCF, 0x00, 0x00, 0x00, 0x00, 0x00, 0xF0, 0xFF, 0xFF, 0xFF, 0xEF,
    0x00, 0x00, 0x00, 0x00, 0x00, 0xF3, 0xFF, 0xFF, 0xFF, 0xDF, 0x00, 0x00, 0x00, 0x00, 0x00, 0xF3,
    0xFF, 0xFF, 0xFF, 0x6F, 0x00, 0x00, 0x00, 0x00, 0x00, 0x90, 0xFF, 0xFF, 0xEF, 0x07, 0x00, 0x00,
    0x00, 0x00, 0x00, 0x00, 0x62, 0x67, 0x04, 0x00, 0x00, 0x00, 0x00, 0x00, 0x00, 0x00, 0x00, 0x00,
    0x00, 0x00, 0x93, 0xFE, 0x5D, 0x00, 0x70, 0xEE, 0x05, 0x00, 0x00, 0x00, 0x00, 0x90, 0xFF, 0xFF,
    0xFF, 0x04, 0xF6, 0xFF, 0x0D, 0x00, 0x00, 0x00, 0x00, 0xFB, 0xFF, 0xFF, 0xFF, 0x0A, 0xFE, 0xFF,
    0x0F, 0x00, 0x00, 0x00, 0x90, 0xFF, 0xFF, 0xFF, 0xFF, 0x5D, 0xFF, 0xFF, 0x0D, 0x00, 0x00, 0x00,
    0xF5, 0xFF, 0xFF, 0xFF, 0xFF, 0xEF, 0xFF, 0xFF, 0x09, 0x00, 0x00, 0x00, 0xFE, 0xFF, 0xFF, 0xFF,
    0xFF, 0xFF, 0xFF, 0xFF, 0x04, 0x00, 0x00, 0x80, 0xFF, 0xFF, 0xFF, 0xFF, 0xFF, 0xFF, 0xFF, 0xEF,
    0x00, 0x00, 0x00, 0xE0, 0xFF, 0xFF, 0x8F, 0x12, 0xF8, 0xFF, 0xFF, 0x9F, 0x00, 0x00, 0x00, 0xF5,
    0xFF, 0xFF, 0x08, 0x00, 0xC0, 0xFF, 0xFF, 0x4F, 0x00, 0x00, 0x00, 0xFA, 0xFF, 0xFF, 0x01, 0x00,
    0x90, 0xFF, 0xFF, 0x0F, 0x00, 0x00, 0x00, 0xFE, 0xFF, 0xDF, 0x00, 0x00, 0xC0, 0xFF, 0xFF, 0x0A,
    0x00, 0x00, 0x20, 0xFF, 0xFF, 0xFF, 0x00, 0x00, 0xF3, 0xFF, 0xFF, 0x06, 0x00, 0x00, 0x40, 0xFF,
    0xFF, 0xFF, 0x1A, 0x40, 0xFE, 0xFF, 0xFF, 0x02, 0x00, 0x00, 0x50, 0xFF, 0xFF, 0xFF, 0xFF, 0xFF,
    0xFF, 0xFF, 0xEF, 0x00, 0x00, 0x00, 0x50, 0xFF, 0xFF, 0xFF, 0xFF, 0xFF, 0xFF, 0xFF, 0xBF, 0x00,
    0x00, 0x00, 0x40, 0xFF, 0xFF, 0xFF, 0xFF, 0xEF, 0xF9, 0xFF, 0x8F, 0x00, 0x00, 0x00, 0x10, 0xFF,
    0xFF, 0xFF, 0xFF, 0x6F, 0xF6, 0xFF, 0x6F, 0x00, 0x00, 0x00, 0x00, 0xFB, 0xFF, 0xFF, 0xFF, 0x0B,
    0xFD, 0xFF, 0x3F, 0x00, 0x00, 0x00, 0x00, 0xE2, 0xFF, 0xFF, 0xBF, 0x70, 0xFF, 0xFF, 0x0F, 0x00,
    0x00, 0x00, 0x00, 0x20, 0xEA, 0xCF, 0x05, 0xF6, 0xFF, 0xFF, 0x0B, 0x00, 0x00, 0x00, 0x00, 0x00,
    0x00, 0x00, 0x90, 0xFF, 0xFF, 0xFF, 0x06, 0x00, 0x00, 0x20, 0xB9, 0x48, 0x01, 0x73, 0xFE, 0xFF,
    0xFF, 0xFF, 0x00, 0x00, 0x00, 0xE1, 0xFF, 0xFF, 0xFF, 0xFF, 0xFF, 0xFF, 0xFF, 0x7F, 0x00, 0x00,
    0x00, 0xF8, 0xFF, 0xFF, 0xFF, 0xFF, 0xFF, 0xFF, 0xFF, 0x0C, 0x00, 0x00, 0x00, 0xFB, 0xFF, 0xFF,
    0xFF, 0xFF, 0xFF, 0xFF, 0xDF, 0x01, 0x00, 0x00, 0x00, 0xF9, 0xFF, 0xFF, 0xFF, 0xFF, 0xFF, 0xFF,
    0x2D, 0x00, 0x00, 0x00, 0x00, 0xF4, 0xFF, 0xFF, 0xFF, 0xFF, 0xFF, 0xAF, 0x00, 0x00, 0x00, 0x00,
    0x00, 0x70, 0xFF, 0xFF, 0xFF, 0xFF, 0xCF, 0x04, 0x00, 0x00, 0x00, 0x00, 0x00, 0x00, 0x92, 0xFD,
    0xEF, 0x8B, 0x02, 0x00, 0x00, 0x00, 0x00, 0x00, 0x00, 0x00, 0x00, 0x00, 0x00, 0xD7, 0xCF, 0x03,
    0x00, 0x00, 0x00, 0x00, 0x00, 0x00, 0x00, 0xE4, 0xFF, 0xFF, 0x0C, 0x00, 0x00, 0x00, 0x00, 0x00,
    0x00, 0x50, 0xFF, 0xFF, 0xFF, 0x0F, 0x00, 0x00, 0x00, 0x00, 0x00, 0x00, 0xF3, 0xFF, 0xFF, 0xFF,
    0x0F, 0x00, 0x00, 0x00, 0x00, 0x00, 0x00, 0xFC, 0xFF, 0xFF, 0xFF, 0x0C, 0x00, 0x00, 0x00, 0x00,
    0x00, 0x10, 0xFF, 0xFF, 0xFF, 0xFF, 0x08, 0x00, 0x00, 0x00, 0x00, 0x00, 0x00, 0xFC, 0xFF, 0xFF,
    0xFF, 0x02, 0x00, 0x00, 0x00, 0x00, 0x00, 0x00, 0xB0, 0xFF, 0xFF, 0xDF, 0x00, 0x00, 0x00, 0x00,
    0x00, 0x00, 0x00, 0x50, 0xFF, 0xFF, 0x8F, 0x10, 0xE9, 0xDF, 0x05, 0x00, 0x00, 0x00, 0x60, 0xFF,
    0xFF, 0x2F, 0xE3, 0xFF, 0xFF, 0x3F, 0x00, 0x00, 0x00, 0x90, 0xFF, 0xFF, 0x1D, 0xFE, 0xFF, 0xFF,
    0xBF, 0x00, 0x00, 0x00, 0xD0, 0xFF, 0xFF, 0xDE, 0xFF, 0xFF, 0xFF, 0xEF, 0x00, 0x00, 0x00, 0xF2,
    0xFF, 0xFF, 0xFF, 0xFF, 0xFF, 0xFF, 0xDF, 0x00, 0x00, 0x00, 0xF7, 0xFF, 0xFF, 0xFF, 0xFF, 0xFF,
    0xFF, 0xBF, 0x00, 0x00, 0x00, 0xFC, 0xFF, 0xFF, 0xFF, 0xFF, 0xFF, 0xFF, 0x7F, 0x00, 0x00, 0x10,
    0xFF, 0xFF, 0xFF, 0xFF, 0xFF, 0xFF, 0xFF, 0x3F, 0x00, 0x00, 0x70, 0xFF, 0xFF, 0xDF, 0x03, 0xF7,
    0xFF, 0xFF, 0x0E, 0x00, 0x00, 0xC0, 0xFF, 0xFF, 0x2F, 0x00, 0xF2, 0xFF, 0xFF, 0x09, 0x00, 0x00,
    0xF1, 0xFF, 0xFF, 0x08, 0x00, 0xF4, 0xFF, 0xFF, 0x06, 0x00, 0x00, 0xF7, 0xFF, 0xFF, 0x02, 0x00,
    0xF8, 0xFF, 0xFF, 0x0A, 0x00, 0x00, 0xFD, 0xFF, 0xEF, 0x00, 0x00, 0xFD, 0xFF, 0xFF, 0xDF, 0x02,
    0x50, 0xFF, 0xFF, 0xCF, 0x00, 0x20, 0xFF, 0xFF, 0xFF, 0xFF, 0x05, 0xB0, 0xFF, 0xFF, 0xBF, 0x00,
    0x80, 0xFF, 0xFF, 0xFF, 0xFF, 0x02, 0xF2, 0xFF, 0xFF, 0xCF, 0x00, 0xC0, 0xFF, 0xFF, 0xFF, 0xBF,
    0x00, 0xF8, 0xFF, 0xFF, 0xCF, 0x00, 0xF0, 0xFF, 0xFF, 0xFF, 0x2F, 0x00, 0xFC, 0xFF, 0xFF, 0xCF,
    0x00, 0xF1, 0xFF, 0xFF, 0xFF, 0x05, 0x00, 0xFB, 0xFF, 0xFF, 0x7F, 0x00, 0xF0, 0xFF, 0xFF, 0x6F,
    0x00, 0x00, 0xF4, 0xFF, 0xFF, 0x09, 0x00, 0x80, 0xFF, 0xEF, 0x04, 0x00, 0x00, 0x10, 0x76, 0x25,
    0x00, 0x00, 0x00, 0x74, 0x05, 0x00, 0x00, 0x00, 0x00, 0x00, 0x00, 0x90, 0xFE, 0x4C, 0x00, 0x00,
    0x00, 0x00, 0xFC, 0xFF, 0xFF, 0x02, 0x00, 0x00, 0x60, 0xFF, 0xFF, 0xFF, 0x07, 0x00, 0x00, 0xB0,
    0xFF, 0xFF, 0xFF, 0x07, 0x00, 0x00, 0xB0, 0xFF, 0xFF, 0xFF, 0x03, 0x00, 0x00, 0x60, 0xFF, 0xFF,
    0x9F, 0x00, 0x00, 0x00, 0x00, 0xE7, 0xEF, 0x07, 0x00, 0x00, 0x00, 0x00, 0x00, 0x00, 0x00, 0x00,
    0x00, 0x00, 0x50, 0xFC, 0x5E, 0x00, 0x00, 0x00, 0x20, 0xFC, 0xFF, 0xFF, 0x01, 0x00, 0x00, 0xE3,
    0xFF, 0xFF, 0xFF, 0x04, 0x00, 0x10, 0xFE, 0xFF, 0xFF, 0xFF, 0x03, 0x00, 0x90, 0xFF, 0xFF, 0xFF,
    0xFF, 0x00, 0x00, 0xE0, 0xFF, 0xFF, 0xFF, 0xBF, 0x00, 0x00, 0x90, 0xFF, 0xFF, 0xFF, 0x6F, 0x00,
    0x00, 0x00, 0xF3, 0xFF, 0xFF, 0x1F, 0x00, 0x00, 0x00, 0xD0, 0xFF, 0xFF, 0x0B, 0x00, 0x00, 0x00,
    0xF1, 0xFF, 0xFF, 0x06, 0x00, 0x00, 0x00, 0xF5, 0xFF, 0xFF, 0x02, 0x00, 0x00, 0x00, 0xFB, 0xFF,
    0xFF, 0x07, 0x00, 0x00, 0x10, 0xFF, 0xFF, 0xFF, 0xCF, 0x00, 0x00, 0x70, 0xFF, 0xFF, 0xFF, 0xFF,
    0x03, 0x00, 0xE0, 0xFF, 0xFF, 0xFF, 0xFF, 0x00, 0x00, 0xF3, 0xFF, 0xFF, 0xFF, 0x8F, 0x00, 0x00,
    0xF7, 0xFF, 0xFF, 0xFF, 0x1E, 0x00, 0x00, 0xF8, 0xFF, 0xFF, 0xFF, 0x03, 0x00, 0x00, 0xF6, 0xFF,
    0xFF, 0x4F, 0x00, 0x00, 0x00, 0xC0, 0xFF, 0xDF, 0x03, 0x00, 0x00, 0x00, 0x00, 0x75, 0x04, 0x00,
    0x00, 0x00, 0x00, 0x00, 0x00, 0x00, 0x00, 0x00, 0x00, 0x00, 0x91, 0xFE, 0x4C, 0x00, 0x00, 0x00,
    0x00, 0x00, 0x00, 0x00, 0x00, 0xFC, 0xFF, 0xFF, 0x02, 0x00, 0x00, 0x00, 0x00, 0x00, 0x00, 0x60,
    0xFF, 0xFF, 0xFF, 0x07, 0x00, 0x00, 0x00, 0x00, 0x00, 0x00, 0xB0, 0xFF, 0xFF, 0xFF, 0x07, 0x00,
    0x00, 0x00, 0x00, 0x00, 0x00, 0xB0, 0xFF, 0xFF, 0xFF, 0x03, 0x00, 0x00, 0x00, 0x00, 0x00, 0x00,
    0x60, 0xFF, 0xFF, 0x9F, 0x00, 0x00, 0x00, 0x00, 0x00, 0x00, 0x00, 0x00, 0xE7, 0xDF, 0x07, 0x00,
    0x00, 0x00, 0x00, 0x00, 0x00, 0x00, 0x00, 0x00, 0x00, 0x00, 0x00, 0x00, 0x00, 0x00, 0x00, 0x00,
    0x00, 0x60, 0xFC, 0x5E, 0x00, 0x00, 0x00, 0x00, 0x00, 0x00, 0x00, 0x20, 0xFD, 0xFF, 0xFF, 0x02,
    0x00, 0x00, 0x00, 0x00, 0x00, 0x00, 0xF3, 0xFF, 0xFF, 0xFF, 0x04, 0x00, 0x00, 0x00, 0x00, 0x00,
    0x10, 0xFE, 0xFF, 0xFF, 0xFF, 0x02, 0x00, 0x00, 0x00, 0x00, 0x00, 0x90, 0xFF, 0xFF, 0xFF, 0xEF,
    0x00, 0x00, 0x00, 0x00, 0x00, 0x00, 0xE0, 0xFF, 0xFF, 0xFF, 0xAF, 0x00, 0x00, 0x00, 0x00, 0x00,
    0x00, 0x80, 0xFF, 0xFF, 0xFF, 0x5F, 0x00, 0x00, 0x00, 0x00, 0x00, 0x00, 0x00, 0xE2, 0xFF, 0xFF,
    0x1F, 0x00, 0x00, 0x00, 0x00, 0x00, 0x00, 0x00, 0xD0, 0xFF, 0xFF, 0x0C, 0x00, 0x00, 0x00, 0x00,
    0x00, 0x00, 0x00, 0xF1, 0xFF, 0xFF, 0x07, 0x00, 0x00, 0x00, 0x00, 0x00, 0x00, 0x00, 0xF5, 0xFF,
    0xFF, 0x02, 0x00, 0x00, 0x00, 0x00, 0x00, 0x00, 0x00, 0xFA, 0xFF, 0xEF, 0x00, 0x00, 0x00, 0x00,
    0x00, 0x00, 0x00, 0x00, 0xFF, 0xFF, 0x9F, 0x00, 0x00, 0x00, 0x00, 0x00, 0x00, 0x00, 0x50, 0xFF,
    0xFF, 0x4F, 0x00, 0x00, 0x00, 0x00, 0x00, 0x00, 0x00, 0xA0, 0xFF, 0xFF, 0x0F, 0x00, 0x00, 0x00,
    0x00, 0x00, 0x00, 0x00, 0xF1, 0xFF, 0xFF, 0x0B, 0x00, 0x00, 0x00, 0x00, 0x00, 0x00, 0x00, 0xF7,
    0xFF, 0xFF, 0x07, 0x00, 0x00, 0x00, 0x00, 0x00, 0x00, 0x00, 0xFD, 0xFF, 0xFF, 0x02, 0x00, 0x00,
    0x00, 0x00, 0x00, 0x00, 0x50, 0xFF, 0xFF, 0xDF, 0x00, 0x00, 0x00, 0x00, 0x00, 0x00, 0x00, 0xE0,
    0xFF, 0xFF, 0x9F, 0x00, 0x00, 0x00, 0x00, 0x00, 0x00, 0x00, 0xFB, 0xFF, 0xFF, 0x4F, 0x00, 0x00,
    0x00, 0x00, 0x00, 0x30, 0xD7, 0xFF, 0xFF, 0xFF, 0x0E, 0x00, 0x00, 0x00, 0x00, 0x30, 0xFD, 0xFF,
    0xFF, 0xFF, 0xFF, 0x08, 0x00, 0x00, 0x00, 0x00, 0xF2, 0xFF, 0xFF, 0xFF, 0xFF, 0xFF, 0x02, 0x00,
    0x00, 0x00, 0x00, 0xF8, 0xFF, 0xFF, 0xFF, 0xFF, 0x9F, 0x00, 0x00, 0x00, 0x00, 0x00, 0xF9, 0xFF,
    0xFF, 0xFF, 0xFF, 0x1E, 0x00, 0x00, 0x00, 0x00, 0x00, 0xF7, 0xFF, 0xFF, 0xFF, 0xFF, 0x03, 0x00,
    0x00, 0x00, 0x00, 0x00, 0xE1, 0xFF, 0xFF, 0xFF, 0x3E, 0x00, 0x00, 0x00, 0x00, 0x00, 0x00, 0x10,
    0xE9, 0xEF, 0x7C, 0x00, 0x00, 0x00, 0x00, 0x00, 0x00, 0x00, 0x00, 0x00, 0x00, 0x00, 0xC7, 0xCF,
    0x03, 0x00, 0x00, 0x00, 0x00, 0x00, 0x00, 0x00, 0xE4, 0xFF, 0xFF, 0x0D, 0x00, 0x00, 0x00, 0x00,
    0x00, 0x00, 0x50, 0xFF, 0xFF, 0xFF, 0x0F, 0x00, 0x00, 0x00, 0x00, 0x00, 0x00, 0xF3, 0xFF, 0xFF,
    0xFF, 0x0F, 0x00, 0x00, 0x00, 0x00, 0x00, 0x00, 0xFC, 0xFF, 0xFF, 0xFF, 0x0C, 0x00, 0x00, 0x00,
    0x00, 0x00, 0x10, 0xFF, 0xFF, 0xFF, 0xFF, 0x08, 0x00, 0x00, 0x00, 0x00, 0x00, 0x00, 0xFC, 0xFF,
    0xFF, 0xFF, 0x03, 0x00, 0x00, 0x00, 0x00, 0x00, 0x00, 0xC0, 0xFF, 0xFF, 0xEF, 0x00, 0x00, 0x00,
    0x00, 0x00, 0x00, 0x00, 0x50, 0xFF, 0xFF, 0x8F, 0x00, 0x40, 0xFC, 0xCF, 0x03, 0x00, 0x00, 0x50,
    0xFF, 0xFF, 0x3F, 0x00, 0xF6, 0xFF, 0xFF, 0x0E, 0x00, 0x00, 0x90, 0xFF, 0xFF, 0x0D, 0x20, 0xFF,
    0xFF, 0xFF, 0x0F, 0x00, 0x00, 0xD0, 0xFF, 0xFF, 0x08, 0x90, 0xFF, 0xFF, 0xFF, 0x0D, 0x00, 0x00,
    0xF2, 0xFF, 0xFF, 0x03, 0xF0, 0xFF, 0xFF, 0xFF, 0x04, 0x00, 0x00, 0xF7, 0xFF, 0xFF, 0x00, 0xF6,
    0xFF, 0xFF, 0x7F, 0x00, 0x00, 0x00, 0xFC, 0xFF, 0xFF, 0x21, 0xFE, 0xFF, 0xFF, 0x08, 0x00, 0x00,
    0x10, 0xFF, 0xFF, 0xFF, 0xFF, 0xFF, 0xFF, 0x5F, 0x00, 0x00, 0x00, 0x70, 0xFF, 0xFF, 0xFF, 0xFF,
    0xFF, 0xEF, 0x03, 0x00, 0x00, 0x00, 0xC0, 0xFF, 0xFF, 0xFF, 0xFF, 0xFF, 0x7F, 0x00, 0x00, 0x00,
    0x00, 0xF1, 0xFF, 0xFF, 0xFF, 0xFF, 0xFF, 0xAF, 0x00, 0x00, 0x00, 0x00, 0xF7, 0xFF, 0xFF, 0x23,
    0xFF, 0xFF, 0xFF, 0x02, 0x00, 0x00, 0x00, 0xFD, 0xFF, 0xAF, 0x00, 0xFA, 0xFF, 0xFF, 0x0A, 0x00,
    0x00, 0x40, 0xFF, 0xFF, 0x8F, 0x00, 0xF7, 0xFF, 0xFF, 0x2F, 0x00, 0x00, 0xB0, 0xFF, 0xFF, 0x9F,
    0x00, 0xF5, 0xFF, 0xFF, 0x8F, 0x00, 0x00, 0xF2, 0xFF, 0xFF, 0xBF, 0x00, 0xF4, 0xFF, 0xFF, 0xDF,
    0x00, 0x00, 0xF9, 0xFF, 0xFF, 0xCF, 0x00, 0xF2, 0xFF, 0xFF, 0xFF, 0x00, 0x00, 0xFC, 0xFF, 0xFF,
    0xBF, 0x00, 0xF0, 0xFF, 0xFF, 0xFF, 0x00, 0x00, 0xFB, 0xFF, 0xFF, 0x6F, 0x00, 0xB0, 0xFF, 0xFF,
    0xAF, 0x00, 0x00, 0xF3, 0xFF, 0xFF, 0x09, 0x00, 0x20, 0xFE, 0xFF, 0x1D, 0x00, 0x00, 0x10, 0x76,
    0x25, 0x00, 0x00, 0x00, 0x51, 0x47, 0x00, 0x00, 0x00, 0x00, 0x00, 0x00, 0x10, 0xD8, 0xCF, 0x01,
    0x00, 0x00, 0x00, 0xF5, 0xFF, 0xFF, 0x0A, 0x00, 0x00, 0x70, 0xFF, 0xFF, 0xFF, 0x0E, 0x00, 0x00,
    0xF5, 0xFF, 0xFF, 0xFF, 0x0D, 0x00, 0x00, 0xFE, 0xFF, 0xFF, 0xFF, 0x0A, 0x00, 0x30, 0xFF, 0xFF,
    0xFF, 0xFF, 0x06, 0x00, 0x00, 0xFD, 0xFF, 0xFF, 0xFF, 0x01, 0x00, 0x00, 0xD1, 0xFF, 0xFF, 0xCF,
    0x00, 0x00, 0x00, 0x70, 0xFF, 0xFF, 0x7F, 0x00, 0x00, 0x00, 0x80, 0xFF, 0xFF, 0x2F, 0x00, 0x00,
    0x00, 0xB0, 0xFF, 0xFF, 0x0C, 0x00, 0x00, 0x00, 0xF0, 0xFF, 0xFF, 0x07, 0x00, 0x00, 0x00, 0xF4,
    0xFF, 0xFF, 0x02, 0x00, 0x00, 0x00, 0xFA, 0xFF, 0xCF, 0x00, 0x00, 0x00, 0x00, 0xFE, 0xFF, 0x7F,
    0x00, 0x00, 0x00, 0x40, 0xFF, 0xFF, 0x2F, 0x00, 0x00, 0x00, 0x90, 0xFF, 0xFF, 0x0E, 0x00, 0x00,
    0x00, 0xE0, 0xFF, 0xFF, 0x0A, 0x00, 0x00, 0x00, 0xF3, 0xFF, 0xFF, 0x08, 0x00, 0x00, 0x00, 0xF8,
    0xFF, 0xFF, 0x0C, 0x00, 0x00, 0x00, 0xFD, 0xFF, 0xFF, 0xDF, 0x02, 0x00, 0x20, 0xFF, 0xFF, 0xFF,
    0xFF, 0x06, 0x00, 0x70, 0xFF, 0xFF, 0xFF, 0xFF, 0x03, 0x00, 0xC0, 0xFF, 0xFF, 0xFF, 0xCF, 0x00,
    0x00, 0xF0, 0xFF, 0xFF, 0xFF, 0x2F, 0x00, 0x00, 0xF1, 0xFF, 0xFF, 0xFF, 0x06, 0x00, 0x00, 0xF0,
    0xFF, 0xFF, 0x6F, 0x00, 0x00, 0x00, 0x70, 0xFF, 0xEF, 0x05, 0x00, 0x00, 0x00, 0x00, 0x74, 0x05,
    0x00, 0x00, 0x00, 0x00, 0x00, 0x00, 0x00, 0xA3, 0xEE, 0x06, 0x00, 0x91, 0xFD, 0x4C, 0x00, 0x00,
    0xA3, 0xFE, 0x4C, 0x00, 0x00, 0x00, 0x90, 0xFF, 0xFF, 0x0E, 0x30, 0xFE, 0xFF, 0xFF, 0x03, 0x70,
    0xFF, 0xFF, 0xFF, 0x03, 0x00, 0x00, 0xFB, 0xFF, 0xFF, 0x2F, 0xF2, 0xFF, 0xFF, 0xFF, 0x09, 0xF6,
    0xFF, 0xFF, 0xFF, 0x0A, 0x00, 0xA0, 0xFF, 0xFF, 0xFF, 0x5F, 0xFD, 0xFF, 0xFF, 0xFF, 0x4E, 0xFF,
    0xFF, 0xFF, 0xFF, 0x0D, 0x00, 0xF3, 0xFF, 0xFF, 0xFF, 0xFF, 0xFF, 0xFF, 0xFF, 0xFF, 0xFF, 0xFF,
    0xFF, 0xFF, 0xFF, 0x0D, 0x00, 0xF7, 0xFF, 0xFF, 0xFF, 0xFF, 0xFF, 0xFF, 0xFF, 0xFF, 0xFF, 0xFF,
    0xFF, 0xFF, 0xFF, 0x0A, 0x00, 0xF4, 0xFF, 0xFF, 0xFF, 0xFF, 0xFF, 0xFF, 0xFF, 0xFF, 0xFF, 0xFF,
    0xFF, 0xFF, 0xFF, 0x06, 0x00, 0x00, 0xFB, 0xFF, 0xFF, 0xFF, 0xFF, 0xFF, 0xFF, 0xFF, 0xFF, 0xFF,
    0xFF, 0xFF, 0xFF, 0x01, 0x00, 0x00, 0xF7, 0xFF, 0xFF, 0x4E, 0x50, 0xFF, 0xFF, 0xFF, 0x3D, 0x80,
    0xFF, 0xFF, 0xCF, 0x00, 0x00, 0x00, 0xFA, 0xFF, 0xFF, 0x04, 0x00, 0xFF, 0xFF, 0xFF, 0x02, 0x30,
    0xFF, 0xFF, 0x8F, 0x00, 0x00, 0x00, 0xFF, 0xFF, 0xBF, 0x00, 0x10, 0xFF, 0xFF, 0xAF, 0x00, 0x50,
    0xFF, 0xFF, 0x5F, 0x00, 0x00, 0x60, 0xFF, 0xFF, 0x5F, 0x00, 0x60, 0xFF, 0xFF, 0x5F, 0x00, 0x90,
    0xFF, 0xFF, 0x9F, 0x00, 0x00, 0xE0, 0xFF, 0xFF, 0x1F, 0x00, 0xC0, 0xFF, 0xFF, 0x2F, 0x00, 0xE0,
    0xFF, 0xFF, 0xFF, 0x1D, 0x00, 0xF6, 0xFF, 0xFF, 0x0E, 0x00, 0xF4, 0xFF, 0xFF, 0x0F, 0x00, 0xF3,
    0xFF, 0xFF, 0xFF, 0x4F, 0x00, 0xFE, 0xFF, 0xFF, 0x0D, 0x00, 0xFB, 0xFF, 0xFF, 0x0F, 0x00, 0xF8,
    0xFF, 0xFF, 0xFF, 0x1F, 0x70, 0xFF, 0xFF, 0xFF, 0x0E, 0x20, 0xFF, 0xFF, 0xFF, 0x0F, 0x00, 0xFD,
    0xFF, 0xFF, 0xFF, 0x0A, 0xE0, 0xFF, 0xFF, 0xFF, 0x0E, 0x80, 0xFF, 0xFF, 0xFF, 0x0F, 0x10, 0xFF,
    0xFF, 0xFF, 0xEF, 0x01, 0xF2, 0xFF, 0xFF, 0xFF, 0x0E, 0xB0, 0xFF, 0xFF, 0xFF, 0x0F, 0x20, 0xFF,
    0xFF, 0xFF, 0x5F, 0x00, 0xF2, 0xFF, 0xFF, 0xFF, 0x09, 0xA0, 0xFF, 0xFF, 0xFF, 0x0B, 0x00, 0xFF,
    0xFF, 0xFF, 0x05, 0x00, 0x90, 0xFF, 0xFF, 0xBF, 0x00, 0x30, 0xFF, 0xFF, 0xCF, 0x01, 0x00, 0xF9,
    0xFF, 0x4E, 0x00, 0x00, 0x00, 0x62, 0x67, 0x02, 0x00, 0x00, 0x51, 0x67, 0x03, 0x00, 0x00, 0x50,
    0x57, 0x00, 0x00, 0x00, 0x00, 0x00, 0x00, 0xA3, 0xEE, 0x07, 0x00, 0x81, 0xFD, 0x6D, 0x00, 0x00,
    0x00, 0x80, 0xFF, 0xFF, 0x1F, 0x30, 0xFE, 0xFF, 0xFF, 0x05, 0x00, 0x00, 0xFB, 0xFF, 0xFF, 0x3F,
    0xE1, 0xFF, 0xFF, 0xFF, 0x0D, 0x00, 0x90, 0xFF, 0xFF, 0xFF, 0x6F, 0xFC, 0xFF, 0xFF, 0xFF, 0x0F,
    0x00, 0xF3, 0xFF, 0xFF, 0xFF, 0xFF, 0xFF, 0xFF, 0xFF, 0xFF, 0x0F, 0x00, 0xF7, 0xFF, 0xFF, 0xFF,
    0xFF, 0xFF, 0xFF, 0xFF, 0xFF, 0x0D, 0x00, 0xF4, 0xFF, 0xFF, 0xFF, 0xFF, 0xFF, 0xFF, 0xFF, 0xFF,
    0x09, 0x00, 0x00, 0xFB, 0xFF, 0xFF, 0xFF, 0xFF, 0xFF, 0xFF, 0xFF, 0x04, 0x00, 0x00, 0xF7, 0xFF,
    0xFF, 0x4E, 0x50, 0xFF, 0xFF, 0xFF, 0x00, 0x00, 0x00, 0xF9, 0xFF, 0xFF, 0x03, 0x00, 0xFF, 0xFF,
    0xBF, 0x00, 0x00, 0x00, 0xFE, 0xFF, 0xAF, 0x00, 0x20, 0xFF, 0xFF, 0x8F, 0x00, 0x00, 0x60, 0xFF,
    0xFF, 0x4F, 0x00, 0x60, 0xFF, 0xFF, 0xCF, 0x00, 0x00, 0xE0, 0xFF, 0xFF, 0x0F, 0x00, 0xB0, 0xFF,
    0xFF, 0xFF, 0x3E, 0x00, 0xF8, 0xFF, 0xFF, 0x0E, 0x00, 0xF0, 0xFF, 0xFF, 0xFF, 0x8F, 0x10, 0xFF,
    0xFF, 0xFF, 0x0D, 0x00, 0xF5, 0xFF, 0xFF, 0xFF, 0x4F, 0x80, 0xFF, 0xFF, 0xFF, 0x0D, 0x00, 0xFA,
    0xFF, 0xFF, 0xFF, 0x0D, 0xF0, 0xFF, 0xFF, 0xFF, 0x0E, 0x00, 0xFD, 0xFF, 0xFF, 0xFF, 0x04, 0xF2,
    0xFF, 0xFF, 0xFF, 0x0D, 0x00, 0xFF, 0xFF, 0xFF, 0x8F, 0x00, 0xF1, 0xFF, 0xFF, 0xFF, 0x09, 0x00,
    0xFD, 0xFF, 0xFF, 0x08, 0x00, 0x90, 0xFF, 0xFF, 0xBF, 0x00, 0x00, 0xF6, 0xFF, 0x6F, 0x00, 0x00,
    0x00, 0x62, 0x67, 0x02, 0x00, 0x00, 0x30, 0x57, 0x01, 0x00, 0x00, 0x00, 0x00, 0x00, 0x20, 0xC8,
    0xFE, 0x9D, 0x02, 0x00, 0x00, 0x00, 0x00, 0xF8, 0xFF, 0xFF, 0xFF, 0x6F, 0x00, 0x00, 0x00, 0xC1,
    0xFF, 0xFF, 0xFF, 0xFF, 0xFF, 0x04, 0x00, 0x00, 0xFC, 0xFF, 0xFF, 0xFF, 0xFF, 0xFF, 0x0D, 0x00,
    0xA0, 0xFF, 0xFF, 0xFF, 0xFF, 0xFF, 0xFF, 0x4F, 0x00, 0xF4, 0xFF, 0xFF, 0xFF, 0xFF, 0xFF, 0xFF,
    0x9F, 0x00, 0xFD, 0xFF, 0xFF, 0xFF, 0xFF, 0xFF, 0xFF, 0xBF, 0x40, 0xFF, 0xFF, 0xEF, 0x15, 0x92,
    0xFF, 0xFF, 0xCF, 0xA0, 0xFF, 0xFF, 0x1E, 0x00, 0x00, 0xFD, 0xFF, 0xCF, 0xE0, 0xFF, 0xFF, 0x07,
    0x00, 0x00, 0xFA, 0xFF, 0xAF, 0xF2, 0xFF, 0xFF, 0x03, 0x00, 0x00, 0xFC, 0xFF, 0x8F, 0xF4, 0xFF,
    0xFF, 0x04, 0x00, 0x20, 0xFF, 0xFF, 0x4F, 0xF5, 0xFF, 0xFF, 0x0B, 0x00, 0xC1, 0xFF, 0xFF, 0x0F,
    0xF5, 0xFF, 0xFF, 0xDF, 0xA9, 0xFE, 0xFF, 0xFF, 0x09, 0xF3, 0xFF, 0xFF, 0xFF, 0xFF, 0xFF, 0xFF,
    0xFF, 0x01, 0xF1, 0xFF, 0xFF, 0xFF, 0xFF, 0xFF, 0xFF, 0x8F, 0x00, 0xC0, 0xFF, 0xFF, 0xFF, 0xFF,
    0xFF, 0xFF, 0x0C, 0x00, 0x40, 0xFF, 0xFF, 0xFF, 0xFF, 0xFF, 0xDF, 0x01, 0x00, 0x00, 0xF8, 0xFF,
    0xFF, 0xFF, 0xFF, 0x1C, 0x00, 0x00, 0x00, 0x60, 0xFE, 0xFF, 0xFF, 0x6D, 0x00, 0x00, 0x00, 0x00,
    0x00, 0x40, 0x76, 0x36, 0x00, 0x00, 0x00, 0x00, 0x00, 0x00, 0x00, 0x00, 0xA2, 0xDE, 0x03, 0x00,
    0xA2, 0xFF, 0x3B, 0x00, 0x00, 0x00, 0x00, 0x70, 0xFF, 0xFF, 0x0C, 0x40, 0xFF, 0xFF, 0xFF, 0x03,
    0x00, 0x00, 0x00, 0xF9, 0xFF, 0xFF, 0x0E, 0xF3, 0xFF, 0xFF, 0xFF, 0x0C, 0x00, 0x00, 0x70, 0xFF,
    0xFF, 0xFF, 0x0D, 0xFD, 0xFF, 0xFF, 0xFF, 0x2F, 0x00, 0x00, 0xF1, 0xFF, 0xFF, 0xFF, 0x79, 0xFF,
    0xFF, 0xFF, 0xFF, 0x5F, 0x00, 0x00, 0xF4, 0xFF, 0xFF, 0xFF, 0xFC, 0xFF, 0xFF, 0xFF, 0xFF, 0x6F,
    0x00, 0x00, 0xD1, 0xFF, 0xFF, 0xFF, 0xFF, 0xFF, 0xFF, 0xFF, 0xFF, 0x6F, 0x00, 0x00, 0x00, 0xF8,
    0xFF, 0xFF, 0xCF, 0x77, 0xFD, 0xFF, 0xFF, 0x6F, 0x00, 0x00, 0x00, 0xF4, 0xFF, 0xFF, 0x0B, 0x00,
    0xF1, 0xFF, 0xFF, 0x4F, 0x00, 0x00, 0x00, 0xF7, 0xFF, 0xFF, 0x01, 0x00, 0xB0, 0xFF, 0xFF, 0x1F,
    0x00, 0x00, 0x00, 0xFC, 0xFF, 0xDF, 0x00, 0x00, 0xC0, 0xFF, 0xFF, 0x0D, 0x00, 0x00, 0x10, 0xFF,
    0xFF, 0xDF, 0x00, 0x00, 0xF1, 0xFF, 0xFF, 0x08, 0x00, 0x00, 0x70, 0xFF, 0xFF, 0xFF, 0x03, 0x00,
    0xFC, 0xFF, 0xFF, 0x03, 0x00, 0x00, 0xD0, 0xFF, 0xFF, 0xFF, 0xAF, 0xE9, 0xFF, 0xFF, 0xCF, 0x00,
    0x00, 0x00, 0xF4, 0xFF, 0xFF, 0xFF, 0xFF, 0xFF, 0xFF, 0xFF, 0x5F, 0x00, 0x00, 0x00, 0xFA, 0xFF,
    0xFF, 0xFF, 0xFF, 0xFF, 0xFF, 0xFF, 0x0C, 0x00, 0x00, 0x10, 0xFF, 0xFF, 0xCF, 0xFC, 0xFF, 0xFF,
    0xFF, 0xFF, 0x02, 0x00, 0x00, 0x70, 0xFF, 0xFF, 0x6F, 0xF8, 0xFF, 0xFF, 0xFF, 0x5F, 0x00, 0x00,
    0x00, 0xE0, 0xFF, 0xFF, 0x2F, 0xF5, 0xFF, 0xFF, 0xFF, 0x05, 0x00, 0x00, 0x00, 0xF5, 0xFF, 0xFF,
    0x0F, 0xC0, 0xFF, 0xFF, 0x3C, 0x00, 0x00, 0x00, 0x00, 0xFB, 0xFF, 0xFF, 0x0E, 0x00, 0x75, 0x26,
    0x00, 0x00, 0x00, 0x00, 0x20, 0xFF, 0xFF, 0xFF, 0x0E, 0x00, 0x00, 0x00, 0x00, 0x00, 0x00, 0x00,
    0x80, 0xFF, 0xFF, 0xFF, 0x0E, 0x00, 0x00, 0x00, 0x00, 0x00, 0x00, 0x00, 0xE0, 0xFF, 0xFF, 0xFF,
    0x0F, 0x00, 0x00, 0x00, 0x00, 0x00, 0x00, 0x00, 0xF3, 0xFF, 0xFF, 0xFF, 0x0F, 0x00, 0x00, 0x00,
    0x00, 0x00, 0x00, 0x00, 0xF7, 0xFF, 0xFF, 0xFF, 0x1F, 0x00, 0x00, 0x00, 0x00, 0x00, 0x00, 0x00,
    0xF9, 0xFF, 0xFF, 0xFF, 0x0E, 0x00, 0x00, 0x00, 0x00, 0x00, 0x00, 0x00, 0xF5, 0xFF, 0xFF, 0xFF,
    0x06, 0x00, 0x00, 0x00, 0x00, 0x00, 0x00, 0x00, 0x60, 0xFC, 0xDF, 0x39, 0x00, 0x00, 0x00, 0x00,
    0x00, 0x00, 0x00, 0x00, 0x00, 0x00, 0x00, 0x30, 0xE9, 0xDF, 0x05, 0x00, 0xE7, 0x7E, 0x00, 0x00,
    0x00, 0x00, 0xF8, 0xFF, 0xFF, 0x4F, 0x60, 0xFF, 0xFF, 0x00, 0x00, 0x00, 0xA0, 0xFF, 0xFF, 0xFF,
    0xAF, 0xE0, 0xFF, 0xFF, 0x02, 0x00, 0x00, 0xF9, 0xFF, 0xFF, 0xFF, 0xDF, 0xF5, 0xFF, 0xFF, 0x00,
    0x00, 0x50, 0xFF, 0xFF, 0xFF, 0xFF, 0xFF, 0xFE, 0xFF, 0xCF, 0x00, 0x00, 0xE0, 0xFF, 0xFF, 0xFF,
    0xFF, 0xFF, 0xFF, 0xFF, 0x7F, 0x00, 0x00, 0xF7, 0xFF, 0xFF, 0xFF, 0xFF, 0xFF, 0xFF, 0xFF, 0x2F,
    0x00, 0x00, 0xFE, 0xFF, 0xFF, 0x17, 0x61, 0xFF, 0xFF, 0xFF, 0x0D, 0x00, 0x40, 0xFF, 0xFF, 0x5F,
    0x00, 0x00, 0xFA, 0xFF, 0xFF, 0x08, 0x00, 0xA0, 0xFF, 0xFF, 0x0E, 0x00, 0x00, 0xFA, 0xFF, 0xFF,
    0x02, 0x00, 0xE0, 0xFF, 0xFF, 0x0E, 0x00, 0x10, 0xFF, 0xFF, 0xDF, 0x00, 0x00, 0xF1, 0xFF, 0xFF,
    0x9F, 0x01, 0xD4, 0xFF, 0xFF, 0x7F, 0x00, 0x00, 0xF4, 0xFF, 0xFF, 0xFF, 0xFF, 0xFF, 0xFF, 0xFF,
    0x2F, 0x00, 0x00, 0xF5, 0xFF, 0xFF, 0xFF, 0xFF, 0xFF, 0xFF, 0xFF, 0x0C, 0x00, 0x00, 0xF5, 0xFF,
    0xFF, 0xFF, 0xFF, 0xEF, 0xFF, 0xFF, 0x07, 0x00, 0x00, 0xF4, 0xFF, 0xFF, 0xFF, 0xFF, 0x9A, 0xFF,
    0xFF, 0x01, 0x00, 0x00, 0xF2, 0xFF, 0xFF, 0xFF, 0xFF, 0xE2, 0xFF, 0xCF, 0x00, 0x00, 0x00, 0xE0,
    0xFF, 0xFF, 0xFF, 0x8F, 0xF4, 0xFF, 0x7F, 0x00, 0x00, 0x00, 0x60, 0xFF, 0xFF, 0xFF, 0x0B, 0xFA,
    0xFF, 0x2F, 0x00, 0x00, 0x00, 0x00, 0xF8, 0xFF, 0xAF, 0x00, 0xFF, 0xFF, 0x1F, 0x00, 0x00, 0x00,
    0x00, 0x20, 0x76, 0x03, 0x40, 0xFF, 0xFF, 0xCF, 0x02, 0x00, 0x00, 0x00, 0x00, 0x00, 0x00, 0xA0,
    0xFF, 0xFF, 0xFF, 0x1F, 0x00, 0x00, 0x00, 0x00, 0x00, 0x00, 0xE0, 0xFF, 0xFF, 0xFF, 0x1F, 0x00,
    0x00, 0x00, 0x00, 0x00, 0x00, 0xF3, 0xFF, 0xFF, 0xFF, 0x0C, 0x00, 0x00, 0x00, 0x00, 0x00, 0x00,
    0xF7, 0xFF, 0xFF, 0xFF, 0x04, 0x00, 0x00, 0x00, 0x00, 0x00, 0x00, 0xF9, 0xFF, 0xFF, 0x8F, 0x00,
    0x00, 0x00, 0x00, 0x00, 0x00, 0x00, 0xFA, 0xFF, 0xFF, 0x0B, 0x00, 0x00, 0x00, 0x00, 0x00, 0x00,
    0x00, 0xF8, 0xFF, 0xAF, 0x00, 0x00, 0x00, 0x00, 0x00, 0x00, 0x00, 0x00, 0xC1, 0xCF, 0x05, 0x00,
    0x00, 0x00, 0x00, 0x00, 0x00, 0x00, 0xB3, 0xDE, 0x01, 0x20, 0xEB, 0x2C, 0x00, 0x00, 0x00, 0x90,
    0xFF, 0xFF, 0x08, 0xE2, 0xFF, 0xAF, 0x00, 0x00, 0x00, 0xFB, 0xFF, 0xFF, 0x0A, 0xFD, 0xFF, 0xFF,
    0x00, 0x00, 0xA0, 0xFF, 0xFF, 0xFF, 0x7C, 0xFF, 0xFF, 0xFF, 0x00, 0x00, 0xF3, 0xFF, 0xFF, 0xFF,
    0xFF, 0xFF, 0xFF, 0xFF, 0x00, 0x00, 0xF7, 0xFF, 0xFF, 0xFF, 0xFF, 0xFF, 0xFF, 0xDF, 0x00, 0x00,
    0xF3, 0xFF, 0xFF, 0xFF, 0xFF, 0xFF, 0xFF, 0x9F, 0x00, 0x00, 0x10, 0xFB, 0xFF, 0xFF, 0xFF, 0xFF,
    0xFF, 0x4F, 0x00, 0x00, 0x00, 0xF7, 0xFF, 0xFF, 0x28, 0xFF, 0xFF, 0x0C, 0x00, 0x00, 0x00, 0xFA,
    0xFF, 0xCF, 0x00, 0xFD, 0xFF, 0x02, 0x00, 0x00, 0x00, 0xFF, 0xFF, 0x5F, 0x00, 0xF7, 0x3C, 0x00,
    0x00, 0x00, 0x60, 0xFF, 0xFF, 0x1F, 0x00, 0x00, 0x00, 0x00, 0x00, 0x00, 0xE0, 0xFF, 0xFF, 0x0E,
    0x00, 0x00, 0x00, 0x00, 0x00, 0x00, 0xF6, 0xFF, 0xFF, 0x0F, 0x00, 0x00, 0x00, 0x00, 0x00, 0x00,
    0xFE, 0xFF, 0xFF, 0x5F, 0x00, 0x00, 0x00, 0x00, 0x00, 0x70, 0xFF, 0xFF, 0xFF, 0xBF, 0x00, 0x00,
    0x00, 0x00, 0x00, 0xE0, 0xFF, 0xFF, 0xFF, 0xFF, 0x00, 0x00, 0x00, 0x00, 0x00, 0xF2, 0xFF, 0xFF,
    0xFF, 0xFF, 0x00, 0x00, 0x00, 0x00, 0x00, 0xF2, 0xFF, 0xFF, 0xFF, 0x8F, 0x00, 0x00, 0x00, 0x00,
    0x00, 0x90, 0xFF, 0xFF, 0xFF, 0x08, 0x00, 0x00, 0x00, 0x00, 0x00, 0x00, 0x62, 0x77, 0x04, 0x00,
    0x00, 0x00, 0x00, 0x00, 0x00, 0x00, 0x00, 0x00, 0x50, 0xDA, 0xFF, 0xBE, 0x17, 0x00, 0x00, 0x00,
    0x50, 0xFE, 0xFF, 0xFF, 0xFF, 0xEF, 0x04, 0x00, 0x00, 0xF6, 0xFF, 0xFF, 0xFF, 0xFF, 0xFF, 0x2F,
    0x00, 0x30, 0xFF, 0xFF, 0xFF, 0xFF, 0xFF, 0xFF, 0x9F, 0x00, 0x90, 0xFF, 0xFF, 0xFF, 0xFF, 0xFF,
    0xFF, 0xBF, 0x00, 0xD0, 0xFF, 0xFF, 0xDF, 0x11, 0xFA, 0xFF, 0xAF, 0x00, 0xD0, 0xFF, 0xFF, 0x9F,
    0x00, 0x90, 0xFF, 0x5F, 0x00, 0xA0, 0xFF, 0xFF, 0xFF, 0x07, 0x00, 0xA5, 0x06, 0x00, 0x20, 0xFF,
    0xFF, 0xFF, 0xEF, 0x06, 0x00, 0x00, 0x00, 0x00, 0xE4, 0xFF, 0xFF, 0xFF, 0xCF, 0x02, 0x00, 0x00,
    0x00, 0x00, 0xE7, 0xFF, 0xFF, 0xFF, 0x2E, 0x00, 0x00, 0xD7, 0x09, 0x00, 0xF7, 0xFF, 0xFF, 0xBF,
    0x00, 0x60, 0xFF, 0xAF, 0x00, 0x20, 0xFF, 0xFF, 0xFF, 0x01, 0xD0, 0xFF, 0xFF, 0x09, 0x10, 0xFF,
    0xFF, 0xFF, 0x02, 0xF1, 0xFF, 0xFF, 0xCF, 0xD8, 0xFF, 0xFF, 0xFF, 0x01, 0xF1, 0xFF, 0xFF, 0xFF,
    0xFF, 0xFF, 0xFF, 0xEF, 0x00, 0xE0, 0xFF, 0xFF, 0xFF, 0xFF, 0xFF, 0xFF, 0x8F, 0x00, 0x80, 0xFF,
    0xFF, 0xFF, 0xFF, 0xFF, 0xFF, 0x1E, 0x00, 0x00, 0xFB, 0xFF, 0xFF, 0xFF, 0xFF, 0xEF, 0x03, 0x00,
    0x00, 0x60, 0xFE, 0xFF, 0xFF, 0xEF, 0x19, 0x00, 0x00, 0x00, 0x00, 0x30, 0x75, 0x57, 0x04, 0x00,
    0x00, 0x00, 0x00, 0x00, 0x00, 0x00, 0xD7, 0xCF, 0x01, 0x00, 0x00, 0x00, 0x00, 0xA0, 0xFF, 0xFF,
    0x02, 0x00, 0x00, 0x00, 0x00, 0xF7, 0xFF, 0xAF, 0x00, 0x00, 0x00, 0x00, 0x50, 0xFF, 0xFF, 0x6F,
    0x00, 0x00, 0x00, 0x00, 0xF5, 0xFF, 0xFF, 0xFF, 0xDF, 0x01, 0x00, 0x80, 0xFF, 0xFF, 0xFF, 0xFF,
    0xFF, 0x03, 0x00, 0xFB, 0xFF, 0xFF, 0xFF, 0xFF, 0xFF, 0x02, 0x80, 0xFF, 0xFF, 0xFF, 0xFF, 0xFF,
    0xEF, 0x00, 0xE0, 0xFF, 0xFF, 0xFF, 0xFF, 0xFF, 0x8F, 0x00, 0xA0, 0xFF, 0xFF, 0xFF, 0xFF, 0xFF,
    0x0A, 0x00, 0x00, 0xF3, 0xFF, 0xFF, 0x1A, 0x00, 0x00, 0x00, 0x00, 0xE0, 0xFF, 0xDF, 0x00, 0x00,
    0x00, 0x00, 0x00, 0xF2, 0xFF, 0x7F, 0x00, 0x00, 0x00, 0x00, 0x00, 0xF7, 0xFF, 0x5F, 0x00, 0x00,
    0x00, 0x00, 0x00, 0xFD, 0xFF, 0x8F, 0x00, 0x00, 0x00, 0x00, 0x20, 0xFF, 0xFF, 0xFF, 0x29, 0x00,
    0x00, 0x00, 0x70, 0xFF, 0xFF, 0xFF, 0xFF, 0x3D, 0x00, 0x00, 0xC0, 0xFF, 0xFF, 0xFF, 0xFF, 0xBF,
    0x00, 0x00, 0xF1, 0xFF, 0xFF, 0xFF, 0xFF, 0x8F, 0x00, 0x00, 0xF4, 0xFF, 0xFF, 0xFF, 0xFF, 0x2F,
    0x00, 0x00, 0xF6, 0xFF, 0xFF, 0xFF, 0xFF, 0x0A, 0x00, 0x00, 0xF4, 0xFF, 0xFF, 0xFF, 0xEF, 0x01,
    0x00, 0x00, 0xE0, 0xFF, 0xFF, 0xFF, 0x2E, 0x00, 0x00, 0x00, 0x30, 0xFE, 0xFF, 0xBF, 0x01, 0x00,
    0x00, 0x00, 0x00, 0x50, 0x67, 0x02, 0x00, 0x00, 0x00, 0x00, 0x00, 0x00, 0x70, 0xFD, 0x3D, 0x00,
    0x00, 0x81, 0xFD, 0x1C, 0x00, 0x40, 0xFE, 0xFF, 0xDF, 0x00, 0x30, 0xFE, 0xFF, 0xBF, 0x00, 0xF5,
    0xFF, 0xFF, 0xFF, 0x01, 0xF3, 0xFF, 0xFF, 0xEF, 0x30, 0xFF, 0xFF, 0xFF, 0xFF, 0x10, 0xFE, 0xFF,
    0xFF, 0xDF, 0xC0, 0xFF, 0xFF, 0xFF, 0xDF, 0x80, 0xFF, 0xFF, 0xFF, 0xAF, 0xF1, 0xFF, 0xFF, 0xFF,
    0x8F, 0xC0, 0xFF, 0xFF, 0xFF, 0x5F, 0xC0, 0xFF, 0xFF, 0xFF, 0x3F, 0x80, 0xFF, 0xFF, 0xFF, 0x0F,
    0x00, 0xF5, 0xFF, 0xFF, 0x0E, 0x00, 0xF8, 0xFF, 0xFF, 0x0A, 0x00, 0xF0, 0xFF, 0xFF, 0x09, 0x00,
    0xF3, 0xFF, 0xFF, 0x04, 0x00, 0xF4, 0xFF, 0xFF, 0x04, 0x00, 0xF7, 0xFF, 0xFF, 0x00, 0x00, 0xF8,
    0xFF, 0xFF, 0x01, 0x00, 0xFD, 0xFF, 0xCF, 0x00, 0x00, 0xFD, 0xFF, 0xFF, 0x00, 0x80, 0xFF, 0xFF,
    0xFF, 0x03, 0x20, 0xFF, 0xFF, 0xFF, 0x49, 0xF9, 0xFF, 0xFF, 0xFF, 0x7F, 0x70, 0xFF, 0xFF, 0xFF,
    0xFF, 0xFF, 0xFF, 0xFF, 0xFF, 0xDF, 0xC0, 0xFF, 0xFF, 0xFF, 0xFF, 0xFF, 0xFF, 0xFF, 0xFF, 0xAF,
    0xF0, 0xFF, 0xFF, 0xFF, 0xFF, 0xFF, 0xFF, 0xFF, 0xFF, 0x3F, 0xF0, 0xFF, 0xFF, 0xFF, 0xFF, 0xF5,
    0xFF, 0xFF, 0xFF, 0x0A, 0xF0, 0xFF, 0xFF, 0xFF, 0x7F, 0xE0, 0xFF, 0xFF, 0xDF, 0x00, 0xA0, 0xFF,
    0xFF, 0xFF, 0x0A, 0xD0, 0xFF, 0xFF, 0x1D, 0x00, 0x20, 0xFE, 0xFF, 0x8F, 0x00, 0x70, 0xFF, 0xBF,
    0x01, 0x00, 0x00, 0x50, 0x57, 0x01, 0x00, 0x00, 0x75, 0x03, 0x00, 0x00, 0x00, 0x00, 0x70, 0xFD,
    0x3D, 0x00, 0x40, 0xFC, 0x8E, 0x00, 0x00, 0x40, 0xFE, 0xFF, 0xDF, 0x00, 0xF5, 0xFF, 0xFF, 0x09,
    0x00, 0xF5, 0xFF, 0xFF, 0xFF, 0x01, 0xFD, 0xFF, 0xFF, 0x0F, 0x30, 0xFF, 0xFF, 0xFF, 0xFF, 0x20,
    0xFF, 0xFF, 0xFF, 0x3F, 0xC0, 0xFF, 0xFF, 0xFF, 0xDF, 0x20, 0xFF, 0xFF, 0xFF, 0x3F, 0xF1, 0xFF,
    0xFF, 0xFF, 0x9F, 0x00, 0xFE, 0xFF, 0xFF, 0x2F, 0xC0, 0xFF, 0xFF, 0xFF, 0x4F, 0x00, 0xF7, 0xFF,
    0xFF, 0x0F, 0x00, 0xF5, 0xFF, 0xFF, 0x0E, 0x00, 0xF0, 0xFF, 0xFF, 0x0D, 0x00, 0xF0, 0xFF, 0xFF,
    0x09, 0x00, 0xE0, 0xFF, 0xFF, 0x09, 0x00, 0xF3, 0xFF, 0xFF, 0x04, 0x00, 0xF0, 0xFF, 0xFF, 0x04,
    0x00, 0xF8, 0xFF, 0xFF, 0x01, 0x00, 0xF3, 0xFF, 0xEF, 0x00, 0x00, 0xFC, 0xFF, 0xFF, 0x00, 0x00,
    0xF9, 0xFF, 0x7F, 0x00, 0x10, 0xFF, 0xFF, 0xFF, 0x01, 0x60, 0xFF, 0xFF, 0x0E, 0x00, 0x30, 0xFF,
    0xFF, 0xFF, 0x9D, 0xFC, 0xFF, 0xFF, 0x06, 0x00, 0x40, 0xFF, 0xFF, 0xFF, 0xFF, 0xFF, 0xFF, 0xCF,
    0x00, 0x00, 0x50, 0xFF, 0xFF, 0xFF, 0xFF, 0xFF, 0xFF, 0x2E, 0x00, 0x00, 0x30, 0xFF, 0xFF, 0xFF,
    0xFF, 0xFF, 0xFF, 0x04, 0x00, 0x00, 0x00, 0xFF, 0xFF, 0xFF, 0xFF, 0xFF, 0x4F, 0x00, 0x00, 0x00,
    0x00, 0xF8, 0xFF, 0xFF, 0xFF, 0xEF, 0x03, 0x00, 0x00, 0x00, 0x00, 0x90, 0xFF, 0xFF, 0xEF, 0x08,
    0x00, 0x00, 0x00, 0x00, 0x00, 0x00, 0x62, 0x67, 0x04, 0x00, 0x00, 0x00, 0x00, 0x00, 0x00, 0x00,
    0x81, 0xFD, 0x1B, 0x00, 0x00, 0xD7, 0xDF, 0x07, 0x00, 0x80, 0xFE, 0x4D, 0x00, 0x00, 0x60, 0xFF,
    0xFF, 0xAF, 0x00, 0x90, 0xFF, 0xFF, 0x5F, 0x00, 0xFB, 0xFF, 0xFF, 0x02, 0x00, 0xF8, 0xFF, 0xFF,
    0xDF, 0x00, 0xF0, 0xFF, 0xFF, 0x9F, 0x40, 0xFF, 0xFF, 0xFF, 0x09, 0x60, 0xFF, 0xFF, 0xFF, 0xDF,
    0x00, 0xF2, 0xFF, 0xFF, 0x9F, 0x90, 0xFF, 0xFF, 0xFF, 0x0C, 0xF1, 0xFF, 0xFF, 0xFF, 0xAF, 0x00,
    0xF1, 0xFF, 0xFF, 0x6F, 0xA0, 0xFF, 0xFF, 0xFF, 0x0C, 0xF4, 0xFF, 0xFF, 0xFF, 0x6F, 0x00, 0xF1,
    0xFF, 0xFF, 0x1F, 0x60, 0xFF, 0xFF, 0xFF, 0x0C, 0xE1, 0xFF, 0xFF, 0xFF, 0x1F, 0x00, 0xF1, 0xFF,
    0xFF, 0x0D, 0x00, 0xFE, 0xFF, 0xFF, 0x0A, 0x00, 0xF8, 0xFF, 0xFF, 0x0C, 0x00, 0xF3, 0xFF, 0xFF,
    0x08, 0x00, 0xF8, 0xFF, 0xFF, 0x07, 0x00, 0xF4, 0xFF, 0xFF, 0x07, 0x00, 0xF5, 0xFF, 0xFF, 0x03,
    0x00, 0xF5, 0xFF, 0xFF, 0x02, 0x00, 0xF7, 0xFF, 0xFF, 0x02, 0x00, 0xFA, 0xFF, 0xEF, 0x00, 0x00,
    0xF6, 0xFF, 0xDF, 0x00, 0x00, 0xFB, 0xFF, 0xEF, 0x00, 0x00, 0xFF, 0xFF, 0xAF, 0x00, 0x00, 0xF9,
    0xFF, 0x7F, 0x00, 0x00, 0xFF, 0xFF, 0xDF, 0x00, 0x80, 0xFF, 0xFF, 0x8F, 0x00, 0x10, 0xFE, 0xFF,
    0x1F, 0x00, 0x50, 0xFF, 0xFF, 0xFF, 0x02, 0xF6, 0xFF, 0xFF, 0xAF, 0x00, 0xB0, 0xFF, 0xFF, 0x09,
    0x00, 0xA0, 0xFF, 0xFF, 0xFF, 0xFF, 0xFF, 0xFF, 0xFF, 0xFF, 0x9A, 0xFE, 0xFF, 0xFF, 0x01, 0x00,
    0xE0, 0xFF, 0xFF, 0xFF, 0xFF, 0xFF, 0xFF, 0xFF, 0xFF, 0xFF, 0xFF, 0xFF, 0x6F, 0x00, 0x00, 0xF2,
    0xFF, 0xFF, 0xFF, 0xFF, 0xBF, 0xFF, 0xFF, 0xFF, 0xFF, 0xFF, 0xFF, 0x0B, 0x00, 0x00, 0xF3, 0xFF,
    0xFF, 0xFF, 0xFF, 0x0C, 0xFE, 0xFF, 0xFF, 0xFF, 0xFF, 0xDF, 0x00, 0x00, 0x00, 0xF3, 0xFF, 0xFF,
    0xFF, 0xFF, 0x03, 0xF9, 0xFF, 0xFF, 0xFF, 0xFF, 0x1D, 0x00, 0x00, 0x00, 0xE0, 0xFF, 0xFF, 0xFF,
    0x5F, 0x00, 0xF2, 0xFF, 0xFF, 0xFF, 0xBF, 0x01, 0x00, 0x00, 0x00, 0x40, 0xFE, 0xFF, 0xCF, 0x03,
    0x00, 0x50, 0xFF, 0xFF, 0xEF, 0x06, 0x00, 0x00, 0x00, 0x00, 0x00, 0x51, 0x67, 0x02, 0x00, 0x00,
    0x00, 0x51, 0x67, 0x03, 0x00, 0x00, 0x00, 0x00, 0x00, 0x00, 0x00, 0x00, 0xC5, 0xCF, 0x01, 0x00,
    0x70, 0xFD, 0xBE, 0x02, 0x00, 0x00, 0xB0, 0xFF, 0xFF, 0x09, 0x00, 0xFC, 0xFF, 0xFF, 0x0D, 0x00,
    0x00, 0xFC, 0xFF, 0xFF, 0x0D, 0x50, 0xFF, 0xFF, 0xFF, 0x1F, 0x00, 0x80, 0xFF, 0xFF, 0xFF, 0x0F,
    0x70, 0xFF, 0xFF, 0xFF, 0x0F, 0x00, 0xF1, 0xFF, 0xFF, 0xFF, 0x4F, 0x10, 0xFF, 0xFF, 0xFF, 0x0C,
    0x00, 0xF4, 0xFF, 0xFF, 0xFF, 0x8F, 0x00, 0xFC, 0xFF, 0xFF, 0x05, 0x00, 0xF2, 0xFF, 0xFF, 0xFF,
    0xEF, 0x00, 0xFD, 0xFF, 0xAF, 0x00, 0x00, 0x10, 0x43, 0xFD, 0xFF, 0xFF, 0xAB, 0xFF, 0xFF, 0x0A,
    0x00, 0x00, 0x00, 0x00, 0xF2, 0xFF, 0xFF, 0xFF, 0xFF, 0x8F, 0x00, 0x00, 0x00, 0x00, 0x00, 0xE1,
    0xFF, 0xFF, 0xFF, 0xFF, 0x05, 0x00, 0x00, 0x00, 0x00, 0x81, 0xFF, 0xFF, 0xFF, 0xFF, 0x5F, 0x00,
    0x00, 0x00, 0x00, 0x30, 0xFD, 0xFF, 0xFF, 0xFF, 0xFF, 0xAF, 0x00, 0x00, 0x00, 0x00, 0xF3, 0xFF,
    0xFF, 0xFF, 0xFF, 0xFF, 0xFF, 0x8C, 0x17, 0x00, 0x10, 0xFE, 0xFF, 0xFF, 0xFF, 0xFF, 0xFF, 0xFF,
    0xFF, 0x7F, 0x00, 0xA0, 0xFF, 0xFF, 0xDF, 0x61, 0xFF, 0xFF, 0xFF, 0xFF, 0x6F, 0x00, 0xF2, 0xFF,
    0xFF, 0x8F, 0x00, 0xFC, 0xFF, 0xFF, 0xFF, 0x1F, 0x00, 0xF8, 0xFF, 0xFF, 0xAF, 0x00, 0xF8, 0xFF,
    0xFF, 0xFF, 0x08, 0x00, 0xFB, 0xFF, 0xFF, 0xDF, 0x00, 0xF4, 0xFF, 0xFF, 0xCF, 0x00, 0x00, 0xF9,
    0xFF, 0xFF, 0xBF, 0x00, 0xF1, 0xFF, 0xFF, 0x1D, 0x00, 0x00, 0xE2, 0xFF, 0xFF, 0x1B, 0x00, 0xB0,
    0xFF, 0xBF, 0x01, 0x00, 0x00, 0x10, 0x76, 0x26, 0x00, 0x00, 0x00, 0x76, 0x03, 0x00, 0x00, 0x00,
    0x00, 0x00, 0x00, 0x00, 0x00, 0xC6, 0xDF, 0x03, 0x00, 0x00, 0xD7, 0xDF, 0x04, 0x00, 0x00, 0x00,
    0x00, 0xE4, 0xFF, 0xFF, 0x0B, 0x00, 0xD1, 0xFF, 0xFF, 0x2F, 0x00, 0x00, 0x00, 0x60, 0xFF, 0xFF,
    0xFF, 0x0E, 0x00, 0xFB, 0xFF, 0xFF, 0x6F, 0x00, 0x00, 0x00, 0xF4, 0xFF, 0xFF, 0xFF, 0x0F, 0x30,
    0xFF, 0xFF, 0xFF, 0x7F, 0x00, 0x00, 0x00, 0xFD, 0xFF, 0xFF, 0xFF, 0x0E, 0x70, 0xFF, 0xFF, 0xFF,
    0x6F, 0x00, 0x00, 0x10, 0xFF, 0xFF, 0xFF, 0xFF, 0x0E, 0x60, 0xFF, 0xFF, 0xFF, 0x3F, 0x00, 0x00,
    0x00, 0xFC, 0xFF, 0xFF, 0xFF, 0x0D, 0x00, 0xFE, 0xFF, 0xFF, 0x0E, 0x00, 0x00, 0x00, 0xA0, 0xFF,
    0xFF, 0xFF, 0x0B, 0x00, 0xF9, 0xFF, 0xFF, 0x09, 0x00, 0x00, 0x00, 0x00, 0xFC, 0xFF, 0xFF, 0x09,
    0x00, 0xF7, 0xFF, 0xFF, 0x02, 0x00, 0x00, 0x00, 0x00, 0xF5, 0xFF, 0xFF, 0x07, 0x00, 0xF9, 0xFF,
    0xCF, 0x00, 0x00, 0x00, 0x00, 0x00, 0xF2, 0xFF, 0xFF, 0x05, 0x00, 0xFD, 0xFF, 0x4F, 0x00, 0x00,
    0x00, 0x00, 0x00, 0xF0, 0xFF, 0xFF, 0x03, 0x30, 0xFF, 0xFF, 0x0C, 0x00, 0x00, 0x00, 0x00, 0x00,
    0xE0, 0xFF, 0xFF, 0x03, 0xC0, 0xFF, 0xFF, 0x03, 0x00, 0x00, 0x00, 0x00, 0x00, 0xD0, 0xFF, 0xFF,
    0x49, 0xFC, 0xFF, 0xAF, 0x00, 0x00, 0x00, 0x00, 0x00, 0x00, 0xC0, 0xFF, 0xFF, 0xFF, 0xFF, 0xFF,
    0x1F, 0x00, 0x00, 0x00, 0x00, 0x00, 0x00, 0xC0, 0xFF, 0xFF, 0xFF, 0xFF, 0xFF, 0x06, 0x00, 0x00,
    0x00, 0x00, 0x00, 0x00, 0xC0, 0xFF, 0xFF, 0xFF, 0xFF, 0xBF, 0x00, 0x00, 0x00, 0x00, 0x00, 0x00,
    0x00, 0xC0, 0xFF, 0xFF, 0xFF, 0xFF, 0x1E, 0x00, 0x00, 0x00, 0x00, 0x00, 0x00, 0x00, 0xD0, 0xFF,
    0xFF, 0xFF, 0xFF, 0x04, 0x00, 0x00, 0x00, 0x00, 0xA5, 0x19, 0x00, 0xF0, 0xFF, 0xFF, 0xFF, 0x7F,
    0x00, 0x00, 0x00, 0x00, 0x70, 0xFF, 0xCF, 0x00, 0xF3, 0xFF, 0xFF, 0xFF, 0x0A, 0x00, 0x00, 0x00,
    0x00, 0xF1, 0xFF, 0xFF, 0x15, 0xFB, 0xFF, 0xFF, 0xBF, 0x00, 0x00, 0x00, 0x00, 0x00, 0xF5, 0xFF,
    0xFF, 0xFF, 0xFF, 0xFF, 0xFF, 0x0C, 0x00, 0x00, 0x00, 0x00, 0x00, 0xF6, 0xFF, 0xFF, 0xFF, 0xFF,
    0xFF, 0xCF, 0x00, 0x00, 0x00, 0x00, 0x00, 0x00, 0xF4, 0xFF, 0xFF, 0xFF, 0xFF, 0xFF, 0x0B, 0x00,
    0x00, 0x00, 0x00, 0x00, 0x00, 0xE0, 0xFF, 0xFF, 0xFF, 0xFF, 0x7F, 0x00, 0x00, 0x00, 0x00, 0x00,
    0x00, 0x00, 0x40, 0xFF, 0xFF, 0xFF, 0xCF, 0x03, 0x00, 0x00, 0x00, 0x00, 0x00, 0x00, 0x00, 0x00,
    0xB3, 0xFE, 0xAD, 0x04, 0x00, 0x00, 0x00, 0x00, 0x00, 0x00, 0x00, 0x00, 0x00, 0x00, 0x91, 0xFE,
    0xFF, 0xFF, 0xFF, 0xFF, 0x8F, 0x00, 0x00, 0x10, 0xFE, 0xFF, 0xFF, 0xFF, 0xFF, 0xFF, 0xFF, 0x00,
    0x00, 0x90, 0xFF, 0xFF, 0xFF, 0xFF, 0xFF, 0xFF, 0xFF, 0x02, 0x00, 0xE0, 0xFF, 0xFF, 0xFF, 0xFF,
    0xFF, 0xFF, 0xFF, 0x02, 0x00, 0xF1, 0xFF, 0xFF, 0xFF, 0xFF, 0xFF, 0xFF, 0xFF, 0x00, 0x00, 0xF2,
    0xFF, 0xFF, 0xFF, 0xFF, 0xFF, 0xFF, 0x8F, 0x00, 0x00, 0xF1, 0xFF, 0x7E, 0x02, 0xFA, 0xFF, 0xFF,
    0x0A, 0x00, 0x00, 0xA0, 0x6C, 0x00, 0x30, 0xFF, 0xFF, 0x8F, 0x00, 0x00, 0x00, 0x00, 0x00, 0x00,
    0xF6, 0xFF, 0xEF, 0x04, 0x00, 0x00, 0x00, 0x00, 0x00, 0xB1, 0xFF, 0xFF, 0x1B, 0x00, 0x00, 0x00,
    0x00, 0x00, 0x50, 0xFE, 0xFF, 0x7F, 0x00, 0x00, 0x00, 0x00, 0x00, 0x00, 0xFA, 0xFF, 0xEF, 0x03,
    0x00, 0x00, 0x00, 0x00, 0x00, 0xD3, 0xFF, 0xFF, 0x2E, 0x00, 0x70, 0xDE, 0x00, 0x00, 0x30, 0xFF,
    0xFF, 0xFF, 0x0B, 0x61, 0xFE, 0xFF, 0x04, 0x00, 0xD0, 0xFF, 0xFF, 0xFF, 0xFF, 0xFF, 0xFF, 0xFF,
    0x05, 0x00, 0xF4, 0xFF, 0xFF, 0xFF, 0xFF, 0xFF, 0xFF, 0xFF, 0x04, 0x00, 0xF7, 0xFF, 0xFF, 0xFF,
    0xFF, 0xFF, 0xFF, 0xFF, 0x01, 0x00, 0xF7, 0xFF, 0xFF, 0xFF, 0xFF, 0xFF, 0xFF, 0xCF, 0x00, 0x00,
    0xF5, 0xFF, 0xFF, 0xFF, 0xFF, 0xFF, 0xFF, 0x3F, 0x00, 0x00, 0xC0, 0xFF, 0xFF, 0xFF, 0xFF, 0xFF,
    0xAE, 0x03, 0x00, 0x00, 0x00, 0x00, 0x00, 0x00, 0x10, 0xC7, 0xFE, 0xDF, 0x07, 0x00, 0x00, 0x00,
    0x00, 0xF7, 0xFF, 0xFF, 0xFF, 0x7F, 0x00, 0x00, 0x00, 0x70, 0xFF, 0xFF, 0xFF, 0xFF, 0xAF, 0x00,
    0x00, 0x00, 0xF1, 0xFF, 0xFF, 0xFF, 0xFF, 0x8F, 0x00, 0x00, 0x00, 0xF7, 0xFF, 0xFF, 0xFF, 0xFF,
    0x2F, 0x00, 0x00, 0x00, 0xFB, 0xFF, 0xFF, 0xFF, 0xDF, 0x04, 0x00, 0x00, 0x00, 0xFC, 0xFF, 0xFF,
    0x2D, 0x00, 0x00, 0x00, 0x00, 0x00, 0xFC, 0xFF, 0xFF, 0x05, 0x00, 0x00, 0x00, 0x00, 0x00, 0xFA,
    0xFF, 0xFF, 0x03, 0x00, 0x00, 0x00, 0x00, 0x00, 0xF6, 0xFF, 0xFF, 0x03, 0x00, 0x00, 0x00, 0x00,
    0x00, 0xF2, 0xFF, 0xFF, 0x03, 0x00, 0x00, 0x00, 0x00, 0x00, 0xE0, 0xFF, 0xFF, 0x03, 0x00, 0x00,
    0x00, 0x00, 0x00, 0xD0, 0xFF, 0xFF, 0x02, 0x00, 0x00, 0x00, 0xE6, 0xFF, 0xFF, 0xFF, 0xFF, 0x00,
    0x00, 0x00, 0x60, 0xFF, 0xFF, 0xFF, 0xFF, 0xAF, 0x00, 0x00, 0x00, 0xD0, 0xFF, 0xFF, 0xFF, 0xFF,
    0x1E, 0x00, 0x00, 0x00, 0xF1, 0xFF, 0xFF, 0xFF, 0x8C, 0x01, 0x00, 0x00, 0x00, 0xF1, 0xFF, 0xFF,
    0xFF, 0x4C, 0x00, 0x00, 0x00, 0x00, 0xD0, 0xFF, 0xFF, 0xFF, 0xFF, 0x04, 0x00, 0x00, 0x00, 0x20,
    0xFB, 0xFF, 0xFF, 0xFF, 0x0A, 0x00, 0x00, 0x00, 0x00, 0x00, 0xE1, 0xFF, 0xFF, 0x0A, 0x00, 0x00,
    0x00, 0x00, 0x00, 0xD0, 0xFF, 0xFF, 0x05, 0x00, 0x00, 0x00, 0x00, 0x00, 0xF6, 0xFF, 0xCF, 0x00,
    0x00, 0x00, 0x00, 0x00, 0x20, 0xFF, 0xFF, 0x2F, 0x00, 0x00, 0x00, 0x00, 0x00, 0xD0, 0xFF, 0xFF,
    0x07, 0x00, 0x00, 0x00, 0x00, 0x00, 0xF9, 0xFF, 0xEF, 0x00, 0x00, 0x00, 0x00, 0x00, 0x20, 0xFF,
    0xFF, 0xBF, 0x00, 0x00, 0x00, 0x00, 0x00, 0xB0, 0xFF, 0xFF, 0xFF, 0x14, 0x00, 0x00, 0x00, 0x00,
    0xF1, 0xFF, 0xFF, 0xFF, 0xFF, 0x3E, 0x00, 0x00, 0x00, 0xF3, 0xFF, 0xFF, 0xFF, 0xFF, 0x8F, 0x00,
    0x00, 0x00, 0xF2, 0xFF, 0xFF, 0xFF, 0xFF, 0x8F, 0x00, 0x00, 0x00, 0xD0, 0xFF, 0xFF, 0xFF, 0xFF,
    0x4F, 0x00, 0x00, 0x00, 0x30, 0xFF, 0xFF, 0xFF, 0xFF, 0x09, 0x00, 0x00, 0x00, 0x00, 0x91, 0xFD,
    0xEF, 0x5B, 0x00, 0x00, 0x00, 0x00, 0x00, 0x00, 0x00, 0x00, 0x00, 0x72, 0x47, 0x00, 0x00, 0x00,
    0x00, 0x00, 0x70, 0xFF, 0xFF, 0x0B, 0x00, 0x00, 0x00, 0x00, 0xF2, 0xFF, 0xFF, 0x0F, 0x00, 0x00,
    0x00, 0x00, 0xF8, 0xFF, 0xFF, 0x0F, 0x00, 0x00, 0x00, 0x00, 0xFC, 0xFF, 0xFF, 0x0A, 0x00, 0x00,
    0x00, 0x00, 0xFF, 0xFF, 0xFF, 0x05, 0x00, 0x00, 0x00, 0x30, 0xFF, 0xFF, 0xFF, 0x00, 0x00, 0x00,
    0x00, 0x70, 0xFF, 0xFF, 0xAF, 0x00, 0x00, 0x00, 0x00, 0xA0, 0xFF, 0xFF, 0x5F, 0x00, 0x00, 0x00,
    0x00, 0xD0, 0xFF, 0xFF, 0x0F, 0x00, 0x00, 0x00, 0x00, 0xF1, 0xFF, 0xFF, 0x0A, 0x00, 0x00, 0x00,
    0x00, 0xF4, 0xFF, 0xFF, 0x04, 0x00, 0x00, 0x00, 0x00, 0xF8, 0xFF, 0xEF, 0x00, 0x00, 0x00, 0x00,
    0x00, 0xFB, 0xFF, 0x9F, 0x00, 0x00, 0x00, 0x00, 0x00, 0xFF, 0xFF, 0x4F, 0x00, 0x00, 0x00, 0x00,
    0x30, 0xFF, 0xFF, 0x0F, 0x00, 0x00, 0x00, 0x00, 0x70, 0xFF, 0xFF, 0x0A, 0x00, 0x00, 0x00, 0x00,
    0xB0, 0xFF, 0xFF, 0x06, 0x00, 0x00, 0x00, 0x00, 0xF0, 0xFF, 0xFF, 0x01, 0x00, 0x00, 0x00, 0x00,
    0xF5, 0xFF, 0xDF, 0x00, 0x00, 0x00, 0x00, 0x00, 0xFA, 0xFF, 0x9F, 0x00, 0x00, 0x00, 0x00, 0x00,
    0xFF, 0xFF, 0x6F, 0x00, 0x00, 0x00, 0x00, 0x40, 0xFF, 0xFF, 0x2F, 0x00, 0x00, 0x00, 0x00, 0xA0,
    0xFF, 0xFF, 0x0E, 0x00, 0x00, 0x00, 0x00, 0xF0, 0xFF, 0xFF, 0x0B, 0x00, 0x00, 0x00, 0x00, 0xF5,
    0xFF, 0xFF, 0x08, 0x00, 0x00, 0x00, 0x00, 0xFA, 0xFF, 0xFF, 0x04, 0x00, 0x00, 0x00, 0x00, 0xFF,
    0xFF, 0xFF, 0x01, 0x00, 0x00, 0x00, 0x60, 0xFF, 0xFF, 0xEF, 0x00, 0x00, 0x00, 0x00, 0xB0, 0xFF,
    0xFF, 0xAF, 0x00, 0x00, 0x00, 0x00, 0xF1, 0xFF, 0xFF, 0x7F, 0x00, 0x00, 0x00, 0x00, 0xF4, 0xFF,
    0xFF, 0x2F, 0x00, 0x00, 0x00, 0x00, 0xF2, 0xFF, 0xFF, 0x0A, 0x00, 0x00, 0x00, 0x00, 0x60, 0xFD,
    0x8E, 0x00, 0x00, 0x00, 0x00, 0x00, 0x00, 0x00, 0x00, 0x00, 0xC6, 0xFE, 0xCF, 0x07, 0x00, 0x00,
    0x00, 0x00, 0xC0, 0xFF, 0xFF, 0xFF, 0xDF, 0x01, 0x00, 0x00, 0x00, 0xF7, 0xFF, 0xFF, 0xFF, 0xFF,
    0x0A, 0x00, 0x00, 0x00, 0xFB, 0xFF, 0xFF, 0xFF, 0xFF, 0x0F, 0x00, 0x00, 0x00, 0xFB, 0xFF, 0xFF,
    0xFF, 0xFF, 0x0F, 0x00, 0x00, 0x00, 0xF5, 0xFF, 0xFF, 0xFF, 0xFF, 0x0D, 0x00, 0x00, 0x00, 0x00,
    0x61, 0xFF, 0xFF, 0xFF, 0x07, 0x00, 0x00, 0x00, 0x00, 0x00, 0xFE, 0xFF, 0xEF, 0x00, 0x00, 0x00,
    0x00, 0x00, 0x10, 0xFF, 0xFF, 0x5F, 0x00, 0x00, 0x00, 0x00, 0x00, 0xA0, 0xFF, 0xFF, 0x0A, 0x00,
    0x00, 0x00, 0x00, 0x00, 0xF5, 0xFF, 0xEF, 0x01, 0x00, 0x00, 0x00, 0x00, 0x10, 0xFE, 0xFF, 0x3F,
    0x00, 0x00, 0x00, 0x00, 0x00, 0x80, 0xFF, 0xFF, 0x0B, 0x00, 0x00, 0x00, 0x00, 0x00, 0xD0, 0xFF,
    0xFF, 0x1C, 0x00, 0x00, 0x00, 0x00, 0x00, 0xD0, 0xFF, 0xFF, 0xFF, 0xAE, 0x01, 0x00, 0x00, 0x00,
    0x70, 0xFF, 0xFF, 0xFF, 0xFF, 0x0A, 0x00, 0x00, 0x00, 0x00, 0xD6, 0xFF, 0xFF, 0xFF, 0x0E, 0x00,
    0x00, 0x00, 0x20, 0xD9, 0xFF, 0xFF, 0xFF, 0x0E, 0x00, 0x00, 0x00, 0xF3, 0xFF, 0xFF, 0xFF, 0xFF,
    0x0A, 0x00, 0x00, 0x00, 0xFD, 0xFF, 0xFF, 0xFF, 0xFF, 0x03, 0x00, 0x00, 0x20, 0xFF, 0xFF, 0xFF,
    0xFF, 0x4D, 0x00, 0x00, 0x00, 0x50, 0xFF, 0xFF, 0x0A, 0x00, 0x00, 0x00, 0x00, 0x00, 0x60, 0xFF,
    0xFF, 0x0A, 0x00, 0x00, 0x00, 0x00, 0x00, 0x60, 0xFF, 0xFF, 0x0F, 0x00, 0x00, 0x00, 0x00, 0x00,
    0x60, 0xFF, 0xFF, 0x3F, 0x00, 0x00, 0x00, 0x00, 0x00, 0x60, 0xFF, 0xFF, 0x7F, 0x00, 0x00, 0x00,
    0x00, 0x00, 0x80, 0xFF, 0xFF, 0x9F, 0x00, 0x00, 0x00, 0x00, 0x00, 0xE4, 0xFF, 0xFF, 0x9F, 0x00,
    0x00, 0x00, 0x60, 0xFE, 0xFF, 0xFF, 0xFF, 0x8F, 0x00, 0x00, 0x00, 0xF4, 0xFF, 0xFF, 0xFF, 0xFF,
    0x4F, 0x00, 0x00, 0x00, 0xFB, 0xFF, 0xFF, 0xFF, 0xFF, 0x0E, 0x00, 0x00, 0x00, 0xFD, 0xFF, 0xFF,
    0xFF, 0xFF, 0x04, 0x00, 0x00, 0x00, 0xFA, 0xFF, 0xFF, 0xFF, 0x5E, 0x00, 0x00, 0x00, 0x00, 0x90,
    0xFE, 0xEF, 0x6B, 0x00, 0x00, 0x00, 0x00, 0x00, 0x00, 0x20, 0xEA, 0xCF, 0x05, 0x00, 0x00, 0xF8,
    0x1B, 0x00, 0xF6, 0xFF, 0xFF, 0x9F, 0x00, 0x20, 0xFF, 0x9F, 0x40, 0xFF, 0xFF, 0xFF, 0xFF, 0x2C,
    0xB1, 0xFF, 0xBF, 0xD0, 0xFF, 0xFF, 0xFF, 0xFF, 0xFF, 0xFF, 0xFF, 0x9F, 0xF3, 0xFF, 0xFF, 0xFF,
    0xFF, 0xFF, 0xFF, 0xFF, 0x3F, 0xF5, 0xFF, 0x3F, 0x70, 0xFF, 0xFF, 0xFF, 0xFF, 0x09, 0xF3, 0xFF,
    0x07, 0x00, 0xE4, 0xFF, 0xFF, 0xBF, 0x00, 0x70, 0xCF, 0x00, 0x00, 0x20, 0xEA, 0xCF, 0x06, 0x00,
};
const GFXglyph MeltSwashes18Glyphs[] = {
    { 0, 0, 8, 0, 0, 0, 0 }, //  
    { 14, 29, 11, 0, 28, 203, 0 }, // !
    { 17, 11, 17, 3, 28, 99, 203 }, // "
    { 28, 29, 26, 0, 28, 406, 302 }, // #
    { 18, 29, 17, 1, 28, 261, 708 }, // $
    { 26, 29, 26, 1, 28, 377, 969 }, // %
    { 22, 29, 22, 0, 28, 319, 1346 }, // &
    { 9, 11, 9, 3, 28, 55, 1665 }, // '
    { 17, 35, 14, 1, 29, 315, 1720 }, // (
    { 17, 35, 14, -3, 29, 315, 2035 }, // )
    { 13, 13, 13, 3, 28, 91, 2350 }, // *
    { 19, 21, 19, 0, 20, 210, 2441 }, // +
    { 10, 12, 8, -3, 6, 60, 2651 }, // ,
    { 15, 6, 15, 0, 14, 48, 2711 }, // -
    { 8, 8, 8, -1, 7, 32, 2759 }, // .
    { 18, 33, 10, -3, 28, 297, 2791 }, // /
    { 23, 29, 23, 1, 28, 348, 3088 }, // 0
    { 15, 29, 14, 1, 28, 232, 3436 }, // 1
    { 24, 28, 21, -1, 28, 336, 3668 }, // 2
    { 23, 29, 21, 0, 28, 348, 4004 }, // 3
    { 24, 30, 22, 1, 29, 360, 4352 }, // 4
    { 23, 30, 21, 0, 29, 360, 4712 }, // 5
    { 23, 29, 22, 1, 28, 348, 5072 }, // 6
    { 22, 29, 21, 3, 28, 319, 5420 }, // 7
    { 23, 29, 21, 0, 28, 348, 5739 }, // 8
    { 23, 29, 22, 0, 28, 348, 6087 }, // 9
    { 11, 21, 8, -1, 20, 126, 6435 }, // :
    { 13, 26, 8, -3, 20, 182, 6561 }, // ;
    { 18, 17, 17, 0, 20, 153, 6743 }, // <
    { 21, 13, 20, 0, 17, 143, 6896 }, // =
    { 17, 17, 16, 0, 20, 153, 7039 }, // >
    { 19, 29, 19, 3, 28, 290, 7192 }, // ?
    { 28, 31, 26, 0, 28, 434, 7482 }, // @
    { 38, 31, 35, 0, 29, 589, 7916 }, // A
    { 38, 31, 33, -3, 29, 589, 8505 }, // B
    { 26, 31, 22, -2, 29, 403, 9094 }, // C
    { 36, 31, 33, -2, 29, 558, 9497 }, // D
    { 27, 31, 21, -3, 29, 434, 10055 }, // E
    { 33, 31, 29, 0, 29, 527, 10489 }, // F
    { 29, 38, 22, -5, 29, 570, 11016 }, // G
    { 37, 31, 35, 0, 29, 589, 11586 }, // H
    { 24, 30, 21, 0, 28, 360, 12175 }, // I
    { 27, 34, 22, -3, 29, 476, 12535 }, // J
    { 36, 31, 33, 0, 29, 558, 13011 }, // K
    { 33, 31, 28, -3, 29, 527, 13569 }, // L
    { 48, 30, 42, -3, 28, 720, 14096 }, // M
    { 37, 30, 34, -1, 28, 570, 14816 }, // N
    { 26, 31, 24, -1, 29, 403, 15386 }, // O
    { 34, 31, 33, 0, 29, 527, 15789 }, // P
    { 27, 37, 24, -3, 29, 518, 16316 }, // Q
    { 34, 31, 33, 0, 29, 527, 16834 }, // R
    { 28, 36, 22, -4, 29, 504, 17361 }, // S
    { 31, 31, 23, 0, 29, 496, 17865 }, // T
    { 37, 31, 35, 0, 29, 589, 18361 }, // U
    { 37, 31, 34, 0, 29, 589, 18950 }, // V
    { 50, 31, 47, 0, 29, 775, 19539 }, // W
    { 36, 31, 33, 0, 29, 558, 20314 }, // X
    { 34, 35, 30, 0, 29, 595, 20872 }, // Y
    { 31, 32, 22, -5, 29, 512, 21467 }, // Z
    { 19, 32, 14, -1, 28, 320, 21979 }, // [
    { 8, 35, 11, 3, 28, 140, 22299 }, // <backslash>
    { 20, 31, 15, -3, 28, 310, 22439 }, // ]
    { 15, 13, 15, 3, 29, 104, 22749 }, // ^
    { 20, 5, 14, -5, 1, 50, 22853 }, // _
    { 12, 8, 11, 3, 29, 48, 22903 }, // `
    { 20, 21, 20, 0, 20, 210, 22951 }, // a
    { 20, 29, 19, -1, 28, 290, 23161 }, // b
    { 17, 21, 16, 0, 20, 189, 23451 }, // c
    { 23, 29, 21, 0, 28, 348, 23640 }, // d
    { 18, 21, 17, 0, 20, 189, 23988 }, // e
    { 20, 30, 14, -1, 29, 300, 24177 }, // f
    { 23, 29, 19, -3, 20, 348, 24477 }, // g
    { 21, 29, 20, -1, 28, 319, 24825 }, // h
    { 13, 29, 11, 0, 28, 203, 25144 }, // i
    { 21, 37, 10, -8, 28, 407, 25347 }, // j
    { 22, 29, 19, -1, 28, 319, 25754 }, // k
    { 13, 29, 10, -1, 28, 203, 26073 }, // l
    { 32, 21, 31, -1, 20, 336, 26276 }, // m
    { 22, 21, 21, -1, 20, 231, 26612 }, // n
    { 18, 21, 18, 0, 20, 189, 26843 }, // o
    { 24, 29, 20, -4, 20, 348, 27032 }, // p
    { 21, 29, 20, 0, 20, 319, 27380 }, // q
    { 19, 21, 17, -1, 20, 210, 27699 }, // r
    { 18, 21, 17, -1, 20, 189, 27909 }, // s
    { 15, 25, 14, 0, 24, 200, 28098 }, // t
    { 20, 21, 21, 0, 20, 210, 28298 }, // u
    { 20, 21, 19, 0, 20, 210, 28508 }, // v
    { 29, 21, 29, 0, 20, 315, 28718 }, // w
    { 22, 21, 20, -1, 20, 231, 29033 }, // x
    { 26, 28, 20, -5, 20, 364, 29264 }, // y
    { 19, 20, 17, -1, 20, 200, 29628 }, // z
    { 18, 34, 14, 0, 29, 306, 29828 }, // {
    { 16, 34, 11, -2, 29, 272, 30134 }, // |
    { 18, 34, 14, -3, 29, 306, 30406 }, // }
    { 18, 8, 18, 0, 15, 72, 30712 }, // ~
};
const UnicodeInterval MeltSwashes18Intervals[] = {
    { 0x20, 0x7E, 0x0 },
};
const GFXfont MeltSwashes18 = {
    (uint8_t*)MeltSwashes18Bitmaps,
    (GFXglyph*)MeltSwashes18Glyphs,
    (UnicodeInterval*)MeltSwashes18Intervals,
    1,
    0,
    58,
    38,
    -10,
};

#pragma GCC diagnostic pop
