#pragma once
#include "epd_driver.h"

#pragma GCC diagnostic push
#pragma GCC diagnostic ignored "-Wnarrowing"
#pragma GCC diagnostic ignored "-Woverflow"
const uint8_t MeltSwashes16Bitmaps[24788] = {
    0x00, 0x00, 0x10, 0xD8, 0xEF, 0x09, 0x00, 0x00, 0xC0, 0xFF, 0xFF, 0x8F, 0x00, 0x00, 0xF3, 0xFF,
    0xFF, 0xAF, 0x00, 0x00, 0xF6, 0xFF, 0xFF, 0x8F, 0x00, 0x00, 0xF9, 0xFF, 0xFF, 0x3F, 0x00, 0x00,
    0xFB, 0xFF, 0xFF, 0x0D, 0x00, 0x00, 0xFC, 0xFF, 0xFF, 0x08, 0x00, 0x00, 0xFE, 0xFF, 0xFF, 0x01,
    0x00, 0x10, 0xFF, 0xFF, 0xBF, 0x00, 0x00, 0x30, 0xFF, 0xFF, 0x5F, 0x00, 0x00, 0x70, 0xFF, 0xFF,
    0x0F, 0x00, 0x00, 0xB0, 0xFF, 0xFF, 0x0B, 0x00, 0x00, 0xE0, 0xFF, 0xFF, 0x07, 0x00, 0x00, 0xF3,
    0xFF, 0xFF, 0x03, 0x00, 0x00, 0xF6, 0xFF, 0xEF, 0x00, 0x00, 0x00, 0xF7, 0xFF, 0x9F, 0x00, 0x00,
    0x00, 0xF4, 0xFF, 0x2F, 0x00, 0x00, 0x00, 0x60, 0x9A, 0x02, 0x00, 0x00, 0x00, 0x00, 0x00, 0x00,
    0x00, 0x00, 0x00, 0xC6, 0x8C, 0x00, 0x00, 0x00, 0x90, 0xFF, 0xFF, 0x0A, 0x00, 0x00, 0xF2, 0xFF,
    0xFF, 0x0F, 0x00, 0x00, 0xF6, 0xFF, 0xFF, 0x0F, 0x00, 0x00, 0xF5, 0xFF, 0xFF, 0x0A, 0x00, 0x00,
    0xC0, 0xFF, 0xCF, 0x01, 0x00, 0x00, 0x00, 0x75, 0x05, 0x00, 0x00, 0x00, 0x00, 0xD5, 0xEF, 0x08,
    0x40, 0xFC, 0xAE, 0x00, 0x30, 0xFF, 0xFF, 0x4F, 0xF1, 0xFF, 0xFF, 0x06, 0x70, 0xFF, 0xFF, 0x5F,
    0xF5, 0xFF, 0xFF, 0x07, 0x90, 0xFF, 0xFF, 0x2F, 0xF7, 0xFF, 0xFF, 0x05, 0xB0, 0xFF, 0xFF, 0x0D,
    0xF9, 0xFF, 0xFF, 0x00, 0xE0, 0xFF, 0xFF, 0x07, 0xFD, 0xFF, 0xAF, 0x00, 0xF2, 0xFF, 0xFF, 0x11,
    0xFF, 0xFF, 0x2F, 0x00, 0xF6, 0xFF, 0x6F, 0x40, 0xFF, 0xFF, 0x09, 0x00, 0xF7, 0xFF, 0x0B, 0x50,
    0xFF, 0xDF, 0x00, 0x00, 0xB1, 0xAF, 0x00, 0x00, 0xFA, 0x1B, 0x00, 0x00, 0x00, 0x00, 0x00, 0x00,
    0x00, 0xC3, 0xDF, 0x05, 0x00, 0xA0, 0xEF, 0x09, 0x00, 0x00, 0x00, 0x00, 0x00, 0x00, 0xFE, 0xFF,
    0x0E, 0x00, 0xF9, 0xFF, 0x5F, 0x00, 0x00, 0x00, 0x00, 0x00, 0x50, 0xFF, 0xFF, 0x0C, 0x10, 0xFF,
    0xFF, 0x2F, 0x00, 0x00, 0x00, 0x00, 0x00, 0xB0, 0xFF, 0xFF, 0x04, 0x70, 0xFF, 0xFF, 0x0B, 0x00,
    0x00, 0x00, 0x00, 0x00, 0xF0, 0xFF, 0xCF, 0x00, 0xD0, 0xFF, 0xFF, 0x03, 0x00, 0x00, 0x00, 0x00,
    0x00, 0xF5, 0xFF, 0x4F, 0x00, 0xF3, 0xFF, 0xBF, 0x00, 0x00, 0x00, 0x00, 0x00, 0x00, 0xFB, 0xFF,
    0x0E, 0x00, 0xFA, 0xFF, 0x6F, 0x00, 0x00, 0x00, 0x20, 0xFD, 0xEF, 0xFF, 0xFF, 0xFF, 0xFF, 0xFF,
    0xFF, 0xFF, 0xEF, 0x06, 0x00, 0xC0, 0xFF, 0xFF, 0xFF, 0xFF, 0xFF, 0xFF, 0xFF, 0xFF, 0xFF, 0xFF,
    0x0C, 0x00, 0xE0, 0xFF, 0xFF, 0xFF, 0xFF, 0xFF, 0xFF, 0xFF, 0xFF, 0xFF, 0xFF, 0x09, 0x00, 0x80,
    0xFF, 0xFF, 0xFF, 0xFF, 0xFF, 0xFF, 0xFF, 0xFF, 0xFF, 0xBF, 0x01, 0x00, 0x00, 0x00, 0xFA, 0xFF,
    0x1C, 0x00, 0xF7, 0xFF, 0x1D, 0x00, 0x00, 0x00, 0x00, 0x00, 0x00, 0xFE, 0xFF, 0x03, 0x00, 0xFA,
    0xFF, 0x06, 0x00, 0x00, 0x00, 0x20, 0x87, 0xC8, 0xFF, 0xFF, 0x01, 0x40, 0xFF, 0xFF, 0x8B, 0x57,
    0x00, 0x00, 0xF1, 0xFF, 0xFF, 0xFF, 0xFF, 0xFF, 0xFF, 0xFF, 0xFF, 0xFF, 0xFF, 0x03, 0x00, 0xF6,
    0xFF, 0xFF, 0xFF, 0xFF, 0xFF, 0xFF, 0xFF, 0xFF, 0xFF, 0xFF, 0x03, 0x00, 0xF5, 0xFF, 0xFF, 0xFF,
    0xFF, 0xFF, 0xFF, 0xFF, 0xFF, 0xFF, 0xDF, 0x00, 0x00, 0x50, 0xD8, 0xFF, 0xFF, 0x07, 0x20, 0xFF,
    0xFF, 0x8D, 0x78, 0x16, 0x00, 0x00, 0x00, 0xA0, 0xFF, 0xFF, 0x00, 0x50, 0xFF, 0xFF, 0x05, 0x00,
    0x00, 0x00, 0x00, 0x00, 0xF1, 0xFF, 0xAF, 0x00, 0xB0, 0xFF, 0xFF, 0x01, 0x00, 0x00, 0x00, 0x00,
    0x00, 0xF8, 0xFF, 0x5F, 0x00, 0xF2, 0xFF, 0xCF, 0x00, 0x00, 0x00, 0x00, 0x00, 0x10, 0xFF, 0xFF,
    0x0F, 0x00, 0xF8, 0xFF, 0x8F, 0x00, 0x00, 0x00, 0x00, 0x00, 0x70, 0xFF, 0xFF, 0x0B, 0x00, 0xFE,
    0xFF, 0x4F, 0x00, 0x00, 0x00, 0x00, 0x00, 0xA0, 0xFF, 0xFF, 0x06, 0x20, 0xFF, 0xFF, 0x0F, 0x00,
    0x00, 0x00, 0x00, 0x00, 0x60, 0xFF, 0xCF, 0x00, 0x00, 0xFD, 0xFF, 0x06, 0x00, 0x00, 0x00, 0x00,
    0x00, 0x00, 0x73, 0x06, 0x00, 0x00, 0x61, 0x27, 0x00, 0x00, 0x00, 0x00, 0x00, 0x00, 0x00, 0x00,
    0x00, 0x00, 0xA0, 0xEF, 0x07, 0x00, 0x00, 0x00, 0x00, 0x00, 0xF8, 0xFF, 0x0F, 0x00, 0x00, 0x00,
    0x00, 0x00, 0xFC, 0xFF, 0x0C, 0x00, 0x00, 0x00, 0x00, 0x00, 0xFE, 0xFF, 0x06, 0x00, 0x00, 0x00,
    0x00, 0x62, 0xFF, 0xFF, 0x01, 0x00, 0x00, 0x00, 0xD5, 0xFF, 0xFF, 0xFF, 0x6E, 0x00, 0x00, 0x80,
    0xFF, 0xFF, 0xFF, 0xFF, 0xFF, 0x06, 0x00, 0xF4, 0xFF, 0xFF, 0xFF, 0xFF, 0xFF, 0x0E, 0x00, 0xF9,
    0xFF, 0xFF, 0xDE, 0xFF, 0xFF, 0x0F, 0x00, 0xFA, 0xFF, 0xFF, 0x00, 0xE4, 0xFF, 0x0D, 0x00, 0xF6,
    0xFF, 0xFF, 0x06, 0x10, 0xBA, 0x04, 0x00, 0xA0, 0xFF, 0xFF, 0xDF, 0x05, 0x00, 0x00, 0x00, 0x00,
    0xD5, 0xFF, 0xFF, 0xDF, 0x03, 0x00, 0x20, 0x69, 0x00, 0xB4, 0xFF, 0xFF, 0x2F, 0x00, 0xE0, 0xFF,
    0x0B, 0x00, 0xFB, 0xFF, 0xAF, 0x00, 0xF6, 0xFF, 0xCF, 0x23, 0xFD, 0xFF, 0xDF, 0x00, 0xF8, 0xFF,
    0xFF, 0xFF, 0xFF, 0xFF, 0xCF, 0x00, 0xF6, 0xFF, 0xFF, 0xFF, 0xFF, 0xFF, 0x7F, 0x00, 0xE1, 0xFF,
    0xFF, 0xFF, 0xFF, 0xFF, 0x1E, 0x00, 0x30, 0xFE, 0xFF, 0xFF, 0xFF, 0xDF, 0x02, 0x00, 0x00, 0x70,
    0xFF, 0xFF, 0xBD, 0x06, 0x00, 0x00, 0x00, 0x60, 0xFF, 0xBF, 0x00, 0x00, 0x00, 0x00, 0x00, 0xD0,
    0xFF, 0x9F, 0x00, 0x00, 0x00, 0x00, 0x00, 0xF1, 0xFF, 0x7F, 0x00, 0x00, 0x00, 0x00, 0x00, 0xF1,
    0xFF, 0x1E, 0x00, 0x00, 0x00, 0x00, 0x00, 0x20, 0x67, 0x01, 0x00, 0x00, 0x00, 0x00, 0x00, 0x00,
    0x20, 0xD9, 0xEF, 0x08, 0x00, 0x00, 0x00, 0xC1, 0xBF, 0x02, 0x00, 0x00, 0xF6, 0xFF, 0xFF, 0x8F,
    0x00, 0x00, 0x00, 0xFD, 0xFF, 0x0C, 0x00, 0x50, 0xFF, 0xFF, 0xFF, 0xFF, 0x01, 0x00, 0xA0, 0xFF,
    0xFF, 0x0C, 0x00, 0xF1, 0xFF, 0xFF, 0xFF, 0xFF, 0x03, 0x00, 0xF6, 0xFF, 0xFF, 0x04, 0x00, 0xF8,
    0xEF, 0x04, 0xF7, 0xFF, 0x04, 0x30, 0xFF, 0xFF, 0x7F, 0x00, 0x00, 0xFE, 0x7F, 0x00, 0xF4, 0xFF,
    0x02, 0xD0, 0xFF, 0xFF, 0x07, 0x00, 0x10, 0xFF, 0xAF, 0x20, 0xFD, 0xEF, 0x00, 0xFA, 0xFF, 0x8F,
    0x00, 0x00, 0x30, 0xFF, 0xFF, 0xFF, 0xFF, 0x9F, 0x60, 0xFF, 0xFF, 0x08, 0x00, 0x00, 0x10, 0xFF,
    0xFF, 0xFF, 0xFF, 0x1F, 0xF3, 0xFF, 0x9F, 0x00, 0x00, 0x00, 0x00, 0xFE, 0xFF, 0xFF, 0xFF, 0x15,
    0xFD, 0xFF, 0x09, 0x00, 0x00, 0x00, 0x00, 0xF6, 0xFF, 0xFF, 0x5F, 0xB0, 0xFF, 0xAF, 0x00, 0x00,
    0x00, 0x00, 0x00, 0x60, 0xFD, 0xAE, 0x02, 0xF8, 0xFF, 0x0C, 0x00, 0x00, 0x00, 0x00, 0x00, 0x00,
    0x00, 0x00, 0x50, 0xFF, 0xDF, 0x01, 0x00, 0x00, 0x00, 0x00, 0x00, 0x00, 0x00, 0x00, 0xF3, 0xFF,
    0x2E, 0x00, 0x00, 0x00, 0x00, 0x00, 0x00, 0x00, 0x00, 0x20, 0xFE, 0xFF, 0x04, 0x60, 0xEC, 0xCF,
    0x04, 0x00, 0x00, 0x00, 0x00, 0xE1, 0xFF, 0x7F, 0x10, 0xFC, 0xFF, 0xFF, 0x2F, 0x00, 0x00, 0x00,
    0x10, 0xFD, 0xFF, 0x0B, 0xD0, 0xFF, 0xFF, 0xFF, 0x9F, 0x00, 0x00, 0x00, 0xD1, 0xFF, 0xEF, 0x01,
    0xF9, 0xFF, 0xFF, 0xFF, 0xCF, 0x00, 0x00, 0x00, 0xFC, 0xFF, 0x4F, 0x10, 0xFF, 0xBF, 0x11, 0xFD,
    0xCF, 0x00, 0x00, 0xB0, 0xFF, 0xFF, 0x08, 0x60, 0xFF, 0x1F, 0x00, 0xFA, 0xAF, 0x00, 0x00, 0xFB,
    0xFF, 0xCF, 0x00, 0x90, 0xFF, 0x0F, 0x20, 0xFF, 0x6F, 0x00, 0xA0, 0xFF, 0xFF, 0x2F, 0x00, 0x90,
    0xFF, 0xCF, 0xE8, 0xFF, 0x0E, 0x00, 0xF4, 0xFF, 0xFF, 0x06, 0x00, 0x70, 0xFF, 0xFF, 0xFF, 0xFF,
    0x05, 0x00, 0xF7, 0xFF, 0xAF, 0x00, 0x00, 0x20, 0xFF, 0xFF, 0xFF, 0x8F, 0x00, 0x00, 0xE1, 0xFF,
    0x0D, 0x00, 0x00, 0x00, 0xF8, 0xFF, 0xEF, 0x06, 0x00, 0x00, 0x10, 0x66, 0x00, 0x00, 0x00, 0x00,
    0x30, 0x77, 0x05, 0x00, 0x00, 0x00, 0x00, 0x00, 0x00, 0x00, 0x00, 0xA4, 0xFD, 0xDF, 0x18, 0x00,
    0x00, 0x00, 0x00, 0x00, 0xB1, 0xFF, 0xFF, 0xFF, 0xFF, 0x04, 0x00, 0x00, 0x00, 0x00, 0xFC, 0xFF,
    0xFF, 0xFF, 0xFF, 0x1F, 0x00, 0x00, 0x00, 0x60, 0xFF, 0xFF, 0xFF, 0xFF, 0xFF, 0x5F, 0x00, 0x00,
    0x00, 0xC0, 0xFF, 0xFF, 0xFF, 0xFF, 0xFF, 0x6F, 0x00, 0x00, 0x00, 0xF1, 0xFF, 0xFF, 0x13, 0xFC,
    0xFF, 0x4F, 0x00, 0x00, 0x00, 0xF2, 0xFF, 0x8F, 0x00, 0xFA, 0xFF, 0x0E, 0x00, 0x00, 0x00, 0xF3,
    0xFF, 0x7F, 0x30, 0xFF, 0xFF, 0x05, 0x00, 0x00, 0x00, 0xF2, 0xFF, 0xDF, 0xE8, 0xFF, 0x7F, 0x00,
    0x00, 0x00, 0x00, 0xF0, 0xFF, 0xFF, 0xFF, 0xEF, 0x05, 0x00, 0x00, 0x00, 0x00, 0xF6, 0xFF, 0xFF,
    0xFF, 0x18, 0x00, 0x00, 0x00, 0x00, 0xC3, 0xFF, 0xFF, 0xFF, 0x08, 0x10, 0x37, 0x00, 0x00, 0x70,
    0xFF, 0xFF, 0xFF, 0xFF, 0x04, 0xC0, 0xFF, 0x05, 0x00, 0xF8, 0xFF, 0xCF, 0xFF, 0xFF, 0x09, 0xF4,
    0xFF, 0x0D, 0x50, 0xFF, 0xFF, 0x03, 0xFF, 0xFF, 0x0E, 0xFB, 0xFF, 0x0F, 0xE0, 0xFF, 0xAF, 0x00,
    0xF9, 0xFF, 0xBF, 0xFF, 0xFF, 0x0F, 0xF6, 0xFF, 0x7F, 0x00, 0xF3, 0xFF, 0xFF, 0xFF, 0xFF, 0x0B,
    0xFA, 0xFF, 0x9F, 0x00, 0xD0, 0xFF, 0xFF, 0xFF, 0xFF, 0x03, 0xFC, 0xFF, 0xEF, 0x01, 0x80, 0xFF,
    0xFF, 0xFF, 0x8F, 0x00, 0xFC, 0xFF, 0xFF, 0x9E, 0xE9, 0xFF, 0xFF, 0xFF, 0x2F, 0x00, 0xF9, 0xFF,
    0xFF, 0xFF, 0xFF, 0xFF, 0xFF, 0xFF, 0xCF, 0x01, 0xF4, 0xFF, 0xFF, 0xFF, 0xFF, 0xFF, 0xFF, 0xFF,
    0xFF, 0x1D, 0xB0, 0xFF, 0xFF, 0xFF, 0xFF, 0xFF, 0xFF, 0xFF, 0xFF, 0x6F, 0x10, 0xFD, 0xFF, 0xFF,
    0xFF, 0xFF, 0xCB, 0xFF, 0xFF, 0x2F, 0x00, 0x90, 0xFF, 0xFF, 0xFF, 0x3A, 0x00, 0xF9, 0xFF, 0x06,
    0x00, 0x00, 0x51, 0x77, 0x15, 0x00, 0x00, 0x40, 0x37, 0x00, 0x00, 0xD5, 0xEF, 0x08, 0x30, 0xFF,
    0xFF, 0x4F, 0x70, 0xFF, 0xFF, 0x5F, 0x90, 0xFF, 0xFF, 0x2F, 0xB0, 0xFF, 0xFF, 0x0D, 0xE0, 0xFF,
    0xFF, 0x07, 0xF2, 0xFF, 0xFF, 0x01, 0xF6, 0xFF, 0x6F, 0x00, 0xF7, 0xFF, 0x0B, 0x00, 0xB1, 0xAF,
    0x00, 0x00, 0x00, 0x00, 0x00, 0x00, 0x81, 0xFD, 0x5D, 0x00, 0x00, 0x00, 0x00, 0x50, 0xFE, 0xFF,
    0xFF, 0x01, 0x00, 0x00, 0x00, 0xF6, 0xFF, 0xFF, 0xFF, 0x04, 0x00, 0x00, 0x50, 0xFF, 0xFF, 0xFF,
    0xFF, 0x02, 0x00, 0x00, 0xF2, 0xFF, 0xFF, 0xFF, 0x9F, 0x00, 0x00, 0x00, 0xFB, 0xFF, 0xFF, 0xFF,
    0x09, 0x00, 0x00, 0x50, 0xFF, 0xFF, 0xFF, 0x5F, 0x00, 0x00, 0x00, 0xD0, 0xFF, 0xFF, 0xFF, 0x03,
    0x00, 0x00, 0x00, 0xF4, 0xFF, 0xFF, 0x6F, 0x00, 0x00, 0x00, 0x00, 0xFA, 0xFF, 0xFF, 0x0B, 0x00,
    0x00, 0x00, 0x00, 0xFF, 0xFF, 0xFF, 0x03, 0x00, 0x00, 0x00, 0x50, 0xFF, 0xFF, 0xCF, 0x00, 0x00,
    0x00, 0x00, 0x90, 0xFF, 0xFF, 0x6F, 0x00, 0x00, 0x00, 0x00, 0xD0, 0xFF, 0xFF, 0x1F, 0x00, 0x00,
    0x00, 0x00, 0xF0, 0xFF, 0xFF, 0x0D, 0x00, 0x00, 0x00, 0x00, 0xF3, 0xFF, 0xFF, 0x0A, 0x00, 0x00,
    0x00, 0x00, 0xF5, 0xFF, 0xFF, 0x08, 0x00, 0x00, 0x00, 0x00, 0xF7, 0xFF, 0xFF, 0x07, 0x00, 0x00,
    0x00, 0x00, 0xF8, 0xFF, 0xFF, 0x06, 0x00, 0x00, 0x00, 0x00, 0xF9, 0xFF, 0xFF, 0x07, 0x00, 0x00,
    0x00, 0x00, 0xF9, 0xFF, 0xFF, 0x08, 0x00, 0x00, 0x00, 0x00, 0xF8, 0xFF, 0xFF, 0x0A, 0x00, 0x00,
    0x00, 0x00, 0xF6, 0xFF, 0xFF, 0x0D, 0x00, 0x00, 0x00, 0x00, 0xF4, 0xFF, 0xFF, 0x2F, 0x00, 0x00,
    0x00, 0x00, 0xF1, 0xFF, 0xFF, 0x7F, 0x00, 0x00, 0x00, 0x00, 0xD0, 0xFF, 0xFF, 0xEF, 0x00, 0x00,
    0x00, 0x00, 0x80, 0xFF, 0xFF, 0xFF, 0x05, 0x00, 0x00, 0x00, 0x20, 0xFF, 0xFF, 0xFF, 0x0A, 0x00,
    0x00, 0x00, 0x00, 0xF9, 0xFF, 0xFF, 0x0B, 0x00, 0x00, 0x00, 0x00, 0xE1, 0xFF, 0xFF, 0x07, 0x00,
    0x00, 0x00, 0x00, 0x10, 0xFB, 0x7D, 0x00, 0x00, 0x00, 0x00, 0x00, 0x00, 0x00, 0x80, 0xFE, 0x2B,
    0x00, 0x00, 0x00, 0x00, 0x00, 0xF7, 0xFF, 0xEF, 0x01, 0x00, 0x00, 0x00, 0x00, 0xFB, 0xFF, 0xFF,
    0x09, 0x00, 0x00, 0x00, 0x00, 0xFA, 0xFF, 0xFF, 0x2F, 0x00, 0x00, 0x00, 0x00, 0xF5, 0xFF, 0xFF,
    0x8F, 0x00, 0x00, 0x00, 0x00, 0xD0, 0xFF, 0xFF, 0xDF, 0x00, 0x00, 0x00, 0x00, 0x70, 0xFF, 0xFF,
    0xFF, 0x01, 0x00, 0x00, 0x00, 0x20, 0xFF, 0xFF, 0xFF, 0x04, 0x00, 0x00, 0x00, 0x00, 0xFD, 0xFF,
    0xFF, 0x07, 0x00, 0x00, 0x00, 0x00, 0xFA, 0xFF, 0xFF, 0x08, 0x00, 0x00, 0x00, 0x00, 0xF8, 0xFF,
    0xFF, 0x09, 0x00, 0x00, 0x00, 0x00, 0xF7, 0xFF, 0xFF, 0x09, 0x00, 0x00, 0x00, 0x00, 0xF6, 0xFF,
    0xFF, 0x08, 0x00, 0x00, 0x00, 0x00, 0xF7, 0xFF, 0xFF, 0x07, 0x00, 0x00, 0x00, 0x00, 0xF8, 0xFF,
    0xFF, 0x05, 0x00, 0x00, 0x00, 0x00, 0xFA, 0xFF, 0xFF, 0x03, 0x00, 0x00, 0x00, 0x00, 0xFD, 0xFF,
    0xFF, 0x01, 0x00, 0x00, 0x00, 0x10, 0xFF, 0xFF, 0xDF, 0x00, 0x00, 0x00, 0x00, 0x60, 0xFF, 0xFF,
    0x9F, 0x00, 0x00, 0x00, 0x00, 0xC0, 0xFF, 0xFF, 0x5F, 0x00, 0x00, 0x00, 0x00, 0xF3, 0xFF, 0xFF,
    0x0F, 0x00, 0x00, 0x00, 0x00, 0xFC, 0xFF, 0xFF, 0x0A, 0x00, 0x00, 0x00, 0x60, 0xFF, 0xFF, 0xFF,
    0x04, 0x00, 0x00, 0x00, 0xF4, 0xFF, 0xFF, 0xDF, 0x00, 0x00, 0x00, 0x50, 0xFF, 0xFF, 0xFF, 0x5F,
    0x00, 0x00, 0x00, 0xF9, 0xFF, 0xFF, 0xFF, 0x0B, 0x00, 0x00, 0xA0, 0xFF, 0xFF, 0xFF, 0xFF, 0x02,
    0x00, 0x00, 0xF2, 0xFF, 0xFF, 0xFF, 0x5F, 0x00, 0x00, 0x00, 0xF4, 0xFF, 0xFF, 0xFF, 0x06, 0x00,
    0x00, 0x00, 0xF1, 0xFF, 0xFF, 0x5E, 0x00, 0x00, 0x00, 0x00, 0x50, 0xFD, 0x8D, 0x01, 0x00, 0x00,
    0x00, 0x00, 0x00, 0x00, 0x60, 0xDF, 0x02, 0x00, 0x00, 0x00, 0xD0, 0xFF, 0x05, 0x00, 0x40, 0xBD,
    0xA1, 0xEF, 0x01, 0x00, 0xC0, 0xFF, 0x6D, 0x6F, 0xE7, 0x6F, 0x50, 0xFE, 0xFF, 0xFF, 0xFF, 0xBF,
    0x00, 0x20, 0xF8, 0xFF, 0xFF, 0x3D, 0xC0, 0xFF, 0xFF, 0xEF, 0x26, 0x00, 0xF4, 0xFF, 0xB4, 0x5C,
    0xFF, 0x1C, 0xD1, 0x4E, 0xF2, 0x0E, 0xFE, 0x4F, 0x00, 0x00, 0xFA, 0x3F, 0xF5, 0x0C, 0x00, 0x00,
    0xFE, 0x5F, 0x00, 0x00, 0x00, 0x00, 0xF7, 0x0B, 0x00, 0x00, 0x00, 0x00, 0x00, 0x00, 0xB1, 0xCF,
    0x01, 0x00, 0x00, 0x00, 0x00, 0x00, 0x00, 0xFA, 0xFF, 0x08, 0x00, 0x00, 0x00, 0x00, 0x00, 0x00,
    0xFF, 0xFF, 0x09, 0x00, 0x00, 0x00, 0x00, 0x00, 0x20, 0xFF, 0xFF, 0x07, 0x00, 0x00, 0x00, 0x00,
    0x00, 0x40, 0xFF, 0xFF, 0x02, 0x00, 0x00, 0x00, 0x00, 0x00, 0x40, 0xFF, 0xCF, 0x00, 0x00, 0x00,
    0x00, 0x00, 0x00, 0x60, 0xFF, 0x8F, 0x00, 0x00, 0x00, 0x20, 0xFB, 0xBE, 0xE8, 0xFF, 0xEF, 0xC8,
    0xEF, 0x04, 0xD0, 0xFF, 0xFF, 0xFF, 0xFF, 0xFF, 0xFF, 0xFF, 0x0D, 0xF1, 0xFF, 0xFF, 0xFF, 0xFF,
    0xFF, 0xFF, 0xFF, 0x0C, 0xF1, 0xFF, 0xFF, 0xFF, 0xFF, 0xFF, 0xFF, 0xFF, 0x08, 0x70, 0xDE, 0x15,
    0xFE, 0xFF, 0x23, 0xD8, 0xAF, 0x00, 0x00, 0x00, 0x00, 0xFF, 0xDF, 0x00, 0x00, 0x00, 0x00, 0x00,
    0x00, 0x60, 0xFF, 0xCF, 0x00, 0x00, 0x00, 0x00, 0x00, 0x00, 0xD0, 0xFF, 0xBF, 0x00, 0x00, 0x00,
    0x00, 0x00, 0x00, 0xF2, 0xFF, 0x9F, 0x00, 0x00, 0x00, 0x00, 0x00, 0x00, 0xF3, 0xFF, 0x5F, 0x00,
    0x00, 0x00, 0x00, 0x00, 0x00, 0xE0, 0xFF, 0x0C, 0x00, 0x00, 0x00, 0x00, 0x00, 0x00, 0x10, 0x67,
    0x00, 0x00, 0x00, 0x00, 0x00, 0x00, 0x90, 0xEE, 0x0A, 0x00, 0xFC, 0xFF, 0x9F, 0x50, 0xFF, 0xFF,
    0xDF, 0x80, 0xFF, 0xFF, 0xEF, 0x60, 0xFF, 0xFF, 0xCF, 0x00, 0xFA, 0xFF, 0x9F, 0x00, 0x50, 0xFF,
    0x3F, 0x00, 0xA1, 0xFF, 0x0B, 0x80, 0xFF, 0xFF, 0x02, 0xFC, 0xFF, 0x4F, 0x00, 0xF9, 0xBF, 0x02,
    0x00, 0x10, 0xFB, 0xFF, 0xFF, 0xFF, 0xFF, 0x0A, 0xC0, 0xFF, 0xFF, 0xFF, 0xFF, 0xFF, 0x0E, 0xF1,
    0xFF, 0xFF, 0xFF, 0xFF, 0xFF, 0x0C, 0xF2, 0xFF, 0xFF, 0xFF, 0xFF, 0xFF, 0x05, 0xB0, 0xBF, 0x15,
    0x30, 0xE8, 0x7E, 0x00, 0x00, 0xC8, 0x6B, 0x00, 0xC0, 0xFF, 0xFF, 0x07, 0xF5, 0xFF, 0xFF, 0x0D,
    0xF9, 0xFF, 0xFF, 0x0C, 0xF8, 0xFF, 0xFF, 0x07, 0xE1, 0xFF, 0xAF, 0x00, 0x10, 0x76, 0x03, 0x00,
    0x00, 0x00, 0x00, 0x00, 0x00, 0x10, 0xFB, 0x2C, 0x00, 0x00, 0x00, 0x00, 0x00, 0xA0, 0xFF, 0xBF,
    0x00, 0x00, 0x00, 0x00, 0x00, 0xF1, 0xFF, 0xBF, 0x00, 0x00, 0x00, 0x00, 0x00, 0xF7, 0xFF, 0x7F,
    0x00, 0x00, 0x00, 0x00, 0x00, 0xFD, 0xFF, 0x0F, 0x00, 0x00, 0x00, 0x00, 0x30, 0xFF, 0xFF, 0x08,
    0x00, 0x00, 0x00, 0x00, 0x90, 0xFF, 0xFF, 0x01, 0x00, 0x00, 0x00, 0x00, 0xF0, 0xFF, 0x8F, 0x00,
    0x00, 0x00, 0x00, 0x00, 0xF6, 0xFF, 0x1F, 0x00, 0x00, 0x00, 0x00, 0x00, 0xFC, 0xFF, 0x08, 0x00,
    0x00, 0x00, 0x00, 0x20, 0xFF, 0xFF, 0x01, 0x00, 0x00, 0x00, 0x00, 0x80, 0xFF, 0x9F, 0x00, 0x00,
    0x00, 0x00, 0x00, 0xE0, 0xFF, 0x2F, 0x00, 0x00, 0x00, 0x00, 0x00, 0xF5, 0xFF, 0x0A, 0x00, 0x00,
    0x00, 0x00, 0x00, 0xFC, 0xFF, 0x02, 0x00, 0x00, 0x00, 0x00, 0x30, 0xFF, 0xBF, 0x00, 0x00, 0x00,
    0x00, 0x00, 0xB0, 0xFF, 0x5F, 0x00, 0x00, 0x00, 0x00, 0x00, 0xF2, 0xFF, 0x0E, 0x00, 0x00, 0x00,
    0x00, 0x00, 0xFA, 0xFF, 0x08, 0x00, 0x00, 0x00, 0x00, 0x20, 0xFF, 0xFF, 0x01, 0x00, 0x00, 0x00,
    0x00, 0x90, 0xFF, 0xBF, 0x00, 0x00, 0x00, 0x00, 0x00, 0xF2, 0xFF, 0x5F, 0x00, 0x00, 0x00, 0x00,
    0x00, 0xF9, 0xFF, 0x0F, 0x00, 0x00, 0x00, 0x00, 0x10, 0xFF, 0xFF, 0x09, 0x00, 0x00, 0x00, 0x00,
    0x90, 0xFF, 0xFF, 0x03, 0x00, 0x00, 0x00, 0x00, 0xF1, 0xFF, 0xDF, 0x00, 0x00, 0x00, 0x00, 0x00,
    0xF7, 0xFF, 0x7F, 0x00, 0x00, 0x00, 0x00, 0x00, 0xF8, 0xFF, 0x1F, 0x00, 0x00, 0x00, 0x00, 0x00,
    0xF3, 0xFF, 0x08, 0x00, 0x00, 0x00, 0x00, 0x00, 0x20, 0x46, 0x00, 0x00, 0x00, 0x00, 0x00, 0x00,
    0x00, 0x00, 0x00, 0x00, 0x82, 0xEC, 0xEF, 0x6B, 0x00, 0x00, 0x00, 0x00, 0x00, 0x00, 0x90, 0xFF,
    0xFF, 0xFF, 0xFF, 0x3E, 0x00, 0x00, 0x00, 0x00, 0x10, 0xFD, 0xFF, 0xFF, 0xFF, 0xFF, 0xFF, 0x02,
    0x00, 0x00, 0x00, 0xE2, 0xFF, 0xFF, 0xFF, 0xFF, 0xFF, 0xFF, 0x0C, 0x00, 0x00, 0x00, 0xFD, 0xFF,
    0xFF, 0xFF, 0xFF, 0xFF, 0xFF, 0x4F, 0x00, 0x00, 0x90, 0xFF, 0xFF, 0xFF, 0xFF, 0xFF, 0xFF, 0xFF,
    0x9F, 0x00, 0x00, 0xF3, 0xFF, 0xFF, 0xBF, 0x56, 0xE8, 0xFF, 0xFF, 0xDF, 0x00, 0x00, 0xFB, 0xFF,
    0xFF, 0x05, 0x00, 0x20, 0xFF, 0xFF, 0xFF, 0x00, 0x30, 0xFF, 0xFF, 0x5F, 0x00, 0x00, 0x00, 0xF8,
    0xFF, 0xFF, 0x01, 0x90, 0xFF, 0xFF, 0x0B, 0x00, 0x00, 0x00, 0xF4, 0xFF, 0xFF, 0x01, 0xE0, 0xFF,
    0xFF, 0x03, 0x00, 0x00, 0x00, 0xF2, 0xFF, 0xFF, 0x00, 0xF2, 0xFF, 0xEF, 0x00, 0x00, 0x00, 0x00,
    0xF2, 0xFF, 0xFF, 0x00, 0xF6, 0xFF, 0xBF, 0x00, 0x00, 0x00, 0x00, 0xF4, 0xFF, 0xCF, 0x00, 0xF8,
    0xFF, 0x9F, 0x00, 0x00, 0x00, 0x00, 0xF9, 0xFF, 0x9F, 0x00, 0xFA, 0xFF, 0xAF, 0x00, 0x00, 0x00,
    0x00, 0xFE, 0xFF, 0x5F, 0x00, 0xFB, 0xFF, 0xCF, 0x00, 0x00, 0x00, 0x70, 0xFF, 0xFF, 0x0F, 0x00,
    0xFB, 0xFF, 0xFF, 0x02, 0x00, 0x00, 0xF3, 0xFF, 0xFF, 0x09, 0x00, 0xFA, 0xFF, 0xFF, 0x0C, 0x00,
    0x30, 0xFE, 0xFF, 0xFF, 0x03, 0x00, 0xF7, 0xFF, 0xFF, 0xEF, 0x89, 0xFB, 0xFF, 0xFF, 0xAF, 0x00,
    0x00, 0xF5, 0xFF, 0xFF, 0xFF, 0xFF, 0xFF, 0xFF, 0xFF, 0x1F, 0x00, 0x00, 0xF0, 0xFF, 0xFF, 0xFF,
    0xFF, 0xFF, 0xFF, 0xFF, 0x06, 0x00, 0x00, 0x90, 0xFF, 0xFF, 0xFF, 0xFF, 0xFF, 0xFF, 0x9F, 0x00,
    0x00, 0x00, 0x10, 0xFE, 0xFF, 0xFF, 0xFF, 0xFF, 0xFF, 0x09, 0x00, 0x00, 0x00, 0x00, 0xF4, 0xFF,
    0xFF, 0xFF, 0xFF, 0x6F, 0x00, 0x00, 0x00, 0x00, 0x00, 0x20, 0xFC, 0xFF, 0xFF, 0x9F, 0x02, 0x00,
    0x00, 0x00, 0x00, 0x00, 0x00, 0x20, 0x75, 0x46, 0x00, 0x00, 0x00, 0x00, 0x00, 0x00, 0x00, 0x00,
    0x00, 0x00, 0xD5, 0xCF, 0x02, 0x00, 0x00, 0x00, 0x70, 0xFF, 0xFF, 0x0C, 0x00, 0x00, 0x00, 0xF8,
    0xFF, 0xFF, 0x0D, 0x00, 0x00, 0x90, 0xFF, 0xFF, 0xFF, 0x0B, 0x00, 0x10, 0xFB, 0xFF, 0xFF, 0xFF,
    0x07, 0x00, 0xD1, 0xFF, 0xFF, 0xFF, 0xFF, 0x01, 0x00, 0xFA, 0xFF, 0xFF, 0xFF, 0xBF, 0x00, 0x00,
    0xFE, 0xFF, 0xFF, 0xFF, 0x5F, 0x00, 0x00, 0xF9, 0xFF, 0xFF, 0xFF, 0x0E, 0x00, 0x00, 0x20, 0xFA,
    0xFF, 0xFF, 0x09, 0x00, 0x00, 0x00, 0xF5, 0xFF, 0xFF, 0x04, 0x00, 0x00, 0x00, 0xF7, 0xFF, 0xFF,
    0x00, 0x00, 0x00, 0x00, 0xFB, 0xFF, 0xAF, 0x00, 0x00, 0x00, 0x00, 0xFF, 0xFF, 0x7F, 0x00, 0x00,
    0x00, 0x50, 0xFF, 0xFF, 0x3F, 0x00, 0x00, 0x00, 0xA0, 0xFF, 0xFF, 0x0F, 0x00, 0x00, 0x00, 0xF1,
    0xFF, 0xFF, 0x0D, 0x00, 0x00, 0x00, 0xF7, 0xFF, 0xFF, 0x0B, 0x00, 0x00, 0x00, 0xFD, 0xFF, 0xFF,
    0x09, 0x00, 0x00, 0x30, 0xFF, 0xFF, 0xFF, 0x07, 0x00, 0x00, 0xA0, 0xFF, 0xFF, 0xFF, 0x06, 0x00,
    0x00, 0xF0, 0xFF, 0xFF, 0xFF, 0x04, 0x00, 0x00, 0xF2, 0xFF, 0xFF, 0xFF, 0x02, 0x00, 0x00, 0xF3,
    0xFF, 0xFF, 0xDF, 0x00, 0x00, 0x00, 0xC0, 0xFF, 0xFF, 0x2D, 0x00, 0x00, 0x00, 0x00, 0x74, 0x47,
    0x00, 0x00, 0x00, 0x00, 0x00, 0x00, 0x00, 0x00, 0x40, 0xC9, 0xFE, 0xDE, 0x59, 0x00, 0x00, 0x00,
    0x00, 0x00, 0x40, 0xFD, 0xFF, 0xFF, 0xFF, 0xFF, 0x2C, 0x00, 0x00, 0x00, 0x00, 0xF7, 0xFF, 0xFF,
    0xFF, 0xFF, 0xFF, 0xDF, 0x01, 0x00, 0x00, 0x60, 0xFF, 0xFF, 0xFF, 0xFF, 0xFF, 0xFF, 0xFF, 0x07,
    0x00, 0x00, 0xF0, 0xFF, 0xFF, 0xFF, 0xFF, 0xFF, 0xFF, 0xFF, 0x0D, 0x00, 0x00, 0xF4, 0xFF, 0xFF,
    0xFF, 0xFF, 0xFF, 0xFF, 0xFF, 0x0F, 0x00, 0x00, 0xF6, 0xFF, 0xFF, 0xAF, 0x66, 0xFD, 0xFF, 0xFF,
    0x0E, 0x00, 0x00, 0xF4, 0xFF, 0xFF, 0x06, 0x00, 0xF2, 0xFF, 0xFF, 0x0C, 0x00, 0x00, 0xD0, 0xFF,
    0xAF, 0x00, 0x00, 0xF2, 0xFF, 0xFF, 0x08, 0x00, 0x00, 0x10, 0xA8, 0x07, 0x00, 0x10, 0xFC, 0xFF,
    0xFF, 0x01, 0x00, 0x00, 0x00, 0x00, 0x00, 0x00, 0xD5, 0xFF, 0xFF, 0x7F, 0x00, 0x00, 0x00, 0x00,
    0x00, 0x00, 0xD6, 0xFF, 0xFF, 0xFF, 0x09, 0x00, 0x00, 0x00, 0x00, 0x00, 0xE7, 0xFF, 0xFF, 0xFF,
    0x6F, 0x00, 0x00, 0x00, 0x00, 0x00, 0xE5, 0xFF, 0xFF, 0xFF, 0x8E, 0x01, 0x00, 0x00, 0x00, 0x00,
    0xB0, 0xFF, 0xFF, 0xFF, 0x6D, 0x00, 0x00, 0x00, 0x00, 0x00, 0x10, 0xFD, 0xFF, 0xFF, 0x5C, 0x00,
    0x00, 0x00, 0x00, 0x00, 0x00, 0xC0, 0xFF, 0xFF, 0x4F, 0x00, 0x00, 0x00, 0x00, 0x00, 0x00, 0x00,
    0xF8, 0xFF, 0xFF, 0x09, 0x00, 0x40, 0xD9, 0x9E, 0x00, 0x00, 0x10, 0xFF, 0xFF, 0xFF, 0x6D, 0x96,
    0xFE, 0xFF, 0xFF, 0x04, 0x00, 0x70, 0xFF, 0xFF, 0xFF, 0xFF, 0xFF, 0xFF, 0xFF, 0xFF, 0x06, 0x00,
    0xC0, 0xFF, 0xFF, 0xFF, 0xFF, 0xFF, 0xFF, 0xFF, 0xFF, 0x04, 0x00, 0xE0, 0xFF, 0xFF, 0xFF, 0xFF,
    0xFF, 0xFF, 0xFF, 0xFF, 0x01, 0x00, 0xF0, 0xFF, 0xFF, 0xFF, 0xFF, 0xFF, 0xFF, 0xFF, 0xCF, 0x00,
    0x00, 0xD0, 0xFF, 0xFF, 0xFF, 0xFF, 0xFF, 0xFF, 0xFF, 0x4F, 0x00, 0x00, 0x40, 0xFD, 0xFF, 0xFF,
    0xFF, 0xFF, 0xFF, 0xCF, 0x04, 0x00, 0x00, 0x00, 0x00, 0x00, 0x00, 0x83, 0xEC, 0xFF, 0xBE, 0x17,
    0x00, 0x00, 0x00, 0x00, 0x00, 0xC3, 0xFF, 0xFF, 0xFF, 0xFF, 0xFF, 0x07, 0x00, 0x00, 0x00, 0x60,
    0xFF, 0xFF, 0xFF, 0xFF, 0xFF, 0xFF, 0x6F, 0x00, 0x00, 0x00, 0xF4, 0xFF, 0xFF, 0xFF, 0xFF, 0xFF,
    0xFF, 0xEF, 0x00, 0x00, 0x00, 0xFC, 0xFF, 0xFF, 0xFF, 0xFF, 0xFF, 0xFF, 0xFF, 0x03, 0x00, 0x00,
    0xFF, 0xFF, 0xFF, 0xFF, 0xFF, 0xFF, 0xFF, 0xFF, 0x04, 0x00, 0x00, 0xFF, 0xFF, 0xFF, 0x6B, 0x95,
    0xFF, 0xFF, 0xFF, 0x02, 0x00, 0x00, 0xFB, 0xFF, 0x7F, 0x00, 0x00, 0xFB, 0xFF, 0xEF, 0x00, 0x00,
    0x00, 0x91, 0xCD, 0x06, 0x00, 0x30, 0xFF, 0xFF, 0x6F, 0x00, 0x00, 0x00, 0x00, 0x00, 0x00, 0x41,
    0xF9, 0xFF, 0xFF, 0x0B, 0x00, 0x00, 0x00, 0x00, 0xC3, 0xFF, 0xFF, 0xFF, 0xFF, 0x9F, 0x00, 0x00,
    0x00, 0x00, 0x00, 0xFD, 0xFF, 0xFF, 0xFF, 0xCF, 0x03, 0x00, 0x00, 0x00, 0x00, 0x00, 0xFF, 0xFF,
    0xFF, 0xFF, 0xFF, 0x05, 0x00, 0x00, 0x00, 0x00, 0x00, 0xFE, 0xFF, 0xFF, 0xFF, 0xFF, 0x1F, 0x00,
    0x00, 0x00, 0x00, 0x00, 0x41, 0x02, 0x91, 0xFF, 0xFF, 0x8F, 0x00, 0x00, 0x10, 0xB8, 0x08, 0x00,
    0x00, 0x00, 0xFD, 0xFF, 0xBF, 0x00, 0x00, 0xE1, 0xFF, 0xBF, 0x00, 0x00, 0x00, 0xFA, 0xFF, 0xDF,
    0x00, 0x00, 0xF9, 0xFF, 0xFF, 0x05, 0x00, 0x00, 0xFD, 0xFF, 0xCF, 0x00, 0x00, 0xFD, 0xFF, 0xFF,
    0x4E, 0x00, 0xA1, 0xFF, 0xFF, 0x9F, 0x00, 0x00, 0xFF, 0xFF, 0xFF, 0xFF, 0xDE, 0xFF, 0xFF, 0xFF,
    0x4F, 0x00, 0x00, 0xFD, 0xFF, 0xFF, 0xFF, 0xFF, 0xFF, 0xFF, 0xFF, 0x0C, 0x00, 0x00, 0xF9, 0xFF,
    0xFF, 0xFF, 0xFF, 0xFF, 0xFF, 0xFF, 0x03, 0x00, 0x00, 0xF1, 0xFF, 0xFF, 0xFF, 0xFF, 0xFF, 0xFF,
    0x5F, 0x00, 0x00, 0x00, 0x30, 0xFF, 0xFF, 0xFF, 0xFF, 0xFF, 0xEF, 0x04, 0x00, 0x00, 0x00, 0x00,
    0xA1, 0xFF, 0xFF, 0xFF, 0xEF, 0x07, 0x00, 0x00, 0x00, 0x00, 0x00, 0x00, 0x40, 0x76, 0x57, 0x02,
    0x00, 0x00, 0x00, 0x00, 0x00, 0x00, 0x00, 0x00, 0x00, 0x00, 0x00, 0x93, 0xEC, 0xFF, 0x5C, 0x00,
    0x00, 0x00, 0x00, 0x00, 0x00, 0xC3, 0xFF, 0xFF, 0xFF, 0xFF, 0x04, 0x00, 0x00, 0x00, 0x00, 0x80,
    0xFF, 0xFF, 0xFF, 0xFF, 0xFF, 0x09, 0x00, 0x00, 0x00, 0x00, 0xFB, 0xFF, 0xFF, 0xFF, 0xFF, 0xFF,
    0x09, 0x00, 0x00, 0x00, 0xB0, 0xFF, 0xFF, 0xFF, 0xFF, 0xFF, 0xFF, 0x03, 0x00, 0x00, 0x00, 0xFB,
    0xFF, 0xFF, 0xFF, 0xFF, 0xFF, 0x8F, 0x00, 0x00, 0x00, 0xB0, 0xFF, 0xFF, 0xEF, 0xFF, 0xFF, 0xFF,
    0x0B, 0x00, 0x00, 0x00, 0xF9, 0xFF, 0xFF, 0x07, 0xF9, 0xFF, 0xFF, 0x02, 0x00, 0x00, 0x60, 0xFF,
    0xFF, 0x7F, 0x00, 0xF9, 0xFF, 0xDF, 0x00, 0x00, 0x00, 0xF3, 0xFF, 0xFF, 0x09, 0x00, 0xFD, 0xFF,
    0xAF, 0x00, 0x00, 0x10, 0xFE, 0xFF, 0xCF, 0x00, 0x10, 0xFF, 0xFF, 0x6F, 0x00, 0x00, 0xA0, 0xFF,
    0xFF, 0x1F, 0x00, 0x70, 0xFF, 0xFF, 0x2F, 0x00, 0x00, 0xF3, 0xFF, 0xFF, 0x08, 0x00, 0xD0, 0xFF,
    0xFF, 0x0D, 0x00, 0x00, 0xFA, 0xFF, 0xFF, 0x06, 0x00, 0xF6, 0xFF, 0xFF, 0x8E, 0x18, 0x00, 0xFE,
    0xFF, 0xFF, 0xBF, 0xDB, 0xFF, 0xFF, 0xFF, 0xFF, 0x5F, 0x00, 0xFE, 0xFF, 0xFF, 0xFF, 0xFF, 0xFF,
    0xFF, 0xFF, 0xFF, 0x2F, 0x00, 0xFB, 0xFF, 0xFF, 0xFF, 0xFF, 0xFF, 0xFF, 0xFF, 0xFF, 0x0C, 0x00,
    0xF3, 0xFF, 0xFF, 0xFF, 0xFF, 0xFF, 0xFF, 0xFF, 0xCF, 0x02, 0x00, 0x30, 0xFC, 0xFF, 0xFF, 0xFF,
    0xFF, 0xFF, 0xBF, 0x02, 0x00, 0x00, 0x00, 0x20, 0x44, 0x23, 0xFB, 0xFF, 0xFF, 0x0E, 0x00, 0x00,
    0x00, 0x00, 0x00, 0x00, 0x00, 0xFE, 0xFF, 0xFF, 0x0B, 0x00, 0x00, 0x00, 0x00, 0x00, 0x00, 0x60,
    0xFF, 0xFF, 0xFF, 0x0A, 0x00, 0x00, 0x00, 0x00, 0x00, 0x00, 0xB0, 0xFF, 0xFF, 0xFF, 0x08, 0x00,
    0x00, 0x00, 0x00, 0x00, 0x00, 0xE0, 0xFF, 0xFF, 0xFF, 0x05, 0x00, 0x00, 0x00, 0x00, 0x00, 0x00,
    0xC0, 0xFF, 0xFF, 0xEF, 0x01, 0x00, 0x00, 0x00, 0x00, 0x00, 0x00, 0x50, 0xFF, 0xFF, 0x4F, 0x00,
    0x00, 0x00, 0x00, 0x00, 0x00, 0x00, 0x00, 0x62, 0x57, 0x01, 0x00, 0x00, 0x00, 0x00, 0x00, 0x00,
    0x00, 0xF8, 0x0C, 0x00, 0x10, 0x95, 0xFC, 0xAF, 0x00, 0x00, 0x00, 0x30, 0xFF, 0xAF, 0x75, 0xFC,
    0xFF, 0xFF, 0xFF, 0x04, 0x00, 0x00, 0x80, 0xFF, 0xFF, 0xFF, 0xFF, 0xFF, 0xFF, 0xFF, 0x06, 0x00,
    0x00, 0xD0, 0xFF, 0xFF, 0xFF, 0xFF, 0xFF, 0xFF, 0xFF, 0x04, 0x00, 0x00, 0xF1, 0xFF, 0xFF, 0xFF,
    0xFF, 0xFF, 0xFF, 0xFF, 0x01, 0x00, 0x00, 0xF6, 0xFF, 0xFF, 0xFF, 0xFF, 0xFF, 0xFF, 0xCF, 0x00,
    0x00, 0x00, 0xFB, 0xFF, 0xFF, 0xFF, 0xFF, 0xFF, 0xFF, 0x4F, 0x00, 0x00, 0x00, 0xFF, 0xFF, 0xFF,
    0xFF, 0xFF, 0xFF, 0xDF, 0x05, 0x00, 0x00, 0x30, 0xFF, 0xFF, 0x4E, 0x00, 0x00, 0x00, 0x00, 0x00,
    0x00, 0x00, 0x80, 0xFF, 0xFF, 0x06, 0x00, 0x00, 0x00, 0x00, 0x00, 0x00, 0x00, 0xB0, 0xFF, 0xFF,
    0x14, 0x64, 0x25, 0x00, 0x00, 0x00, 0x00, 0x00, 0xE0, 0xFF, 0xFF, 0xFF, 0xFF, 0xFF, 0x3C, 0x00,
    0x00, 0x00, 0x00, 0xF0, 0xFF, 0xFF, 0xFF, 0xFF, 0xFF, 0xFF, 0x04, 0x00, 0x00, 0x00, 0xF0, 0xFF,
    0xFF, 0xFF, 0xFF, 0xFF, 0xFF, 0x1E, 0x00, 0x00, 0x00, 0xA0, 0xFF, 0xFF, 0xBE, 0xEA, 0xFF, 0xFF,
    0x7F, 0x00, 0x00, 0x00, 0x00, 0xA6, 0x39, 0x00, 0x10, 0xFE, 0xFF, 0xCF, 0x00, 0x00, 0x00, 0x63,
    0x04, 0x00, 0x00, 0x00, 0xF9, 0xFF, 0xEF, 0x00, 0x00, 0xA0, 0xFF, 0xAF, 0x00, 0x00, 0x00, 0xF9,
    0xFF, 0xFF, 0x00, 0x00, 0xF6, 0xFF, 0xFF, 0x05, 0x00, 0x00, 0xFD, 0xFF, 0xEF, 0x00, 0x00, 0xFC,
    0xFF, 0xFF, 0x4F, 0x00, 0xA1, 0xFF, 0xFF, 0xBF, 0x00, 0x00, 0xFD, 0xFF, 0xFF, 0xFF, 0xDE, 0xFF,
    0xFF, 0xFF, 0x6F, 0x00, 0x00, 0xFB, 0xFF, 0xFF, 0xFF, 0xFF, 0xFF, 0xFF, 0xFF, 0x0E, 0x00, 0x00,
    0xF6, 0xFF, 0xFF, 0xFF, 0xFF, 0xFF, 0xFF, 0xFF, 0x04, 0x00, 0x00, 0xD0, 0xFF, 0xFF, 0xFF, 0xFF,
    0xFF, 0xFF, 0x6F, 0x00, 0x00, 0x00, 0x20, 0xFE, 0xFF, 0xFF, 0xFF, 0xFF, 0xEF, 0x05, 0x00, 0x00,
    0x00, 0x00, 0x91, 0xFF, 0xFF, 0xFF, 0xEF, 0x18, 0x00, 0x00, 0x00, 0x00, 0x00, 0x00, 0x40, 0x76,
    0x57, 0x02, 0x00, 0x00, 0x00, 0x00, 0x00, 0x00, 0x00, 0x00, 0x00, 0x20, 0xC8, 0xFE, 0xCE, 0x17,
    0x00, 0x00, 0x00, 0x00, 0x10, 0xFA, 0xFF, 0xFF, 0xFF, 0xFF, 0x05, 0x00, 0x00, 0x00, 0xE3, 0xFF,
    0xFF, 0xFF, 0xFF, 0xFF, 0x4F, 0x00, 0x00, 0x30, 0xFF, 0xFF, 0xFF, 0xFF, 0xFF, 0xFF, 0xBF, 0x00,
    0x00, 0xE2, 0xFF, 0xFF, 0xFF, 0xFF, 0xFF, 0xFF, 0xDF, 0x00, 0x00, 0xFC, 0xFF, 0xFF, 0xFF, 0xFF,
    0xFF, 0xFF, 0xBF, 0x00, 0x70, 0xFF, 0xFF, 0xDF, 0x57, 0xB6, 0xFF, 0xFF, 0x3F, 0x00, 0xF1, 0xFF,
    0xFF, 0x08, 0x00, 0x00, 0x93, 0x9B, 0x02, 0x00, 0xF8, 0xFF, 0xBF, 0x00, 0x00, 0x00, 0x00, 0x00,
    0x00, 0x00, 0xFE, 0xFF, 0x9F, 0x94, 0xFD, 0xCE, 0x18, 0x00, 0x00, 0x40, 0xFF, 0xFF, 0xFF, 0xFF,
    0xFF, 0xFF, 0xFF, 0x05, 0x00, 0x90, 0xFF, 0xFF, 0xFF, 0xFF, 0xFF, 0xFF, 0xFF, 0x3F, 0x00, 0xD0,
    0xFF, 0xFF, 0xFF, 0xFF, 0xFF, 0xFF, 0xFF, 0xBF, 0x00, 0xF0, 0xFF, 0xFF, 0xFF, 0x16, 0x91, 0xFF,
    0xFF, 0xFF, 0x01, 0xF3, 0xFF, 0xFF, 0x7F, 0x00, 0x00, 0xFD, 0xFF, 0xFF, 0x02, 0xF4, 0xFF, 0xFF,
    0x0F, 0x00, 0x00, 0xF9, 0xFF, 0xFF, 0x04, 0xF4, 0xFF, 0xFF, 0x0E, 0x00, 0x00, 0xFA, 0xFF, 0xFF,
    0x02, 0xF3, 0xFF, 0xFF, 0x0F, 0x00, 0x10, 0xFF, 0xFF, 0xFF, 0x00, 0xF1, 0xFF, 0xFF, 0xAF, 0x00,
    0xC1, 0xFF, 0xFF, 0xCF, 0x00, 0xE0, 0xFF, 0xFF, 0xFF, 0xDF, 0xFF, 0xFF, 0xFF, 0x6F, 0x00, 0xA0,
    0xFF, 0xFF, 0xFF, 0xFF, 0xFF, 0xFF, 0xFF, 0x0D, 0x00, 0x30, 0xFF, 0xFF, 0xFF, 0xFF, 0xFF, 0xFF,
    0xFF, 0x03, 0x00, 0x00, 0xFA, 0xFF, 0xFF, 0xFF, 0xFF, 0xFF, 0x7F, 0x00, 0x00, 0x00, 0xB0, 0xFF,
    0xFF, 0xFF, 0xFF, 0xFF, 0x05, 0x00, 0x00, 0x00, 0x00, 0xF8, 0xFF, 0xFF, 0xFF, 0x2A, 0x00, 0x00,
    0x00, 0x00, 0x00, 0x00, 0x74, 0x67, 0x14, 0x00, 0x00, 0x00, 0x00, 0x00, 0x00, 0xC6, 0xFE, 0xBE,
    0x16, 0x00, 0x00, 0xE3, 0x2D, 0x00, 0xD1, 0xFF, 0xFF, 0xFF, 0xFF, 0x7B, 0x65, 0xFE, 0xBF, 0x00,
    0xFD, 0xFF, 0xFF, 0xFF, 0xFF, 0xFF, 0xFF, 0xFF, 0xDF, 0x80, 0xFF, 0xFF, 0xFF, 0xFF, 0xFF, 0xFF,
    0xFF, 0xFF, 0xBF, 0xE0, 0xFF, 0xFF, 0xFF, 0xFF, 0xFF, 0xFF, 0xFF, 0xFF, 0x7F, 0xF2, 0xFF, 0xFF,
    0xFF, 0xFF, 0xFF, 0xFF, 0xFF, 0xFF, 0x1E, 0xF4, 0xFF, 0xFF, 0xFF, 0xFF, 0xFF, 0xFF, 0xFF, 0xFF,
    0x06, 0xF3, 0xFF, 0x7F, 0x01, 0x00, 0x00, 0xFD, 0xFF, 0xBF, 0x00, 0xF0, 0xFF, 0x05, 0x00, 0x00,
    0x80, 0xFF, 0xFF, 0x1D, 0x00, 0x30, 0x38, 0x00, 0x00, 0x20, 0xFD, 0xFF, 0xEF, 0x02, 0x00, 0x00,
    0x00, 0x00, 0x00, 0xF6, 0xFF, 0xFF, 0x2F, 0x00, 0x00, 0x00, 0x00, 0x00, 0xA0, 0xFF, 0xFF, 0xFF,
    0x03, 0x00, 0x00, 0x00, 0x00, 0x10, 0xFC, 0xFF, 0xFF, 0x4F, 0x00, 0x00, 0x00, 0x00, 0x00, 0xD1,
    0xFF, 0xFF, 0xFF, 0x06, 0x00, 0x00, 0x00, 0x00, 0x10, 0xFD, 0xFF, 0xFF, 0x9F, 0x00, 0x00, 0x00,
    0x00, 0x00, 0xB0, 0xFF, 0xFF, 0xFF, 0x0C, 0x00, 0x00, 0x00, 0x00, 0x00, 0xF8, 0xFF, 0xFF, 0xFF,
    0x03, 0x00, 0x00, 0x00, 0x00, 0x20, 0xFF, 0xFF, 0xFF, 0xAF, 0x00, 0x00, 0x00, 0x00, 0x00, 0x90,
    0xFF, 0xFF, 0xFF, 0x4F, 0x00, 0x00, 0x00, 0x00, 0x00, 0xF0, 0xFF, 0xFF, 0xFF, 0x0F, 0x00, 0x00,
    0x00, 0x00, 0x00, 0xF3, 0xFF, 0xFF, 0xFF, 0x0E, 0x00, 0x00, 0x00, 0x00, 0x00, 0xF4, 0xFF, 0xFF,
    0xFF, 0x0C, 0x00, 0x00, 0x00, 0x00, 0x00, 0xF3, 0xFF, 0xFF, 0xFF, 0x08, 0x00, 0x00, 0x00, 0x00,
    0x00, 0xF0, 0xFF, 0xFF, 0xFF, 0x01, 0x00, 0x00, 0x00, 0x00, 0x00, 0x60, 0xFF, 0xFF, 0x3E, 0x00,
    0x00, 0x00, 0x00, 0x00, 0x00, 0x00, 0x62, 0x47, 0x00, 0x00, 0x00, 0x00, 0x00, 0x00, 0x00, 0x00,
    0x00, 0x00, 0x00, 0x30, 0xC9, 0xFF, 0xCE, 0x07, 0x00, 0x00, 0x00, 0x00, 0x00, 0x20, 0xFC, 0xFF,
    0xFF, 0xFF, 0xEF, 0x03, 0x00, 0x00, 0x00, 0x00, 0xF6, 0xFF, 0xFF, 0xFF, 0xFF, 0xFF, 0x1E, 0x00,
    0x00, 0x00, 0x60, 0xFF, 0xFF, 0xFF, 0xFF, 0xFF, 0xFF, 0x8F, 0x00, 0x00, 0x00, 0xF2, 0xFF, 0xFF,
    0xFF, 0xFF, 0xFF, 0xFF, 0xEF, 0x00, 0x00, 0x00, 0xFA, 0xFF, 0xFF, 0xFF, 0xFF, 0xFF, 0xFF, 0xFF,
    0x00, 0x00, 0x00, 0xFF, 0xFF, 0xFF, 0x6C, 0x95, 0xFF, 0xFF, 0xFF, 0x00, 0x00, 0x10, 0xFF, 0xFF,
    0xBF, 0x00, 0x00, 0xFB, 0xFF, 0xEF, 0x00, 0x00, 0x20, 0xFF, 0xFF, 0x5F, 0x00, 0x00, 0xFA, 0xFF,
    0x8F, 0x00, 0x00, 0x00, 0xFF, 0xFF, 0x9F, 0x00, 0x10, 0xFE, 0xFF, 0x1E, 0x00, 0x00, 0x00, 0xFC,
    0xFF, 0xFF, 0x4A, 0xD5, 0xFF, 0xFF, 0x04, 0x00, 0x00, 0x00, 0xF3, 0xFF, 0xFF, 0xFF, 0xFF, 0xFF,
    0x3E, 0x00, 0x00, 0x00, 0x00, 0xF2, 0xFF, 0xFF, 0xFF, 0xFF, 0xFF, 0x06, 0x00, 0x00, 0x00, 0x40,
    0xFE, 0xFF, 0xFF, 0xFF, 0xFF, 0xFF, 0x0D, 0x00, 0x00, 0x00, 0xF5, 0xFF, 0xFF, 0x58, 0xE8, 0xFF,
    0xFF, 0x6F, 0x00, 0x00, 0x20, 0xFF, 0xFF, 0x4F, 0x00, 0x10, 0xFD, 0xFF, 0xAF, 0x00, 0x00, 0xB0,
    0xFF, 0xFF, 0x0A, 0x00, 0x00, 0xF9, 0xFF, 0xCF, 0x00, 0x00, 0xF2, 0xFF, 0xFF, 0x08, 0x00, 0x00,
    0xFD, 0xFF, 0xCF, 0x00, 0x00, 0xF5, 0xFF, 0xFF, 0x1D, 0x00, 0xB2, 0xFF, 0xFF, 0xAF, 0x00, 0x00,
    0xF6, 0xFF, 0xFF, 0xFF, 0xED, 0xFF, 0xFF, 0xFF, 0x5F, 0x00, 0x00, 0xF5, 0xFF, 0xFF, 0xFF, 0xFF,
    0xFF, 0xFF, 0xFF, 0x0E, 0x00, 0x00, 0xF1, 0xFF, 0xFF, 0xFF, 0xFF, 0xFF, 0xFF, 0xFF, 0x04, 0x00,
    0x00, 0xA0, 0xFF, 0xFF, 0xFF, 0xFF, 0xFF, 0xFF, 0x6F, 0x00, 0x00, 0x00, 0x10, 0xFD, 0xFF, 0xFF,
    0xFF, 0xFF, 0xEF, 0x04, 0x00, 0x00, 0x00, 0x00, 0x90, 0xFF, 0xFF, 0xFF, 0xDF, 0x07, 0x00, 0x00,
    0x00, 0x00, 0x00, 0x00, 0x40, 0x76, 0x57, 0x02, 0x00, 0x00, 0x00, 0x00, 0x00, 0x00, 0x00, 0x00,
    0x00, 0x82, 0xEC, 0xFF, 0x8C, 0x01, 0x00, 0x00, 0x00, 0x00, 0x00, 0x90, 0xFF, 0xFF, 0xFF, 0xFF,
    0x5F, 0x00, 0x00, 0x00, 0x00, 0x10, 0xFC, 0xFF, 0xFF, 0xFF, 0xFF, 0xFF, 0x05, 0x00, 0x00, 0x00,
    0xD0, 0xFF, 0xFF, 0xFF, 0xFF, 0xFF, 0xFF, 0x1E, 0x00, 0x00, 0x00, 0xF9, 0xFF, 0xFF, 0xFF, 0xFF,
    0xFF, 0xFF, 0x7F, 0x00, 0x00, 0x30, 0xFF, 0xFF, 0xFF, 0xFF, 0xFF, 0xFF, 0xFF, 0xCF, 0x00, 0x00,
    0xA0, 0xFF, 0xFF, 0xFF, 0x58, 0xF8, 0xFF, 0xFF, 0xFF, 0x00, 0x00, 0xF0, 0xFF, 0xFF, 0x3F, 0x00,
    0x50, 0xFF, 0xFF, 0xFF, 0x02, 0x00, 0xF2, 0xFF, 0xFF, 0x0A, 0x00, 0x00, 0xFF, 0xFF, 0xFF, 0x03,
    0x00, 0xF4, 0xFF, 0xFF, 0x07, 0x00, 0x10, 0xFF, 0xFF, 0xFF, 0x03, 0x00, 0xF4, 0xFF, 0xFF, 0x0B,
    0x00, 0x70, 0xFF, 0xFF, 0xFF, 0x02, 0x00, 0xF2, 0xFF, 0xFF, 0x7F, 0x11, 0xF7, 0xFF, 0xFF, 0xFF,
    0x00, 0x00, 0xD0, 0xFF, 0xFF, 0xFF, 0xFF, 0xFF, 0xFF, 0xFF, 0xDF, 0x00, 0x00, 0x50, 0xFF, 0xFF,
    0xFF, 0xFF, 0xFF, 0xFF, 0xFF, 0x9F, 0x00, 0x00, 0x00, 0xF7, 0xFF, 0xFF, 0xFF, 0xFF, 0xFF, 0xFF,
    0x5F, 0x00, 0x00, 0x00, 0x30, 0xD9, 0xFF, 0x9D, 0xB3, 0xFF, 0xFF, 0x0E, 0x00, 0x00, 0x00, 0x00,
    0x00, 0x00, 0x00, 0xD0, 0xFF, 0xFF, 0x09, 0x00, 0x00, 0x51, 0x47, 0x00, 0x00, 0x00, 0xF7, 0xFF,
    0xFF, 0x01, 0x00, 0x40, 0xFE, 0xFF, 0x3B, 0x00, 0x91, 0xFF, 0xFF, 0x8F, 0x00, 0x00, 0xE0, 0xFF,
    0xFF, 0xFF, 0xEE, 0xFF, 0xFF, 0xFF, 0x0E, 0x00, 0x00, 0xF1, 0xFF, 0xFF, 0xFF, 0xFF, 0xFF, 0xFF,
    0xFF, 0x03, 0x00, 0x00, 0xF1, 0xFF, 0xFF, 0xFF, 0xFF, 0xFF, 0xFF, 0x6F, 0x00, 0x00, 0x00, 0xC0,
    0xFF, 0xFF, 0xFF, 0xFF, 0xFF, 0xFF, 0x06, 0x00, 0x00, 0x00, 0x30, 0xFF, 0xFF, 0xFF, 0xFF, 0xFF,
    0x3E, 0x00, 0x00, 0x00, 0x00, 0x00, 0xB2, 0xFF, 0xFF, 0xFF, 0x7E, 0x00, 0x00, 0x00, 0x00, 0x00,
    0x00, 0x00, 0x51, 0x77, 0x36, 0x00, 0x00, 0x00, 0x00, 0x00, 0x00, 0x00, 0x00, 0xC3, 0xDF, 0x07,
    0x00, 0x20, 0xFF, 0xFF, 0x5F, 0x00, 0xA0, 0xFF, 0xFF, 0x9F, 0x00, 0xD0, 0xFF, 0xFF, 0x8F, 0x00,
    0xB0, 0xFF, 0xFF, 0x2F, 0x00, 0x20, 0xFE, 0xEF, 0x05, 0x00, 0x00, 0x40, 0x04, 0x00, 0x00, 0x00,
    0x00, 0x00, 0x00, 0x00, 0x00, 0x00, 0x00, 0x00, 0x00, 0x00, 0x00, 0x00, 0x00, 0x00, 0x00, 0x00,
    0x00, 0x00, 0x00, 0x00, 0x00, 0x00, 0x00, 0x10, 0xC9, 0x5B, 0x00, 0x00, 0xD1, 0xFF, 0xFF, 0x05,
    0x00, 0xF8, 0xFF, 0xFF, 0x0A, 0x00, 0xFC, 0xFF, 0xFF, 0x0A, 0x00, 0xFB, 0xFF, 0xFF, 0x04, 0x00,
    0xF3, 0xFF, 0x8F, 0x00, 0x00, 0x10, 0x76, 0x02, 0x00, 0x00, 0x00, 0x00, 0x30, 0xFC, 0x7D, 0x00,
    0x00, 0x00, 0xF2, 0xFF, 0xFF, 0x05, 0x00, 0x00, 0xFA, 0xFF, 0xFF, 0x09, 0x00, 0x00, 0xFD, 0xFF,
    0xFF, 0x08, 0x00, 0x00, 0xFB, 0xFF, 0xFF, 0x02, 0x00, 0x00, 0xE2, 0xFF, 0x5E, 0x00, 0x00, 0x00,
    0x00, 0x44, 0x00, 0x00, 0x00, 0x00, 0x00, 0x00, 0x00, 0x00, 0x00, 0x00, 0x00, 0x00, 0x00, 0x00,
    0x00, 0x00, 0x00, 0x00, 0x00, 0x00, 0x00, 0x00, 0x00, 0x00, 0x00, 0x00, 0x00, 0x00, 0x00, 0x00,
    0x00, 0x00, 0x00, 0x50, 0xBB, 0x06, 0x00, 0x00, 0x00, 0xF9, 0xFF, 0x7F, 0x00, 0x00, 0x30, 0xFF,
    0xFF, 0xDF, 0x00, 0x00, 0x80, 0xFF, 0xFF, 0xEF, 0x00, 0x00, 0x70, 0xFF, 0xFF, 0xDF, 0x00, 0x00,
    0x10, 0xFD, 0xFF, 0xAF, 0x00, 0x00, 0x00, 0x90, 0xFF, 0x5F, 0x00, 0x00, 0x00, 0x60, 0xFF, 0x0D,
    0x00, 0x00, 0x30, 0xFB, 0xFF, 0x05, 0x00, 0x00, 0xF9, 0xFF, 0x8F, 0x00, 0x00, 0x00, 0xFD, 0xFF,
    0x07, 0x00, 0x00, 0x00, 0x40, 0x04, 0x00, 0x00, 0x00, 0x00, 0x00, 0x00, 0x00, 0x00, 0x00, 0x80,
    0xDE, 0x03, 0x00, 0x00, 0x00, 0x00, 0x50, 0xFE, 0xFF, 0x0D, 0x00, 0x00, 0x00, 0x30, 0xFC, 0xFF,
    0xFF, 0x1F, 0x00, 0x00, 0x40, 0xFB, 0xFF, 0xFF, 0xFF, 0x0E, 0x00, 0x60, 0xFD, 0xFF, 0xFF, 0xFF,
    0xEF, 0x04, 0x40, 0xFE, 0xFF, 0xFF, 0xFF, 0x8D, 0x03, 0x00, 0xF1, 0xFF, 0xFF, 0xFF, 0x28, 0x00,
    0x00, 0x00, 0xF4, 0xFF, 0xFF, 0x8F, 0x00, 0x00, 0x00, 0x00, 0xF1, 0xFF, 0xFF, 0xFF, 0x2A, 0x00,
    0x00, 0x00, 0x50, 0xFF, 0xFF, 0xFF, 0xFF, 0x29, 0x00, 0x00, 0x00, 0xA1, 0xFF, 0xFF, 0xFF, 0xFF,
    0x05, 0x00, 0x00, 0x00, 0xF5, 0xFF, 0xFF, 0xFF, 0x0D, 0x00, 0x00, 0x00, 0x20, 0xFD, 0xFF, 0xFF,
    0x0D, 0x00, 0x00, 0x00, 0x00, 0x90, 0xFF, 0xFF, 0x05, 0x00, 0x00, 0x00, 0x00, 0x00, 0xD4, 0x7E,
    0x00, 0x00, 0x00, 0x90, 0xFE, 0xFF, 0xFF, 0xFF, 0xFF, 0xFF, 0x9F, 0x00, 0x00, 0xF8, 0xFF, 0xFF,
    0xFF, 0xFF, 0xFF, 0xFF, 0xFF, 0x02, 0x00, 0xFD, 0xFF, 0xFF, 0xFF, 0xFF, 0xFF, 0xFF, 0xFF, 0x00,
    0x00, 0xFC, 0xFF, 0xFF, 0xFF, 0xFF, 0xFF, 0xFF, 0xBF, 0x00, 0x00, 0xD4, 0xCF, 0x59, 0x02, 0x31,
    0xA6, 0xFD, 0x1C, 0x00, 0x00, 0x00, 0x00, 0x00, 0x00, 0x00, 0x00, 0x00, 0x00, 0x00, 0x00, 0x00,
    0x00, 0x00, 0x00, 0x00, 0x00, 0x00, 0x00, 0x00, 0x70, 0xFE, 0x8C, 0x14, 0x10, 0x73, 0xEB, 0x8F,
    0x00, 0x00, 0xF5, 0xFF, 0xFF, 0xFF, 0xFF, 0xFF, 0xFF, 0xFF, 0x02, 0x00, 0xFA, 0xFF, 0xFF, 0xFF,
    0xFF, 0xFF, 0xFF, 0xFF, 0x05, 0x00, 0xF9, 0xFF, 0xFF, 0xFF, 0xFF, 0xFF, 0xFF, 0xFF, 0x02, 0x00,
    0xC2, 0xFF, 0xFF, 0xFF, 0xFF, 0xFF, 0xFF, 0x5D, 0x00, 0x00, 0x00, 0x30, 0xFC, 0x09, 0x00, 0x00,
    0x00, 0x00, 0x00, 0xE1, 0xFF, 0xDF, 0x03, 0x00, 0x00, 0x00, 0x00, 0xF6, 0xFF, 0xFF, 0x6F, 0x00,
    0x00, 0x00, 0x00, 0xF7, 0xFF, 0xFF, 0xFF, 0x1A, 0x00, 0x00, 0x00, 0xD1, 0xFF, 0xFF, 0xFF, 0xEF,
    0x05, 0x00, 0x00, 0x00, 0xE6, 0xFF, 0xFF, 0xFF, 0xAF, 0x00, 0x00, 0x00, 0x00, 0xE6, 0xFF, 0xFF,
    0xFF, 0x08, 0x00, 0x00, 0x00, 0x10, 0xFF, 0xFF, 0xFF, 0x0A, 0x00, 0x00, 0x10, 0xD6, 0xFF, 0xFF,
    0xFF, 0x06, 0x00, 0x62, 0xFB, 0xFF, 0xFF, 0xFF, 0x8F, 0x00, 0xB0, 0xFF, 0xFF, 0xFF, 0xFF, 0x8F,
    0x01, 0x00, 0xF8, 0xFF, 0xFF, 0xFF, 0x7E, 0x00, 0x00, 0x00, 0xFB, 0xFF, 0xFF, 0x6E, 0x00, 0x00,
    0x00, 0x00, 0xF7, 0xFF, 0x9F, 0x00, 0x00, 0x00, 0x00, 0x00, 0xA0, 0xBF, 0x02, 0x00, 0x00, 0x00,
    0x00, 0x00, 0x00, 0x00, 0x30, 0xC8, 0xFD, 0xDF, 0x6B, 0x00, 0x00, 0x00, 0x30, 0xFB, 0xFF, 0xFF,
    0xFF, 0xFF, 0x4E, 0x00, 0x00, 0xF5, 0xFF, 0xFF, 0xFF, 0xFF, 0xFF, 0xFF, 0x03, 0x40, 0xFF, 0xFF,
    0xFF, 0xFF, 0xFF, 0xFF, 0xFF, 0x0B, 0xD0, 0xFF, 0xFF, 0xFF, 0xFF, 0xFF, 0xFF, 0xFF, 0x0F, 0xF2,
    0xFF, 0xFF, 0xFF, 0xFF, 0xFF, 0xFF, 0xFF, 0x2F, 0xF3, 0xFF, 0xFF, 0xBF, 0x76, 0xFE, 0xFF, 0xFF,
    0x2F, 0xF0, 0xFF, 0xFF, 0x09, 0x00, 0xF5, 0xFF, 0xFF, 0x0F, 0x70, 0xFF, 0xBF, 0x00, 0x00, 0xF8,
    0xFF, 0xFF, 0x0A, 0x00, 0x63, 0x04, 0x00, 0x70, 0xFF, 0xFF, 0xFF, 0x02, 0x00, 0x00, 0x00, 0x60,
    0xFD, 0xFF, 0xFF, 0x6F, 0x00, 0x00, 0x00, 0x50, 0xFE, 0xFF, 0xFF, 0xFF, 0x05, 0x00, 0x00, 0x00,
    0xFA, 0xFF, 0xFF, 0xFF, 0x2A, 0x00, 0x00, 0x00, 0x80, 0xFF, 0xFF, 0xFF, 0x29, 0x00, 0x00, 0x00,
    0x00, 0xE0, 0xFF, 0xFF, 0x3F, 0x00, 0x00, 0x00, 0x00, 0x00, 0xF0, 0xFF, 0xFF, 0x08, 0x00, 0x00,
    0x00, 0x00, 0x00, 0xD0, 0xFF, 0xFF, 0x05, 0x00, 0x00, 0x00, 0x00, 0x00, 0x20, 0xFD, 0x8F, 0x00,
    0x00, 0x00, 0x00, 0x00, 0x00, 0x00, 0x10, 0x00, 0x00, 0x00, 0x00, 0x00, 0x00, 0x00, 0x92, 0xAC,
    0x04, 0x00, 0x00, 0x00, 0x00, 0x00, 0x10, 0xFE, 0xFF, 0x3F, 0x00, 0x00, 0x00, 0x00, 0x00, 0x90,
    0xFF, 0xFF, 0x8F, 0x00, 0x00, 0x00, 0x00, 0x00, 0xD0, 0xFF, 0xFF, 0x8F, 0x00, 0x00, 0x00, 0x00,
    0x00, 0xC0, 0xFF, 0xFF, 0x2F, 0x00, 0x00, 0x00, 0x00, 0x00, 0x40, 0xFF, 0xFF, 0x06, 0x00, 0x00,
    0x00, 0x00, 0x00, 0x00, 0x72, 0x26, 0x00, 0x00, 0x00, 0x00, 0x00, 0x00, 0x00, 0x00, 0x00, 0x00,
    0x00, 0x00, 0xA6, 0xFD, 0xEF, 0x5B, 0x00, 0x00, 0x00, 0x00, 0x00, 0x00, 0x00, 0x00, 0xE7, 0xFF,
    0xFF, 0xFF, 0xFF, 0x2D, 0x00, 0x00, 0x00, 0x00, 0x00, 0x00, 0xD2, 0xFF, 0xFF, 0xFF, 0xFF, 0xFF,
    0xEF, 0x03, 0x00, 0x00, 0x00, 0x00, 0x40, 0xFF, 0xFF, 0xFF, 0xFF, 0xFF, 0xFF, 0xFF, 0x0D, 0x00,
    0x00, 0x00, 0x00, 0xF4, 0xFF, 0xDF, 0x37, 0x00, 0x62, 0xFD, 0xFF, 0x8F, 0x00, 0x00, 0x00, 0x30,
    0xFF, 0xDF, 0x04, 0x00, 0x00, 0x00, 0x90, 0xFF, 0xEF, 0x00, 0x00, 0x00, 0xE0, 0xFF, 0x0A, 0x00,
    0x00, 0x00, 0x00, 0x00, 0xFC, 0xFF, 0x03, 0x00, 0x00, 0xF9, 0x9F, 0x00, 0xD6, 0xCF, 0x01, 0xF9,
    0x0B, 0xF4, 0xFF, 0x05, 0x00, 0x30, 0xFF, 0x0B, 0xA0, 0xFF, 0xFF, 0x77, 0xFF, 0x1F, 0xF0, 0xFF,
    0x07, 0x00, 0xC0, 0xFF, 0x01, 0xF7, 0xFF, 0xFF, 0xE9, 0xFF, 0x0F, 0xE0, 0xFF, 0x07, 0x00, 0xF4,
    0x7F, 0x20, 0xFF, 0xFF, 0xFF, 0xFF, 0xFF, 0x0C, 0xD0, 0xFF, 0x05, 0x00, 0xFA, 0x0F, 0xA0, 0xFF,
    0xFF, 0xFF, 0xFF, 0xFF, 0x07, 0xF0, 0xFF, 0x03, 0x10, 0xFF, 0x0A, 0xF2, 0xFF, 0x4F, 0x90, 0xFF,
    0xFF, 0x02, 0xF2, 0xFF, 0x00, 0x60, 0xFF, 0x05, 0xF7, 0xFF, 0x09, 0x40, 0xFF, 0xDF, 0x00, 0xF7,
    0xBF, 0x00, 0xA0, 0xFF, 0x02, 0xFB, 0xFF, 0x07, 0x80, 0xFF, 0xAF, 0x00, 0xFD, 0x5F, 0x00, 0xE0,
    0xFF, 0x00, 0xFE, 0xFF, 0x7E, 0xF9, 0xFF, 0xBF, 0x91, 0xFF, 0x0D, 0x00, 0xF0, 0xFF, 0x00, 0xFF,
    0xFF, 0xFF, 0xFF, 0xFF, 0xFF, 0xFF, 0xFF, 0x05, 0x00, 0xF2, 0xFF, 0x00, 0xFF, 0xFF, 0xFF, 0xFE,
    0xFF, 0xFF, 0xFF, 0xBF, 0x00, 0x00, 0xF3, 0xFF, 0x01, 0xFC, 0xFF, 0xFF, 0xE5, 0xFF, 0xFF, 0xFF,
    0x0D, 0x00, 0x00, 0xF4, 0xFF, 0x04, 0xF6, 0xFF, 0xAF, 0x90, 0xFF, 0xFF, 0xCF, 0x01, 0x00, 0x00,
    0xF4, 0xFF, 0x09, 0x80, 0xEE, 0x07, 0x00, 0xE9, 0xCF, 0x07, 0x00, 0x00, 0x00, 0xF2, 0xFF, 0x2F,
    0x00, 0x00, 0x00, 0x00, 0x00, 0x00, 0x00, 0x00, 0x00, 0x00, 0xF0, 0xFF, 0xDF, 0x01, 0x00, 0x00,
    0x00, 0x71, 0xBD, 0x00, 0x00, 0x00, 0x00, 0xB0, 0xFF, 0xFF, 0x7E, 0x02, 0x10, 0xA5, 0xFF, 0xFF,
    0x04, 0x00, 0x00, 0x00, 0x50, 0xFF, 0xFF, 0xFF, 0xFF, 0xFF, 0xFF, 0xFF, 0xFF, 0x01, 0x00, 0x00,
    0x00, 0x00, 0xFC, 0xFF, 0xFF, 0xFF, 0xFF, 0xFF, 0xFF, 0x7F, 0x00, 0x00, 0x00, 0x00, 0x00, 0xE1,
    0xFF, 0xFF, 0xFF, 0xFF, 0xFF, 0xFF, 0x06, 0x00, 0x00, 0x00, 0x00, 0x00, 0x20, 0xFC, 0xFF, 0xFF,
    0xFF, 0xFF, 0x2A, 0x00, 0x00, 0x00, 0x00, 0x00, 0x00, 0x00, 0x40, 0xDA, 0xFF, 0xBE, 0x27, 0x00,
    0x00, 0x00, 0x00, 0x00, 0x00, 0x00, 0x00, 0x00, 0x00, 0x00, 0x00, 0x00, 0x00, 0x00, 0x00, 0x00,
    0x00, 0x94, 0xED, 0xEF, 0x9D, 0x03, 0x00, 0x00, 0x00, 0x00, 0x00, 0x00, 0x00, 0x00, 0x00, 0x00,
    0x00, 0xD4, 0xFF, 0xFF, 0xFF, 0xFF, 0x2F, 0x00, 0x00, 0x00, 0x00, 0x00, 0x00, 0x00, 0x00, 0x00,
    0x00, 0x70, 0xFF, 0xFF, 0xFF, 0xFF, 0xFF, 0x2F, 0x00, 0x00, 0x00, 0x00, 0x00, 0x00, 0x00, 0x00,
    0x00, 0x00, 0xFA, 0xFF, 0xFF, 0xFF, 0xFF, 0xFF, 0x0E, 0x00, 0x00, 0x00, 0x00, 0x00, 0x00, 0x00,
    0x00, 0x00, 0x90, 0xFF, 0xFF, 0xFF, 0xFF, 0xFF, 0xFF, 0x08, 0x00, 0x00, 0x00, 0x00, 0x00, 0x00,
    0x00, 0x00, 0x00, 0xF7, 0xFF, 0xFF, 0xFF, 0xFF, 0xFF, 0xFF, 0x01, 0x00, 0x00, 0x00, 0x00, 0x00,
    0x00, 0x00, 0x00, 0x20, 0xFF, 0xFF, 0xFF, 0xFF, 0xFF, 0xFF, 0x8F, 0x00, 0x00, 0x00, 0x00, 0x00,
    0x00, 0x00, 0x00, 0x00, 0xC0, 0xFF, 0xFF, 0x6C, 0xF7, 0xFF, 0xFF, 0x1F, 0x00, 0x00, 0x00, 0x00,
    0x00, 0x00, 0x00, 0x00, 0x00, 0xF6, 0xFF, 0xBF, 0x00, 0xB0, 0xFF, 0xFF, 0x08, 0x00, 0x00, 0x00,
    0x00, 0x00, 0x00, 0x00, 0x00, 0x10, 0xFE, 0xFF, 0x1E, 0x00, 0xB0, 0xFF, 0xFF, 0x01, 0x00, 0x00,
    0x00, 0x00, 0x00, 0x00, 0x00, 0x00, 0x80, 0xFF, 0xFF, 0x08, 0x00, 0xF0, 0xFF, 0x8F, 0x00, 0x00,
    0x00, 0x00, 0x00, 0x00, 0x00, 0x00, 0x00, 0xF2, 0xFF, 0xFF, 0x04, 0x00, 0xF7, 0xFF, 0x2F, 0x00,
    0x00, 0x00, 0x00, 0x00, 0x00, 0x00, 0x00, 0x00, 0xFA, 0xFF, 0xFF, 0x04, 0x30, 0xFF, 0xFF, 0x0B,
    0x00, 0x00, 0x00, 0x00, 0x00, 0x00, 0x00, 0x00, 0x30, 0xFF, 0xFF, 0xFF, 0x6D, 0xF9, 0xFF, 0xFF,
    0x06, 0x00, 0x00, 0x00, 0x00, 0x00, 0x00, 0x00, 0x00, 0xC0, 0xFF, 0xFF, 0xFF, 0xFF, 0xFF, 0xFF,
    0xFF, 0x02, 0x00, 0x00, 0x00, 0x00, 0x00, 0x00, 0x00, 0x00, 0xF6, 0xFF, 0xFF, 0xFF, 0xFF, 0xFF,
    0xFF, 0xFF, 0x00, 0x00, 0x00, 0x00, 0x00, 0x00, 0x00, 0x00, 0x20, 0xFF, 0xFF, 0xFF, 0xFF, 0xFF,
    0xFF, 0xFF, 0xEF, 0x00, 0x00, 0x00, 0x00, 0x00, 0x01, 0x00, 0x00, 0xE2, 0xFF, 0xFF, 0xFF, 0x7E,
    0xF9, 0xFF, 0xFF, 0xFF, 0x00, 0x00, 0x00, 0x10, 0xFA, 0xDF, 0x05, 0x61, 0xFE, 0xFF, 0xFF, 0xFF,
    0x02, 0xE0, 0xFF, 0xFF, 0xFF, 0x08, 0x00, 0x00, 0xD0, 0xFF, 0xFF, 0xFF, 0xFF, 0xFF, 0xFF, 0xFF,
    0x9F, 0x00, 0xE0, 0xFF, 0xFF, 0xFF, 0xBF, 0x00, 0x00, 0xF6, 0xFF, 0xFF, 0xFF, 0xFF, 0xFF, 0xFF,
    0xFF, 0x1F, 0x00, 0xF1, 0xFF, 0xFF, 0xFF, 0xFF, 0x06, 0x00, 0xFB, 0xFF, 0xFF, 0xFF, 0xFF, 0xFF,
    0xFF, 0xFF, 0x06, 0x00, 0xF5, 0xFF, 0xFF, 0xFF, 0xFF, 0x06, 0x00, 0xFD, 0xFF, 0xFF, 0xFF, 0xFF,
    0xFF, 0xFF, 0xBF, 0x00, 0x00, 0xFA, 0xFF, 0xFF, 0xFF, 0xFF, 0x03, 0x00, 0xFC, 0xFF, 0xFF, 0xFF,
    0xFF, 0xFF, 0xFF, 0x1E, 0x00, 0x00, 0xFC, 0xFF, 0xFF, 0xFF, 0xEF, 0x00, 0x00, 0xF7, 0xFF, 0xFF,
    0xFF, 0xFF, 0xFF, 0xEF, 0x02, 0x00, 0x00, 0xFD, 0xFF, 0xFF, 0xFF, 0x7F, 0x00, 0x00, 0xD0, 0xFF,
    0xFF, 0xFF, 0xFF, 0xFF, 0x3E, 0x00, 0x00, 0x00, 0xFA, 0xFF, 0xFF, 0xFF, 0x0D, 0x00, 0x00, 0x10,
    0xFC, 0xFF, 0xFF, 0xFF, 0xBF, 0x01, 0x00, 0x00, 0x00, 0xF2, 0xFF, 0xFF, 0xDF, 0x01, 0x00, 0x00,
    0x00, 0x50, 0xDA, 0xFF, 0x9D, 0x03, 0x00, 0x00, 0x00, 0x00, 0x30, 0xEB, 0xDF, 0x08, 0x00, 0x00,
    0x00, 0x00, 0x00, 0x00, 0x00, 0x00, 0x00, 0x00, 0x63, 0xB9, 0xED, 0xFF, 0xEF, 0xBD, 0x58, 0x00,
    0x00, 0x00, 0x00, 0x00, 0x00, 0x00, 0x00, 0x30, 0xE9, 0xFF, 0xFF, 0xFF, 0xFF, 0xFF, 0xFF, 0xFF,
    0x9F, 0x01, 0x00, 0x00, 0x00, 0x00, 0x00, 0x40, 0xFD, 0xFF, 0xFF, 0xFF, 0xFF, 0xFF, 0xFF, 0xFF,
    0xFF, 0xFF, 0x5F, 0x00, 0x00, 0x00, 0x00, 0x10, 0xFB, 0xFF, 0xFF, 0xFF, 0xFF, 0xFF, 0xFF, 0xFF,
    0xFF, 0xFF, 0xFF, 0xFF, 0x05, 0x00, 0x00, 0x00, 0xE2, 0xFF, 0xFF, 0xFF, 0xFF, 0xFF, 0xFF, 0xFF,
    0xFF, 0xFF, 0xFF, 0xFF, 0xFF, 0x0E, 0x00, 0x00, 0x10, 0xFE, 0xFF, 0xFF, 0xFF, 0xFF, 0xFF, 0xFF,
    0xFF, 0xFF, 0xFF, 0xFF, 0xFF, 0xFF, 0x4F, 0x00, 0x00, 0xC0, 0xFF, 0xFF, 0xFF, 0xAD, 0xFB, 0xFF,
    0xFF, 0xFF, 0xFF, 0xFF, 0xFF, 0xFF, 0xFF, 0x6F, 0x00, 0x00, 0xF5, 0xFF, 0xFF, 0x7F, 0x00, 0x40,
    0xFF, 0xFF, 0xFF, 0x06, 0x92, 0xFF, 0xFF, 0xFF, 0x4F, 0x00, 0x00, 0xFC, 0xFF, 0xFF, 0x0D, 0x00,
    0x00, 0xFD, 0xFF, 0xDF, 0x00, 0x00, 0xF9, 0xFF, 0xFF, 0x1F, 0x00, 0x00, 0xFF, 0xFF, 0xFF, 0x0C,
    0x00, 0x00, 0xFD, 0xFF, 0x8F, 0x00, 0x00, 0xF6, 0xFF, 0xFF, 0x0A, 0x00, 0x30, 0xFF, 0xFF, 0xFF,
    0x9F, 0x00, 0x00, 0xFF, 0xFF, 0x6F, 0x00, 0x00, 0xFA, 0xFF, 0xDF, 0x01, 0x00, 0x40, 0xFF, 0xFF,
    0xFF, 0xFF, 0x0A, 0x30, 0xFF, 0xFF, 0xBF, 0x01, 0x92, 0xFF, 0xFF, 0x1B, 0x00, 0x00, 0x30, 0xFF,
    0xFF, 0xFF, 0xFF, 0x0E, 0x70, 0xFF, 0xFF, 0xFF, 0xFF, 0xFF, 0xFF, 0x2A, 0x00, 0x00, 0x00, 0x00,
    0xFF, 0xFF, 0xFF, 0xFF, 0x0E, 0xD0, 0xFF, 0xFF, 0xFF, 0xFF, 0xFF, 0xFF, 0x2C, 0x00, 0x00, 0x00,
    0x00, 0xF9, 0xFF, 0xFF, 0xFF, 0x08, 0xF2, 0xFF, 0xFF, 0xFF, 0xFF, 0xFF, 0xFF, 0xEF, 0x02, 0x00,
    0x00, 0x00, 0xD0, 0xFF, 0xFF, 0xDF, 0x00, 0xFA, 0xFF, 0xEF, 0x04, 0x30, 0xFB, 0xFF, 0xFF, 0x0A,
    0x00, 0x00, 0x00, 0x00, 0xD8, 0xCE, 0x07, 0x20, 0xFF, 0xFF, 0x7F, 0x00, 0x00, 0xD0, 0xFF, 0xFF,
    0x0F, 0x00, 0x00, 0x00, 0x00, 0x00, 0x00, 0x00, 0xD0, 0xFF, 0xFF, 0x2F, 0x00, 0x00, 0xA0, 0xFF,
    0xFF, 0x2F, 0x00, 0x00, 0x00, 0x00, 0x00, 0x00, 0x00, 0xFB, 0xFF, 0xFF, 0x2F, 0x00, 0x00, 0xD0,
    0xFF, 0xFF, 0x2F, 0x00, 0x10, 0xFB, 0xDF, 0x28, 0x10, 0xD5, 0xFF, 0xFF, 0xFF, 0xCF, 0x03, 0x40,
    0xFC, 0xFF, 0xFF, 0x1F, 0x00, 0xC0, 0xFF, 0xFF, 0xFF, 0xFF, 0xFF, 0xFF, 0xFF, 0xFF, 0xFF, 0xFF,
    0xFF, 0xFF, 0xFF, 0xFF, 0x0E, 0x00, 0xF4, 0xFF, 0xFF, 0xFF, 0xFF, 0xFF, 0xFF, 0xFF, 0xFF, 0xFF,
    0xFF, 0xFF, 0xFF, 0xFF, 0xFF, 0x0A, 0x00, 0xF7, 0xFF, 0xFF, 0xFF, 0xFF, 0xFF, 0xFF, 0xFF, 0xFF,
    0xFF, 0xFF, 0xFF, 0xFF, 0xFF, 0xFF, 0x03, 0x00, 0xF7, 0xFF, 0xFF, 0xFF, 0xFF, 0xFF, 0xFF, 0xFF,
    0xFF, 0xFF, 0xFF, 0xFF, 0xFF, 0xFF, 0xAF, 0x00, 0x00, 0xF3, 0xFF, 0xFF, 0xFF, 0xFF, 0xFF, 0xFF,
    0x9B, 0xFF, 0xFF, 0xFF, 0xFF, 0xFF, 0xFF, 0x1E, 0x00, 0x00, 0xB0, 0xFF, 0xFF, 0xFF, 0xFF, 0xFF,
    0xCF, 0x00, 0xFA, 0xFF, 0xFF, 0xFF, 0xFF, 0xDF, 0x02, 0x00, 0x00, 0x10, 0xFB, 0xFF, 0xFF, 0xFF,
    0xFF, 0x08, 0x00, 0x90, 0xFF, 0xFF, 0xFF, 0xFF, 0x1B, 0x00, 0x00, 0x00, 0x00, 0x50, 0xDA, 0xFF,
    0xBE, 0x17, 0x00, 0x00, 0x00, 0xA3, 0xFE, 0xDF, 0x39, 0x00, 0x00, 0x00, 0x00, 0x00, 0x00, 0x00,
    0x00, 0x00, 0x40, 0xC9, 0xFE, 0xCE, 0x17, 0x00, 0x00, 0x00, 0x00, 0x00, 0x00, 0x50, 0xFD, 0xFF,
    0xFF, 0xFF, 0xFF, 0x05, 0x00, 0x00, 0x00, 0x00, 0x10, 0xFC, 0xFF, 0xFF, 0xFF, 0xFF, 0xFF, 0x4F,
    0x00, 0x00, 0x00, 0x00, 0xE3, 0xFF, 0xFF, 0xFF, 0xFF, 0xFF, 0xFF, 0xEF, 0x00, 0x00, 0x00, 0x30,
    0xFF, 0xFF, 0xFF, 0xFF, 0xFF, 0xFF, 0xFF, 0xFF, 0x05, 0x00, 0x00, 0xF2, 0xFF, 0xFF, 0xFF, 0xFF,
    0xFF, 0xFF, 0xFF, 0xFF, 0x08, 0x00, 0x00, 0xFC, 0xFF, 0xFF, 0xEF, 0x69, 0xC6, 0xFF, 0xFF, 0xFF,
    0x0A, 0x00, 0x80, 0xFF, 0xFF, 0xFF, 0x09, 0x00, 0x00, 0xFF, 0xFF, 0xFF, 0x08, 0x00, 0xF1, 0xFF,
    0xFF, 0x8F, 0x00, 0x00, 0x00, 0xFF, 0xFF, 0xFF, 0x06, 0x00, 0xF9, 0xFF, 0xFF, 0x0B, 0x00, 0x00,
    0xD5, 0xFF, 0xFF, 0xFF, 0x01, 0x10, 0xFF, 0xFF, 0xFF, 0x01, 0x00, 0xE3, 0xFF, 0xFF, 0xFF, 0xAF,
    0x00, 0x60, 0xFF, 0xFF, 0x8F, 0x00, 0x00, 0xFF, 0xFF, 0xFF, 0xFF, 0x1F, 0x00, 0xB0, 0xFF, 0xFF,
    0x3F, 0x00, 0x10, 0xFF, 0xFF, 0xFF, 0xFF, 0x05, 0x00, 0xF0, 0xFF, 0xFF, 0x0F, 0x00, 0x00, 0xFD,
    0xFF, 0xFF, 0x4F, 0x00, 0x00, 0xF2, 0xFF, 0xFF, 0x0D, 0x00, 0x00, 0xB2, 0xFE, 0x8D, 0x01, 0x00,
    0x00, 0xF4, 0xFF, 0xFF, 0x0C, 0x00, 0x00, 0x00, 0x00, 0x00, 0x00, 0x00, 0x00, 0xF5, 0xFF, 0xFF,
    0x0F, 0x00, 0x00, 0x00, 0x00, 0x00, 0x00, 0x00, 0x00, 0xF6, 0xFF, 0xFF, 0x4F, 0x00, 0x00, 0x00,
    0x00, 0x94, 0x07, 0x00, 0x00, 0xF6, 0xFF, 0xFF, 0xDF, 0x01, 0x00, 0x00, 0xB1, 0xFF, 0x8F, 0x00,
    0x00, 0xF5, 0xFF, 0xFF, 0xFF, 0x5D, 0x01, 0x82, 0xFF, 0xFF, 0xCF, 0x00, 0x00, 0xF2, 0xFF, 0xFF,
    0xFF, 0xFF, 0xFF, 0xFF, 0xFF, 0xFF, 0xBF, 0x00, 0x00, 0xF0, 0xFF, 0xFF, 0xFF, 0xFF, 0xFF, 0xFF,
    0xFF, 0xFF, 0x6F, 0x00, 0x00, 0xA0, 0xFF, 0xFF, 0xFF, 0xFF, 0xFF, 0xFF, 0xFF, 0xFF, 0x0E, 0x00,
    0x00, 0x30, 0xFF, 0xFF, 0xFF, 0xFF, 0xFF, 0xFF, 0xFF, 0xFF, 0x05, 0x00, 0x00, 0x00, 0xFA, 0xFF,
    0xFF, 0xFF, 0xFF, 0xFF, 0xFF, 0x8F, 0x00, 0x00, 0x00, 0x00, 0xC0, 0xFF, 0xFF, 0xFF, 0xFF, 0xFF,
    0xFF, 0x07, 0x00, 0x00, 0x00, 0x00, 0x00, 0xF9, 0xFF, 0xFF, 0xFF, 0xFF, 0x3C, 0x00, 0x00, 0x00,
    0x00, 0x00, 0x00, 0x20, 0xC8, 0xFE, 0xDF, 0x49, 0x00, 0x00, 0x00, 0x00, 0x00, 0x00, 0x00, 0x00,
    0x00, 0x00, 0x00, 0x62, 0xB9, 0xFD, 0xFF, 0xDE, 0x7A, 0x02, 0x00, 0x00, 0x00, 0x00, 0x00, 0x00,
    0x00, 0x10, 0xD7, 0xFF, 0xFF, 0xFF, 0xFF, 0xFF, 0xFF, 0xDF, 0x05, 0x00, 0x00, 0x00, 0x00, 0x00,
    0x10, 0xF9, 0xFF, 0xFF, 0xFF, 0xFF, 0xFF, 0xFF, 0xFF, 0xFF, 0xCF, 0x01, 0x00, 0x00, 0x00, 0x00,
    0xE5, 0xFF, 0xFF, 0xFF, 0xFF, 0xFF, 0xFF, 0xFF, 0xFF, 0xFF, 0xFF, 0x2E, 0x00, 0x00, 0x00, 0x80,
    0xFF, 0xFF, 0xFF, 0xFF, 0xFF, 0xFF, 0xFF, 0xFF, 0xFF, 0xFF, 0xFF, 0xDF, 0x00, 0x00, 0x00, 0xF8,
    0xFF, 0xFF, 0xFF, 0xFF, 0xFF, 0xFF, 0xFF, 0xFF, 0xFF, 0xFF, 0xFF, 0xFF, 0x07, 0x00, 0x40, 0xFF,
    0xFF, 0xFF, 0xDF, 0xCA, 0xFF, 0xFF, 0xFF, 0xFF, 0xFF, 0xFF, 0xFF, 0xFF, 0x0F, 0x00, 0xD0, 0xFF,
    0xFF, 0xFF, 0x04, 0x00, 0xF5, 0xFF, 0xFF, 0xAF, 0x10, 0xF7, 0xFF, 0xFF, 0x5F, 0x00, 0xF3, 0xFF,
    0xFF, 0x8F, 0x00, 0x00, 0xD0, 0xFF, 0xFF, 0x1F, 0x00, 0x80, 0xFF, 0xFF, 0x8F, 0x00, 0xF7, 0xFF,
    0xFF, 0xAF, 0x00, 0x00, 0xD0, 0xFF, 0xFF, 0x0B, 0x00, 0x10, 0xFF, 0xFF, 0xAF, 0x00, 0xF8, 0xFF,
    0xFF, 0xFF, 0x0A, 0x00, 0xF0, 0xFF, 0xFF, 0x06, 0x00, 0x00, 0xFD, 0xFF, 0xCF, 0x00, 0xF8, 0xFF,
    0xFF, 0xFF, 0x8F, 0x00, 0xF3, 0xFF, 0xFF, 0x02, 0x00, 0x00, 0xFC, 0xFF, 0xCF, 0x00, 0xF6, 0xFF,
    0xFF, 0xFF, 0xBF, 0x00, 0xF6, 0xFF, 0xDF, 0x00, 0x00, 0x00, 0xFE, 0xFF, 0xBF, 0x00, 0xF1, 0xFF,
    0xFF, 0xFF, 0x9F, 0x00, 0xFB, 0xFF, 0x9F, 0x00, 0x00, 0x10, 0xFF, 0xFF, 0x9F, 0x00, 0x90, 0xFF,
    0xFF, 0xFF, 0x3F, 0x10, 0xFF, 0xFF, 0x4F, 0x00, 0x00, 0x50, 0xFF, 0xFF, 0x6F, 0x00, 0x00, 0xFB,
    0xFF, 0xFF, 0x07, 0x80, 0xFF, 0xFF, 0x0F, 0x00, 0x00, 0xB0, 0xFF, 0xFF, 0x2F, 0x00, 0x00, 0x40,
    0xA9, 0x39, 0x00, 0xE0, 0xFF, 0xFF, 0x0B, 0x00, 0x00, 0xF3, 0xFF, 0xFF, 0x0E, 0x00, 0x00, 0x00,
    0x00, 0x00, 0x00, 0xFA, 0xFF, 0xFF, 0x07, 0x00, 0x00, 0xFD, 0xFF, 0xFF, 0x09, 0x00, 0x00, 0x00,
    0x00, 0x00, 0x70, 0xFF, 0xFF, 0xFF, 0x04, 0x00, 0xB0, 0xFF, 0xFF, 0xFF, 0x03, 0x30, 0xFC, 0xCF,
    0x16, 0x20, 0xF9, 0xFF, 0xFF, 0xFF, 0x07, 0x51, 0xFD, 0xFF, 0xFF, 0xCF, 0x00, 0xE1, 0xFF, 0xFF,
    0xFF, 0xFF, 0xFF, 0xFF, 0xFF, 0xFF, 0xFF, 0xFF, 0xFF, 0xFF, 0xFF, 0x4F, 0x00, 0xF7, 0xFF, 0xFF,
    0xFF, 0xFF, 0xFF, 0xFF, 0xFF, 0xFF, 0xFF, 0xFF, 0xFF, 0xFF, 0xFF, 0x0B, 0x00, 0xFB, 0xFF, 0xFF,
    0xFF, 0xFF, 0xFF, 0xFF, 0xAB, 0xFF, 0xFF, 0xFF, 0xFF, 0xFF, 0xFF, 0x02, 0x00, 0xFA, 0xFF, 0xFF,
    0xFF, 0xFF, 0xFF, 0xDF, 0x80, 0xFF, 0xFF, 0xFF, 0xFF, 0xFF, 0x5F, 0x00, 0x00, 0xF7, 0xFF, 0xFF,
    0xFF, 0xFF, 0xFF, 0x3F, 0xB0, 0xFF, 0xFF, 0xFF, 0xFF, 0xFF, 0x07, 0x00, 0x00, 0xE1, 0xFF, 0xFF,
    0xFF, 0xFF, 0xFF, 0x05, 0x90, 0xFF, 0xFF, 0xFF, 0xFF, 0x7F, 0x00, 0x00, 0x00, 0x20, 0xFD, 0xFF,
    0xFF, 0xFF, 0x4E, 0x00, 0x30, 0xFF, 0xFF, 0xFF, 0xDF, 0x04, 0x00, 0x00, 0x00, 0x00, 0x70, 0xEC,
    0xEF, 0x7C, 0x01, 0x00, 0x00, 0xA2, 0xFE, 0xBE, 0x05, 0x00, 0x00, 0x00, 0x00, 0x00, 0x00, 0x00,
    0x00, 0x00, 0x40, 0xC9, 0xFE, 0xDE, 0x5A, 0x00, 0x00, 0x00, 0x00, 0x00, 0x00, 0x30, 0xFD, 0xFF,
    0xFF, 0xFF, 0xFF, 0x3D, 0x00, 0x00, 0x00, 0x00, 0x00, 0xF6, 0xFF, 0xFF, 0xFF, 0xFF, 0xFF, 0xFF,
    0x04, 0x00, 0x00, 0x00, 0x40, 0xFF, 0xFF, 0xFF, 0xFF, 0xFF, 0xFF, 0xFF, 0x0E, 0x00, 0x00, 0x00,
    0xD0, 0xFF, 0xFF, 0xFF, 0xFF, 0xFF, 0xFF, 0xFF, 0x6F, 0x00, 0x00, 0x00, 0xF3, 0xFF, 0xFF, 0xFF,
    0xFF, 0xFF, 0xFF, 0xFF, 0xAF, 0x00, 0x00, 0x00, 0xF7, 0xFF, 0xFF, 0xBF, 0x66, 0xFD, 0xFF, 0xFF,
    0xBF, 0x00, 0x00, 0x00, 0xF7, 0xFF, 0xFF, 0x0C, 0x00, 0xE1, 0xFF, 0xFF, 0xAF, 0x00, 0x00, 0x00,
    0xF4, 0xFF, 0xFF, 0x08, 0x00, 0x60, 0xFF, 0xFF, 0x4F, 0x00, 0x00, 0x00, 0xD0, 0xFF, 0xFF, 0x09,
    0x00, 0x00, 0xFD, 0xFF, 0x09, 0x00, 0x00, 0x00, 0x30, 0xFF, 0xFF, 0x2F, 0x00, 0x00, 0x71, 0x48,
    0x00, 0x00, 0x00, 0x00, 0x81, 0xFF, 0xFF, 0xFF, 0x27, 0x00, 0x00, 0x00, 0x00, 0x00, 0x00, 0xA1,
    0xFF, 0xFF, 0xFF, 0xFF, 0xFF, 0xDF, 0x03, 0x00, 0x00, 0x00, 0x40, 0xFE, 0xFF, 0xFF, 0xFF, 0xFF,
    0xFF, 0xFF, 0x08, 0x00, 0x00, 0x00, 0xF4, 0xFF, 0xFF, 0xFF, 0xFF, 0xFF, 0xFF, 0xFF, 0x05, 0x00,
    0x00, 0x00, 0xFE, 0xFF, 0xFF, 0xFF, 0x69, 0x86, 0xEB, 0x9F, 0x00, 0x00, 0x00, 0x80, 0xFF, 0xFF,
    0xFF, 0x2F, 0x00, 0x00, 0x00, 0x00, 0x00, 0x00, 0x00, 0xE0, 0xFF, 0xFF, 0xFF, 0x0A, 0x00, 0x00,
    0x00, 0x00, 0x13, 0x00, 0x00, 0xF2, 0xFF, 0xFF, 0xFF, 0x0D, 0x00, 0x00, 0x10, 0xF9, 0xFF, 0x05,
    0x00, 0xF4, 0xFF, 0xFF, 0xFF, 0xAF, 0x02, 0x41, 0xF9, 0xFF, 0xFF, 0x0E, 0x00, 0xF4, 0xFF, 0xFF,
    0xFF, 0xFF, 0xFF, 0xFF, 0xFF, 0xFF, 0xFF, 0x0F, 0x00, 0xF2, 0xFF, 0xFF, 0xFF, 0xFF, 0xFF, 0xFF,
    0xFF, 0xFF, 0xFF, 0x0C, 0x00, 0xE0, 0xFF, 0xFF, 0xFF, 0xFF, 0xFF, 0xFF, 0xFF, 0xFF, 0xFF, 0x05,
    0x00, 0x70, 0xFF, 0xFF, 0xFF, 0xFF, 0xFF, 0xFF, 0xFF, 0xFF, 0xBF, 0x00, 0x00, 0x00, 0xFC, 0xFF,
    0xFF, 0xFF, 0xFF, 0xFF, 0xFF, 0xFF, 0x1C, 0x00, 0x00, 0x00, 0xC0, 0xFF, 0xFF, 0xFF, 0xFF, 0xFF,
    0xFF, 0xAF, 0x00, 0x00, 0x00, 0x00, 0x00, 0xF7, 0xFF, 0xFF, 0xFF, 0xFF, 0xDF, 0x05, 0x00, 0x00,
    0x00, 0x00, 0x00, 0x10, 0xA6, 0xED, 0xEF, 0x9C, 0x04, 0x00, 0x00, 0x00, 0x00, 0x00, 0x00, 0x00,
    0x00, 0x00, 0x41, 0xA7, 0xDB, 0xFE, 0xFF, 0xEF, 0xCD, 0x59, 0x01, 0x00, 0x00, 0x00, 0x00, 0x10,
    0xC7, 0xFF, 0xFF, 0xFF, 0xFF, 0xFF, 0xFF, 0xFF, 0xFF, 0x8F, 0x00, 0x00, 0x00, 0x20, 0xFB, 0xFF,
    0xFF, 0xFF, 0xFF, 0xFF, 0xFF, 0xFF, 0xFF, 0xFF, 0xFF, 0x06, 0x00, 0x00, 0xF8, 0xFF, 0xFF, 0xFF,
    0xFF, 0xFF, 0xFF, 0xFF, 0xFF, 0xFF, 0xFF, 0xFF, 0x0B, 0x00, 0xC0, 0xFF, 0xFF, 0xFF, 0xFF, 0xFF,
    0xFF, 0xFF, 0xFF, 0xFF, 0xFF, 0xFF, 0xFF, 0x09, 0x00, 0xFB, 0xFF, 0xFF, 0xFF, 0xFF, 0xFF, 0xFF,
    0xFF, 0xFF, 0xFF, 0xFF, 0xFF, 0xFF, 0x05, 0x60, 0xFF, 0xFF, 0xFF, 0xFF, 0xFF, 0xFF, 0xFF, 0xFF,
    0xFF, 0xFF, 0xFF, 0xFF, 0xDF, 0x00, 0xE0, 0xFF, 0xFF, 0xFF, 0x5C, 0x01, 0xF3, 0xFF, 0xFF, 0x5F,
    0x10, 0xE6, 0xFF, 0x3E, 0x00, 0xF4, 0xFF, 0xFF, 0xBF, 0x00, 0x00, 0xA0, 0xFF, 0xFF, 0x05, 0x00,
    0x00, 0x66, 0x01, 0x00, 0xF7, 0xFF, 0xFF, 0x8F, 0x00, 0x00, 0xA0, 0xFF, 0xFF, 0x01, 0x00, 0x00,
    0x00, 0x00, 0x00, 0xF9, 0xFF, 0xFF, 0xEF, 0x04, 0x00, 0xD0, 0xFF, 0xFF, 0x04, 0x00, 0x00, 0x00,
    0x00, 0x00, 0xF8, 0xFF, 0xFF, 0xFF, 0x6F, 0x00, 0xF0, 0xFF, 0xFF, 0x4E, 0x00, 0x00, 0x00, 0x00,
    0x00, 0xF6, 0xFF, 0xFF, 0xFF, 0xBF, 0x00, 0xF3, 0xFF, 0xFF, 0xFF, 0xFF, 0xEF, 0x03, 0x00, 0x00,
    0xF1, 0xFF, 0xFF, 0xFF, 0x9F, 0x00, 0xF7, 0xFF, 0xFF, 0xFF, 0xFF, 0xFF, 0x09, 0x00, 0x00, 0x90,
    0xFF, 0xFF, 0xFF, 0x3F, 0x00, 0xFB, 0xFF, 0xFF, 0xFF, 0xFF, 0xFF, 0x09, 0x00, 0x00, 0x00, 0xFA,
    0xFF, 0xFF, 0x06, 0x10, 0xFF, 0xFF, 0xFF, 0xFF, 0xFF, 0xFF, 0x07, 0x00, 0x00, 0x00, 0x30, 0x98,
    0x28, 0x00, 0x60, 0xFF, 0xFF, 0xFF, 0xFF, 0xFF, 0xFF, 0x03, 0x00, 0x00, 0x00, 0x00, 0x00, 0x00,
    0x00, 0xE0, 0xFF, 0xFF, 0xDF, 0xDB, 0xFF, 0xAF, 0x00, 0x00, 0x00, 0x00, 0x00, 0x00, 0x00, 0x00,
    0xF8, 0xFF, 0xFF, 0x09, 0x00, 0x41, 0x03, 0x00, 0x00, 0x00, 0x00, 0xD4, 0xEF, 0x17, 0x81, 0xFF,
    0xFF, 0xFF, 0x01, 0x00, 0x00, 0x00, 0x00, 0x00, 0x00, 0x40, 0xFF, 0xFF, 0xFF, 0xFF, 0xFF, 0xFF,
    0xCF, 0x00, 0x00, 0x00, 0x00, 0x00, 0x00, 0x00, 0xD0, 0xFF, 0xFF, 0xFF, 0xFF, 0xFF, 0xFF, 0x8F,
    0x00, 0x00, 0x00, 0x00, 0x00, 0x00, 0x00, 0xF1, 0xFF, 0xFF, 0xFF, 0xFF, 0xFF, 0xFF, 0x2F, 0x00,
    0x00, 0x00, 0x00, 0x00, 0x00, 0x00, 0xF2, 0xFF, 0xFF, 0xFF, 0xFF, 0xFF, 0xFF, 0x0B, 0x00, 0x00,
    0x00, 0x00, 0x00, 0x00, 0x00, 0xE0, 0xFF, 0xFF, 0xFF, 0xFF, 0xFF, 0xFF, 0x02, 0x00, 0x00, 0x00,
    0x00, 0x00, 0x00, 0x00, 0x70, 0xFF, 0xFF, 0xFF, 0xFF, 0xFF, 0x4F, 0x00, 0x00, 0x00, 0x00, 0x00,
    0x00, 0x00, 0x00, 0x00, 0xF9, 0xFF, 0xFF, 0xFF, 0xEF, 0x03, 0x00, 0x00, 0x00, 0x00, 0x00, 0x00,
    0x00, 0x00, 0x00, 0x30, 0xD9, 0xFF, 0xBE, 0x06, 0x00, 0x00, 0x00, 0x00, 0x00, 0x00, 0x00, 0x00,
    0x00, 0x00, 0x00, 0x00, 0x00, 0x00, 0x00, 0x50, 0xD9, 0xFE, 0xDE, 0x39, 0x00, 0x00, 0x00, 0x00,
    0x00, 0x00, 0x00, 0x80, 0xFF, 0xFF, 0xFF, 0xFF, 0xFF, 0x0A, 0x00, 0x00, 0x00, 0x00, 0x00, 0x40,
    0xFE, 0xFF, 0xFF, 0xFF, 0xFF, 0xFF, 0xBF, 0x00, 0x00, 0x00, 0x00, 0x00, 0xF8, 0xFF, 0xFF, 0xFF,
    0xFF, 0xFF, 0xFF, 0xFF, 0x05, 0x00, 0x00, 0x00, 0x90, 0xFF, 0xFF, 0xFF, 0xFF, 0xFF, 0xFF, 0xFF,
    0xFF, 0x0A, 0x00, 0x00, 0x00, 0xF7, 0xFF, 0xFF, 0xBF, 0x03, 0xC1, 0xFF, 0xFF, 0xFF, 0x0C, 0x00,
    0x00, 0x30, 0xFF, 0xFF, 0xFF, 0x08, 0x00, 0x50, 0xFF, 0xFF, 0xFF, 0x0C, 0x00, 0x00, 0xD0, 0xFF,
    0xFF, 0xAF, 0x00, 0x00, 0xD2, 0xFF, 0xFF, 0xFF, 0x09, 0x00, 0x00, 0xF6, 0xFF, 0xFF, 0x1E, 0x00,
    0x70, 0xFF, 0xFF, 0xFF, 0xFF, 0x04, 0x00, 0x00, 0xFE, 0xFF, 0xFF, 0x07, 0x00, 0xF2, 0xFF, 0xFF,
    0xFF, 0xBF, 0x00, 0x00, 0x30, 0xFF, 0xFF, 0xFF, 0x01, 0x00, 0xF3, 0xFF, 0xFF, 0xFF, 0x0C, 0x00,
    0x00, 0x80, 0xFF, 0xFF, 0xCF, 0x00, 0x00, 0xC0, 0xFF, 0xFF, 0x8F, 0x00, 0x00, 0x00, 0xC0, 0xFF,
    0xFF, 0x9F, 0x00, 0x00, 0x00, 0x86, 0x58, 0x00, 0x00, 0x00, 0x00, 0xE0, 0xFF, 0xFF, 0x7F, 0x00,
    0x00, 0x00, 0x00, 0x00, 0x32, 0x00, 0x00, 0x00, 0xF0, 0xFF, 0xFF, 0x8F, 0x00, 0x00, 0x00, 0x00,
    0xF7, 0xFF, 0x5F, 0x00, 0x00, 0xF0, 0xFF, 0xFF, 0xCF, 0x00, 0x00, 0x00, 0xC1, 0xFF, 0xFF, 0xAF,
    0x00, 0x00, 0xE0, 0xFF, 0xFF, 0xFF, 0x05, 0x00, 0x50, 0xFE, 0xFF, 0xFF, 0x3F, 0x00, 0x00, 0xD0,
    0xFF, 0xFF, 0xFF, 0xAF, 0x76, 0xFC, 0xFF, 0xFF, 0xFF, 0x0A, 0x00, 0x00, 0xA0, 0xFF, 0xFF, 0xFF,
    0xFF, 0xFF, 0xFF, 0xFF, 0xFF, 0xFF, 0x01, 0x00, 0x00, 0x50, 0xFF, 0xFF, 0xFF, 0xFF, 0xFF, 0xFF,
    0xFF, 0xFF, 0xAF, 0x00, 0x00, 0x00, 0x00, 0xFE, 0xFF, 0xFF, 0xFF, 0xFF, 0xFF, 0xFF, 0xFF, 0x4F,
    0x00, 0x00, 0x00, 0x00, 0xF5, 0xFF, 0xFF, 0xFF, 0xFF, 0x76, 0xFF, 0xFF, 0x0E, 0x00, 0x00, 0x00,
    0x00, 0x60, 0xFF, 0xFF, 0xFF, 0x6F, 0xB0, 0xFF, 0xFF, 0x08, 0x00, 0x00, 0x00, 0x00, 0x00, 0x92,
    0xDC, 0x7C, 0x01, 0xF3, 0xFF, 0xFF, 0x01, 0x00, 0x00, 0x00, 0x00, 0x00, 0x00, 0x00, 0x00, 0x10,
    0xFD, 0xFF, 0xAF, 0x00, 0x00, 0x00, 0x00, 0x52, 0x25, 0x00, 0x00, 0x00, 0xD2, 0xFF, 0xFF, 0x2F,
    0x00, 0x00, 0x00, 0x90, 0xFF, 0xFF, 0x4B, 0x01, 0x93, 0xFF, 0xFF, 0xFF, 0x09, 0x00, 0x00, 0x00,
    0xF6, 0xFF, 0xFF, 0xFF, 0xFF, 0xFF, 0xFF, 0xFF, 0xDF, 0x00, 0x00, 0x00, 0x00, 0xFC, 0xFF, 0xFF,
    0xFF, 0xFF, 0xFF, 0xFF, 0xFF, 0x3F, 0x00, 0x00, 0x00, 0x00, 0xFD, 0xFF, 0xFF, 0xFF, 0xFF, 0xFF,
    0xFF, 0xFF, 0x05, 0x00, 0x00, 0x00, 0x00, 0xFB, 0xFF, 0xFF, 0xFF, 0xFF, 0xFF, 0xFF, 0x6F, 0x00,
    0x00, 0x00, 0x00, 0x00, 0xF4, 0xFF, 0xFF, 0xFF, 0xFF, 0xFF, 0xEF, 0x04, 0x00, 0x00, 0x00, 0x00,
    0x00, 0x60, 0xFF, 0xFF, 0xFF, 0xFF, 0xFF, 0x18, 0x00, 0x00, 0x00, 0x00, 0x00, 0x00, 0x00, 0x82,
    0xEC, 0xEF, 0xAD, 0x16, 0x00, 0x00, 0x00, 0x00, 0x00, 0x00, 0x00, 0x00, 0x00, 0x00, 0x00, 0x40,
    0xB8, 0xFE, 0xFF, 0xBE, 0x06, 0x00, 0x00, 0x00, 0x70, 0xFD, 0x8E, 0x00, 0x00, 0x00, 0x00, 0x81,
    0xFE, 0xFF, 0xFF, 0xFF, 0xFF, 0xDF, 0x01, 0x00, 0x00, 0xF8, 0xFF, 0xFF, 0x08, 0x00, 0x00, 0x70,
    0xFF, 0xFF, 0xFF, 0xFF, 0xFF, 0xFF, 0xFF, 0x08, 0x00, 0x20, 0xFF, 0xFF, 0xFF, 0x0C, 0x00, 0x00,
    0xFB, 0xFF, 0xFF, 0xFF, 0xFF, 0xFF, 0xFF, 0xFF, 0x0A, 0x00, 0x90, 0xFF, 0xFF, 0xFF, 0x0B, 0x00,
    0xC0, 0xFF, 0xFF, 0xFF, 0xFF, 0xFF, 0xFF, 0xFF, 0xFF, 0x08, 0x00, 0xE0, 0xFF, 0xFF, 0xFF, 0x05,
    0x00, 0xFA, 0xFF, 0xFF, 0xFF, 0xFF, 0xFF, 0xFF, 0xFF, 0xFF, 0x03, 0x00, 0xF3, 0xFF, 0xFF, 0xEF,
    0x00, 0x40, 0xFF, 0xFF, 0xFF, 0xAF, 0x56, 0xFA, 0xFF, 0xFF, 0xEF, 0x00, 0x00, 0xF7, 0xFF, 0xFF,
    0x7F, 0x00, 0xD0, 0xFF, 0xFF, 0xFF, 0x03, 0x00, 0xC0, 0xFF, 0xFF, 0xAF, 0x00, 0x00, 0xFC, 0xFF,
    0xFF, 0x0E, 0x00, 0xF3, 0xFF, 0xFF, 0x9F, 0x00, 0x00, 0x90, 0xFF, 0xFF, 0x9F, 0x00, 0x30, 0xFF,
    0xFF, 0xFF, 0x06, 0x00, 0xF7, 0xFF, 0xFF, 0x8F, 0x00, 0x00, 0xB0, 0xFF, 0xFF, 0xDF, 0x00, 0xD2,
    0xFF, 0xFF, 0xDF, 0x00, 0x00, 0xF8, 0xFF, 0xFF, 0xEF, 0x04, 0x00, 0xD0, 0xFF, 0xFF, 0xFF, 0xBE,
    0xFF, 0xFF, 0xFF, 0x6F, 0x00, 0x00, 0xF8, 0xFF, 0xFF, 0xFF, 0x6F, 0x00, 0xF0, 0xFF, 0xFF, 0xFF,
    0xFF, 0xFF, 0xFF, 0xFF, 0x0F, 0x00, 0x00, 0xF6, 0xFF, 0xFF, 0xFF, 0xAF, 0x00, 0xF4, 0xFF, 0xFF,
    0xFF, 0xFF, 0xFF, 0xFF, 0xFF, 0x09, 0x00, 0x00, 0xF1, 0xFF, 0xFF, 0xFF, 0x9F, 0x00, 0xF7, 0xFF,
    0xFF, 0xFF, 0xFF, 0xFF, 0xFF, 0xFF, 0x03, 0x00, 0x00, 0x90, 0xFF, 0xFF, 0xFF, 0x3F, 0x00, 0xFC,
    0xFF, 0xFF, 0xFF, 0xFF, 0xFF, 0xFF, 0xFF, 0x00, 0x00, 0x00, 0x00, 0xFB, 0xFF, 0xFF, 0x07, 0x10,
    0xFF, 0xFF, 0xFF, 0x8C, 0xFE, 0xFF, 0xFF, 0xDF, 0x00, 0x00, 0x00, 0x00, 0x40, 0xA9, 0x39, 0x00,
    0x70, 0xFF, 0xFF, 0xBF, 0x00, 0xF3, 0xFF, 0xFF, 0xCF, 0x00, 0x00, 0x00, 0x00, 0x00, 0x00, 0x00,
    0x00, 0xE0, 0xFF, 0xFF, 0x1F, 0x00, 0xF0, 0xFF, 0xFF, 0xDF, 0x00, 0x00, 0x00, 0x00, 0x00, 0x00,
    0x00, 0x00, 0xF8, 0xFF, 0xFF, 0x0B, 0x00, 0xF0, 0xFF, 0xFF, 0xFF, 0x05, 0x00, 0x00, 0x00, 0xD4,
    0xEF, 0x17, 0x81, 0xFF, 0xFF, 0xFF, 0x06, 0x00, 0xF3, 0xFF, 0xFF, 0xFF, 0x9F, 0x00, 0x00, 0x40,
    0xFF, 0xFF, 0xFF, 0xFF, 0xFF, 0xFF, 0xFF, 0x01, 0x00, 0xF6, 0xFF, 0xFF, 0xFF, 0xFF, 0x03, 0x00,
    0xD0, 0xFF, 0xFF, 0xFF, 0xFF, 0xFF, 0xFF, 0xCF, 0x00, 0x00, 0xFA, 0xFF, 0xFF, 0xFF, 0xFF, 0x03,
    0x00, 0xF1, 0xFF, 0xFF, 0xFF, 0xFF, 0xFF, 0xFF, 0x5F, 0x00, 0x00, 0xFD, 0xFF, 0xFF, 0xFF, 0xFF,
    0x01, 0x00, 0xF1, 0xFF, 0xFF, 0xFF, 0xFF, 0xFF, 0xFF, 0x0D, 0x00, 0x00, 0xFF, 0xFF, 0xFF, 0xFF,
    0xCF, 0x00, 0x00, 0xE0, 0xFF, 0xFF, 0xFF, 0xFF, 0xFF, 0xFF, 0x03, 0x00, 0x00, 0xFF, 0xFF, 0xFF,
    0xFF, 0x4F, 0x00, 0x00, 0x70, 0xFF, 0xFF, 0xFF, 0xFF, 0xFF, 0x5F, 0x00, 0x00, 0x00, 0xFC, 0xFF,
    0xFF, 0xFF, 0x0B, 0x00, 0x00, 0x00, 0xF9, 0xFF, 0xFF, 0xFF, 0xDF, 0x03, 0x00, 0x00, 0x00, 0xF5,
    0xFF, 0xFF, 0xCF, 0x00, 0x00, 0x00, 0x00, 0x40, 0xDA, 0xFF, 0xAE, 0x05, 0x00, 0x00, 0x00, 0x00,
    0x40, 0xFC, 0xCF, 0x07, 0x00, 0x00, 0x00, 0x00, 0x00, 0x00, 0x00, 0x62, 0xCA, 0xFE, 0xFF, 0xDE,
    0x4A, 0x00, 0x00, 0x00, 0x00, 0xC5, 0xFF, 0xFF, 0xFF, 0xFF, 0xFF, 0xFF, 0x07, 0x00, 0x00, 0xD3,
    0xFF, 0xFF, 0xFF, 0xFF, 0xFF, 0xFF, 0xFF, 0x0C, 0x00, 0x50, 0xFF, 0xFF, 0xFF, 0xFF, 0xFF, 0xFF,
    0xFF, 0xFF, 0x0B, 0x00, 0xF5, 0xFF, 0xFF, 0xFF, 0xFF, 0xFF, 0xFF, 0xFF, 0xFF, 0x06, 0x10, 0xFF,
    0xFF, 0xFF, 0xFF, 0xFF, 0xFF, 0xFF, 0xFF, 0xFF, 0x01, 0x80, 0xFF, 0xFF, 0xFF, 0x7F, 0x01, 0xE3,
    0xFF, 0xFF, 0xBF, 0x00, 0xE0, 0xFF, 0xFF, 0xFF, 0x04, 0x00, 0x80, 0xFF, 0xFF, 0x5F, 0x00, 0xF3,
    0xFF, 0xFF, 0xDF, 0x00, 0x00, 0x80, 0xFF, 0xFF, 0x0E, 0x00, 0xF5, 0xFF, 0xFF, 0xEF, 0x00, 0x00,
    0xB0, 0xFF, 0xFF, 0x09, 0x00, 0xF5, 0xFF, 0xFF, 0xFF, 0x4E, 0x00, 0xF0, 0xFF, 0xFF, 0x04, 0x00,
    0xF4, 0xFF, 0xFF, 0xFF, 0xEF, 0x00, 0xF5, 0xFF, 0xEF, 0x00, 0x00, 0xF1, 0xFF, 0xFF, 0xFF, 0xFF,
    0x00, 0xFA, 0xFF, 0xAF, 0x00, 0x00, 0xA0, 0xFF, 0xFF, 0xFF, 0xEF, 0x00, 0xFE, 0xFF, 0x6F, 0x00,
    0x00, 0x10, 0xFE, 0xFF, 0xFF, 0x7F, 0x40, 0xFF, 0xFF, 0x2F, 0x00, 0x00, 0x00, 0xD2, 0xFF, 0xFF,
    0x09, 0xA0, 0xFF, 0xFF, 0x0E, 0x00, 0x00, 0x00, 0x00, 0x74, 0x26, 0x00, 0xF0, 0xFF, 0xFF, 0x0B,
    0x00, 0x00, 0x00, 0x00, 0x00, 0x00, 0x00, 0xF6, 0xFF, 0xFF, 0x08, 0x00, 0x00, 0x00, 0x00, 0x00,
    0x00, 0x00, 0xFD, 0xFF, 0xFF, 0x05, 0x00, 0x00, 0x00, 0x00, 0x00, 0x00, 0x40, 0xFF, 0xFF, 0xFF,
    0x02, 0x00, 0x00, 0x00, 0x00, 0x00, 0x00, 0xB0, 0xFF, 0xFF, 0xFF, 0x00, 0x00, 0x00, 0x00, 0x00,
    0x00, 0x00, 0xF2, 0xFF, 0xFF, 0xDF, 0x00, 0x00, 0x00, 0x00, 0x00, 0x00, 0x00, 0xF9, 0xFF, 0xFF,
    0xAF, 0x00, 0x00, 0x00, 0x00, 0x00, 0x00, 0x00, 0xFC, 0xFF, 0xFF, 0x8F, 0x00, 0x00, 0x00, 0x00,
    0x00, 0x00, 0x00, 0xFC, 0xFF, 0xFF, 0x3F, 0x00, 0x00, 0x00, 0x00, 0x00, 0x00, 0x00, 0xF9, 0xFF,
    0xFF, 0x0A, 0x00, 0x00, 0x00, 0x00, 0x00, 0x00, 0x00, 0x90, 0xFE, 0x7D, 0x00, 0x00, 0x00, 0x00,
    0x00, 0x00, 0x00, 0x00, 0x00, 0x10, 0x95, 0xEC, 0xFF, 0xEF, 0x8C, 0x02, 0x00, 0x00, 0x00, 0x00,
    0x30, 0xFA, 0xFF, 0xFF, 0xFF, 0xFF, 0xFF, 0x5F, 0x00, 0x00, 0x00, 0x00, 0xF9, 0xFF, 0xFF, 0xFF,
    0xFF, 0xFF, 0xFF, 0xCF, 0x00, 0x00, 0x00, 0xC1, 0xFF, 0xFF, 0xFF, 0xFF, 0xFF, 0xFF, 0xFF, 0xBF,
    0x00, 0x00, 0x00, 0xFC, 0xFF, 0xFF, 0xFF, 0xFF, 0xFF, 0xFF, 0xFF, 0x9F, 0x00, 0x00, 0x80, 0xFF,
    0xFF, 0xFF, 0xFF, 0xFF, 0xFF, 0xFF, 0xFF, 0x5F, 0x00, 0x00, 0xF1, 0xFF, 0xFF, 0xFF, 0x7C, 0x85,
    0xFF, 0xFF, 0xFF, 0x1F, 0x00, 0x00, 0xF7, 0xFF, 0xFF, 0x9F, 0x00, 0x00, 0xF6, 0xFF, 0xFF, 0x0D,
    0x00, 0x00, 0xFC, 0xFF, 0xFF, 0x0F, 0x00, 0x00, 0xF3, 0xFF, 0xFF, 0x09, 0x00, 0x00, 0xFF, 0xFF,
    0xFF, 0x0D, 0x00, 0x00, 0xF4, 0xFF, 0xFF, 0x05, 0x00, 0x20, 0xFF, 0xFF, 0xFF, 0x0E, 0x00, 0x00,
    0xF6, 0xFF, 0xFF, 0x01, 0x00, 0x30, 0xFF, 0xFF, 0xFF, 0x8F, 0x00, 0x00, 0xF8, 0xFF, 0xDF, 0x00,
    0x00, 0x30, 0xFF, 0xFF, 0xFF, 0xFF, 0x07, 0x00, 0xFB, 0xFF, 0x9F, 0x00, 0x00, 0x20, 0xFF, 0xFF,
    0xFF, 0xFF, 0x0F, 0x00, 0xFE, 0xFF, 0x5F, 0x00, 0x00, 0x00, 0xFE, 0xFF, 0xFF, 0xFF, 0x0F, 0x10,
    0xFF, 0xFF, 0x2F, 0x00, 0x00, 0x00, 0xF9, 0xFF, 0xFF, 0xFF, 0x0D, 0x50, 0xFF, 0xFF, 0x0E, 0x00,
    0x00, 0x00, 0xF1, 0xFF, 0xFF, 0xFF, 0x07, 0x90, 0xFF, 0xFF, 0x0B, 0x00, 0x00, 0x00, 0x30, 0xFE,
    0xFF, 0x9F, 0x00, 0xE0, 0xFF, 0xFF, 0x07, 0x00, 0x00, 0x00, 0x00, 0x50, 0x78, 0x03, 0x00, 0xF5,
    0xFF, 0xFF, 0x04, 0x00, 0x00, 0x00, 0x00, 0x00, 0x00, 0x00, 0x00, 0xFC, 0xFF, 0xFF, 0x00, 0x00,
    0x00, 0x00, 0x00, 0x00, 0x00, 0x00, 0x60, 0xFF, 0xFF, 0xBF, 0x00, 0x00, 0x00, 0x93, 0x9B, 0x02,
    0x00, 0x00, 0xF4, 0xFF, 0xFF, 0x7F, 0x00, 0x00, 0x60, 0xFF, 0xFF, 0x8F, 0x01, 0x82, 0xFF, 0xFF,
    0xFF, 0x1F, 0x00, 0x00, 0xF1, 0xFF, 0xFF, 0xFF, 0xFF, 0xFF, 0xFF, 0xFF, 0xFF, 0x0A, 0x00, 0x00,
    0xF6, 0xFF, 0xFF, 0xFF, 0xFF, 0xFF, 0xFF, 0xFF, 0xFF, 0x03, 0x00, 0x00, 0xF8, 0xFF, 0xFF, 0xFF,
    0xFF, 0xFF, 0xFF, 0xFF, 0x9F, 0x00, 0x00, 0x00, 0xF7, 0xFF, 0xFF, 0xFF, 0xFF, 0xFF, 0xFF, 0xFF,
    0x0D, 0x00, 0x00, 0x00, 0xF2, 0xFF, 0xFF, 0xFF, 0xFF, 0xFF, 0xFF, 0xEF, 0x02, 0x00, 0x00, 0x00,
    0xA0, 0xFF, 0xFF, 0xFF, 0xFF, 0xFF, 0xFF, 0x2D, 0x00, 0x00, 0x00, 0x00, 0x00, 0xFA, 0xFF, 0xFF,
    0xFF, 0xFF, 0x8F, 0x00, 0x00, 0x00, 0x00, 0x00, 0x00, 0x30, 0xD9, 0xFE, 0xDE, 0x6A, 0x01, 0x00,
    0x00, 0x00, 0x00, 0x00, 0x00, 0x00, 0x00, 0x00, 0x50, 0xB9, 0xFE, 0xFF, 0xCE, 0x29, 0x00, 0x00,
    0x00, 0xD8, 0xDF, 0x08, 0x00, 0x00, 0x00, 0x92, 0xFF, 0xFF, 0xFF, 0xFF, 0xFF, 0xFF, 0x03, 0x00,
    0xD1, 0xFF, 0xFF, 0x7F, 0x00, 0x00, 0x90, 0xFF, 0xFF, 0xFF, 0xFF, 0xFF, 0xFF, 0xFF, 0x0A, 0x00,
    0xFB, 0xFF, 0xFF, 0xCF, 0x00, 0x10, 0xFD, 0xFF, 0xFF, 0xFF, 0xFF, 0xFF, 0xFF, 0xFF, 0x0A, 0x40,
    0xFF, 0xFF, 0xFF, 0xAF, 0x00, 0xE1, 0xFF, 0xFF, 0xFF, 0xFF, 0xFF, 0xFF, 0xFF, 0xFF, 0x08, 0xB0,
    0xFF, 0xFF, 0xFF, 0x2E, 0x00, 0xFC, 0xFF, 0xFF, 0xFF, 0xFF, 0xFF, 0xFF, 0xFF, 0xFF, 0x04, 0xF0,
    0xFF, 0xFF, 0xFF, 0x03, 0x60, 0xFF, 0xFF, 0xFF, 0xBF, 0x56, 0xFA, 0xFF, 0xFF, 0xFF, 0x00, 0xF5,
    0xFF, 0xFF, 0x4F, 0x00, 0xD0, 0xFF, 0xFF, 0xFF, 0x04, 0x00, 0xC0, 0xFF, 0xFF, 0xBF, 0x00, 0xF9,
    0xFF, 0xFF, 0x08, 0x00, 0xF3, 0xFF, 0xFF, 0x9F, 0x00, 0x00, 0x90, 0xFF, 0xFF, 0x7F, 0x00, 0xFE,
    0xFF, 0xEF, 0x00, 0x00, 0xF7, 0xFF, 0xFF, 0x8F, 0x00, 0x00, 0xB0, 0xFF, 0xFF, 0x4F, 0x60, 0xFF,
    0xFF, 0x5F, 0x00, 0x00, 0xF8, 0xFF, 0xFF, 0xEF, 0x03, 0x00, 0xD0, 0xFF, 0xFF, 0x6F, 0xE2, 0xFF,
    0xFF, 0x0B, 0x00, 0x00, 0xF8, 0xFF, 0xFF, 0xFF, 0x5F, 0x00, 0xF0, 0xFF, 0xFF, 0xFF, 0xFF, 0xFF,
    0xFF, 0x01, 0x00, 0x00, 0xF7, 0xFF, 0xFF, 0xFF, 0xAF, 0x00, 0xF4, 0xFF, 0xFF, 0xFF, 0xFF, 0xFF,
    0x4F, 0x00, 0x00, 0x00, 0xF2, 0xFF, 0xFF, 0xFF, 0xAF, 0x00, 0xF7, 0xFF, 0xFF, 0xFF, 0xFF, 0xCF,
    0x03, 0x00, 0x00, 0x00, 0xA0, 0xFF, 0xFF, 0xFF, 0x4F, 0x00, 0xFC, 0xFF, 0xFF, 0xFF, 0xFF, 0xFF,
    0x08, 0x00, 0x00, 0x00, 0x10, 0xFC, 0xFF, 0xFF, 0x09, 0x10, 0xFF, 0xFF, 0xFF, 0xFF, 0xFF, 0xFF,
    0x5F, 0x00, 0x00, 0x00, 0x00, 0x60, 0xDB, 0x5B, 0x00, 0x70, 0xFF, 0xFF, 0x7F, 0xA0, 0xFF, 0xFF,
    0xCF, 0x00, 0x00, 0x00, 0x00, 0x00, 0x00, 0x00, 0x00, 0xE0, 0xFF, 0xFF, 0x0E, 0x40, 0xFF, 0xFF,
    0xFF, 0x00, 0x00, 0x00, 0x00, 0x00, 0x00, 0x00, 0x00, 0xF8, 0xFF, 0xFF, 0x0A, 0x40, 0xFF, 0xFF,
    0xFF, 0x04, 0x00, 0x00, 0x00, 0xD4, 0xEF, 0x17, 0x81, 0xFF, 0xFF, 0xFF, 0x06, 0x50, 0xFF, 0xFF,
    0xFF, 0x0A, 0x00, 0x00, 0x40, 0xFF, 0xFF, 0xFF, 0xFF, 0xFF, 0xFF, 0xFF, 0x02, 0x70, 0xFF, 0xFF,
    0xFF, 0xDF, 0x05, 0x00, 0xD0, 0xFF, 0xFF, 0xFF, 0xFF, 0xFF, 0xFF, 0xDF, 0x00, 0x90, 0xFF, 0xFF,
    0xFF, 0xFF, 0x0B, 0x00, 0xF1, 0xFF, 0xFF, 0xFF, 0xFF, 0xFF, 0xFF, 0x7F, 0x00, 0xC0, 0xFF, 0xFF,
    0xFF, 0xFF, 0x09, 0x00, 0xF1, 0xFF, 0xFF, 0xFF, 0xFF, 0xFF, 0xFF, 0x1E, 0x00, 0xF0, 0xFF, 0xFF,
    0xFF, 0xFF, 0x05, 0x00, 0xE0, 0xFF, 0xFF, 0xFF, 0xFF, 0xFF, 0xFF, 0x05, 0x00, 0xF1, 0xFF, 0xFF,
    0xFF, 0xEF, 0x00, 0x00, 0x70, 0xFF, 0xFF, 0xFF, 0xFF, 0xFF, 0x7F, 0x00, 0x00, 0xE0, 0xFF, 0xFF,
    0xFF, 0x4F, 0x00, 0x00, 0x00, 0xF9, 0xFF, 0xFF, 0xFF, 0xEF, 0x04, 0x00, 0x00, 0x70, 0xFF, 0xFF,
    0xFF, 0x06, 0x00, 0x00, 0x00, 0x40, 0xDA, 0xFF, 0xAD, 0x05, 0x00, 0x00, 0x00, 0x00, 0xD7, 0xEF,
    0x3A, 0x00, 0x00, 0x00, 0x00, 0x00, 0x00, 0x00, 0x00, 0x00, 0x00, 0x00, 0x50, 0xD9, 0xFE, 0xCE,
    0x28, 0x00, 0x00, 0x00, 0x00, 0x00, 0x00, 0x00, 0x00, 0x00, 0x30, 0xFD, 0xFF, 0xFF, 0xFF, 0xFF,
    0x08, 0x00, 0x00, 0x00, 0x00, 0x00, 0x00, 0x00, 0x00, 0xF5, 0xFF, 0xFF, 0xFF, 0xFF, 0xFF, 0xAF,
    0x00, 0x00, 0x00, 0x00, 0x00, 0x00, 0x00, 0x30, 0xFF, 0xFF, 0xFF, 0xFF, 0xFF, 0xFF, 0xFF, 0x07,
    0x00, 0x00, 0x00, 0x00, 0x00, 0x00, 0xD0, 0xFF, 0xFF, 0xFF, 0xFF, 0xFF, 0xFF, 0xFF, 0x0F, 0x00,
    0x00, 0x00, 0x00, 0x00, 0x00, 0xF7, 0xFF, 0xFF, 0xFF, 0xFF, 0xFF, 0xFF, 0xFF, 0x5F, 0x00, 0x00,
    0x00, 0x00, 0x00, 0x00, 0xFE, 0xFF, 0xFF, 0xEF, 0x67, 0xFD, 0xFF, 0xFF, 0x8F, 0x00, 0x00, 0x00,
    0x00, 0x00, 0x40, 0xFF, 0xFF, 0xFF, 0x1E, 0x00, 0xF5, 0xFF, 0xFF, 0xAF, 0x00, 0x00, 0x00, 0x00,
    0x00, 0x80, 0xFF, 0xFF, 0xFF, 0x06, 0x00, 0xF6, 0xFF, 0xFF, 0x9F, 0x00, 0x00, 0x00, 0x00, 0x00,
    0xC0, 0xFF, 0xFF, 0xEF, 0x00, 0x10, 0xFE, 0xFF, 0xFF, 0x8F, 0x00, 0x00, 0x00, 0x00, 0x00, 0xF0,
    0xFF, 0xFF, 0x9F, 0x00, 0xB0, 0xFF, 0xFF, 0xFF, 0x5F, 0x00, 0x00, 0x00, 0x00, 0x00, 0xF2, 0xFF,
    0xFF, 0x4F, 0x00, 0xF4, 0xFF, 0xFF, 0xFF, 0x1F, 0x00, 0x00, 0x00, 0x00, 0x00, 0xF5, 0xFF, 0xFF,
    0x0F, 0x00, 0xF6, 0xFF, 0xFF, 0xFF, 0x0A, 0x00, 0x00, 0x00, 0x00, 0x00, 0xF8, 0xFF, 0xFF, 0x0C,
    0x00, 0xF5, 0xFF, 0xFF, 0xFF, 0x02, 0x00, 0x00, 0x00, 0x00, 0x00, 0xFA, 0xFF, 0xFF, 0x08, 0x00,
    0xF1, 0xFF, 0xFF, 0x5F, 0x00, 0x00, 0x00, 0x00, 0x00, 0x00, 0xFC, 0xFF, 0xFF, 0x04, 0x00, 0x40,
    0xFE, 0xCF, 0x03, 0x00, 0x00, 0x00, 0x00, 0x00, 0x00, 0xFE, 0xFF, 0xFF, 0x00, 0x00, 0x00, 0x20,
    0x01, 0x00, 0x00, 0x00, 0x30, 0xDA, 0xEF, 0x7B, 0xFF, 0xFF, 0xCF, 0x00, 0x00, 0x00, 0x00, 0x00,
    0x00, 0x00, 0x00, 0xF7, 0xFF, 0xFF, 0xFF, 0xFF, 0xFF, 0x7F, 0x00, 0x00, 0x00, 0x00, 0x00, 0x00,
    0x00, 0x60, 0xFF, 0xFF, 0xFF, 0xFF, 0xFF, 0xFF, 0x3F, 0x00, 0x00, 0x00, 0x20, 0x35, 0x00, 0x00,
    0xE0, 0xFF, 0xFF, 0xFF, 0xFF, 0xFF, 0xFF, 0xEF, 0x38, 0x01, 0x62, 0xFC, 0xFF, 0x07, 0x00, 0xF4,
    0xFF, 0xFF, 0xFF, 0xFF, 0xFF, 0xFF, 0xFF, 0xFF, 0xFF, 0xFF, 0xFF, 0xFF, 0x0D, 0x00, 0xF6, 0xFF,
    0xEF, 0x32, 0xFD, 0xFF, 0xFF, 0xFF, 0xFF, 0xFF, 0xFF, 0xFF, 0xFF, 0x0E, 0x00, 0xF6, 0xFF, 0xFF,
    0xFF, 0xFF, 0xFF, 0xFF, 0xFF, 0xFF, 0xFF, 0xFF, 0xFF, 0xFF, 0x0C, 0x00, 0xF2, 0xFF, 0xFF, 0xFF,
    0xFF, 0xFF, 0xFF, 0xFF, 0xFF, 0xFF, 0xFF, 0xFF, 0xFF, 0x08, 0x00, 0xB0, 0xFF, 0xFF, 0xFF, 0xFF,
    0xCF, 0x81, 0xFF, 0xFF, 0xFF, 0xFF, 0xFF, 0xEF, 0x01, 0x00, 0x10, 0xFD, 0xFF, 0xFF, 0xFF, 0x0A,
    0x00, 0xA2, 0xFF, 0xFF, 0xFF, 0xFF, 0x4F, 0x00, 0x00, 0x00, 0x70, 0xEC, 0xDF, 0x39, 0x00, 0x00,
    0x00, 0x72, 0xDB, 0xFF, 0x8D, 0x01, 0x00, 0x00, 0x00, 0x00, 0x00, 0x00, 0x00, 0x61, 0xB9, 0xED,
    0xFF, 0xFF, 0xFF, 0xFF, 0x5E, 0x00, 0x00, 0x00, 0x91, 0xFE, 0xFF, 0xDF, 0x06, 0x00, 0x00, 0x00,
    0x00, 0xC5, 0xFF, 0xFF, 0xFF, 0xFF, 0xFF, 0xFF, 0xFF, 0xFF, 0x00, 0x00, 0x10, 0xFD, 0xFF, 0xFF,
    0xFF, 0x4F, 0x00, 0x00, 0x00, 0xD3, 0xFF, 0xFF, 0xFF, 0xFF, 0xFF, 0xFF, 0xFF, 0xFF, 0xFF, 0x03,
    0x00, 0x90, 0xFF, 0xFF, 0xFF, 0xFF, 0x7F, 0x00, 0x00, 0x60, 0xFF, 0xFF, 0xFF, 0xFF, 0xFF, 0xFF,
    0xFF, 0xFF, 0xFF, 0xFF, 0x05, 0x00, 0xF2, 0xFF, 0xFF, 0xFF, 0xFF, 0x5F, 0x00, 0x00, 0xF5, 0xFF,
    0xFF, 0xFF, 0xFF, 0xFF, 0xFF, 0xFF, 0xFF, 0xFF, 0xFF, 0x06, 0x00, 0xFA, 0xFF, 0xFF, 0xFF, 0xFF,
    0x1F, 0x00, 0x10, 0xFF, 0xFF, 0xFF, 0xFF, 0xFF, 0xFF, 0xFF, 0xFF, 0xFF, 0xFF, 0xFF, 0x06, 0x20,
    0xFF, 0xFF, 0xFF, 0xFF, 0xFF, 0x0B, 0x00, 0x80, 0xFF, 0xFF, 0xFF, 0x7F, 0xA6, 0xFF, 0xFF, 0xFF,
    0xFF, 0xFF, 0xFF, 0x07, 0xA0, 0xFF, 0xFF, 0xFF, 0xFF, 0xFF, 0x05, 0x00, 0xE0, 0xFF, 0xFF, 0xFF,
    0x02, 0x00, 0xF9, 0xFF, 0xFF, 0xFF, 0xFF, 0xFF, 0x07, 0xF2, 0xFF, 0xFF, 0xFF, 0xFF, 0xEF, 0x00,
    0x00, 0xF1, 0xFF, 0xFF, 0xDF, 0x00, 0x00, 0xF2, 0xFF, 0xFF, 0xFF, 0xFF, 0xFF, 0x07, 0xFA, 0xFF,
    0xFF, 0xFF, 0xFF, 0x9F, 0x00, 0x00, 0xF3, 0xFF, 0xFF, 0xFF, 0x04, 0x00, 0xF0, 0xFF, 0xFF, 0xFF,
    0xFF, 0xFF, 0x4A, 0xFF, 0xFF, 0xFF, 0xFF, 0xFF, 0x3F, 0x00, 0x00, 0xF3, 0xFF, 0xFF, 0xFF, 0x7F,
    0x00, 0xF0, 0xFF, 0xFF, 0x1A, 0xFF, 0xFF, 0xFF, 0xFF, 0xCF, 0xD1, 0xFF, 0xFF, 0x0E, 0x00, 0x00,
    0xF2, 0xFF, 0xFF, 0xFF, 0xFF, 0x00, 0xF2, 0xFF, 0xFF, 0x06, 0xFC, 0xFF, 0xFF, 0xFF, 0x3F, 0xC0,
    0xFF, 0xFF, 0x09, 0x00, 0x00, 0xE0, 0xFF, 0xFF, 0xFF, 0xFF, 0x00, 0xF5, 0xFF, 0xFF, 0x04, 0xFC,
    0xFF, 0xFF, 0xFF, 0x0C, 0xF0, 0xFF, 0xFF, 0x05, 0x00, 0x00, 0x90, 0xFF, 0xFF, 0xFF, 0xDF, 0x00,
    0xFA, 0xFF, 0xFF, 0x02, 0xFC, 0xFF, 0xFF, 0xFF, 0x04, 0xF4, 0xFF, 0xFF, 0x01, 0x00, 0x00, 0x10,
    0xFE, 0xFF, 0xFF, 0x5F, 0x20, 0xFF, 0xFF, 0xEF, 0x00, 0xFE, 0xFF, 0xFF, 0xDF, 0x00, 0xF9, 0xFF,
    0xDF, 0x00, 0x00, 0x00, 0x00, 0xB1, 0xFF, 0xEF, 0x05, 0xC0, 0xFF, 0xFF, 0xBF, 0x00, 0xFF, 0xFF,
    0xFF, 0x5F, 0x00, 0xFE, 0xFF, 0xBF, 0x00, 0x00, 0x00, 0x00, 0x00, 0x31, 0x02, 0x00, 0xF8, 0xFF,
    0xFF, 0x6F, 0x10, 0xFF, 0xFF, 0xFF, 0x0D, 0x30, 0xFF, 0xFF, 0x8F, 0x00, 0x00, 0x00, 0x00, 0x00,
    0x00, 0x00, 0x90, 0xFF, 0xFF, 0xFF, 0x1F, 0x30, 0xFF, 0xFF, 0xFF, 0x06, 0x90, 0xFF, 0xFF, 0x6F,
    0x00, 0x00, 0x20, 0xCA, 0x6B, 0x01, 0x62, 0xFD, 0xFF, 0xFF, 0xFF, 0x09, 0x40, 0xFF, 0xFF, 0xEF,
    0x00, 0xE0, 0xFF, 0xFF, 0x5F, 0x00, 0x00, 0xE2, 0xFF, 0xFF, 0xFF, 0xFF, 0xFF, 0xFF, 0xFF, 0xFF,
    0x02, 0x50, 0xFF, 0xFF, 0x7F, 0x00, 0xF4, 0xFF, 0xFF, 0x4F, 0x00, 0x00, 0xFA, 0xFF, 0xFF, 0xFF,
    0xFF, 0xFF, 0xFF, 0xFF, 0x9F, 0x00, 0x60, 0xFF, 0xFF, 0x0E, 0x00, 0xFA, 0xFF, 0xFF, 0x3F, 0x00,
    0x00, 0xFE, 0xFF, 0xFF, 0xFF, 0xFF, 0xFF, 0xFF, 0xFF, 0x0D, 0x00, 0x50, 0xFF, 0xFF, 0x07, 0x00,
    0xFF, 0xFF, 0xFF, 0x2F, 0x00, 0x00, 0xFE, 0xFF, 0xFF, 0xFF, 0xFF, 0xFF, 0xFF, 0xFF, 0x03, 0x00,
    0x30, 0xFF, 0xEF, 0x00, 0x40, 0xFF, 0xFF, 0xFF, 0x1F, 0x00, 0x00, 0xFB, 0xFF, 0xFF, 0xFF, 0xFF,
    0xFF, 0xFF, 0x3F, 0x00, 0x00, 0x00, 0xFD, 0x4F, 0x00, 0x80, 0xFF, 0xFF, 0xFF, 0x0F, 0x00, 0x00,
    0xF3, 0xFF, 0xFF, 0xFF, 0xFF, 0xFF, 0xDF, 0x02, 0x00, 0x00, 0x00, 0x51, 0x02, 0x00, 0xA0, 0xFF,
    0xFF, 0xFF, 0x0C, 0x00, 0x00, 0x50, 0xFF, 0xFF, 0xFF, 0xFF, 0xFF, 0x07, 0x00, 0x00, 0x00, 0x00,
    0x00, 0x00, 0x00, 0x80, 0xFF, 0xFF, 0xFF, 0x03, 0x00, 0x00, 0x00, 0x81, 0xEC, 0xFF, 0xAD, 0x05,
    0x00, 0x00, 0x00, 0x00, 0x00, 0x00, 0x00, 0x00, 0x00, 0xEA, 0xEF, 0x3A, 0x00, 0x00, 0x00, 0x00,
    0x00, 0x00, 0x00, 0x30, 0xB7, 0xED, 0xFF, 0xFF, 0xCF, 0x06, 0x00, 0x00, 0x20, 0xFB, 0xAE, 0x00,
    0x00, 0x00, 0x00, 0x70, 0xFD, 0xFF, 0xFF, 0xFF, 0xFF, 0xFF, 0x7F, 0x00, 0x00, 0xE0, 0xFF, 0xFF,
    0x08, 0x00, 0x00, 0x40, 0xFE, 0xFF, 0xFF, 0xFF, 0xFF, 0xFF, 0xFF, 0xFF, 0x00, 0x00, 0xF7, 0xFF,
    0xFF, 0x0A, 0x00, 0x00, 0xF6, 0xFF, 0xFF, 0xFF, 0xFF, 0xFF, 0xFF, 0xFF, 0xFF, 0x05, 0x00, 0xFC,
    0xFF, 0xFF, 0x09, 0x00, 0x50, 0xFF, 0xFF, 0xFF, 0xFF, 0xFF, 0xFF, 0xFF, 0xFF, 0xFF, 0x08, 0x00,
    0xFF, 0xFF, 0xFF, 0x05, 0x00, 0xE1, 0xFF, 0xFF, 0xFF, 0xFF, 0xFF, 0xFF, 0xFF, 0xFF, 0xFF, 0x0B,
    0x20, 0xFF, 0xFF, 0xFF, 0x00, 0x00, 0xF8, 0xFF, 0xFF, 0xFF, 0x6A, 0x95, 0xFF, 0xFF, 0xFF, 0xFF,
    0x0D, 0x30, 0xFF, 0xFF, 0xAF, 0x00, 0x00, 0xFE, 0xFF, 0xFF, 0x3F, 0x00, 0x00, 0xFB, 0xFF, 0xFF,
    0xFF, 0x0F, 0x50, 0xFF, 0xFF, 0x4F, 0x00, 0x10, 0xFF, 0xFF, 0xFF, 0x0D, 0x00, 0x00, 0xFA, 0xFF,
    0xFF, 0xFF, 0x0F, 0x60, 0xFF, 0xFF, 0x0E, 0x00, 0x30, 0xFF, 0xFF, 0xFF, 0x6F, 0x00, 0x00, 0xFC,
    0xFF, 0xFF, 0xFF, 0x2F, 0x70, 0xFF, 0xFF, 0x09, 0x00, 0x30, 0xFF, 0xFF, 0xFF, 0xFF, 0x09, 0x00,
    0xFF, 0xFF, 0xFF, 0xFF, 0x5F, 0xA0, 0xFF, 0xFF, 0x04, 0x00, 0x20, 0xFF, 0xFF, 0xFF, 0xFF, 0x0F,
    0x30, 0xFF, 0xFF, 0xFF, 0xFF, 0xBF, 0xE1, 0xFF, 0xFF, 0x00, 0x00, 0x00, 0xFE, 0xFF, 0xFF, 0xFF,
    0x0F, 0x70, 0xFF, 0xEF, 0xF5, 0xFF, 0xFF, 0xFF, 0xFF, 0xBF, 0x00, 0x00, 0x00, 0xF8, 0xFF, 0xFF,
    0xFF, 0x0B, 0xC0, 0xFF, 0x9F, 0xB0, 0xFF, 0xFF, 0xFF, 0xFF, 0x7F, 0x00, 0x00, 0x00, 0xC0, 0xFF,
    0xFF, 0xFF, 0x03, 0xF2, 0xFF, 0x6F, 0x80, 0xFF, 0xFF, 0xFF, 0xFF, 0x4F, 0x00, 0x00, 0x00, 0x00,
    0xE8, 0xFF, 0x3B, 0x00, 0xF8, 0xFF, 0x5F, 0x60, 0xFF, 0xFF, 0xFF, 0xFF, 0x1F, 0x00, 0x00, 0x00,
    0x00, 0x00, 0x00, 0x00, 0x20, 0xFF, 0xFF, 0x3F, 0x40, 0xFF, 0xFF, 0xFF, 0xFF, 0x0E, 0x00, 0x00,
    0x00, 0x00, 0x00, 0x00, 0x00, 0xC0, 0xFF, 0xFF, 0x1F, 0x30, 0xFF, 0xFF, 0xFF, 0xFF, 0x0C, 0x00,
    0x00, 0x20, 0xFB, 0xBE, 0x16, 0x30, 0xFC, 0xFF, 0xFF, 0x0E, 0x10, 0xFF, 0xFF, 0xFF, 0xFF, 0x0A,
    0x00, 0x00, 0xE1, 0xFF, 0xFF, 0xFF, 0xFF, 0xFF, 0xFF, 0xFF, 0x0A, 0x00, 0xFF, 0xFF, 0xFF, 0xFF,
    0x09, 0x00, 0x00, 0xF8, 0xFF, 0xFF, 0xFF, 0xFF, 0xFF, 0xFF, 0xFF, 0x05, 0x00, 0xFD, 0xFF, 0xFF,
    0xFF, 0x07, 0x00, 0x00, 0xFC, 0xFF, 0xFF, 0xFF, 0xFF, 0xFF, 0xFF, 0xEF, 0x00, 0x00, 0xFA, 0xFF,
    0xFF, 0xFF, 0x06, 0x00, 0x00, 0xFC, 0xFF, 0xFF, 0xFF, 0xFF, 0xFF, 0xFF, 0x5F, 0x00, 0x00, 0xF6,
    0xFF, 0xFF, 0xFF, 0x04, 0x00, 0x00, 0xF8, 0xFF, 0xFF, 0xFF, 0xFF, 0xFF, 0xFF, 0x09, 0x00, 0x00,
    0xF1, 0xFF, 0xFF, 0xFF, 0x03, 0x00, 0x00, 0xE1, 0xFF, 0xFF, 0xFF, 0xFF, 0xFF, 0xAF, 0x00, 0x00,
    0x00, 0xB0, 0xFF, 0xFF, 0xEF, 0x00, 0x00, 0x00, 0x30, 0xFE, 0xFF, 0xFF, 0xFF, 0xEF, 0x06, 0x00,
    0x00, 0x00, 0x30, 0xFF, 0xFF, 0x8F, 0x00, 0x00, 0x00, 0x00, 0x71, 0xEC, 0xFF, 0xAD, 0x06, 0x00,
    0x00, 0x00, 0x00, 0x00, 0xD4, 0xDF, 0x07, 0x00, 0x00, 0x00, 0x00, 0x00, 0x00, 0x00, 0x00, 0x95,
    0xED, 0xEF, 0x6B, 0x00, 0x00, 0x00, 0x00, 0x00, 0x00, 0x00, 0xE5, 0xFF, 0xFF, 0xFF, 0xFF, 0x3D,
    0x00, 0x00, 0x00, 0x00, 0x00, 0xB0, 0xFF, 0xFF, 0xFF, 0xFF, 0xFF, 0xFF, 0x03, 0x00, 0x00, 0x00,
    0x10, 0xFD, 0xFF, 0xFF, 0xFF, 0xFF, 0xFF, 0xFF, 0x0E, 0x00, 0x00, 0x00, 0xD0, 0xFF, 0xFF, 0xFF,
    0xFF, 0xFF, 0xFF, 0xFF, 0x7F, 0x00, 0x00, 0x00, 0xFB, 0xFF, 0xFF, 0xFF, 0xFF, 0xFF, 0xFF, 0xFF,
    0xEF, 0x00, 0x00, 0x60, 0xFF, 0xFF, 0xFF, 0x8E, 0x65, 0xFA, 0xFF, 0xFF, 0xFF, 0x02, 0x00, 0xE1,
    0xFF, 0xFF, 0x9F, 0x00, 0x00, 0x40, 0xFF, 0xFF, 0xFF, 0x06, 0x00, 0xF8, 0xFF, 0xFF, 0x0A, 0x00,
    0x00, 0x00, 0xF9, 0xFF, 0xFF, 0x08, 0x00, 0xFF, 0xFF, 0xDF, 0x00, 0x00, 0x00, 0x00, 0xF4, 0xFF,
    0xFF, 0x08, 0x50, 0xFF, 0xFF, 0x5F, 0x00, 0x00, 0x00, 0x00, 0xF1, 0xFF, 0xFF, 0x08, 0xB0, 0xFF,
    0xFF, 0x0E, 0x00, 0x00, 0x00, 0x00, 0xF1, 0xFF, 0xFF, 0x07, 0xF0, 0xFF, 0xFF, 0x09, 0x00, 0x00,
    0x00, 0x00, 0xF3, 0xFF, 0xFF, 0x06, 0xF3, 0xFF, 0xFF, 0x06, 0x00, 0x00, 0x00, 0x00, 0xF6, 0xFF,
    0xFF, 0x04, 0xF5, 0xFF, 0xFF, 0x04, 0x00, 0x00, 0x00, 0x00, 0xFA, 0xFF, 0xFF, 0x01, 0xF7, 0xFF,
    0xFF, 0x04, 0x00, 0x00, 0x00, 0x10, 0xFF, 0xFF, 0xCF, 0x00, 0xF8, 0xFF, 0xFF, 0x06, 0x00, 0x00,
    0x00, 0x90, 0xFF, 0xFF, 0x8F, 0x00, 0xF9, 0xFF, 0xFF, 0x0B, 0x00, 0x00, 0x00, 0xF4, 0xFF, 0xFF,
    0x2F, 0x00, 0xF9, 0xFF, 0xFF, 0x5F, 0x00, 0x00, 0x20, 0xFE, 0xFF, 0xFF, 0x0B, 0x00, 0xF8, 0xFF,
    0xFF, 0xFF, 0x27, 0x20, 0xF7, 0xFF, 0xFF, 0xFF, 0x04, 0x00, 0xF6, 0xFF, 0xFF, 0xFF, 0xFF, 0xFF,
    0xFF, 0xFF, 0xFF, 0xBF, 0x00, 0x00, 0xF2, 0xFF, 0xFF, 0xFF, 0xFF, 0xFF, 0xFF, 0xFF, 0xFF, 0x2F,
    0x00, 0x00, 0xD0, 0xFF, 0xFF, 0xFF, 0xFF, 0xFF, 0xFF, 0xFF, 0xFF, 0x06, 0x00, 0x00, 0x70, 0xFF,
    0xFF, 0xFF, 0xFF, 0xFF, 0xFF, 0xFF, 0x8F, 0x00, 0x00, 0x00, 0x00, 0xFD, 0xFF, 0xFF, 0xFF, 0xFF,
    0xFF, 0xFF, 0x08, 0x00, 0x00, 0x00, 0x00, 0xF3, 0xFF, 0xFF, 0xFF, 0xFF, 0xFF, 0x6F, 0x00, 0x00,
    0x00, 0x00, 0x00, 0x30, 0xFE, 0xFF, 0xFF, 0xFF, 0xBF, 0x02, 0x00, 0x00, 0x00, 0x00, 0x00, 0x00,
    0x60, 0xEB, 0xEF, 0x8C, 0x03, 0x00, 0x00, 0x00, 0x00, 0x00, 0x00, 0x00, 0x00, 0x00, 0x00, 0x74,
    0xCA, 0xFE, 0xFF, 0xDE, 0x7B, 0x03, 0x00, 0x00, 0x00, 0x00, 0x00, 0x00, 0x40, 0xFB, 0xFF, 0xFF,
    0xFF, 0xFF, 0xFF, 0xFF, 0xEF, 0x07, 0x00, 0x00, 0x00, 0x00, 0x50, 0xFD, 0xFF, 0xFF, 0xFF, 0xFF,
    0xFF, 0xFF, 0xFF, 0xFF, 0xDF, 0x03, 0x00, 0x00, 0x00, 0xFA, 0xFF, 0xFF, 0xFF, 0xFF, 0xFF, 0xFF,
    0xFF, 0xFF, 0xFF, 0xFF, 0x4F, 0x00, 0x00, 0xC1, 0xFF, 0xFF, 0xFF, 0xFF, 0xFF, 0xFF, 0xFF, 0xFF,
    0xFF, 0xFF, 0xFF, 0xFF, 0x02, 0x00, 0xFB, 0xFF, 0xFF, 0xFF, 0xFF, 0xFF, 0xFF, 0xFF, 0xFF, 0xFF,
    0xFF, 0xFF, 0xFF, 0x0B, 0x70, 0xFF, 0xFF, 0xFF, 0xFF, 0xFD, 0xFF, 0xFF, 0xFF, 0xFF, 0xFF, 0xFF,
    0xFF, 0xFF, 0x2F, 0xE0, 0xFF, 0xFF, 0xFF, 0x06, 0x00, 0xF8, 0xFF, 0xFF, 0xFF, 0xFF, 0xFF, 0xFF,
    0xFF, 0x7F, 0xF4, 0xFF, 0xFF, 0x9F, 0x00, 0x00, 0xF0, 0xFF, 0xFF, 0x7F, 0x20, 0xF9, 0xFF, 0xFF,
    0xAF, 0xF7, 0xFF, 0xFF, 0xAF, 0x00, 0x00, 0xF0, 0xFF, 0xFF, 0x0C, 0x00, 0x80, 0xFF, 0xFF, 0xBF,
    0xF9, 0xFF, 0xFF, 0xFF, 0x0A, 0x00, 0xF1, 0xFF, 0xFF, 0x07, 0x00, 0x00, 0xFF, 0xFF, 0xCF, 0xF8,
    0xFF, 0xFF, 0xFF, 0x8F, 0x00, 0xF4, 0xFF, 0xFF, 0x04, 0x00, 0x00, 0xFF, 0xFF, 0xBF, 0xF6, 0xFF,
    0xFF, 0xFF, 0xBF, 0x00, 0xF7, 0xFF, 0xFF, 0x01, 0x00, 0x30, 0xFF, 0xFF, 0x9F, 0xF1, 0xFF, 0xFF,
    0xFF, 0x9F, 0x00, 0xFB, 0xFF, 0xDF, 0x00, 0x00, 0xC0, 0xFF, 0xFF, 0x5F, 0x90, 0xFF, 0xFF, 0xFF,
    0x3F, 0x00, 0xFF, 0xFF, 0xEF, 0x03, 0x41, 0xFC, 0xFF, 0xFF, 0x1F, 0x00, 0xFB, 0xFF, 0xFF, 0x07,
    0x50, 0xFF, 0xFF, 0xFF, 0xFF, 0xFF, 0xFF, 0xFF, 0xFF, 0x0A, 0x00, 0x40, 0xA9, 0x38, 0x00, 0xB0,
    0xFF, 0xFF, 0xFF, 0xFF, 0xFF, 0xFF, 0xFF, 0xFF, 0x02, 0x00, 0x00, 0x00, 0x00, 0x00, 0xF3, 0xFF,
    0xFF, 0xFF, 0xFF, 0xFF, 0xFF, 0xFF, 0x8F, 0x00, 0x00, 0x00, 0x00, 0x00, 0x00, 0xFD, 0xFF, 0xFF,
    0x98, 0xFF, 0xFF, 0xFF, 0xFF, 0x0B, 0x00, 0x20, 0xFB, 0xAF, 0x03, 0xC3, 0xFF, 0xFF, 0xFF, 0x11,
    0xFF, 0xFF, 0xFF, 0xBF, 0x00, 0x00, 0xE1, 0xFF, 0xFF, 0xFF, 0xFF, 0xFF, 0xFF, 0xCF, 0x00, 0xF6,
    0xFF, 0xDF, 0x06, 0x00, 0x00, 0xF8, 0xFF, 0xFF, 0xFF, 0xFF, 0xFF, 0xFF, 0x6F, 0x00, 0x10, 0x44,
    0x02, 0x00, 0x00, 0x00, 0xFD, 0xFF, 0xFF, 0xFF, 0xFF, 0xFF, 0xFF, 0x0E, 0x00, 0x00, 0x00, 0x00,
    0x00, 0x00, 0x00, 0xFD, 0xFF, 0xFF, 0xFF, 0xFF, 0xFF, 0xFF, 0x05, 0x00, 0x00, 0x00, 0x00, 0x00,
    0x00, 0x00, 0xFA, 0xFF, 0xFF, 0xFF, 0xFF, 0xFF, 0xAF, 0x00, 0x00, 0x00, 0x00, 0x00, 0x00, 0x00,
    0x00, 0xF3, 0xFF, 0xFF, 0xFF, 0xFF, 0xFF, 0x0B, 0x00, 0x00, 0x00, 0x00, 0x00, 0x00, 0x00, 0x00,
    0x70, 0xFF, 0xFF, 0xFF, 0xFF, 0x7F, 0x00, 0x00, 0x00, 0x00, 0x00, 0x00, 0x00, 0x00, 0x00, 0x00,
    0x93, 0xFD, 0xEF, 0x6B, 0x01, 0x00, 0x00, 0x00, 0x00, 0x00, 0x00, 0x00, 0x00, 0x00, 0x00, 0x00,
    0x00, 0x00, 0x00, 0x83, 0xEC, 0xFF, 0xBE, 0x27, 0x00, 0x00, 0x00, 0x00, 0x00, 0x00, 0x00, 0xC3,
    0xFF, 0xFF, 0xFF, 0xFF, 0xFF, 0x08, 0x00, 0x00, 0x00, 0x00, 0x00, 0x80, 0xFF, 0xFF, 0xFF, 0xFF,
    0xFF, 0xFF, 0xCF, 0x00, 0x00, 0x00, 0x00, 0x00, 0xF9, 0xFF, 0xFF, 0xFF, 0xFF, 0xFF, 0xFF, 0xFF,
    0x0A, 0x00, 0x00, 0x00, 0x70, 0xFF, 0xFF, 0xFF, 0xFF, 0xFF, 0xFF, 0xFF, 0xFF, 0x4F, 0x00, 0x00,
    0x00, 0xF2, 0xFF, 0xFF, 0xFF, 0xFF, 0xFF, 0xFF, 0xFF, 0xFF, 0xBF, 0x00, 0x00, 0x00, 0xFA, 0xFF,
    0xFF, 0xFF, 0x59, 0xC6, 0xFF, 0xFF, 0xFF, 0xFF, 0x00, 0x00, 0x10, 0xFF, 0xFF, 0xFF, 0x2E, 0x00,
    0x00, 0xF8, 0xFF, 0xFF, 0xFF, 0x03, 0x00, 0x60, 0xFF, 0xFF, 0xFF, 0x06, 0x00, 0x00, 0xE0, 0xFF,
    0xFF, 0xFF, 0x04, 0x00, 0xA0, 0xFF, 0xFF, 0xFF, 0x02, 0x00, 0x00, 0x90, 0xFF, 0xFF, 0xFF, 0x04,
    0x00, 0xC0, 0xFF, 0xFF, 0xFF, 0x04, 0x00, 0x00, 0x70, 0xFF, 0xFF, 0xFF, 0x03, 0x00, 0xD0, 0xFF,
    0xFF, 0xFF, 0x4E, 0x00, 0x00, 0x70, 0xFF, 0xFF, 0xFF, 0x01, 0x00, 0xC0, 0xFF, 0xFF, 0xFF, 0xFF,
    0x07, 0x00, 0x90, 0xFF, 0xFF, 0xEF, 0x00, 0x00, 0xB0, 0xFF, 0xFF, 0xFF, 0xFF, 0x0E, 0x00, 0xD0,
    0xFF, 0xFF, 0xAF, 0x00, 0x00, 0x60, 0xFF, 0xFF, 0xFF, 0xFF, 0x0E, 0x00, 0xF2, 0xFF, 0xFF, 0x5F,
    0x00, 0x00, 0x10, 0xFF, 0xFF, 0xFF, 0xFF, 0x0A, 0x00, 0xFA, 0xFF, 0xFF, 0x0E, 0x00, 0x00, 0x00,
    0xF5, 0xFF, 0xFF, 0xFF, 0x02, 0x40, 0xFF, 0xFF, 0xFF, 0x06, 0x00, 0x00, 0x00, 0x50, 0xFE, 0xFF,
    0x3D, 0x00, 0xE1, 0xFF, 0xFF, 0xDF, 0x00, 0x00, 0x00, 0x00, 0x00, 0x30, 0x24, 0x00, 0x10, 0xFD,
    0xFF, 0xFF, 0x5F, 0x00, 0x00, 0x00, 0x00, 0x00, 0x00, 0x00, 0x00, 0xD2, 0xFF, 0xFF, 0xFF, 0x09,
    0x00, 0x00, 0x00, 0xC4, 0xFF, 0x5B, 0x00, 0x60, 0xFF, 0xFF, 0xFF, 0xCF, 0x00, 0x00, 0x00, 0x50,
    0xFF, 0xFF, 0xFF, 0x7C, 0xFE, 0xFF, 0xFF, 0xFF, 0x2E, 0x00, 0x00, 0x00, 0xE0, 0xFF, 0xFF, 0xFF,
    0xFF, 0xFF, 0xFF, 0xFF, 0xEF, 0x02, 0x00, 0x00, 0x00, 0xF3, 0xFF, 0xFF, 0xFF, 0xFF, 0xFF, 0xFF,
    0xFF, 0x2D, 0x00, 0x00, 0x00, 0x00, 0xF2, 0xFF, 0xFF, 0xFF, 0xFF, 0xFF, 0xFF, 0xAF, 0x00, 0x00,
    0x01, 0x00, 0x00, 0xD0, 0xFF, 0xFF, 0xFF, 0xFF, 0xFF, 0xFF, 0x0A, 0x00, 0x70, 0xAF, 0x00, 0x00,
    0x20, 0xFE, 0xFF, 0xFF, 0xFF, 0xFF, 0xFF, 0xCF, 0x57, 0xFA, 0xEF, 0x00, 0x00, 0x00, 0x81, 0xFD,
    0xEF, 0xCC, 0xFF, 0xFF, 0xFF, 0xFF, 0xFF, 0xDF, 0x00, 0x00, 0x00, 0x00, 0x00, 0x00, 0x00, 0xFD,
    0xFF, 0xFF, 0xFF, 0xFF, 0xAF, 0x00, 0x00, 0x00, 0x00, 0x00, 0x00, 0x00, 0xF3, 0xFF, 0xFF, 0xFF,
    0xFF, 0x4F, 0x00, 0x00, 0x00, 0x00, 0x00, 0x00, 0x00, 0x50, 0xFF, 0xFF, 0xFF, 0xFF, 0x0B, 0x00,
    0x00, 0x00, 0x00, 0x00, 0x00, 0x00, 0x00, 0xF5, 0xFF, 0xFF, 0xCF, 0x01, 0x00, 0x00, 0x00, 0x00,
    0x00, 0x00, 0x00, 0x00, 0x20, 0xE9, 0xDF, 0x07, 0x00, 0x00, 0x00, 0x00, 0x00, 0x00, 0x00, 0x00,
    0x74, 0xCA, 0xFE, 0xFF, 0xDF, 0x9C, 0x16, 0x00, 0x00, 0x00, 0x00, 0x00, 0x00, 0x40, 0xFA, 0xFF,
    0xFF, 0xFF, 0xFF, 0xFF, 0xFF, 0xFF, 0x4B, 0x00, 0x00, 0x00, 0x00, 0x40, 0xFD, 0xFF, 0xFF, 0xFF,
    0xFF, 0xFF, 0xFF, 0xFF, 0xFF, 0xFF, 0x0A, 0x00, 0x00, 0x00, 0xF9, 0xFF, 0xFF, 0xFF, 0xFF, 0xFF,
    0xFF, 0xFF, 0xFF, 0xFF, 0xFF, 0xCF, 0x00, 0x00, 0xC0, 0xFF, 0xFF, 0xFF, 0xFF, 0xFF, 0xFF, 0xFF,
    0xFF, 0xFF, 0xFF, 0xFF, 0xFF, 0x0A, 0x00, 0xFB, 0xFF, 0xFF, 0xFF, 0xFF, 0xFF, 0xFF, 0xFF, 0xFF,
    0xFF, 0xFF, 0xFF, 0xFF, 0x2F, 0x60, 0xFF, 0xFF, 0xFF, 0xFF, 0xFF, 0xFF, 0xFF, 0xFF, 0xFF, 0xFF,
    0xFF, 0xFF, 0xFF, 0x7F, 0xD0, 0xFF, 0xFF, 0xFF, 0x3B, 0x20, 0xFB, 0xFF, 0xFF, 0xFF, 0xFF, 0xFF,
    0xFF, 0xFF, 0xAF, 0xF3, 0xFF, 0xFF, 0xEF, 0x00, 0x00, 0xF1, 0xFF, 0xFF, 0x3F, 0x40, 0xFD, 0xFF,
    0xFF, 0xBF, 0xF7, 0xFF, 0xFF, 0xCF, 0x00, 0x00, 0xF0, 0xFF, 0xFF, 0x0A, 0x00, 0xF2, 0xFF, 0xFF,
    0x9F, 0xF8, 0xFF, 0xFF, 0xFF, 0x07, 0x00, 0xF1, 0xFF, 0xFF, 0x06, 0x00, 0xE0, 0xFF, 0xFF, 0x5F,
    0xF8, 0xFF, 0xFF, 0xFF, 0x7F, 0x00, 0xF3, 0xFF, 0xFF, 0x03, 0x00, 0xF1, 0xFF, 0xFF, 0x0E, 0xF6,
    0xFF, 0xFF, 0xFF, 0xBF, 0x00, 0xF7, 0xFF, 0xFF, 0x03, 0x00, 0xFA, 0xFF, 0xFF, 0x05, 0xF1, 0xFF,
    0xFF, 0xFF, 0x9F, 0x00, 0xFA, 0xFF, 0xFF, 0x7C, 0xD8, 0xFF, 0xFF, 0x7F, 0x00, 0x90, 0xFF, 0xFF,
    0xFF, 0x3F, 0x00, 0xFF, 0xFF, 0xFF, 0xFF, 0xFF, 0xFF, 0xCF, 0x04, 0x00, 0x00, 0xFB, 0xFF, 0xFF,
    0x08, 0x40, 0xFF, 0xFF, 0xFF, 0xFF, 0xFF, 0xDF, 0x01, 0x00, 0x00, 0x00, 0x40, 0xB9, 0x39, 0x00,
    0xA0, 0xFF, 0xFF, 0xFF, 0xFF, 0xFF, 0xFF, 0x0A, 0x00, 0x00, 0x00, 0x00, 0x00, 0x00, 0x00, 0xF2,
    0xFF, 0xFF, 0x7E, 0xE6, 0xFF, 0xFF, 0x9F, 0x00, 0x00, 0x00, 0x00, 0x00, 0x00, 0x00, 0xFB, 0xFF,
    0xFF, 0x06, 0x90, 0xFF, 0xFF, 0xFF, 0x00, 0x00, 0x00, 0xD5, 0xEF, 0x17, 0xA2, 0xFF, 0xFF, 0xFF,
    0x01, 0xA0, 0xFF, 0xFF, 0xFF, 0x08, 0x00, 0x50, 0xFF, 0xFF, 0xFF, 0xFF, 0xFF, 0xFF, 0xBF, 0x00,
    0xD0, 0xFF, 0xFF, 0xFF, 0xEF, 0x03, 0xD0, 0xFF, 0xFF, 0xFF, 0xFF, 0xFF, 0xFF, 0x5F, 0x00, 0xF0,
    0xFF, 0xFF, 0xFF, 0xFF, 0x06, 0xF2, 0xFF, 0xFF, 0xFF, 0xFF, 0xFF, 0xFF, 0x0E, 0x00, 0xF3, 0xFF,
    0xFF, 0xFF, 0xFF, 0x04, 0xF3, 0xFF, 0xFF, 0xFF, 0xFF, 0xFF, 0xFF, 0x06, 0x00, 0xF5, 0xFF, 0xFF,
    0xFF, 0xFF, 0x00, 0xF0, 0xFF, 0xFF, 0xFF, 0xFF, 0xFF, 0xAF, 0x00, 0x00, 0xF6, 0xFF, 0xFF, 0xFF,
    0x8F, 0x00, 0xA0, 0xFF, 0xFF, 0xFF, 0xFF, 0xFF, 0x0C, 0x00, 0x00, 0xF4, 0xFF, 0xFF, 0xFF, 0x0D,
    0x00, 0x00, 0xFC, 0xFF, 0xFF, 0xFF, 0x9F, 0x00, 0x00, 0x00, 0xC0, 0xFF, 0xFF, 0xEF, 0x02, 0x00,
    0x00, 0x60, 0xEB, 0xFF, 0x9D, 0x03, 0x00, 0x00, 0x00, 0x10, 0xEA, 0xDF, 0x18, 0x00, 0x00, 0x00,
    0x00, 0x00, 0x00, 0x00, 0x00, 0x72, 0xDB, 0xFF, 0xBD, 0x16, 0x00, 0x00, 0x00, 0x00, 0x00, 0x00,
    0x00, 0x91, 0xFF, 0xFF, 0xFF, 0xFF, 0xEF, 0x06, 0x00, 0x00, 0x00, 0x00, 0x00, 0x20, 0xFE, 0xFF,
    0xFF, 0xFF, 0xFF, 0xFF, 0x8F, 0x00, 0x00, 0x00, 0x00, 0x00, 0xD1, 0xFF, 0xFF, 0xFF, 0xFF, 0xFF,
    0xFF, 0xFF, 0x05, 0x00, 0x00, 0x00, 0x00, 0xF9, 0xFF, 0xFF, 0xFF, 0xFF, 0xFF, 0xFF, 0xFF, 0x0D,
    0x00, 0x00, 0x00, 0x00, 0xFF, 0xFF, 0xFF, 0xFF, 0xFF, 0xFF, 0xFF, 0xFF, 0x1F, 0x00, 0x00, 0x00,
    0x30, 0xFF, 0xFF, 0xFF, 0x19, 0x30, 0xFD, 0xFF, 0xFF, 0x2F, 0x00, 0x00, 0x00, 0x60, 0xFF, 0xFF,
    0xCF, 0x00, 0x00, 0xF6, 0xFF, 0xFF, 0x1F, 0x00, 0x00, 0x00, 0x60, 0xFF, 0xFF, 0xAF, 0x00, 0x00,
    0xF8, 0xFF, 0xFF, 0x0F, 0x00, 0x00, 0x00, 0x40, 0xFF, 0xFF, 0xCF, 0x00, 0x00, 0xFE, 0xFF, 0xFF,
    0x09, 0x00, 0x00, 0x00, 0x10, 0xFF, 0xFF, 0xFF, 0x06, 0x00, 0xFE, 0xFF, 0xEF, 0x01, 0x00, 0x00,
    0x00, 0x00, 0xFA, 0xFF, 0xFF, 0x6F, 0x00, 0xE3, 0xFF, 0x2D, 0x00, 0x00, 0x00, 0x00, 0x00, 0xE1,
    0xFF, 0xFF, 0xFF, 0x1A, 0x00, 0x34, 0x00, 0x00, 0x00, 0x00, 0x00, 0x00, 0x30, 0xFF, 0xFF, 0xFF,
    0xEF, 0x04, 0x00, 0x00, 0x00, 0x00, 0x00, 0x00, 0x00, 0x00, 0xE3, 0xFF, 0xFF, 0xFF, 0x6F, 0x00,
    0x00, 0x00, 0x00, 0x00, 0x10, 0x23, 0x00, 0x10, 0xFC, 0xFF, 0xFF, 0xFF, 0x06, 0x00, 0x00, 0x00,
    0x20, 0xFB, 0xFF, 0x6E, 0x00, 0x90, 0xFF, 0xFF, 0xFF, 0x2F, 0x00, 0x00, 0x00, 0xE2, 0xFF, 0xFF,
    0xFF, 0x05, 0x00, 0xF7, 0xFF, 0xFF, 0xAF, 0x00, 0x00, 0x00, 0xFE, 0xFF, 0xFF, 0xFF, 0x0D, 0x00,
    0x90, 0xFF, 0xFF, 0xFF, 0x00, 0x00, 0x70, 0xFF, 0xFF, 0xFF, 0xFF, 0x0F, 0x00, 0x10, 0xFF, 0xFF,
    0xFF, 0x04, 0x00, 0xD0, 0xFF, 0xFF, 0xFF, 0xFF, 0x0D, 0x00, 0x00, 0xFB, 0xFF, 0xFF, 0x05, 0x00,
    0xF2, 0xFF, 0xFF, 0xFF, 0xFF, 0x04, 0x00, 0x00, 0xFA, 0xFF, 0xFF, 0x06, 0x00, 0xF3, 0xFF, 0xFF,
    0xFF, 0x5F, 0x00, 0x00, 0x00, 0xFB, 0xFF, 0xFF, 0x05, 0x00, 0xF4, 0xFF, 0xFF, 0xFF, 0x0C, 0x00,
    0x00, 0x00, 0xFF, 0xFF, 0xFF, 0x03, 0x00, 0xF3, 0xFF, 0xFF, 0xFF, 0x0E, 0x00, 0x00, 0x90, 0xFF,
    0xFF, 0xFF, 0x00, 0x00, 0xF0, 0xFF, 0xFF, 0xFF, 0xBF, 0x03, 0x31, 0xFB, 0xFF, 0xFF, 0xAF, 0x00,
    0x00, 0xB0, 0xFF, 0xFF, 0xFF, 0xFF, 0xFF, 0xFF, 0xFF, 0xFF, 0xFF, 0x3F, 0x00, 0x00, 0x30, 0xFF,
    0xFF, 0xFF, 0xFF, 0xFF, 0xFF, 0xFF, 0xFF, 0xFF, 0x0A, 0x00, 0x00, 0x00, 0xF9, 0xFF, 0xFF, 0xFF,
    0xFF, 0xFF, 0xFF, 0xFF, 0xEF, 0x01, 0x00, 0x00, 0x00, 0xB0, 0xFF, 0xFF, 0xFF, 0xFF, 0xFF, 0xFF,
    0xFF, 0x2D, 0x00, 0x00, 0x00, 0x00, 0x00, 0xF8, 0xFF, 0xFF, 0xFF, 0xFF, 0xFF, 0xAF, 0x01, 0x00,
    0x00, 0x00, 0x00, 0x00, 0x20, 0xE8, 0xFF, 0xFF, 0xFF, 0xAE, 0x03, 0x00, 0x00, 0x00, 0x00, 0x00,
    0x00, 0x00, 0x00, 0x31, 0x44, 0x24, 0x00, 0x00, 0x00, 0x00, 0x00, 0x00, 0x00, 0x00, 0x00, 0x30,
    0xB8, 0xFD, 0xFF, 0xBD, 0x68, 0x24, 0x01, 0x00, 0x00, 0x00, 0x00, 0x00, 0x40, 0xFC, 0xFF, 0xFF,
    0xFF, 0xFF, 0xFF, 0xFF, 0xFF, 0xFF, 0xFF, 0x09, 0x00, 0x00, 0xFA, 0xFF, 0xFF, 0xFF, 0xFF, 0xFF,
    0xFF, 0xFF, 0xFF, 0xFF, 0xFF, 0x3F, 0x00, 0xC0, 0xFF, 0xFF, 0xFF, 0xFF, 0xFF, 0xFF, 0xFF, 0xFF,
    0xFF, 0xFF, 0xFF, 0x3F, 0x00, 0xFA, 0xFF, 0xFF, 0xFF, 0xFF, 0xFF, 0xFF, 0xFF, 0xFF, 0xFF, 0xFF,
    0xFF, 0x0F, 0x40, 0xFF, 0xFF, 0xFF, 0xFF, 0xFF, 0xFF, 0xFF, 0xFF, 0xFF, 0xFF, 0xFF, 0xFF, 0x09,
    0xC0, 0xFF, 0xFF, 0xFF, 0xAF, 0x56, 0xF8, 0xFF, 0xFF, 0xFF, 0xFF, 0xFF, 0xDF, 0x01, 0xF1, 0xFF,
    0xFF, 0xFF, 0x04, 0x00, 0x50, 0xFF, 0xFF, 0xFF, 0x57, 0x87, 0x06, 0x00, 0xF5, 0xFF, 0xFF, 0x9F,
    0x00, 0x00, 0x30, 0xFF, 0xFF, 0x8F, 0x00, 0x00, 0x00, 0x00, 0xF8, 0xFF, 0xFF, 0x8F, 0x00, 0x00,
    0x50, 0xFF, 0xFF, 0x4F, 0x00, 0x00, 0x00, 0x00, 0xF9, 0xFF, 0xFF, 0xEF, 0x03, 0x00, 0x70, 0xFF,
    0xFF, 0x0F, 0x00, 0x00, 0x00, 0x00, 0xF8, 0xFF, 0xFF, 0xFF, 0x5F, 0x00, 0xA0, 0xFF, 0xFF, 0x0C,
    0x00, 0x00, 0x00, 0x00, 0xF6, 0xFF, 0xFF, 0xFF, 0xAF, 0x00, 0xE0, 0xFF, 0xFF, 0x09, 0x00, 0x00,
    0x00, 0x00, 0xF1, 0xFF, 0xFF, 0xFF, 0x9F, 0x00, 0xF2, 0xFF, 0xFF, 0x05, 0x00, 0x00, 0x00, 0x00,
    0x90, 0xFF, 0xFF, 0xFF, 0x3F, 0x00, 0xF6, 0xFF, 0xFF, 0x01, 0x00, 0x00, 0x00, 0x00, 0x00, 0xFB,
    0xFF, 0xFF, 0x07, 0x00, 0xFD, 0xFF, 0xDF, 0x00, 0x00, 0x00, 0x00, 0x00, 0x00, 0x40, 0xB9, 0x39,
    0x00, 0x30, 0xFF, 0xFF, 0x9F, 0x00, 0x00, 0x00, 0x00, 0x00, 0x00, 0x00, 0x00, 0x00, 0x00, 0xC0,
    0xFF, 0xFF, 0x5F, 0x00, 0x00, 0x00, 0x00, 0x00, 0x00, 0x00, 0x00, 0x00, 0x00, 0xF7, 0xFF, 0xFF,
    0x2F, 0x00, 0x00, 0x00, 0x00, 0x00, 0x00, 0xD4, 0xEF, 0x17, 0x81, 0xFF, 0xFF, 0xFF, 0x0D, 0x00,
    0x00, 0x00, 0x00, 0x00, 0x40, 0xFF, 0xFF, 0xFF, 0xFF, 0xFF, 0xFF, 0xFF, 0x09, 0x00, 0x00, 0x00,
    0x00, 0x00, 0xD0, 0xFF, 0xFF, 0xFF, 0xFF, 0xFF, 0xFF, 0xFF, 0x03, 0x00, 0x00, 0x00, 0x00, 0x00,
    0xF1, 0xFF, 0xFF, 0xFF, 0xFF, 0xFF, 0xFF, 0xBF, 0x00, 0x00, 0x00, 0x00, 0x00, 0x00, 0xF1, 0xFF,
    0xFF, 0xFF, 0xFF, 0xFF, 0xFF, 0x3F, 0x00, 0x00, 0x00, 0x00, 0x00, 0x00, 0xE0, 0xFF, 0xFF, 0xFF,
    0xFF, 0xFF, 0xFF, 0x09, 0x00, 0x00, 0x00, 0x00, 0x00, 0x00, 0x60, 0xFF, 0xFF, 0xFF, 0xFF, 0xFF,
    0xAF, 0x00, 0x00, 0x00, 0x00, 0x00, 0x00, 0x00, 0x00, 0xF7, 0xFF, 0xFF, 0xFF, 0xFF, 0x08, 0x00,
    0x00, 0x00, 0x00, 0x00, 0x00, 0x00, 0x00, 0x20, 0xC8, 0xFE, 0xCF, 0x28, 0x00, 0x00, 0x00, 0x00,
    0x00, 0x00, 0x00, 0x00, 0x00, 0x00, 0x00, 0x00, 0x40, 0xB8, 0xFE, 0xFF, 0x9D, 0x02, 0x00, 0x00,
    0x00, 0x70, 0xFD, 0x8E, 0x00, 0x00, 0x00, 0x00, 0x81, 0xFE, 0xFF, 0xFF, 0xFF, 0xFF, 0x4F, 0x00,
    0x00, 0x00, 0xF8, 0xFF, 0xFF, 0x08, 0x00, 0x00, 0x70, 0xFF, 0xFF, 0xFF, 0xFF, 0xFF, 0xFF, 0xEF,
    0x00, 0x00, 0x20, 0xFF, 0xFF, 0xFF, 0x0C, 0x00, 0x00, 0xFB, 0xFF, 0xFF, 0xFF, 0xFF, 0xFF, 0xFF,
    0xFF, 0x03, 0x00, 0x80, 0xFF, 0xFF, 0xFF, 0x0B, 0x00, 0xC0, 0xFF, 0xFF, 0xFF, 0xFF, 0xFF, 0xFF,
    0xFF, 0xFF, 0x05, 0x00, 0xD0, 0xFF, 0xFF, 0xFF, 0x05, 0x00, 0xFA, 0xFF, 0xFF, 0xFF, 0xFF, 0xFF,
    0xFF, 0xFF, 0xFF, 0x04, 0x00, 0xF3, 0xFF, 0xFF, 0xEF, 0x00, 0x50, 0xFF, 0xFF, 0xFF, 0x9F, 0x66,
    0xFC, 0xFF, 0xFF, 0xFF, 0x01, 0x00, 0xF7, 0xFF, 0xFF, 0x7F, 0x00, 0xD0, 0xFF, 0xFF, 0xFF, 0x03,
    0x00, 0xE0, 0xFF, 0xFF, 0xDF, 0x00, 0x00, 0xFC, 0xFF, 0xFF, 0x0E, 0x00, 0xF3, 0xFF, 0xFF, 0x9F,
    0x00, 0x00, 0xC0, 0xFF, 0xFF, 0x8F, 0x00, 0x00, 0xFF, 0xFF, 0xFF, 0x06, 0x00, 0xF7, 0xFF, 0xFF,
    0x8F, 0x00, 0x00, 0xD0, 0xFF, 0xFF, 0x2F, 0x00, 0x50, 0xFF, 0xFF, 0xDF, 0x00, 0x00, 0xF8, 0xFF,
    0xFF, 0xEF, 0x04, 0x00, 0xF1, 0xFF, 0xFF, 0x0C, 0x00, 0x90, 0xFF, 0xFF, 0x6F, 0x00, 0x00, 0xF8,
    0xFF, 0xFF, 0xFF, 0x6F, 0x00, 0xF6, 0xFF, 0xFF, 0x06, 0x00, 0xE0, 0xFF, 0xFF, 0x0F, 0x00, 0x00,
    0xF6, 0xFF, 0xFF, 0xFF, 0xBF, 0x00, 0xFC, 0xFF, 0xFF, 0x01, 0x00, 0xF2, 0xFF, 0xFF, 0x09, 0x00,
    0x00, 0xF1, 0xFF, 0xFF, 0xFF, 0x9F, 0x20, 0xFF, 0xFF, 0xAF, 0x00, 0x00, 0xF7, 0xFF, 0xFF, 0x03,
    0x00, 0x00, 0x90, 0xFF, 0xFF, 0xFF, 0x3F, 0x90, 0xFF, 0xFF, 0x4F, 0x00, 0x00, 0xFD, 0xFF, 0xFF,
    0x00, 0x00, 0x00, 0x00, 0xFA, 0xFF, 0xFF, 0x06, 0xF0, 0xFF, 0xFF, 0x0F, 0x00, 0x40, 0xFF, 0xFF,
    0xDF, 0x00, 0x00, 0x00, 0x00, 0x30, 0x98, 0x28, 0x00, 0xF7, 0xFF, 0xFF, 0x0B, 0x00, 0xD0, 0xFF,
    0xFF, 0xCF, 0x00, 0x00, 0x00, 0x00, 0x00, 0x00, 0x00, 0x00, 0xFD, 0xFF, 0xFF, 0x08, 0x00, 0xF8,
    0xFF, 0xFF, 0xDF, 0x00, 0x00, 0x00, 0x00, 0x00, 0x00, 0x00, 0x40, 0xFF, 0xFF, 0xFF, 0x0C, 0x70,
    0xFF, 0xFF, 0xFF, 0xFF, 0x05, 0x00, 0x00, 0x00, 0x00, 0x00, 0x00, 0xB0, 0xFF, 0xFF, 0xFF, 0xEF,
    0xFE, 0xFF, 0xFF, 0xFF, 0xFF, 0x9F, 0x00, 0x00, 0x00, 0x00, 0x00, 0x00, 0xF0, 0xFF, 0xFF, 0xFF,
    0xFF, 0xFF, 0xFF, 0xFF, 0xFF, 0xFF, 0xFF, 0x03, 0x00, 0x00, 0x00, 0x00, 0x00, 0xF5, 0xFF, 0xFF,
    0xFF, 0xFF, 0xFF, 0xFF, 0xFF, 0xFF, 0xFF, 0xFF, 0x03, 0x00, 0x00, 0x00, 0x00, 0x00, 0xF9, 0xFF,
    0xFF, 0xFF, 0xFF, 0xCF, 0xF5, 0xFF, 0xFF, 0xFF, 0xFF, 0x01, 0x00, 0x00, 0x00, 0x00, 0x00, 0xFC,
    0xFF, 0xFF, 0xFF, 0xFF, 0x2E, 0xF7, 0xFF, 0xFF, 0xFF, 0xCF, 0x00, 0x00, 0x00, 0x00, 0x00, 0x00,
    0xFC, 0xFF, 0xFF, 0xFF, 0xFF, 0x03, 0xF7, 0xFF, 0xFF, 0xFF, 0x4F, 0x00, 0x00, 0x00, 0x00, 0x00,
    0x00, 0xFA, 0xFF, 0xFF, 0xFF, 0x4F, 0x00, 0xF5, 0xFF, 0xFF, 0xFF, 0x0B, 0x00, 0x00, 0x00, 0x00,
    0x00, 0x00, 0xF3, 0xFF, 0xFF, 0xDF, 0x02, 0x00, 0xD0, 0xFF, 0xFF, 0xCF, 0x00, 0x00, 0x00, 0x00,
    0x00, 0x00, 0x00, 0x50, 0xFC, 0xCF, 0x06, 0x00, 0x00, 0x20, 0xFB, 0xCF, 0x07, 0x00, 0x00, 0x00,
    0x00, 0x00, 0x00, 0x00, 0x50, 0xC9, 0xFE, 0xEF, 0x8C, 0x02, 0x00, 0x00, 0x00, 0xB3, 0xFF, 0x4C,
    0x00, 0x00, 0x00, 0x00, 0x92, 0xFF, 0xFF, 0xFF, 0xFF, 0xFF, 0x4F, 0x00, 0x00, 0x30, 0xFF, 0xFF,
    0xEF, 0x00, 0x00, 0x00, 0x70, 0xFF, 0xFF, 0xFF, 0xFF, 0xFF, 0xFF, 0xEF, 0x00, 0x00, 0xA0, 0xFF,
    0xFF, 0xFF, 0x03, 0x00, 0x00, 0xFB, 0xFF, 0xFF, 0xFF, 0xFF, 0xFF, 0xFF, 0xFF, 0x04, 0x00, 0xE0,
    0xFF, 0xFF, 0xFF, 0x03, 0x00, 0xC0, 0xFF, 0xFF, 0xFF, 0xFF, 0xFF, 0xFF, 0xFF, 0xFF, 0x05, 0x00,
    0xF1, 0xFF, 0xFF, 0xFF, 0x01, 0x00, 0xFA, 0xFF, 0xFF, 0xFF, 0xFF, 0xFF, 0xFF, 0xFF, 0xFF, 0x03,
    0x00, 0xF3, 0xFF, 0xFF, 0xEF, 0x00, 0x50, 0xFF, 0xFF, 0xFF, 0x9F, 0x66, 0xFC, 0xFF, 0xFF, 0xFF,
    0x01, 0x00, 0xF5, 0xFF, 0xFF, 0xBF, 0x00, 0xD0, 0xFF, 0xFF, 0xFF, 0x02, 0x00, 0xE0, 0xFF, 0xFF,
    0xDF, 0x00, 0x00, 0xF7, 0xFF, 0xFF, 0x7F, 0x00, 0xF3, 0xFF, 0xFF, 0x9F, 0x00, 0x00, 0xC0, 0xFF,
    0xFF, 0x8F, 0x00, 0x00, 0xFB, 0xFF, 0xFF, 0x2F, 0x00, 0xF7, 0xFF, 0xFF, 0x8F, 0x00, 0x00, 0xD0,
    0xFF, 0xFF, 0x3F, 0x00, 0x00, 0xFE, 0xFF, 0xFF, 0x0C, 0x00, 0xF8, 0xFF, 0xFF, 0xFF, 0x05, 0x00,
    0xF0, 0xFF, 0xFF, 0x0E, 0x00, 0x20, 0xFF, 0xFF, 0xFF, 0x06, 0x00, 0xF8, 0xFF, 0xFF, 0xFF, 0x7F,
    0x00, 0xF4, 0xFF, 0xFF, 0x08, 0x00, 0x70, 0xFF, 0xFF, 0xFF, 0x01, 0x00, 0xF6, 0xFF, 0xFF, 0xFF,
    0xBF, 0x00, 0xF9, 0xFF, 0xFF, 0x02, 0x00, 0xC0, 0xFF, 0xFF, 0xAF, 0x00, 0x00, 0xF1, 0xFF, 0xFF,
    0xFF, 0x8F, 0x00, 0xFE, 0xFF, 0xDF, 0x00, 0x00, 0xF2, 0xFF, 0xFF, 0x2F, 0x00, 0x00, 0x70, 0xFF,
    0xFF, 0xFF, 0x2F, 0x40, 0xFF, 0xFF, 0x7F, 0x00, 0x00, 0xF9, 0xFF, 0xFF, 0x0B, 0x00, 0x00, 0x00,
    0xF7, 0xFF, 0xFF, 0x04, 0xA0, 0xFF, 0xFF, 0x2F, 0x00, 0x10, 0xFF, 0xFF, 0xFF, 0x03, 0x00, 0x00,
    0x00, 0x10, 0x75, 0x05, 0x00, 0xF1, 0xFF, 0xFF, 0x0E, 0x00, 0x80, 0xFF, 0xFF, 0xAF, 0x00, 0x00,
    0x00, 0x00, 0x00, 0x00, 0x00, 0x00, 0xF6, 0xFF, 0xFF, 0x0D, 0x00, 0xF3, 0xFF, 0xFF, 0x2F, 0x00,
    0x00, 0x00, 0x00, 0x00, 0x00, 0x00, 0x00, 0xFB, 0xFF, 0xFF, 0x4F, 0x50, 0xFF, 0xFF, 0xFF, 0x08,
    0x00, 0x00, 0x00, 0x00, 0x00, 0x00, 0x00, 0x10, 0xFF, 0xFF, 0xFF, 0xFF, 0xFF, 0xFF, 0xFF, 0xCF,
    0x00, 0x00, 0x00, 0x00, 0x00, 0x00, 0x00, 0x00, 0x40, 0xFF, 0xFF, 0xFF, 0xFF, 0xFF, 0xFF, 0xFF,
    0x2F, 0x00, 0x00, 0x00, 0x00, 0x00, 0x00, 0x00, 0x00, 0x80, 0xFF, 0xFF, 0xFF, 0xFF, 0xFF, 0xFF,
    0xFF, 0x06, 0x00, 0x00, 0x00, 0x00, 0x00, 0x00, 0x00, 0x00, 0x90, 0xFF, 0xFF, 0xFF, 0xFF, 0xFF,
    0xFF, 0x9F, 0x00, 0x00, 0x00, 0x00, 0x00, 0x00, 0x00, 0x00, 0x00, 0x90, 0xFF, 0xFF, 0xFF, 0xFF,
    0xFF, 0xFF, 0x0B, 0x00, 0x00, 0x00, 0x00, 0x00, 0x00, 0x00, 0x00, 0x00, 0x60, 0xFF, 0xFF, 0xFF,
    0xFF, 0xFF, 0xBF, 0x00, 0x00, 0x00, 0x00, 0x00, 0x00, 0x00, 0x00, 0x00, 0x00, 0x10, 0xFF, 0xFF,
    0xFF, 0xFF, 0xFF, 0x0A, 0x00, 0x00, 0x00, 0x00, 0x00, 0x00, 0x00, 0x00, 0x00, 0x00, 0x00, 0xF5,
    0xFF, 0xFF, 0xFF, 0x5E, 0x00, 0x00, 0x00, 0x00, 0x00, 0x00, 0x00, 0x00, 0x00, 0x00, 0x00, 0x00,
    0x30, 0xEA, 0xEF, 0x6B, 0x00, 0x00, 0x00, 0x00, 0x00, 0x00, 0x00, 0x00, 0x00, 0x00, 0x00, 0x00,
    0x50, 0xC9, 0xFE, 0xEF, 0x9C, 0x02, 0x00, 0x00, 0x00, 0xC5, 0xEF, 0x1A, 0x00, 0x00, 0x00, 0xD6,
    0xEF, 0x1A, 0x00, 0x00, 0x00, 0x92, 0xFF, 0xFF, 0xFF, 0xFF, 0xFF, 0x4F, 0x00, 0x00, 0x60, 0xFF,
    0xFF, 0x8F, 0x00, 0x00, 0x80, 0xFF, 0xFF, 0x9F, 0x00, 0x00, 0x70, 0xFF, 0xFF, 0xFF, 0xFF, 0xFF,
    0xFF, 0xEF, 0x00, 0x00, 0xE0, 0xFF, 0xFF, 0xCF, 0x00, 0x00, 0xF1, 0xFF, 0xFF, 0xDF, 0x00, 0x00,
    0xFB, 0xFF, 0xFF, 0xFF, 0xFF, 0xFF, 0xFF, 0xFF, 0x04, 0x00, 0xF2, 0xFF, 0xFF, 0xDF, 0x00, 0x00,
    0xF4, 0xFF, 0xFF, 0xDF, 0x00, 0xC0, 0xFF, 0xFF, 0xFF, 0xFF, 0xFF, 0xFF, 0xFF, 0xFF, 0x05, 0x00,
    0xF5, 0xFF, 0xFF, 0xBF, 0x00, 0x00, 0xF7, 0xFF, 0xFF, 0xCF, 0x00, 0xFA, 0xFF, 0xFF, 0xFF, 0xFF,
    0xFF, 0xFF, 0xFF, 0xFF, 0x03, 0x00, 0xF7, 0xFF, 0xFF, 0x9F, 0x00, 0x00, 0xF9, 0xFF, 0xFF, 0x9F,
    0x50, 0xFF, 0xFF, 0xFF, 0x9F, 0x66, 0xFC, 0xFF, 0xFF, 0xFF, 0x01, 0x00, 0xF9, 0xFF, 0xFF, 0x6F,
    0x00, 0x00, 0xFB, 0xFF, 0xFF, 0x5F, 0xD0, 0xFF, 0xFF, 0xFF, 0x02, 0x00, 0xE0, 0xFF, 0xFF, 0xDF,
    0x00, 0x00, 0xFB, 0xFF, 0xFF, 0x2F, 0x00, 0x00, 0xFD, 0xFF, 0xFF, 0x1F, 0xF3, 0xFF, 0xFF, 0x9F,
    0x00, 0x00, 0xC0, 0xFF, 0xFF, 0x8F, 0x00, 0x00, 0xFE, 0xFF, 0xFF, 0x0E, 0x00, 0x10, 0xFF, 0xFF,
    0xFF, 0x0C, 0xF7, 0xFF, 0xFF, 0x8F, 0x00, 0x00, 0xD0, 0xFF, 0xFF, 0x3F, 0x00, 0x20, 0xFF, 0xFF,
    0xFF, 0x09, 0x00, 0x40, 0xFF, 0xFF, 0xFF, 0x07, 0xF8, 0xFF, 0xFF, 0xFF, 0x05, 0x00, 0xF0, 0xFF,
    0xFF, 0x0E, 0x00, 0x50, 0xFF, 0xFF, 0xFF, 0x04, 0x00, 0x80, 0xFF, 0xFF, 0xFF, 0x01, 0xF8, 0xFF,
    0xFF, 0xFF, 0x7F, 0x00, 0xF4, 0xFF, 0xFF, 0x08, 0x00, 0xA0, 0xFF, 0xFF, 0xFF, 0x00, 0x00, 0xD0,
    0xFF, 0xFF, 0xBF, 0x00, 0xF6, 0xFF, 0xFF, 0xFF, 0xBF, 0x00, 0xF9, 0xFF, 0xFF, 0x02, 0x00, 0xF0,
    0xFF, 0xFF, 0xAF, 0x00, 0x00, 0xF2, 0xFF, 0xFF, 0x5F, 0x00, 0xF1, 0xFF, 0xFF, 0xFF, 0x8F, 0x00,
    0xFE, 0xFF, 0xDF, 0x00, 0x00, 0xF4, 0xFF, 0xFF, 0x5F, 0x00, 0x00, 0xF7, 0xFF, 0xFF, 0x0D, 0x00,
    0x70, 0xFF, 0xFF, 0xFF, 0x2F, 0x40, 0xFF, 0xFF, 0x7F, 0x00, 0x00, 0xFB, 0xFF, 0xFF, 0x0F, 0x00,
    0x00, 0xFE, 0xFF, 0xFF, 0x06, 0x00, 0x00, 0xF7, 0xFF, 0xFF, 0x04, 0xA0, 0xFF, 0xFF, 0x2F, 0x00,
    0x20, 0xFF, 0xFF, 0xFF, 0x0C, 0x00, 0x60, 0xFF, 0xFF, 0xEF, 0x00, 0x00, 0x00, 0x10, 0x75, 0x05,
    0x00, 0xF1, 0xFF, 0xFF, 0x0E, 0x00, 0xA0, 0xFF, 0xFF, 0xFF, 0x08, 0x00, 0xE0, 0xFF, 0xFF, 0x6F,
    0x00, 0x00, 0x00, 0x00, 0x00, 0x00, 0x00, 0xF6, 0xFF, 0xFF, 0x0D, 0x00, 0xF4, 0xFF, 0xFF, 0xFF,
    0x08, 0x00, 0xF9, 0xFF, 0xFF, 0x0D, 0x00, 0x00, 0x00, 0x00, 0x00, 0x00, 0x00, 0xFB, 0xFF, 0xFF,
    0x4F, 0x60, 0xFF, 0xFF, 0xFF, 0xFF, 0x1C, 0x91, 0xFF, 0xFF, 0xFF, 0x05, 0x00, 0x00, 0x00, 0x00,
    0x00, 0x00, 0x10, 0xFF, 0xFF, 0xFF, 0xFF, 0xFF, 0xFF, 0xFF, 0xFF, 0xFF, 0xFF, 0xFF, 0xFF, 0xFF,
    0xBF, 0x00, 0x00, 0x00, 0x00, 0x00, 0x00, 0x00, 0x40, 0xFF, 0xFF, 0xFF, 0xFF, 0xFF, 0xFF, 0xFF,
    0xFF, 0xFF, 0xFF, 0xFF, 0xFF, 0xFF, 0x1F, 0x00, 0x00, 0x00, 0x00, 0x00, 0x00, 0x00, 0x80, 0xFF,
    0xFF, 0xFF, 0xFF, 0xFF, 0xFF, 0xFD, 0xFF, 0xFF, 0xFF, 0xFF, 0xFF, 0xFF, 0x05, 0x00, 0x00, 0x00,
    0x00, 0x00, 0x00, 0x00, 0x90, 0xFF, 0xFF, 0xFF, 0xFF, 0xFF, 0x9F, 0xE0, 0xFF, 0xFF, 0xFF, 0xFF,
    0xFF, 0x9F, 0x00, 0x00, 0x00, 0x00, 0x00, 0x00, 0x00, 0x00, 0x90, 0xFF, 0xFF, 0xFF, 0xFF, 0xFF,
    0x0B, 0xC0, 0xFF, 0xFF, 0xFF, 0xFF, 0xFF, 0x0C, 0x00, 0x00, 0x00, 0x00, 0x00, 0x00, 0x00, 0x00,
    0x60, 0xFF, 0xFF, 0xFF, 0xFF, 0xCF, 0x01, 0x80, 0xFF, 0xFF, 0xFF, 0xFF, 0xDF, 0x01, 0x00, 0x00,
    0x00, 0x00, 0x00, 0x00, 0x00, 0x00, 0x10, 0xFF, 0xFF, 0xFF, 0xFF, 0x1D, 0x00, 0x30, 0xFF, 0xFF,
    0xFF, 0xFF, 0x1C, 0x00, 0x00, 0x00, 0x00, 0x00, 0x00, 0x00, 0x00, 0x00, 0x00, 0xF5, 0xFF, 0xFF,
    0xBF, 0x00, 0x00, 0x00, 0xFB, 0xFF, 0xFF, 0x9F, 0x00, 0x00, 0x00, 0x00, 0x00, 0x00, 0x00, 0x00,
    0x00, 0x00, 0x00, 0x30, 0xEB, 0xCF, 0x05, 0x00, 0x00, 0x00, 0x90, 0xFE, 0x9D, 0x02, 0x00, 0x00,
    0x00, 0x00, 0x00, 0x00, 0x00, 0x00, 0x00, 0x50, 0xDA, 0xFF, 0xBE, 0x07, 0x00, 0x00, 0x00, 0x00,
    0x70, 0xFD, 0x7E, 0x00, 0x00, 0x00, 0x60, 0xFE, 0xFF, 0xFF, 0xFF, 0xEF, 0x03, 0x00, 0x00, 0x30,
    0xFD, 0xFF, 0xFF, 0x09, 0x00, 0x00, 0xFA, 0xFF, 0xFF, 0xFF, 0xFF, 0xFF, 0x1E, 0x00, 0x00, 0xF3,
    0xFF, 0xFF, 0xFF, 0x1F, 0x00, 0xB0, 0xFF, 0xFF, 0xFF, 0xFF, 0xFF, 0xFF, 0x9F, 0x00, 0x20, 0xFE,
    0xFF, 0xFF, 0xFF, 0x4F, 0x00, 0xF7, 0xFF, 0xFF, 0xFF, 0xFF, 0xFF, 0xFF, 0xFF, 0x00, 0xC0, 0xFF,
    0xFF, 0xFF, 0xFF, 0x4F, 0x10, 0xFF, 0xFF, 0xFF, 0xFF, 0xFF, 0xFF, 0xFF, 0xFF, 0x03, 0xF6, 0xFF,
    0xFF, 0xFF, 0xFF, 0x2F, 0x80, 0xFF, 0xFF, 0xFF, 0xAF, 0x75, 0xFE, 0xFF, 0xFF, 0x06, 0xFE, 0xFF,
    0xFF, 0xFF, 0xFF, 0x0D, 0xE0, 0xFF, 0xFF, 0xFF, 0x07, 0x00, 0xF2, 0xFF, 0xFF, 0x89, 0xFF, 0xFF,
    0xFF, 0xFF, 0xFF, 0x06, 0xF1, 0xFF, 0xFF, 0xFF, 0x00, 0x00, 0x80, 0xFF, 0xFF, 0xFF, 0xFF, 0xFF,
    0xAD, 0xFF, 0xCF, 0x00, 0xF4, 0xFF, 0xFF, 0xFF, 0x00, 0x00, 0x10, 0xFF, 0xFF, 0xFF, 0xFF, 0x7F,
    0x00, 0xE3, 0x1B, 0x00, 0xF4, 0xFF, 0xFF, 0xFF, 0x2C, 0x00, 0x00, 0xFB, 0xFF, 0xFF, 0xFF, 0x08,
    0x00, 0x00, 0x00, 0x00, 0xF2, 0xFF, 0xFF, 0xFF, 0xEF, 0x00, 0x00, 0xF6, 0xFF, 0xFF, 0xCF, 0x00,
    0x00, 0x00, 0x00, 0x00, 0xE0, 0xFF, 0xFF, 0xFF, 0xFF, 0x02, 0x00, 0xF4, 0xFF, 0xFF, 0x3F, 0x00,
    0x00, 0x00, 0x00, 0x00, 0x90, 0xFF, 0xFF, 0xFF, 0xFF, 0x00, 0x00, 0xFA, 0xFF, 0xFF, 0x2F, 0x00,
    0x00, 0x00, 0x00, 0x00, 0x10, 0xFD, 0xFF, 0xFF, 0x8F, 0x00, 0x10, 0xFF, 0xFF, 0xFF, 0x7F, 0x00,
    0x00, 0x00, 0x00, 0x00, 0x00, 0xB1, 0xFF, 0xFF, 0x09, 0x00, 0x90, 0xFF, 0xFF, 0xFF, 0xCF, 0x00,
    0x00, 0x00, 0x00, 0x00, 0x00, 0x00, 0x42, 0x14, 0x00, 0x00, 0xF4, 0xFF, 0xFF, 0xFF, 0xFF, 0x02,
    0x00, 0x00, 0x00, 0x00, 0x00, 0x00, 0x00, 0x00, 0x00, 0x40, 0xFF, 0xFF, 0xFF, 0xFF, 0xFF, 0x0C,
    0x00, 0x00, 0x00, 0x00, 0x00, 0xD4, 0xEF, 0x28, 0x20, 0xF9, 0xFF, 0xFF, 0xFA, 0xFF, 0xFF, 0xEF,
    0xCA, 0xAF, 0x00, 0x00, 0x30, 0xFF, 0xFF, 0xFF, 0xFF, 0xFF, 0xFF, 0xBF, 0xD0, 0xFF, 0xFF, 0xFF,
    0xFF, 0xDF, 0x00, 0x00, 0xB0, 0xFF, 0xFF, 0xFF, 0xFF, 0xFF, 0xFF, 0x4F, 0xA0, 0xFF, 0xFF, 0xFF,
    0xFF, 0xBF, 0x00, 0x00, 0xF0, 0xFF, 0xFF, 0xFF, 0xFF, 0xFF, 0xFF, 0x0D, 0x60, 0xFF, 0xFF, 0xFF,
    0xFF, 0x9F, 0x00, 0x00, 0xF2, 0xFF, 0xFF, 0xFF, 0xFF, 0xFF, 0xFF, 0x05, 0x30, 0xFF, 0xFF, 0xFF,
    0xFF, 0x5F, 0x00, 0x00, 0xF0, 0xFF, 0xFF, 0xFF, 0xFF, 0xFF, 0xBF, 0x00, 0x00, 0xFF, 0xFF, 0xFF,
    0xFF, 0x0E, 0x00, 0x00, 0xB0, 0xFF, 0xFF, 0xFF, 0xFF, 0xFF, 0x1E, 0x00, 0x00, 0xFA, 0xFF, 0xFF,
    0xFF, 0x06, 0x00, 0x00, 0x30, 0xFF, 0xFF, 0xFF, 0xFF, 0xFF, 0x03, 0x00, 0x00, 0xF4, 0xFF, 0xFF,
    0xCF, 0x00, 0x00, 0x00, 0x00, 0xF5, 0xFF, 0xFF, 0xFF, 0x3E, 0x00, 0x00, 0x00, 0xB0, 0xFF, 0xFF,
    0x1D, 0x00, 0x00, 0x00, 0x00, 0x20, 0xD9, 0xEF, 0x7C, 0x00, 0x00, 0x00, 0x00, 0x00, 0xFA, 0x8E,
    0x00, 0x00, 0x00, 0x00, 0x00, 0x00, 0x00, 0xB6, 0xFE, 0xDF, 0x5A, 0x00, 0x00, 0x00, 0x00, 0x30,
    0xEB, 0xCF, 0x02, 0x00, 0x00, 0xE6, 0xFF, 0xFF, 0xFF, 0xFF, 0x3D, 0x00, 0x00, 0x00, 0xF3, 0xFF,
    0xFF, 0x0D, 0x00, 0x90, 0xFF, 0xFF, 0xFF, 0xFF, 0xFF, 0xFF, 0x03, 0x00, 0x00, 0xFA, 0xFF, 0xFF,
    0x2F, 0x00, 0xF9, 0xFF, 0xFF, 0xFF, 0xFF, 0xFF, 0xFF, 0x0D, 0x00, 0x00, 0xFD, 0xFF, 0xFF, 0x4F,
    0x40, 0xFF, 0xFF, 0xFF, 0xFF, 0xFF, 0xFF, 0xFF, 0x7F, 0x00, 0x00, 0xFC, 0xFF, 0xFF, 0x5F, 0xD0,
    0xFF, 0xFF, 0xFF, 0xFF, 0xFF, 0xFF, 0xFF, 0xDF, 0x00, 0x00, 0xFB, 0xFF, 0xFF, 0x4F, 0xF4, 0xFF,
    0xFF, 0xFF, 0xFF, 0xFF, 0xFF, 0xFF, 0xFF, 0x03, 0x00, 0xFA, 0xFF, 0xFF, 0x3F, 0xF9, 0xFF, 0xFF,
    0xFF, 0x16, 0x71, 0xFF, 0xFF, 0xFF, 0x06, 0x00, 0xFA, 0xFF, 0xFF, 0x1F, 0xFC, 0xFF, 0xFF, 0x8F,
    0x00, 0x00, 0xF7, 0xFF, 0xFF, 0x09, 0x00, 0xFA, 0xFF, 0xFF, 0x0D, 0xFE, 0xFF, 0xFF, 0x4F, 0x00,
    0x00, 0xD0, 0xFF, 0xFF, 0x0B, 0x00, 0xFB, 0xFF, 0xFF, 0x0A, 0xFE, 0xFF, 0xFF, 0x8F, 0x00, 0x00,
    0x70, 0xFF, 0xFF, 0x0C, 0x00, 0xFD, 0xFF, 0xFF, 0x06, 0xFD, 0xFF, 0xFF, 0xFF, 0x07, 0x00, 0x20,
    0xFF, 0xFF, 0x0D, 0x00, 0xFF, 0xFF, 0xFF, 0x01, 0xFA, 0xFF, 0xFF, 0xFF, 0x6F, 0x00, 0x00, 0xFF,
    0xFF, 0x0D, 0x30, 0xFF, 0xFF, 0xBF, 0x00, 0xF6, 0xFF, 0xFF, 0xFF, 0x9F, 0x00, 0x00, 0xFD, 0xFF,
    0x0C, 0x70, 0xFF, 0xFF, 0x4F, 0x00, 0xD0, 0xFF, 0xFF, 0xFF, 0x9F, 0x00, 0x00, 0xFC, 0xFF, 0x0B,
    0xC0, 0xFF, 0xFF, 0x0D, 0x00, 0x30, 0xFF, 0xFF, 0xFF, 0x3F, 0x00, 0x00, 0xFB, 0xFF, 0x0A, 0xF2,
    0xFF, 0xFF, 0x05, 0x00, 0x00, 0xC3, 0xFF, 0xFF, 0x06, 0x00, 0x00, 0xFB, 0xFF, 0x08, 0xFB, 0xFF,
    0xDF, 0x00, 0x00, 0x00, 0x00, 0x41, 0x03, 0x00, 0x00, 0x00, 0xFB, 0xFF, 0x78, 0xFF, 0xFF, 0x4F,
    0x00, 0x00, 0x00, 0x00, 0x00, 0x00, 0x00, 0x00, 0x00, 0xFC, 0xFF, 0xFF, 0xFF, 0xFF, 0x0B, 0x00,
    0x00, 0x00, 0x00, 0x00, 0x00, 0x00, 0x00, 0x00, 0xFF, 0xFF, 0xFF, 0xFF, 0xFF, 0x02, 0x00, 0x00,
    0x00, 0x00, 0x00, 0x00, 0x00, 0x00, 0x20, 0xFF, 0xFF, 0xFF, 0xFF, 0x5F, 0x00, 0x00, 0x00, 0x00,
    0x00, 0x00, 0x00, 0x00, 0x00, 0x80, 0xFF, 0xFF, 0xFF, 0xFF, 0x0A, 0x00, 0x00, 0x00, 0x00, 0xB5,
    0xBD, 0x05, 0x00, 0x00, 0xF1, 0xFF, 0xFF, 0xFF, 0xCF, 0x00, 0x00, 0x00, 0x00, 0x70, 0xFF, 0xFF,
    0xDF, 0x04, 0x50, 0xFE, 0xFF, 0xFF, 0xFF, 0x1D, 0x00, 0x00, 0x00, 0x00, 0xF1, 0xFF, 0xFF, 0xFF,
    0xFF, 0xFF, 0xFF, 0xFF, 0xFF, 0xEF, 0x02, 0x00, 0x00, 0x00, 0x00, 0xF6, 0xFF, 0xFF, 0xFF, 0xFF,
    0xFF, 0xFF, 0xFF, 0xFF, 0x1D, 0x00, 0x00, 0x00, 0x00, 0x00, 0xF7, 0xFF, 0xFF, 0xFF, 0xFF, 0xFF,
    0xFF, 0xFF, 0xCF, 0x01, 0x00, 0x00, 0x00, 0x00, 0x00, 0xF4, 0xFF, 0xFF, 0xFF, 0xFF, 0xFF, 0xFF,
    0xFF, 0x09, 0x00, 0x00, 0x00, 0x00, 0x00, 0x00, 0xC0, 0xFF, 0xFF, 0xFF, 0xFF, 0xFF, 0xFF, 0x4D,
    0x00, 0x00, 0x00, 0x00, 0x00, 0x00, 0x00, 0x10, 0xFC, 0xFF, 0xFF, 0xFF, 0xFF, 0x6D, 0x00, 0x00,
    0x00, 0x00, 0x00, 0x00, 0x00, 0x00, 0x00, 0x60, 0xEB, 0xFF, 0xCE, 0x38, 0x00, 0x00, 0x00, 0x00,
    0x00, 0x00, 0x00, 0x00, 0x00, 0x00, 0x00, 0x00, 0x00, 0x10, 0xA6, 0xFD, 0xFF, 0xCE, 0x69, 0x03,
    0x40, 0xFC, 0x08, 0x00, 0x00, 0x00, 0x00, 0xF8, 0xFF, 0xFF, 0xFF, 0xFF, 0xFF, 0xFF, 0xFF, 0xFF,
    0x1F, 0x00, 0x00, 0x00, 0xC1, 0xFF, 0xFF, 0xFF, 0xFF, 0xFF, 0xFF, 0xFF, 0xFF, 0xFF, 0x3F, 0x00,
    0x00, 0x00, 0xFC, 0xFF, 0xFF, 0xFF, 0xFF, 0xFF, 0xFF, 0xFF, 0xFF, 0xFF, 0x3F, 0x00, 0x00, 0x50,
    0xFF, 0xFF, 0xFF, 0xFF, 0xFF, 0xFF, 0xFF, 0xFF, 0xFF, 0xFF, 0x1F, 0x00, 0x00, 0xC0, 0xFF, 0xFF,
    0xFF, 0xFF, 0xFF, 0xFF, 0xFF, 0xFF, 0xFF, 0xFF, 0x0D, 0x00, 0x00, 0xF0, 0xFF, 0xFF, 0xFF, 0x6A,
    0x75, 0xC9, 0xFE, 0xFF, 0xFF, 0xFF, 0x08, 0x00, 0x00, 0xF1, 0xFF, 0xFF, 0xAF, 0x00, 0x00, 0x00,
    0x00, 0xFE, 0xFF, 0xFF, 0x01, 0x00, 0x00, 0xF0, 0xFF, 0xFF, 0xBF, 0x00, 0x00, 0x00, 0x60, 0xFF,
    0xFF, 0x8F, 0x00, 0x00, 0x00, 0xD0, 0xFF, 0xFF, 0xFF, 0x1D, 0x00, 0x00, 0xF4, 0xFF, 0xFF, 0x0D,
    0x00, 0x00, 0x00, 0x70, 0xFF, 0xFF, 0xFF, 0x2F, 0x00, 0x60, 0xFF, 0xFF, 0xFF, 0x03, 0x00, 0x00,
    0x00, 0x00, 0xFD, 0xFF, 0xFF, 0x0B, 0x10, 0xFB, 0xFF, 0xFF, 0x4F, 0x00, 0x00, 0x00, 0x00, 0x00,
    0x91, 0xFF, 0x9F, 0x00, 0xE5, 0xFF, 0xFF, 0xEF, 0x04, 0x00, 0x00, 0x00, 0x00, 0x00, 0x00, 0x00,
    0x00, 0xA1, 0xFF, 0xFF, 0xFF, 0x2D, 0x00, 0x00, 0x00, 0x00, 0x00, 0x00, 0x00, 0x00, 0x50, 0xFE,
    0xFF, 0xFF, 0x9F, 0x00, 0x00, 0x00, 0x00, 0x00, 0x00, 0x00, 0x00, 0x10, 0xFA, 0xFF, 0xFF, 0xEF,
    0x04, 0x00, 0x00, 0x00, 0x00, 0x00, 0x00, 0x00, 0x00, 0xE4, 0xFF, 0xFF, 0xFF, 0x1B, 0x00, 0x00,
    0x00, 0x00, 0x00, 0x00, 0x00, 0x00, 0x90, 0xFF, 0xFF, 0xFF, 0x6F, 0x00, 0x00, 0x00, 0x00, 0x00,
    0x00, 0x00, 0x00, 0x30, 0xFD, 0xFF, 0xFF, 0xDF, 0x02, 0x00, 0x00, 0x00, 0x01, 0x00, 0x00, 0x00,
    0x00, 0xF5, 0xFF, 0xFF, 0xFF, 0x0A, 0x00, 0x00, 0x00, 0x90, 0x9F, 0x00, 0x00, 0x00, 0x60, 0xFF,
    0xFF, 0xFF, 0xFF, 0xCF, 0x37, 0x01, 0x52, 0xFD, 0xBF, 0x00, 0x00, 0x00, 0xF4, 0xFF, 0xFF, 0xFF,
    0xFF, 0xFF, 0xFF, 0xFF, 0xFF, 0xFF, 0x9F, 0x00, 0x00, 0x10, 0xFE, 0xFF, 0xFF, 0xFF, 0xFF, 0xFF,
    0xFF, 0xFF, 0xFF, 0xFF, 0x6F, 0x00, 0x00, 0x90, 0xFF, 0xFF, 0xFF, 0xFF, 0xFF, 0xFF, 0xFF, 0xFF,
    0xFF, 0xFF, 0x1F, 0x00, 0x00, 0xE0, 0xFF, 0xFF, 0xFF, 0xFF, 0xFF, 0xFF, 0xFF, 0xFF, 0xFF, 0xFF,
    0x0A, 0x00, 0x00, 0xF1, 0xFF, 0xFF, 0x97, 0xFE, 0xFF, 0xFF, 0xFF, 0xFF, 0xFF, 0xFF, 0x02, 0x00,
    0x00, 0xE0, 0xFF, 0x8F, 0x00, 0x30, 0xFA, 0xFF, 0xFF, 0xFF, 0xFF, 0x6F, 0x00, 0x00, 0x00, 0x40,
    0xED, 0x09, 0x00, 0x00, 0x10, 0xF9, 0xFF, 0xFF, 0xFF, 0x08, 0x00, 0x00, 0x00, 0x00, 0x00, 0x00,
    0x00, 0x00, 0x00, 0x10, 0xC7, 0xFF, 0x4B, 0x00, 0x00, 0x00, 0x00, 0x00, 0x00, 0x00, 0x60, 0xFE,
    0xFF, 0xFF, 0xFF, 0x08, 0x00, 0x00, 0x00, 0xF4, 0xFF, 0xFF, 0xFF, 0xFF, 0x0E, 0x00, 0x00, 0x00,
    0xFA, 0xFF, 0xFF, 0xFF, 0xFF, 0x0C, 0x00, 0x00, 0x00, 0xFD, 0xFF, 0xFF, 0xFF, 0xFF, 0x06, 0x00,
    0x00, 0x10, 0xFF, 0xFF, 0xBF, 0xDA, 0x9F, 0x00, 0x00, 0x00, 0x40, 0xFF, 0xFF, 0x0C, 0x00, 0x00,
    0x00, 0x00, 0x00, 0x70, 0xFF, 0xFF, 0x07, 0x00, 0x00, 0x00, 0x00, 0x00, 0xA0, 0xFF, 0xFF, 0x02,
    0x00, 0x00, 0x00, 0x00, 0x00, 0xE0, 0xFF, 0xEF, 0x00, 0x00, 0x00, 0x00, 0x00, 0x00, 0xF1, 0xFF,
    0xAF, 0x00, 0x00, 0x00, 0x00, 0x00, 0x00, 0xF5, 0xFF, 0x6F, 0x00, 0x00, 0x00, 0x00, 0x00, 0x00,
    0xF8, 0xFF, 0x1F, 0x00, 0x00, 0x00, 0x00, 0x00, 0x00, 0xFC, 0xFF, 0x0D, 0x00, 0x00, 0x00, 0x00,
    0x00, 0x00, 0xFF, 0xFF, 0x09, 0x00, 0x00, 0x00, 0x00, 0x00, 0x40, 0xFF, 0xFF, 0x06, 0x00, 0x00,
    0x00, 0x00, 0x00, 0x90, 0xFF, 0xFF, 0x02, 0x00, 0x00, 0x00, 0x00, 0x00, 0xD0, 0xFF, 0xEF, 0x00,
    0x00, 0x00, 0x00, 0x00, 0x00, 0xF1, 0xFF, 0xAF, 0x00, 0x00, 0x00, 0x00, 0x00, 0x00, 0xF5, 0xFF,
    0x6F, 0x00, 0x00, 0x00, 0x00, 0x00, 0x00, 0xFA, 0xFF, 0x3F, 0x00, 0x00, 0x00, 0x00, 0x00, 0x00,
    0xFE, 0xFF, 0x0F, 0x00, 0x00, 0x00, 0x00, 0x00, 0x20, 0xFF, 0xFF, 0x0B, 0x00, 0x00, 0x00, 0x00,
    0x00, 0x70, 0xFF, 0xFF, 0x0B, 0x52, 0x04, 0x00, 0x00, 0x00, 0xB0, 0xFF, 0xFF, 0xFF, 0xFF, 0x3F,
    0x00, 0x00, 0x00, 0xF0, 0xFF, 0xFF, 0xFF, 0xFF, 0x4F, 0x00, 0x00, 0x00, 0xF4, 0xFF, 0xFF, 0xFF,
    0xFF, 0x1F, 0x00, 0x00, 0x00, 0xF6, 0xFF, 0xFF, 0xFF, 0xFF, 0x0B, 0x00, 0x00, 0x00, 0xC1, 0xFF,
    0xFF, 0xFF, 0xBF, 0x01, 0x00, 0x00, 0x00, 0x60, 0xEE, 0x04, 0x00, 0xF3, 0xFF, 0x0D, 0x00, 0xF6,
    0xFF, 0x1F, 0x00, 0xF6, 0xFF, 0x2F, 0x00, 0xF5, 0xFF, 0x2F, 0x00, 0xF3, 0xFF, 0x2F, 0x00, 0xF2,
    0xFF, 0x2F, 0x00, 0xF0, 0xFF, 0x2F, 0x00, 0xF0, 0xFF, 0x2F, 0x00, 0xD0, 0xFF, 0x2F, 0x00, 0xC0,
    0xFF, 0x2F, 0x00, 0xA0, 0xFF, 0x2F, 0x00, 0x90, 0xFF, 0x2F, 0x00, 0x80, 0xFF, 0x2F, 0x00, 0x70,
    0xFF, 0x3F, 0x00, 0x60, 0xFF, 0x3F, 0x00, 0x50, 0xFF, 0x4F, 0x00, 0x50, 0xFF, 0x5F, 0x00, 0x40,
    0xFF, 0x6F, 0x00, 0x40, 0xFF, 0x7F, 0x00, 0x40, 0xFF, 0x8F, 0x00, 0x40, 0xFF, 0x9F, 0x00, 0x40,
    0xFF, 0xBF, 0x00, 0x40, 0xFF, 0xCF, 0x00, 0x40, 0xFF, 0xEF, 0x00, 0x40, 0xFF, 0xFF, 0x00, 0x40,
    0xFF, 0xFF, 0x01, 0x40, 0xFF, 0xFF, 0x02, 0x40, 0xFF, 0xFF, 0x04, 0x40, 0xFF, 0xFF, 0x04, 0x10,
    0xFF, 0xFF, 0x01, 0x00, 0xE7, 0x4E, 0x00, 0x00, 0x00, 0x00, 0xB1, 0xFF, 0xFF, 0xFF, 0xCF, 0x01,
    0x00, 0x00, 0x00, 0xFA, 0xFF, 0xFF, 0xFF, 0xFF, 0x06, 0x00, 0x00, 0x10, 0xFF, 0xFF, 0xFF, 0xFF,
    0xFF, 0x05, 0x00, 0x00, 0x30, 0xFF, 0xFF, 0xFF, 0xFF, 0xFF, 0x01, 0x00, 0x00, 0x20, 0xFF, 0xFF,
    0xFF, 0xFF, 0xDF, 0x00, 0x00, 0x00, 0x00, 0x64, 0x03, 0xFB, 0xFF, 0x9F, 0x00, 0x00, 0x00, 0x00,
    0x00, 0x00, 0xF9, 0xFF, 0x4F, 0x00, 0x00, 0x00, 0x00, 0x00, 0x00, 0xFD, 0xFF, 0x0F, 0x00, 0x00,
    0x00, 0x00, 0x00, 0x10, 0xFF, 0xFF, 0x0C, 0x00, 0x00, 0x00, 0x00, 0x00, 0x40, 0xFF, 0xFF, 0x08,
    0x00, 0x00, 0x00, 0x00, 0x00, 0x80, 0xFF, 0xFF, 0x04, 0x00, 0x00, 0x00, 0x00, 0x00, 0xB0, 0xFF,
    0xFF, 0x00, 0x00, 0x00, 0x00, 0x00, 0x00, 0xF0, 0xFF, 0xBF, 0x00, 0x00, 0x00, 0x00, 0x00, 0x00,
    0xF3, 0xFF, 0x7F, 0x00, 0x00, 0x00, 0x00, 0x00, 0x00, 0xF6, 0xFF, 0x3F, 0x00, 0x00, 0x00, 0x00,
    0x00, 0x00, 0xFA, 0xFF, 0x0F, 0x00, 0x00, 0x00, 0x00, 0x00, 0x00, 0xFE, 0xFF, 0x0B, 0x00, 0x00,
    0x00, 0x00, 0x00, 0x20, 0xFF, 0xFF, 0x08, 0x00, 0x00, 0x00, 0x00, 0x00, 0x60, 0xFF, 0xFF, 0x04,
    0x00, 0x00, 0x00, 0x00, 0x00, 0xA0, 0xFF, 0xFF, 0x01, 0x00, 0x00, 0x00, 0x00, 0x00, 0xE0, 0xFF,
    0xEF, 0x00, 0x00, 0x00, 0x00, 0x00, 0x00, 0xF2, 0xFF, 0xAF, 0x00, 0x00, 0x00, 0x00, 0x00, 0x00,
    0xF6, 0xFF, 0x7F, 0x00, 0x00, 0x00, 0x00, 0x00, 0x00, 0xFB, 0xFF, 0x4F, 0x00, 0x00, 0x00, 0x80,
    0xEE, 0xAA, 0xFF, 0xFF, 0x1F, 0x00, 0x00, 0x00, 0xF5, 0xFF, 0xFF, 0xFF, 0xFF, 0x0E, 0x00, 0x00,
    0x00, 0xFB, 0xFF, 0xFF, 0xFF, 0xFF, 0x0A, 0x00, 0x00, 0x00, 0xFD, 0xFF, 0xFF, 0xFF, 0xFF, 0x04,
    0x00, 0x00, 0x00, 0xF7, 0xFF, 0xFF, 0xFF, 0x6E, 0x00, 0x00, 0x00, 0x00, 0x00, 0x00, 0x00, 0x40,
    0x02, 0x00, 0x00, 0x00, 0x00, 0x40, 0xFE, 0x6F, 0x00, 0x00, 0x00, 0x00, 0xF3, 0xFF, 0xFF, 0x01,
    0x00, 0x00, 0x10, 0xFE, 0xFF, 0xFF, 0x08, 0x00, 0x00, 0xC0, 0xFF, 0xFF, 0xFF, 0x0E, 0x00, 0x00,
    0xF9, 0xFF, 0xFF, 0xFF, 0x6F, 0x00, 0x50, 0xFF, 0xFF, 0xFF, 0xFF, 0xDF, 0x00, 0xE1, 0xFF, 0xEF,
    0x82, 0xFF, 0xFF, 0x05, 0xFB, 0xFF, 0x3F, 0x10, 0xFF, 0xFF, 0x0B, 0xFF, 0xFF, 0x08, 0x00, 0xFA,
    0xFF, 0x0D, 0xFB, 0xDF, 0x00, 0x00, 0xF3, 0xFF, 0x06, 0x60, 0x16, 0x00, 0x00, 0x30, 0x37, 0x00,
    0x90, 0xFE, 0xFF, 0xFF, 0xFF, 0xFF, 0xFF, 0xFF, 0x09, 0xF6, 0xFF, 0xFF, 0xFF, 0xFF, 0xFF, 0xFF,
    0xFF, 0x0F, 0xF9, 0xFF, 0xFF, 0xFF, 0xFF, 0xFF, 0xFF, 0xFF, 0x0C, 0xE4, 0xBE, 0x48, 0x02, 0x10,
    0x74, 0xEA, 0xCF, 0x02, 0x00, 0x64, 0x03, 0x00, 0x00, 0x00, 0x50, 0xFF, 0xCF, 0x03, 0x00, 0x00,
    0xF1, 0xFF, 0xFF, 0xAF, 0x01, 0x00, 0xF6, 0xFF, 0xFF, 0xFF, 0x4E, 0x00, 0xD2, 0xFF, 0xFF, 0xFF,
    0xFF, 0x01, 0x00, 0x93, 0xFE, 0xFF, 0xFF, 0x00, 0x00, 0x00, 0x30, 0xD9, 0x5F, 0x00, 0x00, 0x00,
    0x00, 0xA3, 0xFE, 0x2C, 0x00, 0xE6, 0x3E, 0x00, 0x00, 0x70, 0xFF, 0xFF, 0xDF, 0x30, 0xFF, 0xAF,
    0x00, 0x00, 0xF8, 0xFF, 0xFF, 0xFF, 0xB3, 0xFF, 0xBF, 0x00, 0x50, 0xFF, 0xFF, 0xFF, 0xFF, 0xF8,
    0xFF, 0x9F, 0x00, 0xF1, 0xFF, 0xFF, 0xFF, 0xFF, 0xFF, 0xFF, 0x5F, 0x00, 0xF9, 0xFF, 0xFF, 0xFF,
    0xFF, 0xFF, 0xFF, 0x0F, 0x10, 0xFF, 0xFF, 0xCF, 0x66, 0xFD, 0xFF, 0xFF, 0x0B, 0x70, 0xFF, 0xFF,
    0x0C, 0x00, 0xF2, 0xFF, 0xFF, 0x06, 0xC0, 0xFF, 0xFF, 0x04, 0x00, 0xF0, 0xFF, 0xFF, 0x02, 0xF0,
    0xFF, 0xFF, 0x01, 0x00, 0xF2, 0xFF, 0xDF, 0x00, 0xF3, 0xFF, 0xFF, 0x05, 0x00, 0xFB, 0xFF, 0xEF,
    0x00, 0xF6, 0xFF, 0xFF, 0x8E, 0xC6, 0xFF, 0xFF, 0xFF, 0x3E, 0xF7, 0xFF, 0xFF, 0xFF, 0xFF, 0xFF,
    0xFF, 0xFF, 0x8F, 0xF6, 0xFF, 0xFF, 0xFF, 0xEF, 0xFE, 0xFF, 0xFF, 0x4F, 0xF5, 0xFF, 0xFF, 0xFF,
    0x4F, 0xFD, 0xFF, 0xFF, 0x0C, 0xF1, 0xFF, 0xFF, 0xFF, 0x0B, 0xFF, 0xFF, 0xFF, 0x02, 0xB0, 0xFF,
    0xFF, 0xDF, 0x01, 0xFF, 0xFF, 0x5F, 0x00, 0x10, 0xFD, 0xFF, 0x2D, 0x00, 0xFC, 0xEF, 0x04, 0x00,
    0x00, 0x50, 0x57, 0x00, 0x00, 0x71, 0x05, 0x00, 0x00, 0x00, 0x00, 0x00, 0x81, 0xFD, 0x09, 0x00,
    0x00, 0x00, 0x00, 0x00, 0x50, 0xFE, 0xFF, 0x4F, 0x00, 0x00, 0x00, 0x00, 0x00, 0xF5, 0xFF, 0xFF,
    0x7F, 0x00, 0x00, 0x00, 0x00, 0x20, 0xFF, 0xFF, 0xFF, 0x5F, 0x00, 0x00, 0x00, 0x00, 0x80, 0xFF,
    0xFF, 0xFF, 0x1F, 0x00, 0x00, 0x00, 0x00, 0x80, 0xFF, 0xFF, 0xFF, 0x0D, 0x00, 0x00, 0x00, 0x00,
    0x00, 0xFA, 0xFF, 0xFF, 0x08, 0x00, 0x00, 0x00, 0x00, 0x00, 0xF2, 0xFF, 0xFF, 0x02, 0xE9, 0x8E,
    0x00, 0x00, 0x00, 0xF2, 0xFF, 0xDF, 0xC0, 0xFF, 0xFF, 0x0A, 0x00, 0x00, 0xF5, 0xFF, 0xAF, 0xFA,
    0xFF, 0xFF, 0x3F, 0x00, 0x00, 0xFA, 0xFF, 0xFF, 0xFF, 0xFF, 0xFF, 0x8F, 0x00, 0x00, 0xFE, 0xFF,
    0xFF, 0xFF, 0xFF, 0xFF, 0xAF, 0x00, 0x40, 0xFF, 0xFF, 0xFF, 0xFF, 0xFF, 0xFF, 0xBF, 0x00, 0x90,
    0xFF, 0xFF, 0xFF, 0xFF, 0xFF, 0xFF, 0xBF, 0x00, 0xE0, 0xFF, 0xFF, 0x2B, 0x50, 0xFF, 0xFF, 0x9F,
    0x00, 0xF3, 0xFF, 0xEF, 0x00, 0x00, 0xFB, 0xFF, 0x6F, 0x00, 0xF8, 0xFF, 0x8F, 0x00, 0x00, 0xFA,
    0xFF, 0x3F, 0x00, 0xFD, 0xFF, 0x8F, 0x00, 0x00, 0xFE, 0xFF, 0x0E, 0x20, 0xFF, 0xFF, 0xEF, 0x01,
    0xB1, 0xFF, 0xFF, 0x08, 0x70, 0xFF, 0xFF, 0xFF, 0xDF, 0xFF, 0xFF, 0xFF, 0x01, 0xC0, 0xFF, 0xFF,
    0xFF, 0xFF, 0xFF, 0xFF, 0x9F, 0x00, 0xF1, 0xFF, 0xFF, 0xFF, 0xFF, 0xFF, 0xFF, 0x1E, 0x00, 0xF5,
    0xFF, 0xFF, 0xFF, 0xFF, 0xFF, 0xFF, 0x03, 0x00, 0xF7, 0xFF, 0xCE, 0xFF, 0xFF, 0xFF, 0x5F, 0x00,
    0x00, 0xF5, 0xDF, 0x02, 0xF8, 0xFF, 0xDF, 0x04, 0x00, 0x00, 0x50, 0x17, 0x00, 0x30, 0x77, 0x03,
    0x00, 0x00, 0x00, 0x00, 0x00, 0x00, 0x82, 0xFD, 0xCF, 0x07, 0x00, 0x00, 0x00, 0x70, 0xFF, 0xFF,
    0xFF, 0xBF, 0x00, 0x00, 0x00, 0xFA, 0xFF, 0xFF, 0xFF, 0xFF, 0x06, 0x00, 0x90, 0xFF, 0xFF, 0xFF,
    0xFF, 0xFF, 0x0A, 0x00, 0xF4, 0xFF, 0xFF, 0xFF, 0xFF, 0xFF, 0x0C, 0x00, 0xFD, 0xFF, 0xFF, 0xFF,
    0xFF, 0xFF, 0x0A, 0x50, 0xFF, 0xFF, 0xAF, 0x75, 0xFE, 0xFF, 0x06, 0xB0, 0xFF, 0xFF, 0x06, 0x00,
    0xD1, 0xCF, 0x00, 0xF0, 0xFF, 0xCF, 0x00, 0x00, 0x00, 0x03, 0x00, 0xF3, 0xFF, 0x8F, 0x00, 0x00,
    0x00, 0x00, 0x00, 0xF6, 0xFF, 0x9F, 0x00, 0x00, 0x10, 0x00, 0x00, 0xF6, 0xFF, 0xFF, 0x03, 0x40,
    0xFC, 0x0C, 0x00, 0xF6, 0xFF, 0xFF, 0xEF, 0xFE, 0xFF, 0x2F, 0x00, 0xF4, 0xFF, 0xFF, 0xFF, 0xFF,
    0xFF, 0x0F, 0x00, 0xF0, 0xFF, 0xFF, 0xFF, 0xFF, 0xFF, 0x0B, 0x00, 0x90, 0xFF, 0xFF, 0xFF, 0xFF,
    0xFF, 0x03, 0x00, 0x10, 0xFE, 0xFF, 0xFF, 0xFF, 0x5F, 0x00, 0x00, 0x00, 0xB1, 0xFF, 0xFF, 0xCF,
    0x03, 0x00, 0x00, 0x00, 0x00, 0x62, 0x67, 0x03, 0x00, 0x00, 0x00, 0x00, 0x00, 0x00, 0x00, 0x00,
    0x00, 0x00, 0x60, 0xFC, 0x2D, 0x00, 0x00, 0x00, 0x00, 0x00, 0x00, 0x10, 0xFC, 0xFF, 0xBF, 0x00,
    0x00, 0x00, 0x00, 0x00, 0x00, 0xE1, 0xFF, 0xFF, 0xEF, 0x00, 0x00, 0x00, 0x00, 0x00, 0x00, 0xFB,
    0xFF, 0xFF, 0xCF, 0x00, 0x00, 0x00, 0x00, 0x00, 0x20, 0xFF, 0xFF, 0xFF, 0x8F, 0x00, 0x00, 0x00,
    0x00, 0x00, 0x20, 0xFF, 0xFF, 0xFF, 0x3F, 0x00, 0x00, 0x00, 0x00, 0x00, 0x00, 0xC1, 0xFF, 0xFF,
    0x0E, 0x00, 0x00, 0x00, 0xA3, 0xFE, 0x3C, 0x70, 0xFF, 0xFF, 0x09, 0x00, 0x00, 0x80, 0xFF, 0xFF,
    0xEF, 0xB0, 0xFF, 0xFF, 0x04, 0x00, 0x00, 0xF8, 0xFF, 0xFF, 0xFF, 0xF3, 0xFF, 0xEF, 0x00, 0x00,
    0x60, 0xFF, 0xFF, 0xFF, 0xFF, 0xFC, 0xFF, 0x9F, 0x00, 0x00, 0xF1, 0xFF, 0xFF, 0xFF, 0xFF, 0xFF,
    0xFF, 0x4F, 0x00, 0x00, 0xF9, 0xFF, 0xFF, 0xFF, 0xFF, 0xFF, 0xFF, 0x0F, 0x00, 0x10, 0xFF, 0xFF,
    0xCF, 0x66, 0xFD, 0xFF, 0xFF, 0x0A, 0x00, 0x70, 0xFF, 0xFF, 0x0C, 0x00, 0xF2, 0xFF, 0xFF, 0x05,
    0x00, 0xC0, 0xFF, 0xFF, 0x04, 0x00, 0xF0, 0xFF, 0xFF, 0x01, 0x00, 0xF0, 0xFF, 0xFF, 0x02, 0x00,
    0xF2, 0xFF, 0xCF, 0x00, 0x00, 0xF3, 0xFF, 0xFF, 0x05, 0x00, 0xFA, 0xFF, 0xEF, 0x02, 0x00, 0xF5,
    0xFF, 0xFF, 0x8F, 0xC6, 0xFF, 0xFF, 0xFF, 0x4F, 0x00, 0xF6, 0xFF, 0xFF, 0xFF, 0xFF, 0xFF, 0xFF,
    0xFF, 0x8F, 0x00, 0xF6, 0xFF, 0xFF, 0xFF, 0xEF, 0xFE, 0xFF, 0xFF, 0x3F, 0x00, 0xF4, 0xFF, 0xFF,
    0xFF, 0x5F, 0xFD, 0xFF, 0xFF, 0x0C, 0x00, 0xF1, 0xFF, 0xFF, 0xFF, 0x0B, 0xFF, 0xFF, 0xFF, 0x02,
    0x00, 0xA0, 0xFF, 0xFF, 0xEF, 0x01, 0xFF, 0xFF, 0x4F, 0x00, 0x00, 0x10, 0xFD, 0xFF, 0x2D, 0x00,
    0xFC, 0xEF, 0x04, 0x00, 0x00, 0x00, 0x50, 0x57, 0x00, 0x00, 0x71, 0x05, 0x00, 0x00, 0x00, 0x00,
    0x00, 0x00, 0x71, 0xFC, 0xDF, 0x18, 0x00, 0x00, 0x00, 0x70, 0xFF, 0xFF, 0xFF, 0xEF, 0x03, 0x00,
    0x00, 0xFA, 0xFF, 0xFF, 0xFF, 0xFF, 0x0D, 0x00, 0x90, 0xFF, 0xFF, 0xFF, 0xFF, 0xFF, 0x4F, 0x00,
    0xF4, 0xFF, 0xFF, 0xFF, 0xFF, 0xFF, 0x6F, 0x00, 0xFD, 0xFF, 0xAF, 0x11, 0xFD, 0xFF, 0x5F, 0x50,
    0xFF, 0xFF, 0x0E, 0x00, 0xF8, 0xFF, 0x1F, 0xB0, 0xFF, 0xFF, 0x0D, 0x00, 0xFC, 0xFF, 0x0A, 0xF0,
    0xFF, 0xFF, 0x6F, 0x93, 0xFF, 0xDF, 0x01, 0xF3, 0xFF, 0xFF, 0xFF, 0xFF, 0xFF, 0x1C, 0x00, 0xF5,
    0xFF, 0xFF, 0xED, 0xEF, 0x5B, 0x00, 0x00, 0xF6, 0xFF, 0xFF, 0x03, 0x00, 0x30, 0x58, 0x00, 0xF6,
    0xFF, 0xFF, 0xAF, 0x88, 0xFC, 0xFF, 0x03, 0xF4, 0xFF, 0xFF, 0xFF, 0xFF, 0xFF, 0xFF, 0x05, 0xF0,
    0xFF, 0xFF, 0xFF, 0xFF, 0xFF, 0xFF, 0x02, 0x90, 0xFF, 0xFF, 0xFF, 0xFF, 0xFF, 0x9F, 0x00, 0x00,
    0xFD, 0xFF, 0xFF, 0xFF, 0xFF, 0x09, 0x00, 0x00, 0xA1, 0xFF, 0xFF, 0xFF, 0x4C, 0x00, 0x00, 0x00,
    0x00, 0x51, 0x77, 0x15, 0x00, 0x00, 0x00, 0x00, 0x00, 0x00, 0x20, 0xD8, 0xFE, 0xBE, 0x06, 0x00,
    0x00, 0x00, 0x00, 0xF7, 0xFF, 0xFF, 0xFF, 0xDF, 0x02, 0x00, 0x00, 0x50, 0xFF, 0xFF, 0xFF, 0xFF,
    0xFF, 0x0D, 0x00, 0x00, 0xC0, 0xFF, 0xFF, 0xFF, 0xFF, 0xFF, 0x3F, 0x00, 0x00, 0xF0, 0xFF, 0xFF,
    0xFF, 0xFF, 0xFF, 0x3F, 0x00, 0x00, 0xF0, 0xFF, 0xFF, 0xFF, 0xFF, 0xFF, 0x0D, 0x00, 0x00, 0xB0,
    0xFF, 0xFF, 0x6D, 0x95, 0xAC, 0x02, 0x00, 0x00, 0x20, 0xFF, 0xFF, 0x09, 0x00, 0x00, 0x00, 0x00,
    0x00, 0x30, 0xFD, 0xFF, 0xFF, 0xFF, 0x08, 0x00, 0x00, 0x70, 0xFE, 0xFF, 0xFF, 0xFF, 0xFF, 0x0C,
    0x00, 0x00, 0xF6, 0xFF, 0xFF, 0xFF, 0xFF, 0xFF, 0x0C, 0x00, 0x00, 0xFD, 0xFF, 0xFF, 0xFF, 0xFF,
    0xFF, 0x09, 0x00, 0x00, 0xFF, 0xFF, 0xFF, 0xFF, 0xFF, 0xFF, 0x04, 0x00, 0x00, 0xFB, 0xFF, 0xFF,
    0xFF, 0xFF, 0xCF, 0x00, 0x00, 0x00, 0x00, 0xFB, 0xFF, 0xCF, 0x22, 0x04, 0x00, 0x00, 0x00, 0x00,
    0xFB, 0xFF, 0x2F, 0x00, 0x00, 0x00, 0x00, 0x00, 0x10, 0xFF, 0xFF, 0x0C, 0x00, 0x00, 0x00, 0x00,
    0x00, 0x70, 0xFF, 0xFF, 0x09, 0x00, 0x00, 0x00, 0x00, 0x00, 0xE0, 0xFF, 0xFF, 0x07, 0x00, 0x00,
    0x00, 0x00, 0x00, 0xF6, 0xFF, 0xFF, 0x07, 0x00, 0x00, 0x00, 0x00, 0x00, 0xFE, 0xFF, 0xFF, 0x09,
    0x00, 0x00, 0x00, 0x00, 0x60, 0xFF, 0xFF, 0xFF, 0x0C, 0x00, 0x00, 0x00, 0x00, 0xD0, 0xFF, 0xFF,
    0xFF, 0x0E, 0x00, 0x00, 0x00, 0x00, 0xF2, 0xFF, 0xFF, 0xFF, 0x0E, 0x00, 0x00, 0x00, 0x00, 0xF2,
    0xFF, 0xFF, 0xFF, 0x09, 0x00, 0x00, 0x00, 0x00, 0xB0, 0xFF, 0xFF, 0xAF, 0x00, 0x00, 0x00, 0x00,
    0x00, 0x00, 0x63, 0x67, 0x02, 0x00, 0x00, 0x00, 0x00, 0x00, 0x00, 0x00, 0x00, 0x00, 0x20, 0xEA,
    0xCF, 0x02, 0x60, 0xEE, 0x03, 0x00, 0x00, 0x00, 0x00, 0xF7, 0xFF, 0xFF, 0x0D, 0xF3, 0xFF, 0x0A,
    0x00, 0x00, 0x00, 0x70, 0xFF, 0xFF, 0xFF, 0x3F, 0xFB, 0xFF, 0x0B, 0x00, 0x00, 0x00, 0xF4, 0xFF,
    0xFF, 0xFF, 0x8F, 0xFF, 0xFF, 0x08, 0x00, 0x00, 0x10, 0xFF, 0xFF, 0xFF, 0xFF, 0xFF, 0xFF, 0xFF,
    0x03, 0x00, 0x00, 0x80, 0xFF, 0xFF, 0xFF, 0xFF, 0xFF, 0xFF, 0xEF, 0x00, 0x00, 0x00, 0xF1, 0xFF,
    0xFF, 0x6C, 0xE6, 0xFF, 0xFF, 0x9F, 0x00, 0x00, 0x00, 0xF7, 0xFF, 0xCF, 0x00, 0x30, 0xFF, 0xFF,
    0x4F, 0x00, 0x00, 0x00, 0xFC, 0xFF, 0x4F, 0x00, 0x00, 0xFF, 0xFF, 0x0F, 0x00, 0x00, 0x10, 0xFF,
    0xFF, 0x1F, 0x00, 0x20, 0xFF, 0xFF, 0x0A, 0x00, 0x00, 0x40, 0xFF, 0xFF, 0x4F, 0x00, 0xA0, 0xFF,
    0xFF, 0x06, 0x00, 0x00, 0x60, 0xFF, 0xFF, 0xEF, 0x56, 0xFA, 0xFF, 0xFF, 0x02, 0x00, 0x00, 0x70,
    0xFF, 0xFF, 0xFF, 0xFF, 0xFF, 0xFF, 0xFF, 0x00, 0x00, 0x00, 0x60, 0xFF, 0xFF, 0xFF, 0xFF, 0xEF,
    0xFF, 0xCF, 0x00, 0x00, 0x00, 0x40, 0xFF, 0xFF, 0xFF, 0xFF, 0xA7, 0xFF, 0x9F, 0x00, 0x00, 0x00,
    0x00, 0xFF, 0xFF, 0xFF, 0xDF, 0xE1, 0xFF, 0x6F, 0x00, 0x00, 0x00, 0x00, 0xF6, 0xFF, 0xFF, 0x1D,
    0xF9, 0xFF, 0x3F, 0x00, 0x00, 0x00, 0x00, 0x60, 0xFD, 0x8D, 0x70, 0xFF, 0xFF, 0x0F, 0x00, 0x00,
    0x00, 0x00, 0x00, 0x00, 0x10, 0xFA, 0xFF, 0xFF, 0x0A, 0x00, 0x00, 0x30, 0xEC, 0x7B, 0x75, 0xFA,
    0xFF, 0xFF, 0xFF, 0x03, 0x00, 0x00, 0xE0, 0xFF, 0xFF, 0xFF, 0xFF, 0xFF, 0xFF, 0xAF, 0x00, 0x00,
    0x00, 0xF5, 0xFF, 0xFF, 0xFF, 0xFF, 0xFF, 0xFF, 0x1D, 0x00, 0x00, 0x00, 0xF5, 0xFF, 0xFF, 0xFF,
    0xFF, 0xFF, 0xDF, 0x01, 0x00, 0x00, 0x00, 0xF2, 0xFF, 0xFF, 0xFF, 0xFF, 0xFF, 0x1B, 0x00, 0x00,
    0x00, 0x00, 0x70, 0xFF, 0xFF, 0xFF, 0xFF, 0x5E, 0x00, 0x00, 0x00, 0x00, 0x00, 0x00, 0xA3, 0xFE,
    0xDF, 0x5A, 0x00, 0x00, 0x00, 0x00, 0x00, 0x00, 0x00, 0x00, 0x00, 0x60, 0xFD, 0x1C, 0x00, 0x00,
    0x00, 0x00, 0x00, 0x00, 0x20, 0xFD, 0xFF, 0x8F, 0x00, 0x00, 0x00, 0x00, 0x00, 0x00, 0xE2, 0xFF,
    0xFF, 0xBF, 0x00, 0x00, 0x00, 0x00, 0x00, 0x00, 0xFD, 0xFF, 0xFF, 0x9F, 0x00, 0x00, 0x00, 0x00,
    0x00, 0x40, 0xFF, 0xFF, 0xFF, 0x5F, 0x00, 0x00, 0x00, 0x00, 0x00, 0x40, 0xFF, 0xFF, 0xFF, 0x0F,
    0x00, 0x00, 0x00, 0x00, 0x00, 0x00, 0xF7, 0xFF, 0xFF, 0x0A, 0x00, 0x00, 0x00, 0x00, 0x00, 0x00,
    0xD0, 0xFF, 0xFF, 0x05, 0xD6, 0xDF, 0x06, 0x00, 0x00, 0x00, 0xE0, 0xFF, 0xFF, 0xA0, 0xFF, 0xFF,
    0x4F, 0x00, 0x00, 0x00, 0xF1, 0xFF, 0xBF, 0xF7, 0xFF, 0xFF, 0xAF, 0x00, 0x00, 0x00, 0xF6, 0xFF,
    0xFF, 0xFF, 0xFF, 0xFF, 0xCF, 0x00, 0x00, 0x00, 0xFA, 0xFF, 0xFF, 0xFF, 0xFF, 0xFF, 0xBF, 0x00,
    0x00, 0x00, 0xFF, 0xFF, 0xFF, 0xFF, 0xFF, 0xFF, 0x8F, 0x00, 0x00, 0x50, 0xFF, 0xFF, 0xFF, 0xFF,
    0xFF, 0xFF, 0x4F, 0x00, 0x00, 0xA0, 0xFF, 0xFF, 0x3D, 0xB0, 0xFF, 0xFF, 0x0E, 0x00, 0x00, 0xE0,
    0xFF, 0xFF, 0x02, 0x70, 0xFF, 0xFF, 0x0A, 0x00, 0x00, 0xF4, 0xFF, 0xAF, 0x00, 0xA0, 0xFF, 0xFF,
    0x07, 0x00, 0x00, 0xFA, 0xFF, 0x4F, 0x00, 0xE0, 0xFF, 0xFF, 0x1C, 0x00, 0x10, 0xFF, 0xFF, 0x1F,
    0x00, 0xF3, 0xFF, 0xFF, 0xEF, 0x01, 0x80, 0xFF, 0xFF, 0x0F, 0x00, 0xF8, 0xFF, 0xFF, 0xFF, 0x02,
    0xE0, 0xFF, 0xFF, 0x0F, 0x00, 0xFD, 0xFF, 0xFF, 0xDF, 0x00, 0xF5, 0xFF, 0xFF, 0x0F, 0x00, 0xFF,
    0xFF, 0xFF, 0x5F, 0x00, 0xF9, 0xFF, 0xFF, 0x0F, 0x30, 0xFF, 0xFF, 0xFF, 0x0A, 0x00, 0xFA, 0xFF,
    0xFF, 0x0C, 0x20, 0xFF, 0xFF, 0xBF, 0x00, 0x00, 0xF4, 0xFF, 0xEF, 0x03, 0x00, 0xFC, 0xFF, 0x0A,
    0x00, 0x00, 0x20, 0x76, 0x05, 0x00, 0x00, 0x60, 0x27, 0x00, 0x00, 0x00, 0x00, 0x00, 0x00, 0xE8,
    0xBF, 0x02, 0x00, 0x00, 0xA0, 0xFF, 0xFF, 0x0D, 0x00, 0x00, 0xF2, 0xFF, 0xFF, 0x1F, 0x00, 0x00,
    0xF5, 0xFF, 0xFF, 0x0F, 0x00, 0x00, 0xF3, 0xFF, 0xFF, 0x09, 0x00, 0x00, 0x90, 0xFF, 0xBF, 0x00,
    0x00, 0x00, 0x00, 0x42, 0x02, 0x00, 0x00, 0x00, 0xB3, 0xEE, 0x05, 0x00, 0x00, 0x90, 0xFF, 0xFF,
    0x0F, 0x00, 0x00, 0xFA, 0xFF, 0xFF, 0x2F, 0x00, 0x60, 0xFF, 0xFF, 0xFF, 0x0F, 0x00, 0xE0, 0xFF,
    0xFF, 0xFF, 0x0C, 0x00, 0xF0, 0xFF, 0xFF, 0xFF, 0x07, 0x00, 0x20, 0xFB, 0xFF, 0xFF, 0x02, 0x00,
    0x00, 0xF3, 0xFF, 0xCF, 0x00, 0x00, 0x00, 0xF5, 0xFF, 0x7F, 0x00, 0x00, 0x00, 0xFA, 0xFF, 0x4F,
    0x00, 0x00, 0x00, 0xFF, 0xFF, 0xAF, 0x00, 0x00, 0x60, 0xFF, 0xFF, 0xFF, 0x0D, 0x00, 0xC0, 0xFF,
    0xFF, 0xFF, 0x0F, 0x00, 0xF2, 0xFF, 0xFF, 0xFF, 0x0B, 0x00, 0xF6, 0xFF, 0xFF, 0xFF, 0x03, 0x00,
    0xF9, 0xFF, 0xFF, 0x7F, 0x00, 0x00, 0xF8, 0xFF, 0xFF, 0x09, 0x00, 0x00, 0xE1, 0xFF, 0x8F, 0x00,
    0x00, 0x00, 0x10, 0x66, 0x02, 0x00, 0x00, 0x00, 0x00, 0x00, 0x00, 0x00, 0x00, 0x00, 0x80, 0xFE,
    0x2B, 0x00, 0x00, 0x00, 0x00, 0x00, 0x00, 0x00, 0xFA, 0xFF, 0xDF, 0x00, 0x00, 0x00, 0x00, 0x00,
    0x00, 0x20, 0xFF, 0xFF, 0xFF, 0x01, 0x00, 0x00, 0x00, 0x00, 0x00, 0x50, 0xFF, 0xFF, 0xFF, 0x00,
    0x00, 0x00, 0x00, 0x00, 0x00, 0x30, 0xFF, 0xFF, 0x9F, 0x00, 0x00, 0x00, 0x00, 0x00, 0x00, 0x00,
    0xF9, 0xFF, 0x0B, 0x00, 0x00, 0x00, 0x00, 0x00, 0x00, 0x00, 0x20, 0x24, 0x00, 0x00, 0x00, 0x00,
    0x00, 0x00, 0x00, 0x40, 0xEB, 0x5E, 0x00, 0x00, 0x00, 0x00, 0x00, 0x00, 0x00, 0xF9, 0xFF, 0xFF,
    0x01, 0x00, 0x00, 0x00, 0x00, 0x00, 0xA0, 0xFF, 0xFF, 0xFF, 0x01, 0x00, 0x00, 0x00, 0x00, 0x00,
    0xF7, 0xFF, 0xFF, 0xEF, 0x00, 0x00, 0x00, 0x00, 0x00, 0x00, 0xFE, 0xFF, 0xFF, 0xAF, 0x00, 0x00,
    0x00, 0x00, 0x00, 0x00, 0xFE, 0xFF, 0xFF, 0x6F, 0x00, 0x00, 0x00, 0x00, 0x00, 0x00, 0x91, 0xFF,
    0xFF, 0x1F, 0x00, 0x00, 0x00, 0x00, 0x00, 0x00, 0x20, 0xFF, 0xFF, 0x0D, 0x00, 0x00, 0x00, 0x00,
    0x00, 0x00, 0x60, 0xFF, 0xFF, 0x08, 0x00, 0x00, 0x00, 0x00, 0x00, 0x00, 0xB0, 0xFF, 0xFF, 0x03,
    0x00, 0x00, 0x00, 0x00, 0x00, 0x00, 0xF0, 0xFF, 0xFF, 0x00, 0x00, 0x00, 0x00, 0x00, 0x00, 0x00,
    0xF5, 0xFF, 0xAF, 0x00, 0x00, 0x00, 0x00, 0x00, 0x00, 0x00, 0xFA, 0xFF, 0x6F, 0x00, 0x00, 0x00,
    0x00, 0x00, 0x00, 0x00, 0xFF, 0xFF, 0x1F, 0x00, 0x00, 0x00, 0x00, 0x00, 0x00, 0x60, 0xFF, 0xFF,
    0x0D, 0x00, 0x00, 0x00, 0x00, 0x00, 0x00, 0xC0, 0xFF, 0xFF, 0x08, 0x00, 0x00, 0x00, 0x00, 0x00,
    0x00, 0xF4, 0xFF, 0xFF, 0x03, 0x00, 0x00, 0x00, 0x00, 0x00, 0x00, 0xFD, 0xFF, 0xEF, 0x00, 0x00,
    0x00, 0x00, 0x00, 0x00, 0xA0, 0xFF, 0xFF, 0xAF, 0x00, 0x00, 0x00, 0x00, 0x00, 0x95, 0xFE, 0xFF,
    0xFF, 0x4F, 0x00, 0x00, 0x00, 0x00, 0xC0, 0xFF, 0xFF, 0xFF, 0xFF, 0x0E, 0x00, 0x00, 0x00, 0x00,
    0xF8, 0xFF, 0xFF, 0xFF, 0xFF, 0x06, 0x00, 0x00, 0x00, 0x00, 0xFB, 0xFF, 0xFF, 0xFF, 0xDF, 0x00,
    0x00, 0x00, 0x00, 0x00, 0xFA, 0xFF, 0xFF, 0xFF, 0x3F, 0x00, 0x00, 0x00, 0x00, 0x00, 0xF3, 0xFF,
    0xFF, 0xFF, 0x04, 0x00, 0x00, 0x00, 0x00, 0x00, 0x40, 0xEC, 0xDF, 0x18, 0x00, 0x00, 0x00, 0x00,
    0x00, 0x00, 0x00, 0x00, 0x00, 0x60, 0xFD, 0x1C, 0x00, 0x00, 0x00, 0x00, 0x00, 0x00, 0x20, 0xFD,
    0xFF, 0x8F, 0x00, 0x00, 0x00, 0x00, 0x00, 0x00, 0xE2, 0xFF, 0xFF, 0xBF, 0x00, 0x00, 0x00, 0x00,
    0x00, 0x00, 0xFD, 0xFF, 0xFF, 0x9F, 0x00, 0x00, 0x00, 0x00, 0x00, 0x40, 0xFF, 0xFF, 0xFF, 0x5F,
    0x00, 0x00, 0x00, 0x00, 0x00, 0x40, 0xFF, 0xFF, 0xFF, 0x1F, 0x00, 0x00, 0x00, 0x00, 0x00, 0x00,
    0xF7, 0xFF, 0xFF, 0x0B, 0x00, 0x00, 0x00, 0x00, 0x00, 0x00, 0xE0, 0xFF, 0xFF, 0x06, 0x20, 0xEA,
    0xCF, 0x02, 0x00, 0x00, 0xE0, 0xFF, 0xFF, 0x01, 0xE2, 0xFF, 0xFF, 0x0C, 0x00, 0x00, 0xF1, 0xFF,
    0xBF, 0x00, 0xFA, 0xFF, 0xFF, 0x0C, 0x00, 0x00, 0xF6, 0xFF, 0x5F, 0x10, 0xFF, 0xFF, 0xFF, 0x07,
    0x00, 0x00, 0xFA, 0xFF, 0x1F, 0x80, 0xFF, 0xFF, 0xCF, 0x00, 0x00, 0x00, 0xFF, 0xFF, 0x0F, 0xE1,
    0xFF, 0xFF, 0x1D, 0x00, 0x00, 0x50, 0xFF, 0xFF, 0xAF, 0xFD, 0xFF, 0xCF, 0x01, 0x00, 0x00, 0xA0,
    0xFF, 0xFF, 0xFF, 0xFF, 0xFF, 0x0A, 0x00, 0x00, 0x00, 0xE0, 0xFF, 0xFF, 0xFF, 0xFF, 0xEF, 0x00,
    0x00, 0x00, 0x00, 0xF4, 0xFF, 0xFF, 0xFF, 0xFF, 0xFF, 0x00, 0x00, 0x00, 0x00, 0xFA, 0xFF, 0x5F,
    0xF2, 0xFF, 0xFF, 0x07, 0x00, 0x00, 0x10, 0xFF, 0xFF, 0x0E, 0xA0, 0xFF, 0xFF, 0x0E, 0x00, 0x00,
    0x80, 0xFF, 0xFF, 0x0D, 0x70, 0xFF, 0xFF, 0x7F, 0x00, 0x00, 0xE0, 0xFF, 0xFF, 0x0E, 0x60, 0xFF,
    0xFF, 0xDF, 0x00, 0x00, 0xF5, 0xFF, 0xFF, 0x0F, 0x40, 0xFF, 0xFF, 0xFF, 0x00, 0x00, 0xF9, 0xFF,
    0xFF, 0x0F, 0x20, 0xFF, 0xFF, 0xFF, 0x01, 0x00, 0xFA, 0xFF, 0xFF, 0x0C, 0x00, 0xFE, 0xFF, 0xEF,
    0x00, 0x00, 0xF4, 0xFF, 0xEF, 0x03, 0x00, 0xF5, 0xFF, 0x4F, 0x00, 0x00, 0x20, 0x76, 0x05, 0x00,
    0x00, 0x30, 0x67, 0x01, 0x00, 0x00, 0x00, 0x00, 0x00, 0x71, 0xFD, 0x0B, 0x00, 0x00, 0x30, 0xFE,
    0xFF, 0x6F, 0x00, 0x00, 0xF3, 0xFF, 0xFF, 0x8F, 0x00, 0x00, 0xFE, 0xFF, 0xFF, 0x7F, 0x00, 0x60,
    0xFF, 0xFF, 0xFF, 0x3F, 0x00, 0x60, 0xFF, 0xFF, 0xFF, 0x0E, 0x00, 0x00, 0xF9, 0xFF, 0xFF, 0x0A,
    0x00, 0x00, 0xF0, 0xFF, 0xFF, 0x05, 0x00, 0x00, 0xF0, 0xFF, 0xFF, 0x00, 0x00, 0x00, 0xF3, 0xFF,
    0xAF, 0x00, 0x00, 0x00, 0xF8, 0xFF, 0x5F, 0x00, 0x00, 0x00, 0xFC, 0xFF, 0x0F, 0x00, 0x00, 0x10,
    0xFF, 0xFF, 0x0B, 0x00, 0x00, 0x70, 0xFF, 0xFF, 0x05, 0x00, 0x00, 0xC0, 0xFF, 0xFF, 0x01, 0x00,
    0x00, 0xF1, 0xFF, 0xDF, 0x00, 0x00, 0x00, 0xF6, 0xFF, 0xBF, 0x00, 0x00, 0x00, 0xFB, 0xFF, 0xDF,
    0x01, 0x00, 0x00, 0xFF, 0xFF, 0xFF, 0x2E, 0x00, 0x50, 0xFF, 0xFF, 0xFF, 0x4F, 0x00, 0xA0, 0xFF,
    0xFF, 0xFF, 0x0F, 0x00, 0xE0, 0xFF, 0xFF, 0xFF, 0x07, 0x00, 0xF0, 0xFF, 0xFF, 0xCF, 0x00, 0x00,
    0xF0, 0xFF, 0xFF, 0x1D, 0x00, 0x00, 0x90, 0xFF, 0xBF, 0x01, 0x00, 0x00, 0x00, 0x75, 0x03, 0x00,
    0x00, 0x00, 0x00, 0x00, 0x20, 0xE9, 0x7E, 0x00, 0x81, 0xFD, 0x6D, 0x00, 0x30, 0xEA, 0xCF, 0x03,
    0x00, 0x00, 0xF5, 0xFF, 0xFF, 0x20, 0xFE, 0xFF, 0xFF, 0x04, 0xF6, 0xFF, 0xFF, 0x1E, 0x00, 0x50,
    0xFF, 0xFF, 0xFF, 0xE3, 0xFF, 0xFF, 0xFF, 0x6A, 0xFF, 0xFF, 0xFF, 0x6F, 0x00, 0xF2, 0xFF, 0xFF,
    0xFF, 0xFF, 0xFF, 0xFF, 0xFF, 0xFF, 0xFF, 0xFF, 0xFF, 0x8F, 0x00, 0xF8, 0xFF, 0xFF, 0xFF, 0xFF,
    0xFF, 0xFF, 0xFF, 0xFF, 0xFF, 0xFF, 0xFF, 0x7F, 0x00, 0xF9, 0xFF, 0xFF, 0xFF, 0xFF, 0xFF, 0xFF,
    0xFF, 0xFF, 0xFF, 0xFF, 0xFF, 0x3F, 0x00, 0x70, 0xFF, 0xFF, 0xFF, 0xFF, 0xFF, 0xFF, 0xFF, 0xFF,
    0xFF, 0xFF, 0xFF, 0x0F, 0x00, 0x00, 0xFD, 0xFF, 0xDF, 0x03, 0xFB, 0xFF, 0xFF, 0x1A, 0xE1, 0xFF,
    0xFF, 0x0A, 0x00, 0x00, 0xFF, 0xFF, 0x2F, 0x00, 0xF7, 0xFF, 0xEF, 0x00, 0xC0, 0xFF, 0xFF, 0x05,
    0x00, 0x50, 0xFF, 0xFF, 0x0A, 0x00, 0xF9, 0xFF, 0x8F, 0x00, 0xE0, 0xFF, 0xFF, 0x02, 0x00, 0xC0,
    0xFF, 0xFF, 0x05, 0x00, 0xFE, 0xFF, 0x3F, 0x00, 0xF3, 0xFF, 0xFF, 0x08, 0x00, 0xF3, 0xFF, 0xFF,
    0x01, 0x40, 0xFF, 0xFF, 0x1F, 0x00, 0xF7, 0xFF, 0xFF, 0xCF, 0x00, 0xFC, 0xFF, 0xFF, 0x00, 0xC0,
    0xFF, 0xFF, 0x0F, 0x00, 0xFC, 0xFF, 0xFF, 0xEF, 0x40, 0xFF, 0xFF, 0xFF, 0x00, 0xF3, 0xFF, 0xFF,
    0x0F, 0x10, 0xFF, 0xFF, 0xFF, 0x9F, 0xC0, 0xFF, 0xFF, 0xFF, 0x00, 0xF9, 0xFF, 0xFF, 0x0F, 0x50,
    0xFF, 0xFF, 0xFF, 0x1F, 0xF1, 0xFF, 0xFF, 0xFF, 0x00, 0xFD, 0xFF, 0xFF, 0x0F, 0x70, 0xFF, 0xFF,
    0xFF, 0x05, 0xF2, 0xFF, 0xFF, 0xDF, 0x00, 0xFD, 0xFF, 0xFF, 0x0C, 0x60, 0xFF, 0xFF, 0x8F, 0x00,
    0xB0, 0xFF, 0xFF, 0x3E, 0x00, 0xF7, 0xFF, 0xEF, 0x03, 0x10, 0xFF, 0xFF, 0x06, 0x00, 0x00, 0x74,
    0x57, 0x00, 0x00, 0x20, 0x76, 0x05, 0x00, 0x00, 0x72, 0x16, 0x00, 0x00, 0x00, 0x00, 0x10, 0xD9,
    0x8F, 0x00, 0x70, 0xFD, 0x5D, 0x00, 0x00, 0x00, 0xF5, 0xFF, 0xFF, 0x10, 0xFD, 0xFF, 0xFF, 0x04,
    0x00, 0x50, 0xFF, 0xFF, 0xFF, 0xD4, 0xFF, 0xFF, 0xFF, 0x0A, 0x00, 0xF2, 0xFF, 0xFF, 0xFF, 0xFF,
    0xFF, 0xFF, 0xFF, 0x0C, 0x00, 0xF8, 0xFF, 0xFF, 0xFF, 0xFF, 0xFF, 0xFF, 0xFF, 0x0B, 0x00, 0xF9,
    0xFF, 0xFF, 0xFF, 0xFF, 0xFF, 0xFF, 0xFF, 0x08, 0x00, 0x70, 0xFF, 0xFF, 0xFF, 0xFF, 0xFF, 0xFF,
    0xFF, 0x03, 0x00, 0x00, 0xFD, 0xFF, 0xDF, 0x03, 0xFB, 0xFF, 0xEF, 0x00, 0x00, 0x00, 0xFF, 0xFF,
    0x2F, 0x00, 0xF7, 0xFF, 0xAF, 0x00, 0x00, 0x40, 0xFF, 0xFF, 0x0A, 0x00, 0xF9, 0xFF, 0x7F, 0x00,
    0x00, 0xC0, 0xFF, 0xFF, 0x04, 0x00, 0xFE, 0xFF, 0xCF, 0x01, 0x00, 0xF4, 0xFF, 0xFF, 0x01, 0x30,
    0xFF, 0xFF, 0xFF, 0x1E, 0x00, 0xFD, 0xFF, 0xFF, 0x00, 0x80, 0xFF, 0xFF, 0xFF, 0x2F, 0x50, 0xFF,
    0xFF, 0xFF, 0x00, 0xC0, 0xFF, 0xFF, 0xFF, 0x0D, 0xD0, 0xFF, 0xFF, 0xFF, 0x00, 0xF0, 0xFF, 0xFF,
    0xFF, 0x05, 0xF2, 0xFF, 0xFF, 0xFF, 0x00, 0xF2, 0xFF, 0xFF, 0xAF, 0x00, 0xF2, 0xFF, 0xFF, 0xDF,
    0x00, 0xF1, 0xFF, 0xFF, 0x0B, 0x00, 0xB0, 0xFF, 0xFF, 0x3E, 0x00, 0xB0, 0xFF, 0xAF, 0x00, 0x00,
    0x00, 0x74, 0x47, 0x00, 0x00, 0x00, 0x76, 0x02, 0x00, 0x00, 0x00, 0x00, 0x00, 0x82, 0xFD, 0xCE,
    0x06, 0x00, 0x00, 0x00, 0x70, 0xFF, 0xFF, 0xFF, 0xCF, 0x00, 0x00, 0x00, 0xFA, 0xFF, 0xFF, 0xFF,
    0xFF, 0x0A, 0x00, 0x90, 0xFF, 0xFF, 0xFF, 0xFF, 0xFF, 0x2F, 0x00, 0xF4, 0xFF, 0xFF, 0xFF, 0xFF,
    0xFF, 0x7F, 0x00, 0xFD, 0xFF, 0xFF, 0xFF, 0xFF, 0xFF, 0xBF, 0x50, 0xFF, 0xFF, 0xAF, 0x75, 0xFE,
    0xFF, 0xCF, 0xB0, 0xFF, 0xFF, 0x06, 0x00, 0xF4, 0xFF, 0xCF, 0xF0, 0xFF, 0xCF, 0x00, 0x00, 0xF0,
    0xFF, 0xBF, 0xF3, 0xFF, 0x8F, 0x00, 0x00, 0xF2, 0xFF, 0x9F, 0xF6, 0xFF, 0x9F, 0x00, 0x00, 0xF8,
    0xFF, 0x5F, 0xF6, 0xFF, 0xFF, 0x03, 0x60, 0xFF, 0xFF, 0x0F, 0xF6, 0xFF, 0xFF, 0xEF, 0xFE, 0xFF,
    0xFF, 0x09, 0xF4, 0xFF, 0xFF, 0xFF, 0xFF, 0xFF, 0xEF, 0x01, 0xF0, 0xFF, 0xFF, 0xFF, 0xFF, 0xFF,
    0x6F, 0x00, 0x90, 0xFF, 0xFF, 0xFF, 0xFF, 0xFF, 0x09, 0x00, 0x10, 0xFE, 0xFF, 0xFF, 0xFF, 0x9F,
    0x00, 0x00, 0x00, 0xB1, 0xFF, 0xFF, 0xDF, 0x05, 0x00, 0x00, 0x00, 0x00, 0x62, 0x67, 0x03, 0x00,
    0x00, 0x00, 0x00, 0x00, 0x00, 0x10, 0xE8, 0x4E, 0x00, 0x70, 0xFD, 0x4C, 0x00, 0x00, 0x00, 0x00,
    0xE3, 0xFF, 0xCF, 0x00, 0xFA, 0xFF, 0xFF, 0x04, 0x00, 0x00, 0x20, 0xFE, 0xFF, 0xEF, 0x80, 0xFF,
    0xFF, 0xFF, 0x0C, 0x00, 0x00, 0xD0, 0xFF, 0xFF, 0xCF, 0xF3, 0xFF, 0xFF, 0xFF, 0x1F, 0x00, 0x00,
    0xF4, 0xFF, 0xFF, 0xAF, 0xFC, 0xFF, 0xFF, 0xFF, 0x3F, 0x00, 0x00, 0xF4, 0xFF, 0xFF, 0xFF, 0xFF,
    0xFF, 0xFF, 0xFF, 0x4F, 0x00, 0x00, 0x30, 0xFD, 0xFF, 0xFF, 0xCF, 0xFD, 0xFF, 0xFF, 0x3F, 0x00,
    0x00, 0x00, 0xF9, 0xFF, 0xDF, 0x01, 0xA0, 0xFF, 0xFF, 0x2F, 0x00, 0x00, 0x00, 0xFB, 0xFF, 0x3F,
    0x00, 0x30, 0xFF, 0xFF, 0x0F, 0x00, 0x00, 0x00, 0xFF, 0xFF, 0x0F, 0x00, 0x30, 0xFF, 0xFF, 0x0B,
    0x00, 0x00, 0x60, 0xFF, 0xFF, 0x0F, 0x00, 0x90, 0xFF, 0xFF, 0x07, 0x00, 0x00, 0xC0, 0xFF, 0xFF,
    0x7F, 0x00, 0xF6, 0xFF, 0xFF, 0x01, 0x00, 0x00, 0xF2, 0xFF, 0xFF, 0xFF, 0xEE, 0xFF, 0xFF, 0xAF,
    0x00, 0x00, 0x00, 0xF8, 0xFF, 0xFF, 0xFF, 0xFF, 0xFF, 0xFF, 0x2F, 0x00, 0x00, 0x00, 0xFE, 0xFF,
    0xEF, 0xFF, 0xFF, 0xFF, 0xFF, 0x09, 0x00, 0x00, 0x50, 0xFF, 0xFF, 0x4E, 0xFF, 0xFF, 0xFF, 0xCF,
    0x00, 0x00, 0x00, 0xC0, 0xFF, 0xFF, 0x1A, 0xFF, 0xFF, 0xFF, 0x1D, 0x00, 0x00, 0x00, 0xF2, 0xFF,
    0xFF, 0x07, 0xFA, 0xFF, 0x9F, 0x00, 0x00, 0x00, 0x00, 0xF9, 0xFF, 0xFF, 0x06, 0x50, 0x67, 0x01,
    0x00, 0x00, 0x00, 0x00, 0xFF, 0xFF, 0xFF, 0x05, 0x00, 0x00, 0x00, 0x00, 0x00, 0x00, 0x50, 0xFF,
    0xFF, 0xFF, 0x06, 0x00, 0x00, 0x00, 0x00, 0x00, 0x00, 0xB0, 0xFF, 0xFF, 0xFF, 0x07, 0x00, 0x00,
    0x00, 0x00, 0x00, 0x00, 0xF0, 0xFF, 0xFF, 0xFF, 0x08, 0x00, 0x00, 0x00, 0x00, 0x00, 0x00, 0xF2,
    0xFF, 0xFF, 0xFF, 0x07, 0x00, 0x00, 0x00, 0x00, 0x00, 0x00, 0xF1, 0xFF, 0xFF, 0xEF, 0x01, 0x00,
    0x00, 0x00, 0x00, 0x00, 0x00, 0x40, 0xFC, 0xDF, 0x18, 0x00, 0x00, 0x00, 0x00, 0x00, 0x00, 0x00,
    0x00, 0x00, 0x00, 0xA2, 0xFE, 0x2C, 0x00, 0xE6, 0x5E, 0x00, 0x00, 0x70, 0xFF, 0xFF, 0xDF, 0x30,
    0xFF, 0xDF, 0x00, 0x00, 0xF7, 0xFF, 0xFF, 0xFF, 0xB3, 0xFF, 0xEF, 0x00, 0x40, 0xFF, 0xFF, 0xFF,
    0xFF, 0xF8, 0xFF, 0xBF, 0x00, 0xE0, 0xFF, 0xFF, 0xFF, 0xFF, 0xFF, 0xFF, 0x7F, 0x00, 0xF7, 0xFF,
    0xFF, 0xFF, 0xFF, 0xFF, 0xFF, 0x2F, 0x00, 0xFE, 0xFF, 0xCF, 0x66, 0xFD, 0xFF, 0xFF, 0x0D, 0x60,
    0xFF, 0xFF, 0x0A, 0x00, 0xF2, 0xFF, 0xFF, 0x08, 0xC0, 0xFF, 0xFF, 0x02, 0x00, 0xF0, 0xFF, 0xFF,
    0x02, 0xF0, 0xFF, 0xFF, 0x02, 0x00, 0xF5, 0xFF, 0xDF, 0x00, 0xF3, 0xFF, 0xFF, 0x1B, 0x50, 0xFE,
    0xFF, 0x7F, 0x00, 0xF6, 0xFF, 0xFF, 0xFF, 0xFF, 0xFF, 0xFF, 0x2F, 0x00, 0xF7, 0xFF, 0xFF, 0xFF,
    0xFF, 0xFF, 0xFF, 0x0C, 0x00, 0xF6, 0xFF, 0xFF, 0xFF, 0xDF, 0xFE, 0xFF, 0x07, 0x00, 0xF5, 0xFF,
    0xFF, 0xFF, 0x4F, 0xFF, 0xFF, 0x01, 0x00, 0xF1, 0xFF, 0xFF, 0xFF, 0x5B, 0xFF, 0xCF, 0x00, 0x00,
    0xB0, 0xFF, 0xFF, 0xDF, 0xB1, 0xFF, 0x8F, 0x00, 0x00, 0x10, 0xFD, 0xFF, 0x2D, 0xF1, 0xFF, 0x7F,
    0x00, 0x00, 0x00, 0x50, 0x57, 0x00, 0xF6, 0xFF, 0xFF, 0x06, 0x00, 0x00, 0x00, 0x00, 0x00, 0xFB,
    0xFF, 0xFF, 0x2F, 0x00, 0x00, 0x00, 0x00, 0x00, 0xFF, 0xFF, 0xFF, 0x1F, 0x00, 0x00, 0x00, 0x00,
    0x40, 0xFF, 0xFF, 0xFF, 0x0A, 0x00, 0x00, 0x00, 0x00, 0x70, 0xFF, 0xFF, 0xFF, 0x02, 0x00, 0x00,
    0x00, 0x00, 0x90, 0xFF, 0xFF, 0x5F, 0x00, 0x00, 0x00, 0x00, 0x00, 0x80, 0xFF, 0xFF, 0x05, 0x00,
    0x00, 0x00, 0x00, 0x00, 0x10, 0xFC, 0x3B, 0x00, 0x00, 0x00, 0x00, 0x00, 0x10, 0xE9, 0x2E, 0x00,
    0xE8, 0x4E, 0x00, 0x00, 0x00, 0xF5, 0xFF, 0x8F, 0xC0, 0xFF, 0xDF, 0x00, 0x00, 0x50, 0xFF, 0xFF,
    0xAF, 0xF9, 0xFF, 0xFF, 0x01, 0x00, 0xF2, 0xFF, 0xFF, 0xFF, 0xFF, 0xFF, 0xFF, 0x02, 0x00, 0xF8,
    0xFF, 0xFF, 0xFF, 0xFF, 0xFF, 0xFF, 0x01, 0x00, 0xF9, 0xFF, 0xFF, 0xFF, 0xFF, 0xFF, 0xEF, 0x00,
    0x00, 0x80, 0xFF, 0xFF, 0xFF, 0xFF, 0xFF, 0x9F, 0x00, 0x00, 0x00, 0xFD, 0xFF, 0x7F, 0xF5, 0xFF,
    0x2F, 0x00, 0x00, 0x00, 0xFF, 0xFF, 0x0C, 0xF1, 0xFF, 0x08, 0x00, 0x00, 0x50, 0xFF, 0xFF, 0x05,
    0xB0, 0x7E, 0x00, 0x00, 0x00, 0xC0, 0xFF, 0xFF, 0x01, 0x00, 0x00, 0x00, 0x00, 0x00, 0xF3, 0xFF,
    0xFF, 0x01, 0x00, 0x00, 0x00, 0x00, 0x00, 0xFC, 0xFF, 0xFF, 0x03, 0x00, 0x00, 0x00, 0x00, 0x40,
    0xFF, 0xFF, 0xFF, 0x09, 0x00, 0x00, 0x00, 0x00, 0xC0, 0xFF, 0xFF, 0xFF, 0x0E, 0x00, 0x00, 0x00,
    0x00, 0xF1, 0xFF, 0xFF, 0xFF, 0x0F, 0x00, 0x00, 0x00, 0x00, 0xF2, 0xFF, 0xFF, 0xFF, 0x0A, 0x00,
    0x00, 0x00, 0x00, 0xB0, 0xFF, 0xFF, 0xAF, 0x01, 0x00, 0x00, 0x00, 0x00, 0x00, 0x74, 0x57, 0x02,
    0x00, 0x00, 0x00, 0x00, 0x00, 0x00, 0x00, 0x00, 0xA5, 0xFD, 0xDF, 0x4A, 0x00, 0x00, 0x00, 0xD3,
    0xFF, 0xFF, 0xFF, 0xFF, 0x0A, 0x00, 0x20, 0xFE, 0xFF, 0xFF, 0xFF, 0xFF, 0x6F, 0x00, 0xB0, 0xFF,
    0xFF, 0xFF, 0xFF, 0xFF, 0xBF, 0x00, 0xF0, 0xFF, 0xFF, 0xFF, 0xFF, 0xFF, 0xDF, 0x00, 0xF1, 0xFF,
    0xFF, 0x1C, 0xB2, 0xFF, 0xBF, 0x00, 0xE0, 0xFF, 0xFF, 0x0B, 0x00, 0xF8, 0x3F, 0x00, 0x40, 0xFF,
    0xFF, 0xCF, 0x03, 0x00, 0x00, 0x00, 0x00, 0xD4, 0xFF, 0xFF, 0xBF, 0x02, 0x00, 0x00, 0x20, 0x00,
    0xC5, 0xFF, 0xFF, 0x4F, 0x00, 0x20, 0xFE, 0x0A, 0x00, 0xF6, 0xFF, 0xFF, 0x01, 0xA0, 0xFF, 0xBF,
    0x00, 0xF0, 0xFF, 0xFF, 0x06, 0xF0, 0xFF, 0xFF, 0x8D, 0xFC, 0xFF, 0xFF, 0x07, 0xF1, 0xFF, 0xFF,
    0xFF, 0xFF, 0xFF, 0xFF, 0x06, 0xF0, 0xFF, 0xFF, 0xFF, 0xFF, 0xFF, 0xFF, 0x02, 0xA0, 0xFF, 0xFF,
    0xFF, 0xFF, 0xFF, 0xAF, 0x00, 0x10, 0xFE, 0xFF, 0xFF, 0xFF, 0xFF, 0x1D, 0x00, 0x00, 0xA1, 0xFF,
    0xFF, 0xFF, 0x8F, 0x00, 0x00, 0x00, 0x00, 0x51, 0x76, 0x46, 0x00, 0x00, 0x00, 0x00, 0x00, 0x00,
    0x70, 0xFE, 0x08, 0x00, 0x00, 0x00, 0x00, 0xF9, 0xFF, 0x0C, 0x00, 0x00, 0x00, 0x60, 0xFF, 0xFF,
    0x05, 0x00, 0x00, 0x00, 0xF4, 0xFF, 0xFF, 0x02, 0x00, 0x00, 0x50, 0xFF, 0xFF, 0xFF, 0xFF, 0x06,
    0x00, 0xF7, 0xFF, 0xFF, 0xFF, 0xFF, 0x0A, 0x70, 0xFF, 0xFF, 0xFF, 0xFF, 0xFF, 0x09, 0xF0, 0xFF,
    0xFF, 0xFF, 0xFF, 0xFF, 0x06, 0xE0, 0xFF, 0xFF, 0xFF, 0xFF, 0xFF, 0x01, 0x10, 0xFA, 0xFF, 0xFF,
    0xFF, 0x5E, 0x00, 0x00, 0xF3, 0xFF, 0xAF, 0x01, 0x00, 0x00, 0x00, 0xF7, 0xFF, 0x0E, 0x00, 0x00,
    0x00, 0x00, 0xFC, 0xFF, 0x09, 0x00, 0x00, 0x00, 0x10, 0xFF, 0xFF, 0x08, 0x00, 0x00, 0x00, 0x70,
    0xFF, 0xFF, 0x5F, 0x00, 0x00, 0x00, 0xC0, 0xFF, 0xFF, 0xFF, 0xAF, 0x00, 0x00, 0xF1, 0xFF, 0xFF,
    0xFF, 0xFF, 0x05, 0x00, 0xF4, 0xFF, 0xFF, 0xFF, 0xFF, 0x03, 0x00, 0xF7, 0xFF, 0xFF, 0xFF, 0xCF,
    0x00, 0x00, 0xF6, 0xFF, 0xFF, 0xFF, 0x3F, 0x00, 0x00, 0xF2, 0xFF, 0xFF, 0xFF, 0x05, 0x00, 0x00,
    0x70, 0xFF, 0xFF, 0x4E, 0x00, 0x00, 0x00, 0x00, 0x62, 0x47, 0x00, 0x00, 0x00, 0x00, 0x00, 0x00,
    0xC5, 0xDF, 0x03, 0x00, 0x60, 0xFD, 0x1B, 0x00, 0xB1, 0xFF, 0xFF, 0x0C, 0x10, 0xFC, 0xFF, 0x8F,
    0x00, 0xFC, 0xFF, 0xFF, 0x0F, 0xC0, 0xFF, 0xFF, 0xBF, 0x90, 0xFF, 0xFF, 0xFF, 0x0D, 0xF8, 0xFF,
    0xFF, 0x9F, 0xF1, 0xFF, 0xFF, 0xFF, 0x09, 0xFF, 0xFF, 0xFF, 0x5F, 0xF2, 0xFF, 0xFF, 0xFF, 0x04,
    0xFF, 0xFF, 0xFF, 0x0F, 0x30, 0xFC, 0xFF, 0xFF, 0x00, 0xE4, 0xFF, 0xFF, 0x0A, 0x00, 0xF5, 0xFF,
    0xAF, 0x00, 0xA0, 0xFF, 0xFF, 0x05, 0x00, 0xF8, 0xFF, 0x6F, 0x00, 0xC0, 0xFF, 0xFF, 0x00, 0x00,
    0xFD, 0xFF, 0x2F, 0x00, 0xF3, 0xFF, 0xDF, 0x00, 0x20, 0xFF, 0xFF, 0x2F, 0x00, 0xFD, 0xFF, 0xFF,
    0x04, 0x70, 0xFF, 0xFF, 0xCF, 0xD8, 0xFF, 0xFF, 0xFF, 0x6F, 0xB0, 0xFF, 0xFF, 0xFF, 0xFF, 0xFF,
    0xFF, 0xFF, 0x9F, 0xF0, 0xFF, 0xFF, 0xFF, 0xFF, 0xFF, 0xFF, 0xFF, 0x4F, 0xF2, 0xFF, 0xFF, 0xFF,
    0xCF, 0xFF, 0xFF, 0xFF, 0x0C, 0xF1, 0xFF, 0xFF, 0xFF, 0x2A, 0xFF, 0xFF, 0xFF, 0x02, 0xD0, 0xFF,
    0xFF, 0xDF, 0x10, 0xFF, 0xFF, 0x5F, 0x00, 0x40, 0xFF, 0xFF, 0x1C, 0x00, 0xFD, 0xEF, 0x04, 0x00,
    0x00, 0x62, 0x37, 0x00, 0x00, 0x71, 0x06, 0x00, 0x00, 0x00, 0x00, 0xC5, 0xDF, 0x03, 0x10, 0xEA,
    0x9E, 0x00, 0x00, 0xB1, 0xFF, 0xFF, 0x0C, 0xC0, 0xFF, 0xFF, 0x08, 0x00, 0xFC, 0xFF, 0xFF, 0x0F,
    0xF4, 0xFF, 0xFF, 0x0F, 0x90, 0xFF, 0xFF, 0xFF, 0x0D, 0xF7, 0xFF, 0xFF, 0x1F, 0xF1, 0xFF, 0xFF,
    0xFF, 0x0A, 0xF6, 0xFF, 0xFF, 0x1F, 0xF2, 0xFF, 0xFF, 0xFF, 0x05, 0xF1, 0xFF, 0xFF, 0x0F, 0x30,
    0xFC, 0xFF, 0xFF, 0x00, 0x90, 0xFF, 0xFF, 0x0D, 0x00, 0xF5, 0xFF, 0xBF, 0x00, 0x50, 0xFF, 0xFF,
    0x09, 0x00, 0xF8, 0xFF, 0x6F, 0x00, 0x60, 0xFF, 0xFF, 0x04, 0x00, 0xFC, 0xFF, 0x3F, 0x00, 0x90,
    0xFF, 0xEF, 0x00, 0x10, 0xFF, 0xFF, 0x1F, 0x00, 0xF1, 0xFF, 0x7F, 0x00, 0x40, 0xFF, 0xFF, 0x5F,
    0x20, 0xFC, 0xFF, 0x0E, 0x00, 0x60, 0xFF, 0xFF, 0xFF, 0xFD, 0xFF, 0xFF, 0x06, 0x00, 0x80, 0xFF,
    0xFF, 0xFF, 0xFF, 0xFF, 0xBF, 0x00, 0x00, 0x70, 0xFF, 0xFF, 0xFF, 0xFF, 0xFF, 0x1E, 0x00, 0x00,
    0x40, 0xFF, 0xFF, 0xFF, 0xFF, 0xEF, 0x02, 0x00, 0x00, 0x00, 0xFD, 0xFF, 0xFF, 0xFF, 0x2D, 0x00,
    0x00, 0x00, 0x00, 0xE3, 0xFF, 0xFF, 0x8F, 0x00, 0x00, 0x00, 0x00, 0x00, 0x00, 0x75, 0x47, 0x00,
    0x00, 0x00, 0x00, 0x00, 0x00, 0x00, 0xC6, 0xCF, 0x01, 0x00, 0xC4, 0xEF, 0x07, 0x00, 0xD5, 0xCF,
    0x04, 0x00, 0xC2, 0xFF, 0xFF, 0x09, 0x20, 0xFF, 0xFF, 0x3F, 0x50, 0xFF, 0xFF, 0x2F, 0x20, 0xFE,
    0xFF, 0xFF, 0x0C, 0x80, 0xFF, 0xFF, 0x7F, 0xC0, 0xFF, 0xFF, 0x7F, 0xC0, 0xFF, 0xFF, 0xFF, 0x0B,
    0x90, 0xFF, 0xFF, 0x5F, 0xF0, 0xFF, 0xFF, 0x9F, 0xF3, 0xFF, 0xFF, 0xFF, 0x07, 0x80, 0xFF, 0xFF,
    0x1F, 0xF0, 0xFF, 0xFF, 0x9F, 0xF5, 0xFF, 0xFF, 0xFF, 0x03, 0x80, 0xFF, 0xFF, 0x0D, 0x90, 0xFF,
    0xFF, 0x7F, 0x40, 0xFE, 0xFF, 0xEF, 0x00, 0x90, 0xFF, 0xFF, 0x08, 0x20, 0xFF, 0xFF, 0x5F, 0x00,
    0xF8, 0xFF, 0x9F, 0x00, 0xC0, 0xFF, 0xFF, 0x03, 0x00, 0xFE, 0xFF, 0x1F, 0x00, 0xFB, 0xFF, 0x4F,
    0x00, 0xF0, 0xFF, 0xEF, 0x00, 0x00, 0xFE, 0xFF, 0x0C, 0x00, 0xFF, 0xFF, 0x1F, 0x00, 0xF5, 0xFF,
    0xBF, 0x00, 0x10, 0xFF, 0xFF, 0x06, 0x40, 0xFF, 0xFF, 0x0F, 0x00, 0xFD, 0xFF, 0x9F, 0x00, 0x80,
    0xFF, 0xFF, 0x00, 0x90, 0xFF, 0xFF, 0x6F, 0xB3, 0xFF, 0xFF, 0xCF, 0x00, 0xF6, 0xFF, 0x8F, 0x00,
    0xE0, 0xFF, 0xFF, 0xFF, 0xFF, 0xFF, 0xFF, 0xFF, 0xEE, 0xFF, 0xFF, 0x0E, 0x00, 0xF2, 0xFF, 0xFF,
    0xFF, 0xFF, 0xFF, 0xFF, 0xFF, 0xFF, 0xFF, 0xFF, 0x04, 0x00, 0xF4, 0xFF, 0xFF, 0xFF, 0xDF, 0xF6,
    0xFF, 0xFF, 0xFF, 0xFF, 0x8F, 0x00, 0x00, 0xF4, 0xFF, 0xFF, 0xFF, 0x3F, 0xF1, 0xFF, 0xFF, 0xFF,
    0xFF, 0x0A, 0x00, 0x00, 0xF1, 0xFF, 0xFF, 0xFF, 0x06, 0xA0, 0xFF, 0xFF, 0xFF, 0x9F, 0x00, 0x00,
    0x00, 0x80, 0xFF, 0xFF, 0x5E, 0x00, 0x10, 0xFD, 0xFF, 0xDF, 0x05, 0x00, 0x00, 0x00, 0x00, 0x63,
    0x47, 0x00, 0x00, 0x00, 0x40, 0x67, 0x03, 0x00, 0x00, 0x00, 0x00, 0x00, 0x00, 0x30, 0xFB, 0x2D,
    0x00, 0x50, 0xFC, 0xBF, 0x02, 0x00, 0x00, 0xF7, 0xFF, 0x9F, 0x00, 0xF6, 0xFF, 0xFF, 0x0B, 0x00,
    0x60, 0xFF, 0xFF, 0xDF, 0x00, 0xFD, 0xFF, 0xFF, 0x0E, 0x00, 0xF1, 0xFF, 0xFF, 0xFF, 0x00, 0xFA,
    0xFF, 0xFF, 0x0B, 0x00, 0xF6, 0xFF, 0xFF, 0xFF, 0x04, 0xF4, 0xFF, 0xFF, 0x04, 0x00, 0xF5, 0xFF,
    0xFF, 0xFF, 0x0A, 0xF4, 0xFF, 0x9F, 0x00, 0x00, 0x30, 0x93, 0xFF, 0xFF, 0x9F, 0xFD, 0xFF, 0x0A,
    0x00, 0x00, 0x00, 0x00, 0xFB, 0xFF, 0xFF, 0xFF, 0x7F, 0x00, 0x00, 0x00, 0x00, 0x10, 0xFB, 0xFF,
    0xFF, 0xEF, 0x03, 0x00, 0x00, 0x00, 0x00, 0xF7, 0xFF, 0xFF, 0xFF, 0xCF, 0x00, 0x00, 0x00, 0x00,
    0xB0, 0xFF, 0xFF, 0xFF, 0xFF, 0xFF, 0x5B, 0x04, 0x00, 0x00, 0xFA, 0xFF, 0xFF, 0xFF, 0xFF, 0xFF,
    0xFF, 0x5F, 0x00, 0x60, 0xFF, 0xFF, 0x3F, 0xF5, 0xFF, 0xFF, 0xFF, 0x6F, 0x00, 0xF0, 0xFF, 0xFF,
    0x0D, 0xD0, 0xFF, 0xFF, 0xFF, 0x2F, 0x00, 0xF6, 0xFF, 0xFF, 0x0E, 0x80, 0xFF, 0xFF, 0xFF, 0x0A,
    0x00, 0xF9, 0xFF, 0xFF, 0x1F, 0x60, 0xFF, 0xFF, 0xEF, 0x01, 0x00, 0xF9, 0xFF, 0xFF, 0x0F, 0x30,
    0xFF, 0xFF, 0x3F, 0x00, 0x00, 0xF3, 0xFF, 0xEF, 0x04, 0x00, 0xFD, 0xEF, 0x03, 0x00, 0x00, 0x20,
    0x76, 0x04, 0x00, 0x00, 0x71, 0x06, 0x00, 0x00, 0x00, 0x00, 0x00, 0x00, 0x00, 0xB5, 0xEE, 0x03,
    0x00, 0x60, 0xFD, 0x3C, 0x00, 0x00, 0x00, 0x00, 0xB1, 0xFF, 0xFF, 0x0A, 0x00, 0xF9, 0xFF, 0xEF,
    0x00, 0x00, 0x00, 0x10, 0xFD, 0xFF, 0xFF, 0x0D, 0x50, 0xFF, 0xFF, 0xFF, 0x02, 0x00, 0x00, 0xA0,
    0xFF, 0xFF, 0xFF, 0x0D, 0xC0, 0xFF, 0xFF, 0xFF, 0x03, 0x00, 0x00, 0xF1, 0xFF, 0xFF, 0xFF, 0x0C,
    0xE0, 0xFF, 0xFF, 0xFF, 0x01, 0x00, 0x00, 0xF2, 0xFF, 0xFF, 0xFF, 0x0C, 0xA0, 0xFF, 0xFF, 0xDF,
    0x00, 0x00, 0x00, 0x50, 0xFF, 0xFF, 0xFF, 0x0A, 0x20, 0xFF, 0xFF, 0x9F, 0x00, 0x00, 0x00, 0x00,
    0xF5, 0xFF, 0xFF, 0x08, 0x00, 0xFF, 0xFF, 0x3F, 0x00, 0x00, 0x00, 0x00, 0xD0, 0xFF, 0xFF, 0x07,
    0x00, 0xFF, 0xFF, 0x0C, 0x00, 0x00, 0x00, 0x00, 0x90, 0xFF, 0xFF, 0x04, 0x40, 0xFF, 0xFF, 0x05,
    0x00, 0x00, 0x00, 0x00, 0x60, 0xFF, 0xFF, 0x03, 0xA0, 0xFF, 0xDF, 0x00, 0x00, 0x00, 0x00, 0x00,
    0x50, 0xFF, 0xFF, 0x03, 0xF5, 0xFF, 0x5F, 0x00, 0x00, 0x00, 0x00, 0x00, 0x40, 0xFF, 0xFF, 0x9B,
    0xFF, 0xFF, 0x0C, 0x00, 0x00, 0x00, 0x00, 0x00, 0x40, 0xFF, 0xFF, 0xFF, 0xFF, 0xFF, 0x03, 0x00,
    0x00, 0x00, 0x00, 0x00, 0x30, 0xFF, 0xFF, 0xFF, 0xFF, 0xAF, 0x00, 0x00, 0x00, 0x00, 0x00, 0x00,
    0x30, 0xFF, 0xFF, 0xFF, 0xFF, 0x1E, 0x00, 0x00, 0x00, 0x00, 0x00, 0x00, 0x40, 0xFF, 0xFF, 0xFF,
    0xFF, 0x04, 0x00, 0x00, 0x00, 0x00, 0x55, 0x00, 0x60, 0xFF, 0xFF, 0xFF, 0x9F, 0x00, 0x00, 0x00,
    0x00, 0xD1, 0xFF, 0x09, 0x90, 0xFF, 0xFF, 0xFF, 0x0C, 0x00, 0x00, 0x00, 0x00, 0xF8, 0xFF, 0x2F,
    0xF2, 0xFF, 0xFF, 0xEF, 0x01, 0x00, 0x00, 0x00, 0x00, 0xFD, 0xFF, 0xFF, 0xFF, 0xFF, 0xFF, 0x2E,
    0x00, 0x00, 0x00, 0x00, 0x00, 0xFE, 0xFF, 0xFF, 0xFF, 0xFF, 0xFF, 0x03, 0x00, 0x00, 0x00, 0x00,
    0x00, 0xFD, 0xFF, 0xFF, 0xFF, 0xFF, 0x3E, 0x00, 0x00, 0x00, 0x00, 0x00, 0x00, 0xF8, 0xFF, 0xFF,
    0xFF, 0xDF, 0x02, 0x00, 0x00, 0x00, 0x00, 0x00, 0x00, 0xD1, 0xFF, 0xFF, 0xFF, 0x09, 0x00, 0x00,
    0x00, 0x00, 0x00, 0x00, 0x00, 0x10, 0xE9, 0xDF, 0x28, 0x00, 0x00, 0x00, 0x00, 0x00, 0x00, 0x00,
    0x00, 0x00, 0x00, 0xC6, 0xFF, 0xFF, 0xFF, 0xFF, 0xBF, 0x00, 0x00, 0x60, 0xFF, 0xFF, 0xFF, 0xFF,
    0xFF, 0xFF, 0x01, 0x00, 0xE0, 0xFF, 0xFF, 0xFF, 0xFF, 0xFF, 0xFF, 0x03, 0x00, 0xF4, 0xFF, 0xFF,
    0xFF, 0xFF, 0xFF, 0xFF, 0x03, 0x00, 0xF6, 0xFF, 0xFF, 0xFF, 0xFF, 0xFF, 0xFF, 0x00, 0x00, 0xF5,
    0xFF, 0x29, 0xC0, 0xFF, 0xFF, 0x6F, 0x00, 0x00, 0xD1, 0x2B, 0x00, 0xF4, 0xFF, 0xFF, 0x06, 0x00,
    0x00, 0x00, 0x00, 0x70, 0xFF, 0xFF, 0x4E, 0x00, 0x00, 0x00, 0x00, 0x10, 0xFB, 0xFF, 0xCF, 0x01,
    0x00, 0x00, 0x00, 0x00, 0xE4, 0xFF, 0xFF, 0x09, 0x00, 0x00, 0x00, 0x00, 0x90, 0xFF, 0xFF, 0x5F,
    0x00, 0x00, 0x00, 0x00, 0x00, 0xFC, 0xFF, 0xFF, 0x04, 0x20, 0xFB, 0x04, 0x00, 0x90, 0xFF, 0xFF,
    0xDF, 0x11, 0xF8, 0xFF, 0x09, 0x00, 0xF2, 0xFF, 0xFF, 0xFF, 0xFF, 0xFF, 0xFF, 0x0A, 0x00, 0xF6,
    0xFF, 0xFF, 0xFF, 0xFF, 0xFF, 0xFF, 0x08, 0x00, 0xF7, 0xFF, 0xFF, 0xFF, 0xFF, 0xFF, 0xFF, 0x03,
    0x00, 0xF5, 0xFF, 0xFF, 0xFF, 0xFF, 0xFF, 0xBF, 0x00, 0x00, 0xC0, 0xFF, 0xFF, 0xFF, 0xFF, 0xEF,
    0x09, 0x00, 0x00, 0x00, 0x00, 0x00, 0x00, 0x92, 0xFD, 0xEF, 0x09, 0x00, 0x00, 0x00, 0x80, 0xFF,
    0xFF, 0xFF, 0x8F, 0x00, 0x00, 0x00, 0xF7, 0xFF, 0xFF, 0xFF, 0xBF, 0x00, 0x00, 0x00, 0xFE, 0xFF,
    0xFF, 0xFF, 0x9F, 0x00, 0x00, 0x40, 0xFF, 0xFF, 0xFF, 0xFF, 0x3F, 0x00, 0x00, 0x70, 0xFF, 0xFF,
    0xFF, 0xEF, 0x06, 0x00, 0x00, 0x70, 0xFF, 0xFF, 0x7F, 0x00, 0x00, 0x00, 0x00, 0x60, 0xFF, 0xFF,
    0x0E, 0x00, 0x00, 0x00, 0x00, 0x30, 0xFF, 0xFF, 0x0D, 0x00, 0x00, 0x00, 0x00, 0x00, 0xFF, 0xFF,
    0x0D, 0x00, 0x00, 0x00, 0x00, 0x00, 0xFB, 0xFF, 0x0E, 0x00, 0x00, 0x00, 0x00, 0x00, 0xFA, 0xFF,
    0x0C, 0x00, 0x00, 0x00, 0xFA, 0xFF, 0xFF, 0xFF, 0x0A, 0x00, 0x00, 0xA0, 0xFF, 0xFF, 0xFF, 0xFF,
    0x04, 0x00, 0x00, 0xF1, 0xFF, 0xFF, 0xFF, 0x9F, 0x00, 0x00, 0x00, 0xF3, 0xFF, 0xFF, 0x9F, 0x02,
    0x00, 0x00, 0x00, 0xF1, 0xFF, 0xFF, 0xFF, 0x0B, 0x00, 0x00, 0x00, 0x90, 0xFF, 0xFF, 0xFF, 0x5F,
    0x00, 0x00, 0x00, 0x00, 0x42, 0xFB, 0xFF, 0x7F, 0x00, 0x00, 0x00, 0x00, 0x00, 0xF6, 0xFF, 0x4F,
    0x00, 0x00, 0x00, 0x00, 0x00, 0xFD, 0xFF, 0x0C, 0x00, 0x00, 0x00, 0x00, 0x90, 0xFF, 0xFF, 0x02,
    0x00, 0x00, 0x00, 0x00, 0xF4, 0xFF, 0x7F, 0x00, 0x00, 0x00, 0x00, 0x00, 0xFE, 0xFF, 0x0E, 0x00,
    0x00, 0x00, 0x00, 0x80, 0xFF, 0xFF, 0x0E, 0x00, 0x00, 0x00, 0x00, 0xF0, 0xFF, 0xFF, 0xBF, 0x48,
    0x00, 0x00, 0x00, 0xF3, 0xFF, 0xFF, 0xFF, 0xFF, 0x02, 0x00, 0x00, 0xF4, 0xFF, 0xFF, 0xFF, 0xFF,
    0x04, 0x00, 0x00, 0xF1, 0xFF, 0xFF, 0xFF, 0xFF, 0x01, 0x00, 0x00, 0x70, 0xFF, 0xFF, 0xFF, 0x8F,
    0x00, 0x00, 0x00, 0x00, 0xB5, 0xFE, 0xBE, 0x05, 0x00, 0x00, 0x00, 0x00, 0x00, 0x00, 0x00, 0x00,
    0x11, 0x00, 0x00, 0x00, 0x00, 0x00, 0xD2, 0xFF, 0x2D, 0x00, 0x00, 0x00, 0x00, 0xFD, 0xFF, 0x9F,
    0x00, 0x00, 0x00, 0x40, 0xFF, 0xFF, 0x8F, 0x00, 0x00, 0x00, 0x80, 0xFF, 0xFF, 0x3F, 0x00, 0x00,
    0x00, 0xB0, 0xFF, 0xFF, 0x0E, 0x00, 0x00, 0x00, 0xE0, 0xFF, 0xFF, 0x09, 0x00, 0x00, 0x00, 0xF2,
    0xFF, 0xFF, 0x04, 0x00, 0x00, 0x00, 0xF5, 0xFF, 0xEF, 0x00, 0x00, 0x00, 0x00, 0xF9, 0xFF, 0x9F,
    0x00, 0x00, 0x00, 0x00, 0xFC, 0xFF, 0x3F, 0x00, 0x00, 0x00, 0x00, 0xFF, 0xFF, 0x0E, 0x00, 0x00,
    0x00, 0x30, 0xFF, 0xFF, 0x08, 0x00, 0x00, 0x00, 0x70, 0xFF, 0xFF, 0x03, 0x00, 0x00, 0x00, 0xB0,
    0xFF, 0xEF, 0x00, 0x00, 0x00, 0x00, 0xF0, 0xFF, 0xAF, 0x00, 0x00, 0x00, 0x00, 0xF3, 0xFF, 0x5F,
    0x00, 0x00, 0x00, 0x00, 0xF8, 0xFF, 0x1F, 0x00, 0x00, 0x00, 0x00, 0xFC, 0xFF, 0x0D, 0x00, 0x00,
    0x00, 0x10, 0xFF, 0xFF, 0x09, 0x00, 0x00, 0x00, 0x70, 0xFF, 0xFF, 0x06, 0x00, 0x00, 0x00, 0xC0,
    0xFF, 0xFF, 0x02, 0x00, 0x00, 0x00, 0xF2, 0xFF, 0xFF, 0x00, 0x00, 0x00, 0x00, 0xF7, 0xFF, 0xBF,
    0x00, 0x00, 0x00, 0x00, 0xFD, 0xFF, 0x8F, 0x00, 0x00, 0x00, 0x20, 0xFF, 0xFF, 0x5F, 0x00, 0x00,
    0x00, 0x70, 0xFF, 0xFF, 0x2F, 0x00, 0x00, 0x00, 0xD0, 0xFF, 0xFF, 0x0E, 0x00, 0x00, 0x00, 0xF1,
    0xFF, 0xFF, 0x0A, 0x00, 0x00, 0x00, 0xF1, 0xFF, 0xFF, 0x03, 0x00, 0x00, 0x00, 0x60, 0xFE, 0x5D,
    0x00, 0x00, 0x00, 0x00, 0x00, 0x00, 0x00, 0x30, 0xDA, 0xFF, 0x6C, 0x00, 0x00, 0x00, 0x00, 0xF6,
    0xFF, 0xFF, 0xFF, 0x0A, 0x00, 0x00, 0x00, 0xFE, 0xFF, 0xFF, 0xFF, 0x3F, 0x00, 0x00, 0x10, 0xFF,
    0xFF, 0xFF, 0xFF, 0x7F, 0x00, 0x00, 0x00, 0xFF, 0xFF, 0xFF, 0xFF, 0x6F, 0x00, 0x00, 0x00, 0x83,
    0xFA, 0xFF, 0xFF, 0x2F, 0x00, 0x00, 0x00, 0x00, 0xC0, 0xFF, 0xFF, 0x0A, 0x00, 0x00, 0x00, 0x00,
    0xC0, 0xFF, 0xFF, 0x02, 0x00, 0x00, 0x00, 0x00, 0xF4, 0xFF, 0x7F, 0x00, 0x00, 0x00, 0x00, 0x00,
    0xFE, 0xFF, 0x0B, 0x00, 0x00, 0x00, 0x00, 0x90, 0xFF, 0xFF, 0x01, 0x00, 0x00, 0x00, 0x00, 0xF1,
    0xFF, 0x9F, 0x00, 0x00, 0x00, 0x00, 0x00, 0xF5, 0xFF, 0xDF, 0x25, 0x00, 0x00, 0x00, 0x00, 0xF3,
    0xFF, 0xFF, 0xFF, 0x0B, 0x00, 0x00, 0x00, 0x90, 0xFF, 0xFF, 0xFF, 0x4F, 0x00, 0x00, 0x00, 0x10,
    0xF8, 0xFF, 0xFF, 0x5F, 0x00, 0x00, 0x00, 0xF6, 0xFF, 0xFF, 0xFF, 0x3F, 0x00, 0x00, 0x10, 0xFF,
    0xFF, 0xFF, 0xFF, 0x0C, 0x00, 0x00, 0x70, 0xFF, 0xFF, 0xFF, 0xBF, 0x02, 0x00, 0x00, 0xA0, 0xFF,
    0xCF, 0x00, 0x00, 0x00, 0x00, 0x00, 0xB0, 0xFF, 0xDF, 0x00, 0x00, 0x00, 0x00, 0x00, 0xB0, 0xFF,
    0xFF, 0x01, 0x00, 0x00, 0x00, 0x00, 0xA0, 0xFF, 0xFF, 0x06, 0x00, 0x00, 0x00, 0x00, 0xC0, 0xFF,
    0xFF, 0x08, 0x00, 0x00, 0x00, 0x00, 0xF5, 0xFF, 0xFF, 0x0A, 0x00, 0x00, 0x40, 0xFE, 0xFF, 0xFF,
    0xFF, 0x09, 0x00, 0x00, 0xF1, 0xFF, 0xFF, 0xFF, 0xFF, 0x07, 0x00, 0x00, 0xF6, 0xFF, 0xFF, 0xFF,
    0xFF, 0x02, 0x00, 0x00, 0xF8, 0xFF, 0xFF, 0xFF, 0x9F, 0x00, 0x00, 0x00, 0xF5, 0xFF, 0xFF, 0xFF,
    0x0A, 0x00, 0x00, 0x00, 0x80, 0xFD, 0xDF, 0x4A, 0x00, 0x00, 0x00, 0x00, 0x00, 0x70, 0xFD, 0x8E,
    0x01, 0x00, 0xF4, 0x2C, 0x10, 0xFC, 0xFF, 0xFF, 0x7F, 0x31, 0xFF, 0xAF, 0xB0, 0xFF, 0xFF, 0xFF,
    0xFF, 0xFF, 0xFF, 0xBF, 0xF3, 0xFF, 0xFF, 0xFF, 0xFF, 0xFF, 0xFF, 0x7F, 0xF6, 0xFF, 0xFF, 0xFF,
    0xFF, 0xFF, 0xFF, 0x1E, 0xF5, 0xFF, 0x06, 0xC4, 0xFF, 0xFF, 0xFF, 0x03, 0x90, 0x8F, 0x00, 0x00,
    0xD6, 0xEF, 0x2A, 0x00,
};
const GFXglyph MeltSwashes16Glyphs[] = {
    { 0, 0, 7, 0, 0, 0, 0 }, //  
    { 12, 26, 10, 0, 25, 156, 0 }, // !
    { 15, 10, 15, 3, 25, 80, 156 }, // "
    { 25, 26, 23, 0, 25, 338, 236 }, // #
    { 16, 26, 15, 1, 25, 208, 574 }, // $
    { 23, 26, 23, 1, 25, 312, 782 }, // %
    { 20, 26, 20, 0, 25, 260, 1094 }, // &
    { 8, 10, 8, 3, 25, 40, 1354 }, // '
    { 15, 31, 12, 1, 26, 248, 1394 }, // (
    { 15, 31, 12, -3, 26, 248, 1642 }, // )
    { 12, 12, 11, 2, 25, 72, 1890 }, // *
    { 17, 19, 17, 0, 18, 171, 1962 }, // +
    { 8, 11, 7, -2, 6, 44, 2133 }, // ,
    { 13, 5, 13, 0, 12, 35, 2177 }, // -
    { 7, 7, 8, -1, 6, 28, 2212 }, // .
    { 16, 30, 9, -3, 25, 240, 2240 }, // /
    { 21, 26, 20, 1, 25, 286, 2480 }, // 0
    { 13, 26, 12, 1, 25, 182, 2766 }, // 1
    { 21, 25, 19, -1, 25, 275, 2948 }, // 2
    { 21, 26, 19, 0, 25, 286, 3223 }, // 3
    { 21, 27, 20, 1, 26, 297, 3509 }, // 4
    { 21, 27, 18, 0, 26, 297, 3806 }, // 5
    { 20, 26, 20, 1, 25, 260, 4103 }, // 6
    { 20, 26, 19, 2, 25, 260, 4363 }, // 7
    { 21, 26, 19, 0, 25, 286, 4623 }, // 8
    { 21, 26, 20, 0, 25, 286, 4909 }, // 9
    { 10, 19, 7, -1, 18, 95, 5195 }, // :
    { 11, 24, 7, -2, 18, 144, 5290 }, // ;
    { 16, 15, 15, 0, 18, 120, 5434 }, // <
    { 19, 12, 18, 0, 15, 120, 5554 }, // =
    { 15, 15, 15, 0, 18, 120, 5674 }, // >
    { 18, 26, 17, 2, 25, 234, 5794 }, // ?
    { 25, 29, 23, 0, 25, 377, 6028 }, // @
    { 34, 28, 31, 0, 26, 476, 6405 }, // A
    { 34, 28, 29, -3, 26, 476, 6881 }, // B
    { 23, 28, 20, -2, 26, 336, 7357 }, // C
    { 32, 28, 30, -2, 26, 448, 7693 }, // D
    { 24, 28, 19, -3, 26, 336, 8141 }, // E
    { 29, 28, 26, 0, 26, 420, 8477 }, // F
    { 25, 34, 20, -4, 26, 442, 8897 }, // G
    { 33, 28, 31, 0, 26, 476, 9339 }, // H
    { 21, 27, 19, 0, 25, 297, 9815 }, // I
    { 24, 31, 20, -3, 26, 372, 10112 }, // J
    { 32, 28, 29, 0, 26, 448, 10484 }, // K
    { 30, 28, 25, -3, 26, 420, 10932 }, // L
    { 42, 27, 37, -2, 25, 567, 11352 }, // M
    { 33, 27, 30, -1, 25, 459, 11919 }, // N
    { 23, 28, 22, -1, 26, 336, 12378 }, // O
    { 30, 28, 29, 0, 26, 420, 12714 }, // P
    { 25, 33, 21, -3, 26, 429, 13134 }, // Q
    { 30, 28, 29, 0, 26, 420, 13563 }, // R
    { 26, 33, 20, -4, 26, 429, 13983 }, // S
    { 28, 28, 20, 0, 26, 392, 14412 }, // T
    { 33, 28, 31, 0, 26, 476, 14804 }, // U
    { 33, 28, 30, 0, 26, 476, 15280 }, // V
    { 44, 28, 42, 0, 26, 616, 15756 }, // W
    { 32, 28, 29, 0, 26, 448, 16372 }, // X
    { 30, 31, 27, 0, 26, 465, 16820 }, // Y
    { 28, 29, 20, -5, 26, 406, 17285 }, // Z
    { 17, 28, 12, -1, 25, 252, 17691 }, // [
    { 7, 32, 10, 3, 25, 128, 17943 }, // <backslash>
    { 17, 29, 13, -2, 25, 261, 18071 }, // ]
    { 13, 12, 13, 3, 26, 84, 18332 }, // ^
    { 18, 4, 13, -4, 0, 36, 18416 }, // _
    { 11, 7, 10, 3, 26, 42, 18452 }, // `
    { 18, 19, 18, 0, 18, 171, 18494 }, // a
    { 18, 26, 17, -1, 25, 234, 18665 }, // b
    { 15, 19, 15, 0, 18, 152, 18899 }, // c
    { 20, 26, 18, 0, 25, 260, 19051 }, // d
    { 16, 19, 15, 0, 18, 152, 19311 }, // e
    { 18, 27, 13, -1, 26, 243, 19463 }, // f
    { 21, 26, 17, -3, 18, 286, 19706 }, // g
    { 19, 26, 18, -1, 25, 260, 19992 }, // h
    { 12, 26, 10, 0, 25, 156, 20252 }, // i
    { 19, 33, 9, -7, 25, 330, 20408 }, // j
    { 19, 26, 17, -1, 25, 260, 20738 }, // k
    { 12, 26, 9, -1, 25, 156, 20998 }, // l
    { 28, 19, 28, -1, 18, 266, 21154 }, // m
    { 20, 19, 19, -1, 18, 190, 21420 }, // n
    { 16, 19, 16, 0, 18, 152, 21610 }, // o
    { 22, 26, 18, -4, 18, 286, 21762 }, // p
    { 18, 26, 17, 0, 18, 234, 22048 }, // q
    { 17, 19, 15, -1, 18, 171, 22282 }, // r
    { 16, 19, 15, -1, 18, 152, 22453 }, // s
    { 13, 23, 12, 0, 22, 161, 22605 }, // t
    { 18, 19, 18, 0, 18, 171, 22766 }, // u
    { 18, 19, 17, 0, 18, 171, 22937 }, // v
    { 26, 19, 25, 0, 18, 247, 23108 }, // w
    { 19, 19, 18, -1, 18, 190, 23355 }, // x
    { 23, 26, 18, -4, 18, 312, 23545 }, // y
    { 17, 18, 15, -1, 18, 162, 23857 }, // z
    { 16, 31, 13, 0, 26, 248, 24019 }, // {
    { 14, 31, 9, -2, 26, 217, 24267 }, // |
    { 16, 31, 13, -3, 26, 248, 24484 }, // }
    { 16, 7, 16, 0, 14, 56, 24732 }, // ~
};
const UnicodeInterval MeltSwashes16Intervals[] = {
    { 0x20, 0x7E, 0x0 },
};
const GFXfont MeltSwashes16 = {
    (uint8_t*)MeltSwashes16Bitmaps,
    (GFXglyph*)MeltSwashes16Glyphs,
    (UnicodeInterval*)MeltSwashes16Intervals,
    1,
    0,
    51,
    34,
    -9,
};

#pragma GCC diagnostic pop
